2025-07-22 13:38:16.999 -06:00 [INF] User profile is available. Using 'C:\Users\hoshu\AppData\Local\ASP.NET\DataProtection-Keys' as key repository and Windows DPAPI to encrypt keys at rest.
2025-07-22 13:38:19.166 -06:00 [WRN] No store type was specified for the decimal property 'Precio' on entity type 'Product'. This will cause values to be silently truncated if they do not fit in the default precision and scale. Explicitly specify the SQL server column type that can accommodate all the values in 'OnModelCreating' using 'HasColumnType', specify precision and scale using 'HasPrecision', or configure a value converter using 'HasConversion'.
2025-07-22 13:38:23.281 -06:00 [INF] Executed DbCommand (648ms) [Parameters=[@__normalizedName_0='?' (Size = 256)], CommandType='"Text"', CommandTimeout='30']
SELECT TOP(1) [a].[Id], [a].[ConcurrencyStamp], [a].[Name], [a].[NormalizedName]
FROM [AspNetRoles] AS [a]
WHERE [a].[NormalizedName] = @__normalizedName_0
2025-07-22 13:38:23.687 -06:00 [INF] Executed DbCommand (36ms) [Parameters=[@__normalizedEmail_0='?' (Size = 256)], CommandType='"Text"', CommandTimeout='30']
SELECT TOP(2) [a].[Id], [a].[AccessFailedCount], [a].[ConcurrencyStamp], [a].[Email], [a].[EmailConfirmed], [a].[LockoutEnabled], [a].[LockoutEnd], [a].[NormalizedEmail], [a].[NormalizedUserName], [a].[PasswordHash], [a].[PhoneNumber], [a].[PhoneNumberConfirmed], [a].[SecurityStamp], [a].[TwoFactorEnabled], [a].[UserName]
FROM [AspNetUsers] AS [a]
WHERE [a].[NormalizedEmail] = @__normalizedEmail_0
2025-07-22 13:38:23.898 -06:00 [INF] Executed DbCommand (17ms) [Parameters=[@__normalizedRoleName_0='?' (Size = 256)], CommandType='"Text"', CommandTimeout='30']
SELECT TOP(2) [a].[Id], [a].[ConcurrencyStamp], [a].[Name], [a].[NormalizedName]
FROM [AspNetRoles] AS [a]
WHERE [a].[NormalizedName] = @__normalizedRoleName_0
2025-07-22 13:38:24.023 -06:00 [INF] Executed DbCommand (13ms) [Parameters=[@__p_0='?' (Size = 450), @__p_1='?' (Size = 450)], CommandType='"Text"', CommandTimeout='30']
SELECT TOP(1) [a].[UserId], [a].[RoleId]
FROM [AspNetUserRoles] AS [a]
WHERE [a].[UserId] = @__p_0 AND [a].[RoleId] = @__p_1
2025-07-22 13:38:24.103 -06:00 [INF] Executed DbCommand (16ms) [Parameters=[@__normalizedEmail_0='?' (Size = 256)], CommandType='"Text"', CommandTimeout='30']
SELECT TOP(2) [a].[Id], [a].[AccessFailedCount], [a].[ConcurrencyStamp], [a].[Email], [a].[EmailConfirmed], [a].[LockoutEnabled], [a].[LockoutEnd], [a].[NormalizedEmail], [a].[NormalizedUserName], [a].[PasswordHash], [a].[PhoneNumber], [a].[PhoneNumberConfirmed], [a].[SecurityStamp], [a].[TwoFactorEnabled], [a].[UserName]
FROM [AspNetUsers] AS [a]
WHERE [a].[NormalizedEmail] = @__normalizedEmail_0
2025-07-22 13:38:24.153 -06:00 [INF] Executed DbCommand (23ms) [Parameters=[@__normalizedRoleName_0='?' (Size = 256)], CommandType='"Text"', CommandTimeout='30']
SELECT TOP(2) [a].[Id], [a].[ConcurrencyStamp], [a].[Name], [a].[NormalizedName]
FROM [AspNetRoles] AS [a]
WHERE [a].[NormalizedName] = @__normalizedRoleName_0
2025-07-22 13:38:24.179 -06:00 [INF] Executed DbCommand (10ms) [Parameters=[@__p_0='?' (Size = 450), @__p_1='?' (Size = 450)], CommandType='"Text"', CommandTimeout='30']
SELECT TOP(1) [a].[UserId], [a].[RoleId]
FROM [AspNetUserRoles] AS [a]
WHERE [a].[UserId] = @__p_0 AND [a].[RoleId] = @__p_1
2025-07-22 13:38:24.207 -06:00 [INF] Executed DbCommand (18ms) [Parameters=[@__normalizedEmail_0='?' (Size = 256)], CommandType='"Text"', CommandTimeout='30']
SELECT TOP(2) [a].[Id], [a].[AccessFailedCount], [a].[ConcurrencyStamp], [a].[Email], [a].[EmailConfirmed], [a].[LockoutEnabled], [a].[LockoutEnd], [a].[NormalizedEmail], [a].[NormalizedUserName], [a].[PasswordHash], [a].[PhoneNumber], [a].[PhoneNumberConfirmed], [a].[SecurityStamp], [a].[TwoFactorEnabled], [a].[UserName]
FROM [AspNetUsers] AS [a]
WHERE [a].[NormalizedEmail] = @__normalizedEmail_0
2025-07-22 13:38:24.238 -06:00 [INF] Executed DbCommand (17ms) [Parameters=[@__normalizedRoleName_0='?' (Size = 256)], CommandType='"Text"', CommandTimeout='30']
SELECT TOP(2) [a].[Id], [a].[ConcurrencyStamp], [a].[Name], [a].[NormalizedName]
FROM [AspNetRoles] AS [a]
WHERE [a].[NormalizedName] = @__normalizedRoleName_0
2025-07-22 13:38:24.260 -06:00 [INF] Executed DbCommand (6ms) [Parameters=[@__p_0='?' (Size = 450), @__p_1='?' (Size = 450)], CommandType='"Text"', CommandTimeout='30']
SELECT TOP(1) [a].[UserId], [a].[RoleId]
FROM [AspNetUserRoles] AS [a]
WHERE [a].[UserId] = @__p_0 AND [a].[RoleId] = @__p_1
2025-07-22 13:38:25.418 -06:00 [INF] Creating key {04337dc3-1a09-4768-baa2-6998dade65b1} with creation date 2025-07-22 19:38:25Z, activation date 2025-07-24 00:10:14Z, and expiration date 2025-10-20 19:38:25Z.
2025-07-22 13:38:25.472 -06:00 [INF] Writing data to file 'C:\Users\hoshu\AppData\Local\ASP.NET\DataProtection-Keys\key-04337dc3-1a09-4768-baa2-6998dade65b1.xml'.
2025-07-22 13:38:26.417 -06:00 [INF] Now listening on: http://localhost:5116
2025-07-22 13:38:26.652 -06:00 [INF] Application started. Press Ctrl+C to shut down.
2025-07-22 13:38:26.656 -06:00 [INF] Hosting environment: Development
2025-07-22 13:38:26.660 -06:00 [INF] Content root path: C:\Users\hoshu\source\repos\PaginaBizu\PaginaBizu
2025-07-22 13:38:29.522 -06:00 [INF] Request starting HTTP/1.1 GET http://localhost:5116/ - null null
2025-07-22 13:38:30.234 -06:00 [WRN] Failed to determine the https port for redirect.
2025-07-22 13:38:30.507 -06:00 [INF] Executing endpoint 'PaginaBizu.Controllers.HomeController.Index (PaginaBizu)'
2025-07-22 13:38:30.590 -06:00 [INF] Route matched with {action = "Index", controller = "Home", page = "", area = ""}. Executing controller action with signature Microsoft.AspNetCore.Mvc.IActionResult Index() on controller PaginaBizu.Controllers.HomeController (PaginaBizu).
2025-07-22 13:38:30.662 -06:00 [INF] ➡️ Acción ejecutándose: Home/Index | Usuario: No autenticado | IP: ::1 | Hora: "2025-07-22T13:38:30.6623388-06:00"
2025-07-22 13:38:30.705 -06:00 [INF] ✅ Acción ejecutada: Home/Index | Hora: "2025-07-22T13:38:30.7057131-06:00"
2025-07-22 13:38:30.771 -06:00 [INF] Executing ViewResult, running view Index.
2025-07-22 13:38:32.418 -06:00 [INF] Executed ViewResult - view Index executed in 1673.6733ms.
2025-07-22 13:38:32.427 -06:00 [INF] Executed action PaginaBizu.Controllers.HomeController.Index (PaginaBizu) in 1790.7591ms
2025-07-22 13:38:32.433 -06:00 [INF] Executed endpoint 'PaginaBizu.Controllers.HomeController.Index (PaginaBizu)'
2025-07-22 13:38:32.452 -06:00 [INF] Request finished HTTP/1.1 GET http://localhost:5116/ - 200 null text/html; charset=utf-8 2986.1544ms
2025-07-22 13:38:32.910 -06:00 [INF] Request starting HTTP/1.1 GET http://localhost:5116/lib/bootstrap/dist/css/bootstrap.min.css - null null
2025-07-22 13:38:32.937 -06:00 [INF] Request starting HTTP/1.1 GET http://localhost:5116/css/style.css - null null
2025-07-22 13:38:32.954 -06:00 [INF] Request starting HTTP/1.1 GET http://localhost:5116/assets/bootstrap/css/bootstrap.min.css - null null
2025-07-22 13:38:32.954 -06:00 [INF] Request starting HTTP/1.1 GET http://localhost:5116/assets/fonts/simple-line-icons.min.css - null null
2025-07-22 13:38:32.934 -06:00 [INF] Request starting HTTP/1.1 GET http://localhost:5116/PaginaBizu.styles.css?v=u2o_07VtSGrZO3WxHAXzvZBevI20fzSZge8oUb78F-4 - null null
2025-07-22 13:38:32.930 -06:00 [INF] Request starting HTTP/1.1 GET http://localhost:5116/css/site.css?v=IDb81l40xEm2yDGbv2iiBqZEZ5q84qRTNUi0SVI4U34 - null null
2025-07-22 13:38:33.338 -06:00 [INF] Sending file. Request path: '/assets/fonts/simple-line-icons.min.css'. Physical path: 'C:\Users\hoshu\source\repos\PaginaBizu\PaginaBizu\wwwroot\assets\fonts\simple-line-icons.min.css'
2025-07-22 13:38:33.338 -06:00 [INF] Sending file. Request path: '/PaginaBizu.styles.css'. Physical path: 'C:\Users\hoshu\source\repos\PaginaBizu\PaginaBizu\obj\Debug\net8.0\scopedcss\bundle\PaginaBizu.styles.css'
2025-07-22 13:38:33.338 -06:00 [INF] Sending file. Request path: '/css/style.css'. Physical path: 'C:\Users\hoshu\source\repos\PaginaBizu\PaginaBizu\wwwroot\css\style.css'
2025-07-22 13:38:33.338 -06:00 [INF] Sending file. Request path: '/css/site.css'. Physical path: 'C:\Users\hoshu\source\repos\PaginaBizu\PaginaBizu\wwwroot\css\site.css'
2025-07-22 13:38:33.338 -06:00 [INF] Sending file. Request path: '/lib/bootstrap/dist/css/bootstrap.min.css'. Physical path: 'C:\Users\hoshu\source\repos\PaginaBizu\PaginaBizu\wwwroot\lib\bootstrap\dist\css\bootstrap.min.css'
2025-07-22 13:38:33.338 -06:00 [INF] Sending file. Request path: '/assets/bootstrap/css/bootstrap.min.css'. Physical path: 'C:\Users\hoshu\source\repos\PaginaBizu\PaginaBizu\wwwroot\assets\bootstrap\css\bootstrap.min.css'
2025-07-22 13:38:33.347 -06:00 [INF] Request finished HTTP/1.1 GET http://localhost:5116/assets/fonts/simple-line-icons.min.css - 200 10943 text/css 400.9014ms
2025-07-22 13:38:33.353 -06:00 [INF] Request finished HTTP/1.1 GET http://localhost:5116/PaginaBizu.styles.css?v=u2o_07VtSGrZO3WxHAXzvZBevI20fzSZge8oUb78F-4 - 200 1128 text/css 418.5307ms
2025-07-22 13:38:33.365 -06:00 [INF] Request finished HTTP/1.1 GET http://localhost:5116/css/style.css - 200 1348 text/css 428.1999ms
2025-07-22 13:38:33.371 -06:00 [INF] Request finished HTTP/1.1 GET http://localhost:5116/css/site.css?v=IDb81l40xEm2yDGbv2iiBqZEZ5q84qRTNUi0SVI4U34 - 200 1118 text/css 440.6022ms
2025-07-22 13:38:33.376 -06:00 [INF] Request finished HTTP/1.1 GET http://localhost:5116/lib/bootstrap/dist/css/bootstrap.min.css - 200 162720 text/css 467.228ms
2025-07-22 13:38:33.380 -06:00 [INF] Request finished HTTP/1.1 GET http://localhost:5116/assets/bootstrap/css/bootstrap.min.css - 200 224074 text/css 434.018ms
2025-07-22 13:38:33.394 -06:00 [INF] Request starting HTTP/1.1 GET http://localhost:5116/css/glow-form.css - null null
2025-07-22 13:38:33.412 -06:00 [INF] Request starting HTTP/1.1 GET http://localhost:5116/assets/css/baguetteBox.min.css - null null
2025-07-22 13:38:33.435 -06:00 [INF] Request starting HTTP/1.1 GET http://localhost:5116/assets/css/vanilla-zoom.min.css - null null
2025-07-22 13:38:33.450 -06:00 [INF] Request starting HTTP/1.1 GET http://localhost:5116/assets/bootstrap/js/bootstrap.min.js - null null
2025-07-22 13:38:33.546 -06:00 [INF] Sending file. Request path: '/css/glow-form.css'. Physical path: 'C:\Users\hoshu\source\repos\PaginaBizu\PaginaBizu\wwwroot\css\glow-form.css'
2025-07-22 13:38:33.546 -06:00 [INF] Sending file. Request path: '/assets/css/baguetteBox.min.css'. Physical path: 'C:\Users\hoshu\source\repos\PaginaBizu\PaginaBizu\wwwroot\assets\css\baguetteBox.min.css'
2025-07-22 13:38:33.553 -06:00 [INF] Sending file. Request path: '/assets/css/vanilla-zoom.min.css'. Physical path: 'C:\Users\hoshu\source\repos\PaginaBizu\PaginaBizu\wwwroot\assets\css\vanilla-zoom.min.css'
2025-07-22 13:38:33.562 -06:00 [INF] Request finished HTTP/1.1 GET http://localhost:5116/css/glow-form.css - 200 3488 text/css 167.125ms
2025-07-22 13:38:33.567 -06:00 [INF] Request finished HTTP/1.1 GET http://localhost:5116/assets/css/baguetteBox.min.css - 200 3607 text/css 155.2114ms
2025-07-22 13:38:33.572 -06:00 [INF] Request finished HTTP/1.1 GET http://localhost:5116/assets/css/vanilla-zoom.min.css - 200 595 text/css 138.2175ms
2025-07-22 13:38:33.584 -06:00 [INF] Request starting HTTP/1.1 GET http://localhost:5116/assets/img/scenery/61-HMICpUTL._AC_UY1000_.jpg - null null
2025-07-22 13:38:33.596 -06:00 [INF] Request starting HTTP/1.1 GET http://localhost:5116/assets/img/scenery/66824523eb89f54aaf11e243-gold-bracelets-for-women-18k-gold-plated.jpg - null null
2025-07-22 13:38:33.648 -06:00 [INF] Sending file. Request path: '/assets/img/scenery/61-HMICpUTL._AC_UY1000_.jpg'. Physical path: 'C:\Users\hoshu\source\repos\PaginaBizu\PaginaBizu\wwwroot\assets\img\scenery\61-HMICpUTL._AC_UY1000_.jpg'
2025-07-22 13:38:33.677 -06:00 [INF] Sending file. Request path: '/assets/img/scenery/66824523eb89f54aaf11e243-gold-bracelets-for-women-18k-gold-plated.jpg'. Physical path: 'C:\Users\hoshu\source\repos\PaginaBizu\PaginaBizu\wwwroot\assets\img\scenery\66824523eb89f54aaf11e243-gold-bracelets-for-women-18k-gold-plated.jpg'
2025-07-22 13:38:33.680 -06:00 [INF] Request finished HTTP/1.1 GET http://localhost:5116/assets/img/scenery/61-HMICpUTL._AC_UY1000_.jpg - 200 99591 image/jpeg 96.14ms
2025-07-22 13:38:33.686 -06:00 [INF] Request finished HTTP/1.1 GET http://localhost:5116/assets/img/scenery/66824523eb89f54aaf11e243-gold-bracelets-for-women-18k-gold-plated.jpg - 200 44054 image/jpeg 89.4209ms
2025-07-22 13:38:33.766 -06:00 [INF] Sending file. Request path: '/assets/bootstrap/js/bootstrap.min.js'. Physical path: 'C:\Users\hoshu\source\repos\PaginaBizu\PaginaBizu\wwwroot\assets\bootstrap\js\bootstrap.min.js'
2025-07-22 13:38:33.781 -06:00 [INF] Request finished HTTP/1.1 GET http://localhost:5116/assets/bootstrap/js/bootstrap.min.js - 200 80372 text/javascript 331.6448ms
2025-07-22 13:38:34.218 -06:00 [INF] Request starting HTTP/1.1 GET http://localhost:5116/assets/img/scenery/pulsera-aine-stone-gold.jpg - null null
2025-07-22 13:38:34.232 -06:00 [INF] Request starting HTTP/1.1 GET http://localhost:5116/assets/js/baguetteBox.min.js - null null
2025-07-22 13:38:34.233 -06:00 [INF] Request starting HTTP/1.1 GET http://localhost:5116/assets/img/scenery/09a84a043cf1b58d59b0e39a12c60491.jpg - null null
2025-07-22 13:38:34.233 -06:00 [INF] Request starting HTTP/1.1 GET http://localhost:5116/assets/img/scenery/il_570xN.2179198790_o9bo.jpeg - null null
2025-07-22 13:38:34.240 -06:00 [INF] Request starting HTTP/1.1 GET http://localhost:5116/assets/js/vanilla-zoom.js - null null
2025-07-22 13:38:34.242 -06:00 [INF] Sending file. Request path: '/assets/img/scenery/pulsera-aine-stone-gold.jpg'. Physical path: 'C:\Users\hoshu\source\repos\PaginaBizu\PaginaBizu\wwwroot\assets\img\scenery\pulsera-aine-stone-gold.jpg'
2025-07-22 13:38:34.330 -06:00 [INF] Sending file. Request path: '/assets/img/scenery/09a84a043cf1b58d59b0e39a12c60491.jpg'. Physical path: 'C:\Users\hoshu\source\repos\PaginaBizu\PaginaBizu\wwwroot\assets\img\scenery\09a84a043cf1b58d59b0e39a12c60491.jpg'
2025-07-22 13:38:34.391 -06:00 [INF] Request finished HTTP/1.1 GET http://localhost:5116/assets/img/scenery/pulsera-aine-stone-gold.jpg - 200 22089 image/jpeg 173.2535ms
2025-07-22 13:38:34.240 -06:00 [INF] Request starting HTTP/1.1 GET http://localhost:5116/assets/js/theme.js - null null
2025-07-22 13:38:34.401 -06:00 [INF] Sending file. Request path: '/assets/img/scenery/il_570xN.2179198790_o9bo.jpeg'. Physical path: 'C:\Users\hoshu\source\repos\PaginaBizu\PaginaBizu\wwwroot\assets\img\scenery\il_570xN.2179198790_o9bo.jpeg'
2025-07-22 13:38:34.408 -06:00 [INF] Request finished HTTP/1.1 GET http://localhost:5116/assets/img/scenery/09a84a043cf1b58d59b0e39a12c60491.jpg - 200 6897 image/jpeg 175.4988ms
2025-07-22 13:38:34.431 -06:00 [INF] Request starting HTTP/1.1 GET http://localhost:5116/_framework/aspnetcore-browser-refresh.js - null null
2025-07-22 13:38:34.480 -06:00 [INF] Request finished HTTP/1.1 GET http://localhost:5116/assets/img/scenery/il_570xN.2179198790_o9bo.jpeg - 200 16880 image/jpeg 247.3531ms
2025-07-22 13:38:34.502 -06:00 [INF] Request starting HTTP/1.1 GET http://localhost:5116/images/bg.png - null null
2025-07-22 13:38:34.480 -06:00 [INF] Sending file. Request path: '/assets/js/vanilla-zoom.js'. Physical path: 'C:\Users\hoshu\source\repos\PaginaBizu\PaginaBizu\wwwroot\assets\js\vanilla-zoom.js'
2025-07-22 13:38:34.548 -06:00 [INF] Sending file. Request path: '/assets/js/theme.js'. Physical path: 'C:\Users\hoshu\source\repos\PaginaBizu\PaginaBizu\wwwroot\assets\js\theme.js'
2025-07-22 13:38:34.590 -06:00 [INF] Request finished HTTP/1.1 GET http://localhost:5116/images/bg.png - 404 0 null 87.9725ms
2025-07-22 13:38:34.588 -06:00 [INF] Request finished HTTP/1.1 GET http://localhost:5116/assets/js/vanilla-zoom.js - 200 3621 text/javascript 347.5401ms
2025-07-22 13:38:34.522 -06:00 [INF] Request finished HTTP/1.1 GET http://localhost:5116/_framework/aspnetcore-browser-refresh.js - 200 16505 application/javascript; charset=utf-8 91.1544ms
2025-07-22 13:38:34.601 -06:00 [INF] Sending file. Request path: '/assets/js/baguetteBox.min.js'. Physical path: 'C:\Users\hoshu\source\repos\PaginaBizu\PaginaBizu\wwwroot\assets\js\baguetteBox.min.js'
2025-07-22 13:38:34.602 -06:00 [INF] Request finished HTTP/1.1 GET http://localhost:5116/assets/js/theme.js - 200 311 text/javascript 361.5094ms
2025-07-22 13:38:34.619 -06:00 [INF] Request reached the end of the middleware pipeline without being handled by application code. Request path: GET http://localhost:5116/images/bg.png, Response status code: 404
2025-07-22 13:38:34.662 -06:00 [INF] Request finished HTTP/1.1 GET http://localhost:5116/assets/js/baguetteBox.min.js - 200 9577 text/javascript 429.867ms
2025-07-22 13:38:34.721 -06:00 [INF] Request starting HTTP/1.1 GET http://localhost:5116/lib/jquery/dist/jquery.min.js - null null
2025-07-22 13:38:34.770 -06:00 [INF] Request starting HTTP/1.1 GET http://localhost:5116/lib/bootstrap/dist/js/bootstrap.bundle.min.js - null null
2025-07-22 13:38:34.775 -06:00 [INF] Request starting HTTP/1.1 GET http://localhost:5116/js/site.js?v=hRQyftXiu1lLX2P9Ly9xa4gHJgLeR1uGN5qegUobtGo - null null
2025-07-22 13:38:34.775 -06:00 [INF] Request starting HTTP/1.1 GET http://localhost:5116/assets/img/scenery/17001222879e9360ad6ad00d7ff0a6b62437cfbf97_thumbnail_720x.jpg - null null
2025-07-22 13:38:34.776 -06:00 [INF] Request starting HTTP/1.1 GET http://localhost:5116/_vs/browserLink - null null
2025-07-22 13:38:34.832 -06:00 [INF] Sending file. Request path: '/js/site.js'. Physical path: 'C:\Users\hoshu\source\repos\PaginaBizu\PaginaBizu\wwwroot\js\site.js'
2025-07-22 13:38:34.870 -06:00 [INF] Sending file. Request path: '/assets/img/scenery/17001222879e9360ad6ad00d7ff0a6b62437cfbf97_thumbnail_720x.jpg'. Physical path: 'C:\Users\hoshu\source\repos\PaginaBizu\PaginaBizu\wwwroot\assets\img\scenery\17001222879e9360ad6ad00d7ff0a6b62437cfbf97_thumbnail_720x.jpg'
2025-07-22 13:38:34.900 -06:00 [INF] Request finished HTTP/1.1 GET http://localhost:5116/js/site.js?v=hRQyftXiu1lLX2P9Ly9xa4gHJgLeR1uGN5qegUobtGo - 200 231 text/javascript 125.3413ms
2025-07-22 13:38:34.969 -06:00 [INF] Request finished HTTP/1.1 GET http://localhost:5116/assets/img/scenery/17001222879e9360ad6ad00d7ff0a6b62437cfbf97_thumbnail_720x.jpg - 200 66304 image/jpeg 193.7642ms
2025-07-22 13:38:34.987 -06:00 [INF] Sending file. Request path: '/lib/bootstrap/dist/js/bootstrap.bundle.min.js'. Physical path: 'C:\Users\hoshu\source\repos\PaginaBizu\PaginaBizu\wwwroot\lib\bootstrap\dist\js\bootstrap.bundle.min.js'
2025-07-22 13:38:35.020 -06:00 [INF] Request starting HTTP/1.1 GET http://localhost:5116/css/tailwindcss - null null
2025-07-22 13:38:35.030 -06:00 [INF] Request finished HTTP/1.1 GET http://localhost:5116/lib/bootstrap/dist/js/bootstrap.bundle.min.js - 200 78468 text/javascript 259.5719ms
2025-07-22 13:38:35.144 -06:00 [INF] Request finished HTTP/1.1 GET http://localhost:5116/css/tailwindcss - 404 0 null 125.6238ms
2025-07-22 13:38:35.143 -06:00 [INF] Sending file. Request path: '/lib/jquery/dist/jquery.min.js'. Physical path: 'C:\Users\hoshu\source\repos\PaginaBizu\PaginaBizu\wwwroot\lib\jquery\dist\jquery.min.js'
2025-07-22 13:38:35.204 -06:00 [INF] Request starting HTTP/1.1 GET http://localhost:5116/images/bg.png - null null
2025-07-22 13:38:35.220 -06:00 [INF] Request reached the end of the middleware pipeline without being handled by application code. Request path: GET http://localhost:5116/css/tailwindcss, Response status code: 404
2025-07-22 13:38:35.319 -06:00 [INF] Request starting HTTP/1.1 GET http://localhost:5116/assets/img/depositphotos_5028610-stock-photo-beautiful-woman.jpg - null null
2025-07-22 13:38:35.224 -06:00 [INF] Request finished HTTP/1.1 GET http://localhost:5116/lib/jquery/dist/jquery.min.js - 200 89501 text/javascript 503.541ms
2025-07-22 13:38:35.435 -06:00 [INF] Request starting HTTP/1.1 GET http://localhost:5116/Cart/CartCount - null null
2025-07-22 13:38:35.463 -06:00 [INF] Request finished HTTP/1.1 GET http://localhost:5116/_vs/browserLink - 200 null text/javascript; charset=UTF-8 687.1663ms
2025-07-22 13:38:35.492 -06:00 [INF] Sending file. Request path: '/assets/img/depositphotos_5028610-stock-photo-beautiful-woman.jpg'. Physical path: 'C:\Users\hoshu\source\repos\PaginaBizu\PaginaBizu\wwwroot\assets\img\depositphotos_5028610-stock-photo-beautiful-woman.jpg'
2025-07-22 13:38:35.352 -06:00 [INF] Request finished HTTP/1.1 GET http://localhost:5116/images/bg.png - 404 0 null 147.2888ms
2025-07-22 13:38:35.495 -06:00 [INF] Request finished HTTP/1.1 GET http://localhost:5116/Cart/CartCount - 404 0 null 60.3085ms
2025-07-22 13:38:35.511 -06:00 [INF] Request finished HTTP/1.1 GET http://localhost:5116/assets/img/depositphotos_5028610-stock-photo-beautiful-woman.jpg - 200 18454 image/jpeg 191.6021ms
2025-07-22 13:38:35.530 -06:00 [INF] Request reached the end of the middleware pipeline without being handled by application code. Request path: GET http://localhost:5116/images/bg.png, Response status code: 404
2025-07-22 13:38:35.546 -06:00 [INF] Request reached the end of the middleware pipeline without being handled by application code. Request path: GET http://localhost:5116/Cart/CartCount, Response status code: 404
2025-07-22 13:38:35.581 -06:00 [INF] Request starting HTTP/1.1 GET http://localhost:5116/assets/fonts/Simple-Line-Icons.woff2?v=2.4.0 - null null
2025-07-22 13:38:35.725 -06:00 [INF] Sending file. Request path: '/assets/fonts/Simple-Line-Icons.woff2'. Physical path: 'C:\Users\hoshu\source\repos\PaginaBizu\PaginaBizu\wwwroot\assets\fonts\Simple-Line-Icons.woff2'
2025-07-22 13:38:35.734 -06:00 [INF] Request finished HTTP/1.1 GET http://localhost:5116/assets/fonts/Simple-Line-Icons.woff2?v=2.4.0 - 200 30064 font/woff2 153.2643ms
2025-07-22 13:38:40.807 -06:00 [INF] Request starting HTTP/1.1 GET http://localhost:5116/Shop - null null
2025-07-22 13:38:40.840 -06:00 [INF] Executing endpoint 'PaginaBizu.Controllers.ShopController.Index (PaginaBizu)'
2025-07-22 13:38:40.857 -06:00 [INF] Route matched with {action = "Index", controller = "Shop", page = "", area = ""}. Executing controller action with signature Microsoft.AspNetCore.Mvc.IActionResult Index() on controller PaginaBizu.Controllers.ShopController (PaginaBizu).
2025-07-22 13:38:40.871 -06:00 [INF] ➡️ Acción ejecutándose: Shop/Index | Usuario: No autenticado | IP: ::1 | Hora: "2025-07-22T13:38:40.8712972-06:00"
2025-07-22 13:38:41.134 -06:00 [INF] Executed DbCommand (30ms) [Parameters=[], CommandType='"Text"', CommandTimeout='30']
SELECT [p].[Id], [p].[CantidadDisponible], [p].[Categoria], [p].[Descripcion], [p].[FechaCreacion], [p].[ImagenUrl], [p].[NombreArticulo], [p].[Precio]
FROM [Products] AS [p]
2025-07-22 13:38:41.223 -06:00 [INF] ✅ Acción ejecutada: Shop/Index | Hora: "2025-07-22T13:38:41.2233459-06:00"
2025-07-22 13:38:41.233 -06:00 [INF] Executing ViewResult, running view Index.
2025-07-22 13:38:41.273 -06:00 [INF] Executed ViewResult - view Index executed in 42.3347ms.
2025-07-22 13:38:41.279 -06:00 [INF] Executed action PaginaBizu.Controllers.ShopController.Index (PaginaBizu) in 409.7273ms
2025-07-22 13:38:41.283 -06:00 [INF] Executed endpoint 'PaginaBizu.Controllers.ShopController.Index (PaginaBizu)'
2025-07-22 13:38:41.297 -06:00 [INF] Request finished HTTP/1.1 GET http://localhost:5116/Shop - 200 null text/html; charset=utf-8 490.0555ms
2025-07-22 13:38:41.514 -06:00 [INF] Request starting HTTP/1.1 GET http://localhost:5116/images/imagenpulseraoro.jpg - null null
2025-07-22 13:38:41.515 -06:00 [INF] Request starting HTTP/1.1 GET http://localhost:5116/images/pulseraverde.jpg - null null
2025-07-22 13:38:41.620 -06:00 [INF] Sending file. Request path: '/images/imagenpulseraoro.jpg'. Physical path: 'C:\Users\hoshu\source\repos\PaginaBizu\PaginaBizu\wwwroot\images\imagenpulseraoro.jpg'
2025-07-22 13:38:41.620 -06:00 [INF] Sending file. Request path: '/images/pulseraverde.jpg'. Physical path: 'C:\Users\hoshu\source\repos\PaginaBizu\PaginaBizu\wwwroot\images\pulseraverde.jpg'
2025-07-22 13:38:41.632 -06:00 [INF] Request finished HTTP/1.1 GET http://localhost:5116/images/imagenpulseraoro.jpg - 200 16098 image/jpeg 118.3367ms
2025-07-22 13:38:41.636 -06:00 [INF] Request finished HTTP/1.1 GET http://localhost:5116/images/pulseraverde.jpg - 200 17952 image/jpeg 120.7859ms
2025-07-22 13:38:42.064 -06:00 [INF] Request starting HTTP/1.1 GET http://localhost:5116/images/imagenpulserrojo.jpg - null null
2025-07-22 13:38:42.073 -06:00 [INF] Request starting HTTP/1.1 GET http://localhost:5116/css/shop.css - null null
2025-07-22 13:38:42.075 -06:00 [INF] Request starting HTTP/1.1 GET http://localhost:5116/js/shop.js - null null
2025-07-22 13:38:42.075 -06:00 [INF] Request starting HTTP/1.1 GET http://localhost:5116/js/site.js - null null
2025-07-22 13:38:42.109 -06:00 [INF] Request starting HTTP/1.1 GET http://localhost:5116/_vs/browserLink - null null
2025-07-22 13:38:42.109 -06:00 [INF] Request finished HTTP/1.1 GET http://localhost:5116/images/imagenpulserrojo.jpg - 404 0 null 44.7537ms
2025-07-22 13:38:42.246 -06:00 [INF] Sending file. Request path: '/css/shop.css'. Physical path: 'C:\Users\hoshu\source\repos\PaginaBizu\PaginaBizu\wwwroot\css\shop.css'
2025-07-22 13:38:42.277 -06:00 [INF] Sending file. Request path: '/js/shop.js'. Physical path: 'C:\Users\hoshu\source\repos\PaginaBizu\PaginaBizu\wwwroot\js\shop.js'
2025-07-22 13:38:42.224 -06:00 [INF] Sending file. Request path: '/js/site.js'. Physical path: 'C:\Users\hoshu\source\repos\PaginaBizu\PaginaBizu\wwwroot\js\site.js'
2025-07-22 13:38:42.112 -06:00 [INF] Request starting HTTP/1.1 GET http://localhost:5116/_framework/aspnetcore-browser-refresh.js - null null
2025-07-22 13:38:42.323 -06:00 [INF] Request finished HTTP/1.1 GET http://localhost:5116/_vs/browserLink - 200 null text/javascript; charset=UTF-8 214.0645ms
2025-07-22 13:38:42.365 -06:00 [INF] Request reached the end of the middleware pipeline without being handled by application code. Request path: GET http://localhost:5116/images/imagenpulserrojo.jpg, Response status code: 404
2025-07-22 13:38:42.371 -06:00 [INF] Request finished HTTP/1.1 GET http://localhost:5116/css/shop.css - 200 1336 text/css 297.8961ms
2025-07-22 13:38:42.376 -06:00 [INF] Request finished HTTP/1.1 GET http://localhost:5116/js/shop.js - 200 152 text/javascript 300.5942ms
2025-07-22 13:38:42.383 -06:00 [INF] Request finished HTTP/1.1 GET http://localhost:5116/js/site.js - 200 231 text/javascript 308.2412ms
2025-07-22 13:38:42.396 -06:00 [INF] Request finished HTTP/1.1 GET http://localhost:5116/_framework/aspnetcore-browser-refresh.js - 200 16505 application/javascript; charset=utf-8 284.6986ms
2025-07-22 13:38:42.582 -06:00 [INF] Request starting HTTP/1.1 GET http://localhost:5116/Cart/CartCount - null null
2025-07-22 13:38:42.628 -06:00 [INF] Request finished HTTP/1.1 GET http://localhost:5116/Cart/CartCount - 404 0 null 44.156ms
2025-07-22 13:38:42.859 -06:00 [INF] Request reached the end of the middleware pipeline without being handled by application code. Request path: GET http://localhost:5116/Cart/CartCount, Response status code: 404
2025-07-22 13:38:44.634 -06:00 [INF] Request starting HTTP/1.1 GET http://localhost:5116/Cart - null null
2025-07-22 13:38:44.650 -06:00 [INF] Executing endpoint 'PaginaBizu.Controllers.CartController.Index (PaginaBizu)'
2025-07-22 13:38:44.657 -06:00 [INF] Route matched with {action = "Index", controller = "Cart", page = "", area = ""}. Executing controller action with signature Microsoft.AspNetCore.Mvc.IActionResult Index() on controller PaginaBizu.Controllers.CartController (PaginaBizu).
2025-07-22 13:38:44.665 -06:00 [INF] ➡️ Acción ejecutándose: Cart/Index | Usuario: No autenticado | IP: ::1 | Hora: "2025-07-22T13:38:44.6649607-06:00"
2025-07-22 13:38:44.673 -06:00 [INF] ✅ Acción ejecutada: Cart/Index | Hora: "2025-07-22T13:38:44.6733824-06:00"
2025-07-22 13:38:44.679 -06:00 [INF] Executing ViewResult, running view Index.
2025-07-22 13:38:44.694 -06:00 [INF] Executed ViewResult - view Index executed in 17.0921ms.
2025-07-22 13:38:44.699 -06:00 [INF] Executed action PaginaBizu.Controllers.CartController.Index (PaginaBizu) in 35.7544ms
2025-07-22 13:38:44.705 -06:00 [INF] Executed endpoint 'PaginaBizu.Controllers.CartController.Index (PaginaBizu)'
2025-07-22 13:38:44.708 -06:00 [INF] Request finished HTTP/1.1 GET http://localhost:5116/Cart - 200 null text/html; charset=utf-8 74.3527ms
2025-07-22 13:38:44.848 -06:00 [INF] Request starting HTTP/1.1 GET http://localhost:5116/_vs/browserLink - null null
2025-07-22 13:38:44.873 -06:00 [INF] Request finished HTTP/1.1 GET http://localhost:5116/_vs/browserLink - 200 null text/javascript; charset=UTF-8 24.7243ms
2025-07-22 13:38:44.931 -06:00 [INF] Request starting HTTP/1.1 GET http://localhost:5116/_framework/aspnetcore-browser-refresh.js - null null
2025-07-22 13:38:44.956 -06:00 [INF] Request finished HTTP/1.1 GET http://localhost:5116/_framework/aspnetcore-browser-refresh.js - 200 16505 application/javascript; charset=utf-8 25.7757ms
2025-07-22 13:38:45.427 -06:00 [INF] Request starting HTTP/1.1 GET http://localhost:5116/Cart/CartCount - null null
2025-07-22 13:38:45.441 -06:00 [INF] Request finished HTTP/1.1 GET http://localhost:5116/Cart/CartCount - 404 0 null 13.3719ms
2025-07-22 13:38:45.464 -06:00 [INF] Request reached the end of the middleware pipeline without being handled by application code. Request path: GET http://localhost:5116/Cart/CartCount, Response status code: 404
2025-07-22 13:38:46.619 -06:00 [INF] Request starting HTTP/1.1 GET http://localhost:5116/ - null null
2025-07-22 13:38:46.639 -06:00 [INF] Executing endpoint 'PaginaBizu.Controllers.HomeController.Index (PaginaBizu)'
2025-07-22 13:38:46.646 -06:00 [INF] Route matched with {action = "Index", controller = "Home", page = "", area = ""}. Executing controller action with signature Microsoft.AspNetCore.Mvc.IActionResult Index() on controller PaginaBizu.Controllers.HomeController (PaginaBizu).
2025-07-22 13:38:46.652 -06:00 [INF] ➡️ Acción ejecutándose: Home/Index | Usuario: No autenticado | IP: ::1 | Hora: "2025-07-22T13:38:46.6524290-06:00"
2025-07-22 13:38:46.657 -06:00 [INF] ✅ Acción ejecutada: Home/Index | Hora: "2025-07-22T13:38:46.6578173-06:00"
2025-07-22 13:38:46.663 -06:00 [INF] Executing ViewResult, running view Index.
2025-07-22 13:38:46.700 -06:00 [INF] Executed ViewResult - view Index executed in 37.283ms.
2025-07-22 13:38:46.705 -06:00 [INF] Executed action PaginaBizu.Controllers.HomeController.Index (PaginaBizu) in 53.4811ms
2025-07-22 13:38:46.712 -06:00 [INF] Executed endpoint 'PaginaBizu.Controllers.HomeController.Index (PaginaBizu)'
2025-07-22 13:38:46.716 -06:00 [INF] Request finished HTTP/1.1 GET http://localhost:5116/ - 200 null text/html; charset=utf-8 97.3925ms
2025-07-22 13:38:47.401 -06:00 [INF] Request starting HTTP/1.1 GET http://localhost:5116/_framework/aspnetcore-browser-refresh.js - null null
2025-07-22 13:38:47.415 -06:00 [INF] Request finished HTTP/1.1 GET http://localhost:5116/_framework/aspnetcore-browser-refresh.js - 200 16505 application/javascript; charset=utf-8 14.2411ms
2025-07-22 13:38:47.417 -06:00 [INF] Request starting HTTP/1.1 GET http://localhost:5116/_vs/browserLink - null null
2025-07-22 13:38:47.441 -06:00 [INF] Request starting HTTP/1.1 GET http://localhost:5116/css/tailwindcss - null null
2025-07-22 13:38:47.446 -06:00 [INF] Request starting HTTP/1.1 GET http://localhost:5116/images/bg.png - null null
2025-07-22 13:38:47.480 -06:00 [INF] Request finished HTTP/1.1 GET http://localhost:5116/_vs/browserLink - 200 null text/javascript; charset=UTF-8 63.0823ms
2025-07-22 13:38:47.481 -06:00 [INF] Request finished HTTP/1.1 GET http://localhost:5116/css/tailwindcss - 404 0 null 40.3833ms
2025-07-22 13:38:47.494 -06:00 [INF] Request finished HTTP/1.1 GET http://localhost:5116/images/bg.png - 404 0 null 48.6403ms
2025-07-22 13:38:47.531 -06:00 [INF] Request reached the end of the middleware pipeline without being handled by application code. Request path: GET http://localhost:5116/css/tailwindcss, Response status code: 404
2025-07-22 13:38:47.546 -06:00 [INF] Request reached the end of the middleware pipeline without being handled by application code. Request path: GET http://localhost:5116/images/bg.png, Response status code: 404
2025-07-22 13:38:48.130 -06:00 [INF] Request starting HTTP/1.1 GET http://localhost:5116/Cart/CartCount - null null
2025-07-22 13:38:48.149 -06:00 [INF] Request finished HTTP/1.1 GET http://localhost:5116/Cart/CartCount - 404 0 null 18.6359ms
2025-07-22 13:38:48.169 -06:00 [INF] Request reached the end of the middleware pipeline without being handled by application code. Request path: GET http://localhost:5116/Cart/CartCount, Response status code: 404
2025-07-22 13:45:42.689 -06:00 [INF] User profile is available. Using 'C:\Users\hoshu\AppData\Local\ASP.NET\DataProtection-Keys' as key repository and Windows DPAPI to encrypt keys at rest.
2025-07-22 13:45:45.078 -06:00 [WRN] No store type was specified for the decimal property 'Precio' on entity type 'Product'. This will cause values to be silently truncated if they do not fit in the default precision and scale. Explicitly specify the SQL server column type that can accommodate all the values in 'OnModelCreating' using 'HasColumnType', specify precision and scale using 'HasPrecision', or configure a value converter using 'HasConversion'.
2025-07-22 13:45:46.967 -06:00 [INF] Executed DbCommand (206ms) [Parameters=[@__normalizedName_0='?' (Size = 256)], CommandType='"Text"', CommandTimeout='30']
SELECT TOP(1) [a].[Id], [a].[ConcurrencyStamp], [a].[Name], [a].[NormalizedName]
FROM [AspNetRoles] AS [a]
WHERE [a].[NormalizedName] = @__normalizedName_0
2025-07-22 13:45:47.205 -06:00 [INF] Executed DbCommand (23ms) [Parameters=[@__normalizedEmail_0='?' (Size = 256)], CommandType='"Text"', CommandTimeout='30']
SELECT TOP(2) [a].[Id], [a].[AccessFailedCount], [a].[ConcurrencyStamp], [a].[Email], [a].[EmailConfirmed], [a].[LockoutEnabled], [a].[LockoutEnd], [a].[NormalizedEmail], [a].[NormalizedUserName], [a].[PasswordHash], [a].[PhoneNumber], [a].[PhoneNumberConfirmed], [a].[SecurityStamp], [a].[TwoFactorEnabled], [a].[UserName]
FROM [AspNetUsers] AS [a]
WHERE [a].[NormalizedEmail] = @__normalizedEmail_0
2025-07-22 13:45:47.359 -06:00 [INF] Executed DbCommand (8ms) [Parameters=[@__normalizedRoleName_0='?' (Size = 256)], CommandType='"Text"', CommandTimeout='30']
SELECT TOP(2) [a].[Id], [a].[ConcurrencyStamp], [a].[Name], [a].[NormalizedName]
FROM [AspNetRoles] AS [a]
WHERE [a].[NormalizedName] = @__normalizedRoleName_0
2025-07-22 13:45:47.466 -06:00 [INF] Executed DbCommand (14ms) [Parameters=[@__p_0='?' (Size = 450), @__p_1='?' (Size = 450)], CommandType='"Text"', CommandTimeout='30']
SELECT TOP(1) [a].[UserId], [a].[RoleId]
FROM [AspNetUserRoles] AS [a]
WHERE [a].[UserId] = @__p_0 AND [a].[RoleId] = @__p_1
2025-07-22 13:45:47.514 -06:00 [INF] Executed DbCommand (10ms) [Parameters=[@__normalizedEmail_0='?' (Size = 256)], CommandType='"Text"', CommandTimeout='30']
SELECT TOP(2) [a].[Id], [a].[AccessFailedCount], [a].[ConcurrencyStamp], [a].[Email], [a].[EmailConfirmed], [a].[LockoutEnabled], [a].[LockoutEnd], [a].[NormalizedEmail], [a].[NormalizedUserName], [a].[PasswordHash], [a].[PhoneNumber], [a].[PhoneNumberConfirmed], [a].[SecurityStamp], [a].[TwoFactorEnabled], [a].[UserName]
FROM [AspNetUsers] AS [a]
WHERE [a].[NormalizedEmail] = @__normalizedEmail_0
2025-07-22 13:45:47.538 -06:00 [INF] Executed DbCommand (6ms) [Parameters=[@__normalizedRoleName_0='?' (Size = 256)], CommandType='"Text"', CommandTimeout='30']
SELECT TOP(2) [a].[Id], [a].[ConcurrencyStamp], [a].[Name], [a].[NormalizedName]
FROM [AspNetRoles] AS [a]
WHERE [a].[NormalizedName] = @__normalizedRoleName_0
2025-07-22 13:45:47.559 -06:00 [INF] Executed DbCommand (7ms) [Parameters=[@__p_0='?' (Size = 450), @__p_1='?' (Size = 450)], CommandType='"Text"', CommandTimeout='30']
SELECT TOP(1) [a].[UserId], [a].[RoleId]
FROM [AspNetUserRoles] AS [a]
WHERE [a].[UserId] = @__p_0 AND [a].[RoleId] = @__p_1
2025-07-22 13:45:47.577 -06:00 [INF] Executed DbCommand (8ms) [Parameters=[@__normalizedEmail_0='?' (Size = 256)], CommandType='"Text"', CommandTimeout='30']
SELECT TOP(2) [a].[Id], [a].[AccessFailedCount], [a].[ConcurrencyStamp], [a].[Email], [a].[EmailConfirmed], [a].[LockoutEnabled], [a].[LockoutEnd], [a].[NormalizedEmail], [a].[NormalizedUserName], [a].[PasswordHash], [a].[PhoneNumber], [a].[PhoneNumberConfirmed], [a].[SecurityStamp], [a].[TwoFactorEnabled], [a].[UserName]
FROM [AspNetUsers] AS [a]
WHERE [a].[NormalizedEmail] = @__normalizedEmail_0
2025-07-22 13:45:47.595 -06:00 [INF] Executed DbCommand (9ms) [Parameters=[@__normalizedRoleName_0='?' (Size = 256)], CommandType='"Text"', CommandTimeout='30']
SELECT TOP(2) [a].[Id], [a].[ConcurrencyStamp], [a].[Name], [a].[NormalizedName]
FROM [AspNetRoles] AS [a]
WHERE [a].[NormalizedName] = @__normalizedRoleName_0
2025-07-22 13:45:47.610 -06:00 [INF] Executed DbCommand (5ms) [Parameters=[@__p_0='?' (Size = 450), @__p_1='?' (Size = 450)], CommandType='"Text"', CommandTimeout='30']
SELECT TOP(1) [a].[UserId], [a].[RoleId]
FROM [AspNetUserRoles] AS [a]
WHERE [a].[UserId] = @__p_0 AND [a].[RoleId] = @__p_1
2025-07-22 13:45:48.603 -06:00 [INF] Now listening on: http://localhost:5116
2025-07-22 13:45:48.761 -06:00 [INF] Application started. Press Ctrl+C to shut down.
2025-07-22 13:45:48.765 -06:00 [INF] Hosting environment: Development
2025-07-22 13:45:48.771 -06:00 [INF] Content root path: C:\Users\hoshu\source\repos\PaginaBizu\PaginaBizu
2025-07-22 13:45:49.892 -06:00 [INF] Request starting HTTP/1.1 GET http://localhost:5116/ - null null
2025-07-22 13:45:50.423 -06:00 [WRN] Failed to determine the https port for redirect.
2025-07-22 13:45:50.598 -06:00 [INF] Executing endpoint 'PaginaBizu.Controllers.HomeController.Index (PaginaBizu)'
2025-07-22 13:45:50.654 -06:00 [INF] Route matched with {action = "Index", controller = "Home", page = "", area = ""}. Executing controller action with signature Microsoft.AspNetCore.Mvc.IActionResult Index() on controller PaginaBizu.Controllers.HomeController (PaginaBizu).
2025-07-22 13:45:50.688 -06:00 [INF] ➡️ Acción ejecutándose: Home/Index | Usuario: No autenticado | IP: ::1 | Hora: "2025-07-22T13:45:50.6876759-06:00"
2025-07-22 13:45:50.714 -06:00 [INF] ✅ Acción ejecutada: Home/Index | Hora: "2025-07-22T13:45:50.7137770-06:00"
2025-07-22 13:45:50.751 -06:00 [INF] Executing ViewResult, running view Index.
2025-07-22 13:45:51.199 -06:00 [INF] Executed ViewResult - view Index executed in 457.8859ms.
2025-07-22 13:45:51.209 -06:00 [INF] Executed action PaginaBizu.Controllers.HomeController.Index (PaginaBizu) in 540.6537ms
2025-07-22 13:45:51.219 -06:00 [INF] Executed endpoint 'PaginaBizu.Controllers.HomeController.Index (PaginaBizu)'
2025-07-22 13:45:51.240 -06:00 [INF] Request finished HTTP/1.1 GET http://localhost:5116/ - 200 null text/html; charset=utf-8 1399.2161ms
2025-07-22 13:45:52.559 -06:00 [INF] Request starting HTTP/1.1 GET http://localhost:5116/_framework/aspnetcore-browser-refresh.js - null null
2025-07-22 13:45:52.565 -06:00 [INF] Request starting HTTP/1.1 GET http://localhost:5116/_vs/browserLink - null null
2025-07-22 13:45:52.582 -06:00 [INF] Request finished HTTP/1.1 GET http://localhost:5116/_framework/aspnetcore-browser-refresh.js - 200 16505 application/javascript; charset=utf-8 24.448ms
2025-07-22 13:45:52.725 -06:00 [INF] Request finished HTTP/1.1 GET http://localhost:5116/_vs/browserLink - 200 null text/javascript; charset=UTF-8 160.7016ms
2025-07-22 13:45:53.063 -06:00 [INF] Request starting HTTP/1.1 GET http://localhost:5116/images/bg.png - null null
2025-07-22 13:45:53.097 -06:00 [INF] Request finished HTTP/1.1 GET http://localhost:5116/images/bg.png - 404 0 null 33.6544ms
2025-07-22 13:45:53.116 -06:00 [INF] Request reached the end of the middleware pipeline without being handled by application code. Request path: GET http://localhost:5116/images/bg.png, Response status code: 404
2025-07-22 13:45:53.142 -06:00 [INF] Request starting HTTP/1.1 GET http://localhost:5116/css/tailwindcss - null null
2025-07-22 13:45:53.166 -06:00 [INF] Request finished HTTP/1.1 GET http://localhost:5116/css/tailwindcss - 404 0 null 23.0754ms
2025-07-22 13:45:53.202 -06:00 [INF] Request reached the end of the middleware pipeline without being handled by application code. Request path: GET http://localhost:5116/css/tailwindcss, Response status code: 404
2025-07-22 13:45:53.526 -06:00 [INF] Request starting HTTP/1.1 GET http://localhost:5116/Cart/CartCount - null null
2025-07-22 13:45:53.543 -06:00 [INF] Request finished HTTP/1.1 GET http://localhost:5116/Cart/CartCount - 404 0 null 16.0627ms
2025-07-22 13:45:53.564 -06:00 [INF] Request reached the end of the middleware pipeline without being handled by application code. Request path: GET http://localhost:5116/Cart/CartCount, Response status code: 404
2025-07-22 13:46:02.038 -06:00 [INF] Request starting HTTP/1.1 GET http://localhost:5116/Shop - null null
2025-07-22 13:46:02.056 -06:00 [INF] Executing endpoint 'PaginaBizu.Controllers.ShopController.Index (PaginaBizu)'
2025-07-22 13:46:02.066 -06:00 [INF] Route matched with {action = "Index", controller = "Shop", page = "", area = ""}. Executing controller action with signature Microsoft.AspNetCore.Mvc.IActionResult Index() on controller PaginaBizu.Controllers.ShopController (PaginaBizu).
2025-07-22 13:46:02.076 -06:00 [INF] ➡️ Acción ejecutándose: Shop/Index | Usuario: No autenticado | IP: ::1 | Hora: "2025-07-22T13:46:02.0760047-06:00"
2025-07-22 13:46:02.232 -06:00 [INF] Executed DbCommand (15ms) [Parameters=[], CommandType='"Text"', CommandTimeout='30']
SELECT [p].[Id], [p].[CantidadDisponible], [p].[Categoria], [p].[Descripcion], [p].[FechaCreacion], [p].[ImagenUrl], [p].[NombreArticulo], [p].[Precio]
FROM [Products] AS [p]
2025-07-22 13:46:02.312 -06:00 [INF] ✅ Acción ejecutada: Shop/Index | Hora: "2025-07-22T13:46:02.3127990-06:00"
2025-07-22 13:46:02.321 -06:00 [INF] Executing ViewResult, running view Index.
2025-07-22 13:46:02.359 -06:00 [INF] Executed ViewResult - view Index executed in 40.6693ms.
2025-07-22 13:46:02.364 -06:00 [INF] Executed action PaginaBizu.Controllers.ShopController.Index (PaginaBizu) in 289.8435ms
2025-07-22 13:46:02.373 -06:00 [INF] Executed endpoint 'PaginaBizu.Controllers.ShopController.Index (PaginaBizu)'
2025-07-22 13:46:02.382 -06:00 [INF] Request finished HTTP/1.1 GET http://localhost:5116/Shop - 200 null text/html; charset=utf-8 343.8909ms
2025-07-22 13:46:02.934 -06:00 [INF] Request starting HTTP/1.1 GET http://localhost:5116/images/imagenpulserrojo.jpg - null null
2025-07-22 13:46:02.962 -06:00 [INF] Request starting HTTP/1.1 GET http://localhost:5116/_framework/aspnetcore-browser-refresh.js - null null
2025-07-22 13:46:02.970 -06:00 [INF] Request starting HTTP/1.1 GET http://localhost:5116/_vs/browserLink - null null
2025-07-22 13:46:02.972 -06:00 [INF] Request finished HTTP/1.1 GET http://localhost:5116/images/imagenpulserrojo.jpg - 404 0 null 38.1777ms
2025-07-22 13:46:02.985 -06:00 [INF] Request finished HTTP/1.1 GET http://localhost:5116/_framework/aspnetcore-browser-refresh.js - 200 16505 application/javascript; charset=utf-8 23.0733ms
2025-07-22 13:46:03.014 -06:00 [INF] Request reached the end of the middleware pipeline without being handled by application code. Request path: GET http://localhost:5116/images/imagenpulserrojo.jpg, Response status code: 404
2025-07-22 13:46:03.055 -06:00 [INF] Request finished HTTP/1.1 GET http://localhost:5116/_vs/browserLink - 200 null text/javascript; charset=UTF-8 85.5749ms
2025-07-22 13:46:03.234 -06:00 [INF] Request starting HTTP/1.1 GET http://localhost:5116/Cart/CartCount - null null
2025-07-22 13:46:03.249 -06:00 [INF] Request finished HTTP/1.1 GET http://localhost:5116/Cart/CartCount - 404 0 null 15.425ms
2025-07-22 13:46:03.272 -06:00 [INF] Request reached the end of the middleware pipeline without being handled by application code. Request path: GET http://localhost:5116/Cart/CartCount, Response status code: 404
2025-07-22 13:46:04.390 -06:00 [INF] Request starting HTTP/1.1 GET http://localhost:5116/Shop/Details/1 - null null
2025-07-22 13:46:04.418 -06:00 [INF] Executing endpoint 'PaginaBizu.Controllers.ShopController.Details (PaginaBizu)'
2025-07-22 13:46:04.452 -06:00 [INF] Route matched with {action = "Details", controller = "Shop", page = "", area = ""}. Executing controller action with signature Microsoft.AspNetCore.Mvc.IActionResult Details(Int32) on controller PaginaBizu.Controllers.ShopController (PaginaBizu).
2025-07-22 13:46:04.497 -06:00 [INF] ➡️ Acción ejecutándose: Shop/Details | Usuario: No autenticado | IP: ::1 | Hora: "2025-07-22T13:46:04.4973430-06:00"
2025-07-22 13:46:04.638 -06:00 [INF] Executed DbCommand (22ms) [Parameters=[@__id_0='?' (DbType = Int32)], CommandType='"Text"', CommandTimeout='30']
SELECT TOP(1) [p].[Id], [p].[CantidadDisponible], [p].[Categoria], [p].[Descripcion], [p].[FechaCreacion], [p].[ImagenUrl], [p].[NombreArticulo], [p].[Precio]
FROM [Products] AS [p]
WHERE [p].[Id] = @__id_0
2025-07-22 13:46:04.732 -06:00 [INF] Executed DbCommand (52ms) [Parameters=[@__id_0='?' (DbType = Int32)], CommandType='"Text"', CommandTimeout='30']
SELECT [c].[Id], [c].[Calificacion], [c].[Contenido], [c].[Fecha], [c].[ProductoId], [c].[UsuarioId]
FROM [Comentarios] AS [c]
WHERE [c].[ProductoId] = @__id_0
ORDER BY [c].[Fecha] DESC
2025-07-22 13:46:04.795 -06:00 [INF] ✅ Acción ejecutada: Shop/Details | Hora: "2025-07-22T13:46:04.7951546-06:00"
2025-07-22 13:46:04.806 -06:00 [INF] Executing ViewResult, running view Details.
2025-07-22 13:46:04.893 -06:00 [INF] Executed ViewResult - view Details executed in 88.5958ms.
2025-07-22 13:46:04.906 -06:00 [INF] Executed action PaginaBizu.Controllers.ShopController.Details (PaginaBizu) in 441.793ms
2025-07-22 13:46:04.919 -06:00 [INF] Executed endpoint 'PaginaBizu.Controllers.ShopController.Details (PaginaBizu)'
2025-07-22 13:46:04.929 -06:00 [INF] Request finished HTTP/1.1 GET http://localhost:5116/Shop/Details/1 - 200 null text/html; charset=utf-8 539.3065ms
2025-07-22 13:46:05.014 -06:00 [INF] Request starting HTTP/1.1 GET http://localhost:5116/css/product-details.css - null null
2025-07-22 13:46:05.024 -06:00 [INF] Request starting HTTP/1.1 GET http://localhost:5116/_vs/browserLink - null null
2025-07-22 13:46:05.025 -06:00 [INF] Request starting HTTP/1.1 GET http://localhost:5116/_framework/aspnetcore-browser-refresh.js - null null
2025-07-22 13:46:05.093 -06:00 [INF] Request finished HTTP/1.1 GET http://localhost:5116/_framework/aspnetcore-browser-refresh.js - 200 16505 application/javascript; charset=utf-8 67.4317ms
2025-07-22 13:46:05.114 -06:00 [INF] Request finished HTTP/1.1 GET http://localhost:5116/_vs/browserLink - 200 null text/javascript; charset=UTF-8 90.0459ms
2025-07-22 13:46:05.287 -06:00 [INF] Sending file. Request path: '/css/product-details.css'. Physical path: 'C:\Users\hoshu\source\repos\PaginaBizu\PaginaBizu\wwwroot\css\product-details.css'
2025-07-22 13:46:05.295 -06:00 [INF] Request finished HTTP/1.1 GET http://localhost:5116/css/product-details.css - 200 1826 text/css 281.3482ms
2025-07-22 13:46:05.725 -06:00 [INF] Request starting HTTP/1.1 GET http://localhost:5116/Cart/CartCount - null null
2025-07-22 13:46:05.737 -06:00 [INF] Request finished HTTP/1.1 GET http://localhost:5116/Cart/CartCount - 404 0 null 11.7512ms
2025-07-22 13:46:05.751 -06:00 [INF] Request reached the end of the middleware pipeline without being handled by application code. Request path: GET http://localhost:5116/Cart/CartCount, Response status code: 404
2025-07-22 13:46:06.430 -06:00 [INF] Request starting HTTP/1.1 GET http://localhost:5116/ - null null
2025-07-22 13:46:06.473 -06:00 [INF] Executing endpoint 'PaginaBizu.Controllers.HomeController.Index (PaginaBizu)'
2025-07-22 13:46:06.482 -06:00 [INF] Route matched with {action = "Index", controller = "Home", page = "", area = ""}. Executing controller action with signature Microsoft.AspNetCore.Mvc.IActionResult Index() on controller PaginaBizu.Controllers.HomeController (PaginaBizu).
2025-07-22 13:46:06.493 -06:00 [INF] ➡️ Acción ejecutándose: Home/Index | Usuario: No autenticado | IP: ::1 | Hora: "2025-07-22T13:46:06.4935360-06:00"
2025-07-22 13:46:06.502 -06:00 [INF] ✅ Acción ejecutada: Home/Index | Hora: "2025-07-22T13:46:06.5020939-06:00"
2025-07-22 13:46:06.510 -06:00 [INF] Executing ViewResult, running view Index.
2025-07-22 13:46:06.580 -06:00 [INF] Executed ViewResult - view Index executed in 70.3701ms.
2025-07-22 13:46:06.587 -06:00 [INF] Executed action PaginaBizu.Controllers.HomeController.Index (PaginaBizu) in 94.3946ms
2025-07-22 13:46:06.593 -06:00 [INF] Executed endpoint 'PaginaBizu.Controllers.HomeController.Index (PaginaBizu)'
2025-07-22 13:46:06.599 -06:00 [INF] Request finished HTTP/1.1 GET http://localhost:5116/ - 200 null text/html; charset=utf-8 168.6532ms
2025-07-22 13:46:07.427 -06:00 [INF] Request starting HTTP/1.1 GET http://localhost:5116/_framework/aspnetcore-browser-refresh.js - null null
2025-07-22 13:46:07.440 -06:00 [INF] Request starting HTTP/1.1 GET http://localhost:5116/_vs/browserLink - null null
2025-07-22 13:46:07.464 -06:00 [INF] Request starting HTTP/1.1 GET http://localhost:5116/images/bg.png - null null
2025-07-22 13:46:07.488 -06:00 [INF] Request finished HTTP/1.1 GET http://localhost:5116/_framework/aspnetcore-browser-refresh.js - 200 16505 application/javascript; charset=utf-8 60.2956ms
2025-07-22 13:46:07.542 -06:00 [INF] Request finished HTTP/1.1 GET http://localhost:5116/_vs/browserLink - 200 null text/javascript; charset=UTF-8 103.0777ms
2025-07-22 13:46:07.543 -06:00 [INF] Request finished HTTP/1.1 GET http://localhost:5116/images/bg.png - 404 0 null 79.6978ms
2025-07-22 13:46:07.597 -06:00 [INF] Request starting HTTP/1.1 GET http://localhost:5116/css/tailwindcss - null null
2025-07-22 13:46:07.641 -06:00 [INF] Request reached the end of the middleware pipeline without being handled by application code. Request path: GET http://localhost:5116/images/bg.png, Response status code: 404
2025-07-22 13:46:07.655 -06:00 [INF] Request finished HTTP/1.1 GET http://localhost:5116/css/tailwindcss - 404 0 null 58.8679ms
2025-07-22 13:46:07.687 -06:00 [INF] Request reached the end of the middleware pipeline without being handled by application code. Request path: GET http://localhost:5116/css/tailwindcss, Response status code: 404
2025-07-22 13:46:07.819 -06:00 [INF] Request starting HTTP/1.1 GET http://localhost:5116/Cart/CartCount - null null
2025-07-22 13:46:07.835 -06:00 [INF] Request finished HTTP/1.1 GET http://localhost:5116/Cart/CartCount - 404 0 null 16.6451ms
2025-07-22 13:46:07.875 -06:00 [INF] Request reached the end of the middleware pipeline without being handled by application code. Request path: GET http://localhost:5116/Cart/CartCount, Response status code: 404
2025-07-22 13:58:56.718 -06:00 [INF] User profile is available. Using 'C:\Users\hoshu\AppData\Local\ASP.NET\DataProtection-Keys' as key repository and Windows DPAPI to encrypt keys at rest.
2025-07-22 13:58:57.868 -06:00 [WRN] No store type was specified for the decimal property 'Precio' on entity type 'Product'. This will cause values to be silently truncated if they do not fit in the default precision and scale. Explicitly specify the SQL server column type that can accommodate all the values in 'OnModelCreating' using 'HasColumnType', specify precision and scale using 'HasPrecision', or configure a value converter using 'HasConversion'.
2025-07-22 13:59:00.266 -06:00 [INF] Executed DbCommand (496ms) [Parameters=[@__normalizedName_0='?' (Size = 256)], CommandType='"Text"', CommandTimeout='30']
SELECT TOP(1) [a].[Id], [a].[ConcurrencyStamp], [a].[Name], [a].[NormalizedName]
FROM [AspNetRoles] AS [a]
WHERE [a].[NormalizedName] = @__normalizedName_0
2025-07-22 13:59:00.563 -06:00 [INF] Executed DbCommand (29ms) [Parameters=[@__normalizedEmail_0='?' (Size = 256)], CommandType='"Text"', CommandTimeout='30']
SELECT TOP(2) [a].[Id], [a].[AccessFailedCount], [a].[ConcurrencyStamp], [a].[Email], [a].[EmailConfirmed], [a].[LockoutEnabled], [a].[LockoutEnd], [a].[NormalizedEmail], [a].[NormalizedUserName], [a].[PasswordHash], [a].[PhoneNumber], [a].[PhoneNumberConfirmed], [a].[SecurityStamp], [a].[TwoFactorEnabled], [a].[UserName]
FROM [AspNetUsers] AS [a]
WHERE [a].[NormalizedEmail] = @__normalizedEmail_0
2025-07-22 13:59:00.708 -06:00 [INF] Executed DbCommand (10ms) [Parameters=[@__normalizedRoleName_0='?' (Size = 256)], CommandType='"Text"', CommandTimeout='30']
SELECT TOP(2) [a].[Id], [a].[ConcurrencyStamp], [a].[Name], [a].[NormalizedName]
FROM [AspNetRoles] AS [a]
WHERE [a].[NormalizedName] = @__normalizedRoleName_0
2025-07-22 13:59:00.819 -06:00 [INF] Executed DbCommand (17ms) [Parameters=[@__p_0='?' (Size = 450), @__p_1='?' (Size = 450)], CommandType='"Text"', CommandTimeout='30']
SELECT TOP(1) [a].[UserId], [a].[RoleId]
FROM [AspNetUserRoles] AS [a]
WHERE [a].[UserId] = @__p_0 AND [a].[RoleId] = @__p_1
2025-07-22 13:59:00.872 -06:00 [INF] Executed DbCommand (5ms) [Parameters=[@__normalizedEmail_0='?' (Size = 256)], CommandType='"Text"', CommandTimeout='30']
SELECT TOP(2) [a].[Id], [a].[AccessFailedCount], [a].[ConcurrencyStamp], [a].[Email], [a].[EmailConfirmed], [a].[LockoutEnabled], [a].[LockoutEnd], [a].[NormalizedEmail], [a].[NormalizedUserName], [a].[PasswordHash], [a].[PhoneNumber], [a].[PhoneNumberConfirmed], [a].[SecurityStamp], [a].[TwoFactorEnabled], [a].[UserName]
FROM [AspNetUsers] AS [a]
WHERE [a].[NormalizedEmail] = @__normalizedEmail_0
2025-07-22 13:59:00.892 -06:00 [INF] Executed DbCommand (6ms) [Parameters=[@__normalizedRoleName_0='?' (Size = 256)], CommandType='"Text"', CommandTimeout='30']
SELECT TOP(2) [a].[Id], [a].[ConcurrencyStamp], [a].[Name], [a].[NormalizedName]
FROM [AspNetRoles] AS [a]
WHERE [a].[NormalizedName] = @__normalizedRoleName_0
2025-07-22 13:59:00.908 -06:00 [INF] Executed DbCommand (5ms) [Parameters=[@__p_0='?' (Size = 450), @__p_1='?' (Size = 450)], CommandType='"Text"', CommandTimeout='30']
SELECT TOP(1) [a].[UserId], [a].[RoleId]
FROM [AspNetUserRoles] AS [a]
WHERE [a].[UserId] = @__p_0 AND [a].[RoleId] = @__p_1
2025-07-22 13:59:00.930 -06:00 [INF] Executed DbCommand (13ms) [Parameters=[@__normalizedEmail_0='?' (Size = 256)], CommandType='"Text"', CommandTimeout='30']
SELECT TOP(2) [a].[Id], [a].[AccessFailedCount], [a].[ConcurrencyStamp], [a].[Email], [a].[EmailConfirmed], [a].[LockoutEnabled], [a].[LockoutEnd], [a].[NormalizedEmail], [a].[NormalizedUserName], [a].[PasswordHash], [a].[PhoneNumber], [a].[PhoneNumberConfirmed], [a].[SecurityStamp], [a].[TwoFactorEnabled], [a].[UserName]
FROM [AspNetUsers] AS [a]
WHERE [a].[NormalizedEmail] = @__normalizedEmail_0
2025-07-22 13:59:00.948 -06:00 [INF] Executed DbCommand (9ms) [Parameters=[@__normalizedRoleName_0='?' (Size = 256)], CommandType='"Text"', CommandTimeout='30']
SELECT TOP(2) [a].[Id], [a].[ConcurrencyStamp], [a].[Name], [a].[NormalizedName]
FROM [AspNetRoles] AS [a]
WHERE [a].[NormalizedName] = @__normalizedRoleName_0
2025-07-22 13:59:00.966 -06:00 [INF] Executed DbCommand (7ms) [Parameters=[@__p_0='?' (Size = 450), @__p_1='?' (Size = 450)], CommandType='"Text"', CommandTimeout='30']
SELECT TOP(1) [a].[UserId], [a].[RoleId]
FROM [AspNetUserRoles] AS [a]
WHERE [a].[UserId] = @__p_0 AND [a].[RoleId] = @__p_1
2025-07-22 13:59:02.493 -06:00 [INF] Now listening on: http://localhost:5116
2025-07-22 13:59:02.864 -06:00 [INF] Application started. Press Ctrl+C to shut down.
2025-07-22 13:59:02.872 -06:00 [INF] Hosting environment: Development
2025-07-22 13:59:02.881 -06:00 [INF] Content root path: C:\Users\hoshu\source\repos\PaginaBizu\PaginaBizu
2025-07-22 14:01:07.025 -06:00 [INF] User profile is available. Using 'C:\Users\hoshu\AppData\Local\ASP.NET\DataProtection-Keys' as key repository and Windows DPAPI to encrypt keys at rest.
2025-07-22 14:01:08.254 -06:00 [WRN] No store type was specified for the decimal property 'Precio' on entity type 'Product'. This will cause values to be silently truncated if they do not fit in the default precision and scale. Explicitly specify the SQL server column type that can accommodate all the values in 'OnModelCreating' using 'HasColumnType', specify precision and scale using 'HasPrecision', or configure a value converter using 'HasConversion'.
2025-07-22 14:01:10.230 -06:00 [INF] Executed DbCommand (193ms) [Parameters=[@__normalizedName_0='?' (Size = 256)], CommandType='"Text"', CommandTimeout='30']
SELECT TOP(1) [a].[Id], [a].[ConcurrencyStamp], [a].[Name], [a].[NormalizedName]
FROM [AspNetRoles] AS [a]
WHERE [a].[NormalizedName] = @__normalizedName_0
2025-07-22 14:01:10.607 -06:00 [INF] Executed DbCommand (42ms) [Parameters=[@__normalizedEmail_0='?' (Size = 256)], CommandType='"Text"', CommandTimeout='30']
SELECT TOP(2) [a].[Id], [a].[AccessFailedCount], [a].[ConcurrencyStamp], [a].[Email], [a].[EmailConfirmed], [a].[LockoutEnabled], [a].[LockoutEnd], [a].[NormalizedEmail], [a].[NormalizedUserName], [a].[PasswordHash], [a].[PhoneNumber], [a].[PhoneNumberConfirmed], [a].[SecurityStamp], [a].[TwoFactorEnabled], [a].[UserName]
FROM [AspNetUsers] AS [a]
WHERE [a].[NormalizedEmail] = @__normalizedEmail_0
2025-07-22 14:01:10.802 -06:00 [INF] Executed DbCommand (12ms) [Parameters=[@__normalizedRoleName_0='?' (Size = 256)], CommandType='"Text"', CommandTimeout='30']
SELECT TOP(2) [a].[Id], [a].[ConcurrencyStamp], [a].[Name], [a].[NormalizedName]
FROM [AspNetRoles] AS [a]
WHERE [a].[NormalizedName] = @__normalizedRoleName_0
2025-07-22 14:01:10.918 -06:00 [INF] Executed DbCommand (5ms) [Parameters=[@__p_0='?' (Size = 450), @__p_1='?' (Size = 450)], CommandType='"Text"', CommandTimeout='30']
SELECT TOP(1) [a].[UserId], [a].[RoleId]
FROM [AspNetUserRoles] AS [a]
WHERE [a].[UserId] = @__p_0 AND [a].[RoleId] = @__p_1
2025-07-22 14:01:10.998 -06:00 [INF] Executed DbCommand (14ms) [Parameters=[@__normalizedEmail_0='?' (Size = 256)], CommandType='"Text"', CommandTimeout='30']
SELECT TOP(2) [a].[Id], [a].[AccessFailedCount], [a].[ConcurrencyStamp], [a].[Email], [a].[EmailConfirmed], [a].[LockoutEnabled], [a].[LockoutEnd], [a].[NormalizedEmail], [a].[NormalizedUserName], [a].[PasswordHash], [a].[PhoneNumber], [a].[PhoneNumberConfirmed], [a].[SecurityStamp], [a].[TwoFactorEnabled], [a].[UserName]
FROM [AspNetUsers] AS [a]
WHERE [a].[NormalizedEmail] = @__normalizedEmail_0
2025-07-22 14:01:11.034 -06:00 [INF] Executed DbCommand (12ms) [Parameters=[@__normalizedRoleName_0='?' (Size = 256)], CommandType='"Text"', CommandTimeout='30']
SELECT TOP(2) [a].[Id], [a].[ConcurrencyStamp], [a].[Name], [a].[NormalizedName]
FROM [AspNetRoles] AS [a]
WHERE [a].[NormalizedName] = @__normalizedRoleName_0
2025-07-22 14:01:11.103 -06:00 [INF] Executed DbCommand (8ms) [Parameters=[@__p_0='?' (Size = 450), @__p_1='?' (Size = 450)], CommandType='"Text"', CommandTimeout='30']
SELECT TOP(1) [a].[UserId], [a].[RoleId]
FROM [AspNetUserRoles] AS [a]
WHERE [a].[UserId] = @__p_0 AND [a].[RoleId] = @__p_1
2025-07-22 14:01:11.125 -06:00 [INF] Executed DbCommand (9ms) [Parameters=[@__normalizedEmail_0='?' (Size = 256)], CommandType='"Text"', CommandTimeout='30']
SELECT TOP(2) [a].[Id], [a].[AccessFailedCount], [a].[ConcurrencyStamp], [a].[Email], [a].[EmailConfirmed], [a].[LockoutEnabled], [a].[LockoutEnd], [a].[NormalizedEmail], [a].[NormalizedUserName], [a].[PasswordHash], [a].[PhoneNumber], [a].[PhoneNumberConfirmed], [a].[SecurityStamp], [a].[TwoFactorEnabled], [a].[UserName]
FROM [AspNetUsers] AS [a]
WHERE [a].[NormalizedEmail] = @__normalizedEmail_0
2025-07-22 14:01:11.164 -06:00 [INF] Executed DbCommand (13ms) [Parameters=[@__normalizedRoleName_0='?' (Size = 256)], CommandType='"Text"', CommandTimeout='30']
SELECT TOP(2) [a].[Id], [a].[ConcurrencyStamp], [a].[Name], [a].[NormalizedName]
FROM [AspNetRoles] AS [a]
WHERE [a].[NormalizedName] = @__normalizedRoleName_0
2025-07-22 14:01:11.193 -06:00 [INF] Executed DbCommand (12ms) [Parameters=[@__p_0='?' (Size = 450), @__p_1='?' (Size = 450)], CommandType='"Text"', CommandTimeout='30']
SELECT TOP(1) [a].[UserId], [a].[RoleId]
FROM [AspNetUserRoles] AS [a]
WHERE [a].[UserId] = @__p_0 AND [a].[RoleId] = @__p_1
2025-07-22 14:01:14.073 -06:00 [INF] Now listening on: http://localhost:5116
2025-07-22 14:01:14.895 -06:00 [INF] Application started. Press Ctrl+C to shut down.
2025-07-22 14:01:15.208 -06:00 [INF] Hosting environment: Development
2025-07-22 14:01:15.354 -06:00 [INF] Content root path: C:\Users\hoshu\source\repos\PaginaBizu\PaginaBizu
2025-07-22 14:01:15.369 -06:00 [INF] Request starting HTTP/1.1 GET http://localhost:5116/ - null null
2025-07-22 14:01:16.337 -06:00 [WRN] Failed to determine the https port for redirect.
2025-07-22 14:01:16.547 -06:00 [INF] Executing endpoint 'PaginaBizu.Controllers.HomeController.Index (PaginaBizu)'
2025-07-22 14:01:16.602 -06:00 [INF] Route matched with {action = "Index", controller = "Home", page = "", area = ""}. Executing controller action with signature Microsoft.AspNetCore.Mvc.IActionResult Index() on controller PaginaBizu.Controllers.HomeController (PaginaBizu).
2025-07-22 14:01:16.634 -06:00 [INF] ➡️ Acción ejecutándose: Home/Index | Usuario: No autenticado | IP: ::1 | Hora: "2025-07-22T14:01:16.6340561-06:00"
2025-07-22 14:01:16.652 -06:00 [INF] ✅ Acción ejecutada: Home/Index | Hora: "2025-07-22T14:01:16.6519482-06:00"
2025-07-22 14:01:16.681 -06:00 [INF] Executing ViewResult, running view Index.
2025-07-22 14:01:17.142 -06:00 [INF] Executed ViewResult - view Index executed in 468.8068ms.
2025-07-22 14:01:17.151 -06:00 [INF] Executed action PaginaBizu.Controllers.HomeController.Index (PaginaBizu) in 535.1067ms
2025-07-22 14:01:17.160 -06:00 [INF] Executed endpoint 'PaginaBizu.Controllers.HomeController.Index (PaginaBizu)'
2025-07-22 14:01:17.195 -06:00 [INF] Request finished HTTP/1.1 GET http://localhost:5116/ - 200 null text/html; charset=utf-8 1864.1741ms
2025-07-22 14:01:18.593 -06:00 [INF] Request starting HTTP/1.1 GET http://localhost:5116/_framework/aspnetcore-browser-refresh.js - null null
2025-07-22 14:01:18.601 -06:00 [INF] Request starting HTTP/1.1 GET http://localhost:5116/_vs/browserLink - null null
2025-07-22 14:01:18.618 -06:00 [INF] Request finished HTTP/1.1 GET http://localhost:5116/_framework/aspnetcore-browser-refresh.js - 200 16505 application/javascript; charset=utf-8 24.8796ms
2025-07-22 14:01:18.765 -06:00 [INF] Request finished HTTP/1.1 GET http://localhost:5116/_vs/browserLink - 200 null text/javascript; charset=UTF-8 164.3272ms
2025-07-22 14:01:19.252 -06:00 [INF] Request starting HTTP/1.1 GET http://localhost:5116/css/tailwindcss - null null
2025-07-22 14:01:19.282 -06:00 [INF] Request finished HTTP/1.1 GET http://localhost:5116/css/tailwindcss - 404 0 null 30.988ms
2025-07-22 14:01:19.324 -06:00 [INF] Request reached the end of the middleware pipeline without being handled by application code. Request path: GET http://localhost:5116/css/tailwindcss, Response status code: 404
2025-07-22 14:01:19.334 -06:00 [INF] Request starting HTTP/1.1 GET http://localhost:5116/images/bg.png - null null
2025-07-22 14:01:19.354 -06:00 [INF] Request finished HTTP/1.1 GET http://localhost:5116/images/bg.png - 404 0 null 19.8667ms
2025-07-22 14:01:19.366 -06:00 [INF] Request reached the end of the middleware pipeline without being handled by application code. Request path: GET http://localhost:5116/images/bg.png, Response status code: 404
2025-07-22 14:01:19.547 -06:00 [INF] Request starting HTTP/1.1 GET http://localhost:5116/Cart/CartCount - null null
2025-07-22 14:01:19.557 -06:00 [INF] Request finished HTTP/1.1 GET http://localhost:5116/Cart/CartCount - 404 0 null 9.6781ms
2025-07-22 14:01:19.569 -06:00 [INF] Request reached the end of the middleware pipeline without being handled by application code. Request path: GET http://localhost:5116/Cart/CartCount, Response status code: 404
2025-07-22 14:01:39.788 -06:00 [INF] Request starting HTTP/1.1 GET http://localhost:5116/ - null null
2025-07-22 14:01:39.821 -06:00 [INF] Executing endpoint 'PaginaBizu.Controllers.HomeController.Index (PaginaBizu)'
2025-07-22 14:01:39.838 -06:00 [INF] Route matched with {action = "Index", controller = "Home", page = "", area = ""}. Executing controller action with signature Microsoft.AspNetCore.Mvc.IActionResult Index() on controller PaginaBizu.Controllers.HomeController (PaginaBizu).
2025-07-22 14:01:39.852 -06:00 [INF] ➡️ Acción ejecutándose: Home/Index | Usuario: No autenticado | IP: ::1 | Hora: "2025-07-22T14:01:39.8524160-06:00"
2025-07-22 14:01:39.868 -06:00 [INF] ✅ Acción ejecutada: Home/Index | Hora: "2025-07-22T14:01:39.8679397-06:00"
2025-07-22 14:01:39.874 -06:00 [INF] Executing ViewResult, running view Index.
2025-07-22 14:01:39.928 -06:00 [INF] Executed ViewResult - view Index executed in 55.616ms.
2025-07-22 14:01:39.936 -06:00 [INF] Executed action PaginaBizu.Controllers.HomeController.Index (PaginaBizu) in 84.814ms
2025-07-22 14:01:39.967 -06:00 [INF] Executed endpoint 'PaginaBizu.Controllers.HomeController.Index (PaginaBizu)'
2025-07-22 14:01:39.996 -06:00 [INF] Request finished HTTP/1.1 GET http://localhost:5116/ - 200 null text/html; charset=utf-8 196.2785ms
2025-07-22 14:01:41.279 -06:00 [INF] Request starting HTTP/1.1 GET http://localhost:5116/_framework/aspnetcore-browser-refresh.js - null null
2025-07-22 14:01:41.294 -06:00 [INF] Request finished HTTP/1.1 GET http://localhost:5116/_framework/aspnetcore-browser-refresh.js - 200 16505 application/javascript; charset=utf-8 15.3424ms
2025-07-22 14:01:48.510 -06:00 [INF] Request starting HTTP/1.1 GET http://localhost:5116/ - null null
2025-07-22 14:01:48.523 -06:00 [INF] Executing endpoint 'PaginaBizu.Controllers.HomeController.Index (PaginaBizu)'
2025-07-22 14:01:48.526 -06:00 [INF] Route matched with {action = "Index", controller = "Home", page = "", area = ""}. Executing controller action with signature Microsoft.AspNetCore.Mvc.IActionResult Index() on controller PaginaBizu.Controllers.HomeController (PaginaBizu).
2025-07-22 14:01:48.531 -06:00 [INF] ➡️ Acción ejecutándose: Home/Index | Usuario: No autenticado | IP: ::1 | Hora: "2025-07-22T14:01:48.5318911-06:00"
2025-07-22 14:01:48.536 -06:00 [INF] ✅ Acción ejecutada: Home/Index | Hora: "2025-07-22T14:01:48.5366611-06:00"
2025-07-22 14:01:48.541 -06:00 [INF] Executing ViewResult, running view Index.
2025-07-22 14:01:48.565 -06:00 [INF] Executed ViewResult - view Index executed in 24.01ms.
2025-07-22 14:01:48.570 -06:00 [INF] Executed action PaginaBizu.Controllers.HomeController.Index (PaginaBizu) in 38.6028ms
2025-07-22 14:01:48.582 -06:00 [INF] Executed endpoint 'PaginaBizu.Controllers.HomeController.Index (PaginaBizu)'
2025-07-22 14:01:48.587 -06:00 [INF] Request finished HTTP/1.1 GET http://localhost:5116/ - 200 null text/html; charset=utf-8 76.9802ms
2025-07-22 14:01:48.646 -06:00 [INF] Request starting HTTP/1.1 GET http://localhost:5116/_framework/aspnetcore-browser-refresh.js - null null
2025-07-22 14:01:48.649 -06:00 [INF] Request starting HTTP/1.1 GET http://localhost:5116/_vs/browserLink - null null
2025-07-22 14:01:48.657 -06:00 [INF] Request finished HTTP/1.1 GET http://localhost:5116/_framework/aspnetcore-browser-refresh.js - 200 16505 application/javascript; charset=utf-8 11.0793ms
2025-07-22 14:01:48.743 -06:00 [INF] Request finished HTTP/1.1 GET http://localhost:5116/_vs/browserLink - 200 null text/javascript; charset=UTF-8 93.5529ms
2025-07-22 14:01:49.222 -06:00 [INF] Request starting HTTP/1.1 GET http://localhost:5116/css/tailwindcss - null null
2025-07-22 14:01:49.239 -06:00 [INF] Request finished HTTP/1.1 GET http://localhost:5116/css/tailwindcss - 404 0 null 18.4029ms
2025-07-22 14:01:49.259 -06:00 [INF] Request reached the end of the middleware pipeline without being handled by application code. Request path: GET http://localhost:5116/css/tailwindcss, Response status code: 404
2025-07-22 14:01:49.932 -06:00 [INF] Request starting HTTP/1.1 GET http://localhost:5116/Cart/CartCount - null null
2025-07-22 14:01:50.001 -06:00 [INF] Request finished HTTP/1.1 GET http://localhost:5116/Cart/CartCount - 404 0 null 69.4292ms
2025-07-22 14:01:50.056 -06:00 [INF] Request reached the end of the middleware pipeline without being handled by application code. Request path: GET http://localhost:5116/Cart/CartCount, Response status code: 404
2025-07-22 14:01:51.171 -06:00 [INF] Request starting HTTP/1.1 GET http://localhost:5116/favicon.ico - null null
2025-07-22 14:01:51.257 -06:00 [INF] Sending file. Request path: '/favicon.ico'. Physical path: 'C:\Users\hoshu\source\repos\PaginaBizu\PaginaBizu\wwwroot\favicon.ico'
2025-07-22 14:01:51.267 -06:00 [INF] Request finished HTTP/1.1 GET http://localhost:5116/favicon.ico - 200 5430 image/x-icon 95.7581ms
2025-07-22 14:02:03.865 -06:00 [INF] Request starting HTTP/1.1 GET http://localhost:5116/ - null null
2025-07-22 14:02:03.878 -06:00 [INF] Executing endpoint 'PaginaBizu.Controllers.HomeController.Index (PaginaBizu)'
2025-07-22 14:02:03.882 -06:00 [INF] Route matched with {action = "Index", controller = "Home", page = "", area = ""}. Executing controller action with signature Microsoft.AspNetCore.Mvc.IActionResult Index() on controller PaginaBizu.Controllers.HomeController (PaginaBizu).
2025-07-22 14:02:03.886 -06:00 [INF] ➡️ Acción ejecutándose: Home/Index | Usuario: No autenticado | IP: ::1 | Hora: "2025-07-22T14:02:03.8868979-06:00"
2025-07-22 14:02:03.893 -06:00 [INF] ✅ Acción ejecutada: Home/Index | Hora: "2025-07-22T14:02:03.8937998-06:00"
2025-07-22 14:02:03.897 -06:00 [INF] Executing ViewResult, running view Index.
2025-07-22 14:02:03.903 -06:00 [INF] Executed ViewResult - view Index executed in 5.6815ms.
2025-07-22 14:02:03.907 -06:00 [INF] Executed action PaginaBizu.Controllers.HomeController.Index (PaginaBizu) in 21.1268ms
2025-07-22 14:02:03.913 -06:00 [INF] Executed endpoint 'PaginaBizu.Controllers.HomeController.Index (PaginaBizu)'
2025-07-22 14:02:03.916 -06:00 [INF] Request finished HTTP/1.1 GET http://localhost:5116/ - 200 null text/html; charset=utf-8 51.5368ms
2025-07-22 14:02:04.638 -06:00 [INF] Request starting HTTP/1.1 GET http://localhost:5116/_framework/aspnetcore-browser-refresh.js - null null
2025-07-22 14:02:04.650 -06:00 [INF] Request finished HTTP/1.1 GET http://localhost:5116/_framework/aspnetcore-browser-refresh.js - 200 16505 application/javascript; charset=utf-8 12.1155ms
2025-07-22 14:02:11.496 -06:00 [INF] Request starting HTTP/1.1 GET http://localhost:5116/swagger - null null
2025-07-22 14:02:11.511 -06:00 [INF] Request finished HTTP/1.1 GET http://localhost:5116/swagger - 301 0 null 15.3202ms
2025-07-22 14:02:11.522 -06:00 [INF] Request starting HTTP/1.1 GET http://localhost:5116/swagger/index.html - null null
2025-07-22 14:02:11.668 -06:00 [INF] Request finished HTTP/1.1 GET http://localhost:5116/swagger/index.html - 200 null text/html;charset=utf-8 145.7333ms
2025-07-22 14:02:11.730 -06:00 [INF] Request starting HTTP/1.1 GET http://localhost:5116/swagger/swagger-ui.css - null null
2025-07-22 14:02:11.740 -06:00 [INF] Request starting HTTP/1.1 GET http://localhost:5116/_framework/aspnetcore-browser-refresh.js - null null
2025-07-22 14:02:11.739 -06:00 [INF] Request starting HTTP/1.1 GET http://localhost:5116/swagger/swagger-ui-standalone-preset.js - null null
2025-07-22 14:02:11.761 -06:00 [INF] Request finished HTTP/1.1 GET http://localhost:5116/_framework/aspnetcore-browser-refresh.js - 200 16505 application/javascript; charset=utf-8 21.0056ms
2025-07-22 14:02:11.739 -06:00 [INF] Request starting HTTP/1.1 GET http://localhost:5116/swagger/swagger-ui-bundle.js - null null
2025-07-22 14:02:11.740 -06:00 [INF] Request starting HTTP/1.1 GET http://localhost:5116/swagger/index.css - null null
2025-07-22 14:02:11.739 -06:00 [INF] Request starting HTTP/1.1 GET http://localhost:5116/swagger/index.js - null null
2025-07-22 14:02:11.822 -06:00 [INF] Request finished HTTP/1.1 GET http://localhost:5116/swagger/swagger-ui-standalone-preset.js - 200 229223 text/javascript 82.7245ms
2025-07-22 14:02:11.822 -06:00 [INF] Request finished HTTP/1.1 GET http://localhost:5116/swagger/index.css - 200 202 text/css 82.7184ms
2025-07-22 14:02:11.830 -06:00 [INF] Request finished HTTP/1.1 GET http://localhost:5116/swagger/index.js - 200 null application/javascript;charset=utf-8 91.0759ms
2025-07-22 14:02:11.822 -06:00 [INF] Request finished HTTP/1.1 GET http://localhost:5116/swagger/swagger-ui.css - 200 155175 text/css 91.7625ms
2025-07-22 14:02:11.876 -06:00 [INF] Request finished HTTP/1.1 GET http://localhost:5116/swagger/swagger-ui-bundle.js - 200 1485750 text/javascript 137.4103ms
2025-07-22 14:02:12.090 -06:00 [INF] Request starting HTTP/1.1 GET http://localhost:5116/_vs/browserLink - null null
2025-07-22 14:02:12.143 -06:00 [INF] Request finished HTTP/1.1 GET http://localhost:5116/_vs/browserLink - 200 null text/javascript; charset=UTF-8 53.1818ms
2025-07-22 14:02:12.982 -06:00 [INF] Request starting HTTP/1.1 GET http://localhost:5116/swagger/v1/swagger.json - null null
2025-07-22 14:02:13.004 -06:00 [INF] Request finished HTTP/1.1 GET http://localhost:5116/swagger/v1/swagger.json - 200 null application/json;charset=utf-8 22.3031ms
2025-07-22 14:02:13.056 -06:00 [INF] Request starting HTTP/1.1 GET http://localhost:5116/swagger/favicon-32x32.png - null null
2025-07-22 14:02:13.076 -06:00 [INF] Request finished HTTP/1.1 GET http://localhost:5116/swagger/favicon-32x32.png - 200 628 image/png 20.0358ms
2025-07-22 14:02:32.069 -06:00 [INF] Request starting HTTP/1.1 GET http://localhost:5116/api/Test/ping - null null
2025-07-22 14:02:32.079 -06:00 [INF] Executing endpoint 'PaginaBizu.Controllers.TestController.Ping (PaginaBizu)'
2025-07-22 14:02:32.093 -06:00 [INF] Route matched with {action = "Ping", controller = "Test", page = "", area = ""}. Executing controller action with signature Microsoft.AspNetCore.Mvc.IActionResult Ping() on controller PaginaBizu.Controllers.TestController (PaginaBizu).
2025-07-22 14:02:32.102 -06:00 [INF] ➡️ Acción ejecutándose: Test/Ping | Usuario: No autenticado | IP: ::1 | Hora: "2025-07-22T14:02:32.1026601-06:00"
2025-07-22 14:02:32.108 -06:00 [INF] ✅ Acción ejecutada: Test/Ping | Hora: "2025-07-22T14:02:32.1083142-06:00"
2025-07-22 14:02:32.122 -06:00 [INF] Executing OkObjectResult, writing value of type 'System.String'.
2025-07-22 14:02:32.131 -06:00 [INF] Executed action PaginaBizu.Controllers.TestController.Ping (PaginaBizu) in 29.391ms
2025-07-22 14:02:32.138 -06:00 [INF] Executed endpoint 'PaginaBizu.Controllers.TestController.Ping (PaginaBizu)'
2025-07-22 14:02:32.143 -06:00 [INF] Request finished HTTP/1.1 GET http://localhost:5116/api/Test/ping - 200 null text/plain; charset=utf-8 73.4109ms
2025-07-22 14:17:56.760 -06:00 [INF] User profile is available. Using 'C:\Users\hoshu\AppData\Local\ASP.NET\DataProtection-Keys' as key repository and Windows DPAPI to encrypt keys at rest.
2025-07-22 14:17:57.669 -06:00 [WRN] No store type was specified for the decimal property 'Precio' on entity type 'Product'. This will cause values to be silently truncated if they do not fit in the default precision and scale. Explicitly specify the SQL server column type that can accommodate all the values in 'OnModelCreating' using 'HasColumnType', specify precision and scale using 'HasPrecision', or configure a value converter using 'HasConversion'.
2025-07-22 14:17:59.086 -06:00 [INF] Executed DbCommand (154ms) [Parameters=[@__normalizedName_0='?' (Size = 256)], CommandType='"Text"', CommandTimeout='30']
SELECT TOP(1) [a].[Id], [a].[ConcurrencyStamp], [a].[Name], [a].[NormalizedName]
FROM [AspNetRoles] AS [a]
WHERE [a].[NormalizedName] = @__normalizedName_0
2025-07-22 14:17:59.311 -06:00 [INF] Executed DbCommand (16ms) [Parameters=[@__normalizedEmail_0='?' (Size = 256)], CommandType='"Text"', CommandTimeout='30']
SELECT TOP(2) [a].[Id], [a].[AccessFailedCount], [a].[ConcurrencyStamp], [a].[Email], [a].[EmailConfirmed], [a].[LockoutEnabled], [a].[LockoutEnd], [a].[NormalizedEmail], [a].[NormalizedUserName], [a].[PasswordHash], [a].[PhoneNumber], [a].[PhoneNumberConfirmed], [a].[SecurityStamp], [a].[TwoFactorEnabled], [a].[UserName]
FROM [AspNetUsers] AS [a]
WHERE [a].[NormalizedEmail] = @__normalizedEmail_0
2025-07-22 14:17:59.415 -06:00 [INF] Executed DbCommand (6ms) [Parameters=[@__normalizedRoleName_0='?' (Size = 256)], CommandType='"Text"', CommandTimeout='30']
SELECT TOP(2) [a].[Id], [a].[ConcurrencyStamp], [a].[Name], [a].[NormalizedName]
FROM [AspNetRoles] AS [a]
WHERE [a].[NormalizedName] = @__normalizedRoleName_0
2025-07-22 14:17:59.491 -06:00 [INF] Executed DbCommand (8ms) [Parameters=[@__p_0='?' (Size = 450), @__p_1='?' (Size = 450)], CommandType='"Text"', CommandTimeout='30']
SELECT TOP(1) [a].[UserId], [a].[RoleId]
FROM [AspNetUserRoles] AS [a]
WHERE [a].[UserId] = @__p_0 AND [a].[RoleId] = @__p_1
2025-07-22 14:17:59.538 -06:00 [INF] Executed DbCommand (11ms) [Parameters=[@__normalizedEmail_0='?' (Size = 256)], CommandType='"Text"', CommandTimeout='30']
SELECT TOP(2) [a].[Id], [a].[AccessFailedCount], [a].[ConcurrencyStamp], [a].[Email], [a].[EmailConfirmed], [a].[LockoutEnabled], [a].[LockoutEnd], [a].[NormalizedEmail], [a].[NormalizedUserName], [a].[PasswordHash], [a].[PhoneNumber], [a].[PhoneNumberConfirmed], [a].[SecurityStamp], [a].[TwoFactorEnabled], [a].[UserName]
FROM [AspNetUsers] AS [a]
WHERE [a].[NormalizedEmail] = @__normalizedEmail_0
2025-07-22 14:17:59.553 -06:00 [INF] Executed DbCommand (5ms) [Parameters=[@__normalizedRoleName_0='?' (Size = 256)], CommandType='"Text"', CommandTimeout='30']
SELECT TOP(2) [a].[Id], [a].[ConcurrencyStamp], [a].[Name], [a].[NormalizedName]
FROM [AspNetRoles] AS [a]
WHERE [a].[NormalizedName] = @__normalizedRoleName_0
2025-07-22 14:17:59.566 -06:00 [INF] Executed DbCommand (5ms) [Parameters=[@__p_0='?' (Size = 450), @__p_1='?' (Size = 450)], CommandType='"Text"', CommandTimeout='30']
SELECT TOP(1) [a].[UserId], [a].[RoleId]
FROM [AspNetUserRoles] AS [a]
WHERE [a].[UserId] = @__p_0 AND [a].[RoleId] = @__p_1
2025-07-22 14:17:59.582 -06:00 [INF] Executed DbCommand (10ms) [Parameters=[@__normalizedEmail_0='?' (Size = 256)], CommandType='"Text"', CommandTimeout='30']
SELECT TOP(2) [a].[Id], [a].[AccessFailedCount], [a].[ConcurrencyStamp], [a].[Email], [a].[EmailConfirmed], [a].[LockoutEnabled], [a].[LockoutEnd], [a].[NormalizedEmail], [a].[NormalizedUserName], [a].[PasswordHash], [a].[PhoneNumber], [a].[PhoneNumberConfirmed], [a].[SecurityStamp], [a].[TwoFactorEnabled], [a].[UserName]
FROM [AspNetUsers] AS [a]
WHERE [a].[NormalizedEmail] = @__normalizedEmail_0
2025-07-22 14:17:59.610 -06:00 [INF] Executed DbCommand (6ms) [Parameters=[@__normalizedRoleName_0='?' (Size = 256)], CommandType='"Text"', CommandTimeout='30']
SELECT TOP(2) [a].[Id], [a].[ConcurrencyStamp], [a].[Name], [a].[NormalizedName]
FROM [AspNetRoles] AS [a]
WHERE [a].[NormalizedName] = @__normalizedRoleName_0
2025-07-22 14:17:59.624 -06:00 [INF] Executed DbCommand (4ms) [Parameters=[@__p_0='?' (Size = 450), @__p_1='?' (Size = 450)], CommandType='"Text"', CommandTimeout='30']
SELECT TOP(1) [a].[UserId], [a].[RoleId]
FROM [AspNetUserRoles] AS [a]
WHERE [a].[UserId] = @__p_0 AND [a].[RoleId] = @__p_1
2025-07-22 14:18:00.951 -06:00 [INF] Now listening on: http://localhost:5116
2025-07-22 14:18:01.220 -06:00 [INF] Application started. Press Ctrl+C to shut down.
2025-07-22 14:18:01.223 -06:00 [INF] Hosting environment: Development
2025-07-22 14:18:01.226 -06:00 [INF] Content root path: C:\Users\hoshu\source\repos\PaginaBizu\PaginaBizu
2025-07-22 14:18:02.292 -06:00 [INF] Request starting HTTP/1.1 GET http://localhost:5116/ - null null
2025-07-22 14:18:02.805 -06:00 [WRN] Failed to determine the https port for redirect.
2025-07-22 14:18:02.965 -06:00 [INF] Executing endpoint 'PaginaBizu.Controllers.HomeController.Index (PaginaBizu)'
2025-07-22 14:18:03.032 -06:00 [INF] Route matched with {action = "Index", controller = "Home", page = "", area = ""}. Executing controller action with signature Microsoft.AspNetCore.Mvc.IActionResult Index() on controller PaginaBizu.Controllers.HomeController (PaginaBizu).
2025-07-22 14:18:03.068 -06:00 [INF] ➡️ Acción ejecutándose: Home/Index | Usuario: No autenticado | IP: ::1 | Hora: "2025-07-22T14:18:03.0682687-06:00"
2025-07-22 14:18:03.093 -06:00 [INF] ✅ Acción ejecutada: Home/Index | Hora: "2025-07-22T14:18:03.0932507-06:00"
2025-07-22 14:18:03.121 -06:00 [INF] Executing ViewResult, running view Index.
2025-07-22 14:18:03.547 -06:00 [INF] Executed ViewResult - view Index executed in 429.2916ms.
2025-07-22 14:18:03.560 -06:00 [INF] Executed action PaginaBizu.Controllers.HomeController.Index (PaginaBizu) in 518.7206ms
2025-07-22 14:18:03.566 -06:00 [INF] Executed endpoint 'PaginaBizu.Controllers.HomeController.Index (PaginaBizu)'
2025-07-22 14:18:03.587 -06:00 [INF] Request finished HTTP/1.1 GET http://localhost:5116/ - 200 null text/html; charset=utf-8 1336.8583ms
2025-07-22 14:18:05.922 -06:00 [INF] Request starting HTTP/1.1 GET http://localhost:5116/_framework/aspnetcore-browser-refresh.js - null null
2025-07-22 14:18:05.922 -06:00 [INF] Request starting HTTP/1.1 GET http://localhost:5116/_vs/browserLink - null null
2025-07-22 14:18:05.922 -06:00 [INF] Request starting HTTP/1.1 GET http://localhost:5116/images/bg.png - null null
2025-07-22 14:18:05.966 -06:00 [INF] Request finished HTTP/1.1 GET http://localhost:5116/_framework/aspnetcore-browser-refresh.js - 200 16505 application/javascript; charset=utf-8 45.3434ms
2025-07-22 14:18:05.960 -06:00 [INF] Request starting HTTP/1.1 GET http://localhost:5116/css/tailwindcss - null null
2025-07-22 14:18:06.220 -06:00 [INF] Request finished HTTP/1.1 GET http://localhost:5116/images/bg.png - 404 0 null 298.0139ms
2025-07-22 14:18:06.383 -06:00 [INF] Request finished HTTP/1.1 GET http://localhost:5116/css/tailwindcss - 404 0 null 423.1434ms
2025-07-22 14:18:06.390 -06:00 [INF] Request reached the end of the middleware pipeline without being handled by application code. Request path: GET http://localhost:5116/images/bg.png, Response status code: 404
2025-07-22 14:18:06.399 -06:00 [INF] Request finished HTTP/1.1 GET http://localhost:5116/_vs/browserLink - 200 null text/javascript; charset=UTF-8 478.7416ms
2025-07-22 14:18:06.411 -06:00 [INF] Request reached the end of the middleware pipeline without being handled by application code. Request path: GET http://localhost:5116/css/tailwindcss, Response status code: 404
2025-07-22 14:18:06.422 -06:00 [INF] Request starting HTTP/1.1 GET http://localhost:5116/images/bg.png - null null
2025-07-22 14:18:06.491 -06:00 [INF] Request finished HTTP/1.1 GET http://localhost:5116/images/bg.png - 404 0 null 68.8633ms
2025-07-22 14:18:06.511 -06:00 [INF] Request reached the end of the middleware pipeline without being handled by application code. Request path: GET http://localhost:5116/images/bg.png, Response status code: 404
2025-07-22 14:18:06.736 -06:00 [INF] Request starting HTTP/1.1 GET http://localhost:5116/Cart/CartCount - null null
2025-07-22 14:18:06.759 -06:00 [INF] Request finished HTTP/1.1 GET http://localhost:5116/Cart/CartCount - 404 0 null 23.1942ms
2025-07-22 14:18:06.778 -06:00 [INF] Request reached the end of the middleware pipeline without being handled by application code. Request path: GET http://localhost:5116/Cart/CartCount, Response status code: 404
2025-07-22 14:18:08.561 -06:00 [INF] Request starting HTTP/1.1 GET http://localhost:5116/_framework/aspnetcore-browser-refresh.js - null null
2025-07-22 14:18:08.595 -06:00 [INF] Request finished HTTP/1.1 GET http://localhost:5116/_framework/aspnetcore-browser-refresh.js - 200 16505 application/javascript; charset=utf-8 34.4602ms
2025-07-22 14:18:09.298 -06:00 [INF] Request starting HTTP/1.1 GET http://localhost:5116/_vs/browserLink - null null
2025-07-22 14:18:09.438 -06:00 [INF] Request finished HTTP/1.1 GET http://localhost:5116/_vs/browserLink - 200 null text/javascript; charset=UTF-8 140.6124ms
2025-07-22 14:18:11.349 -06:00 [INF] Request starting HTTP/1.1 GET http://localhost:5116/swagger/v1/swagger.json - null null
2025-07-22 14:18:11.695 -06:00 [INF] Request finished HTTP/1.1 GET http://localhost:5116/swagger/v1/swagger.json - 200 null application/json;charset=utf-8 345.366ms
2025-07-22 14:18:30.622 -06:00 [INF] Request starting HTTP/1.1 POST http://localhost:5116/api/ComentariosControllerApi - application/json 67
2025-07-22 14:18:30.653 -06:00 [INF] Authorization failed. These requirements were not met:
DenyAnonymousAuthorizationRequirement: Requires an authenticated user.
2025-07-22 14:18:30.672 -06:00 [INF] AuthenticationScheme: Identity.Application was challenged.
2025-07-22 14:18:30.677 -06:00 [INF] Request finished HTTP/1.1 POST http://localhost:5116/api/ComentariosControllerApi - 302 0 null 55.1851ms
2025-07-22 14:18:30.693 -06:00 [INF] Request starting HTTP/1.1 GET http://localhost:5116/Identity/Account/Login?ReturnUrl=%2Fapi%2FComentariosControllerApi - null null
2025-07-22 14:18:30.709 -06:00 [INF] Executing endpoint '/Account/Login'
2025-07-22 14:18:30.768 -06:00 [INF] Route matched with {page = "/Account/Login", area = "Identity", action = "", controller = ""}. Executing page /Account/Login
2025-07-22 14:18:30.818 -06:00 [INF] Executing handler method PaginaBizu.Areas.Identity.Pages.Account.LoginModel.OnGetAsync - ModelState is "Valid"
2025-07-22 14:18:30.836 -06:00 [INF] AuthenticationScheme: Identity.External signed out.
2025-07-22 14:18:30.843 -06:00 [INF] Executed handler method OnGetAsync, returned result .
2025-07-22 14:18:30.851 -06:00 [INF] Executing an implicit handler method - ModelState is "Valid"
2025-07-22 14:18:30.854 -06:00 [INF] Executed an implicit handler method, returned result Microsoft.AspNetCore.Mvc.RazorPages.PageResult.
2025-07-22 14:18:31.019 -06:00 [INF] Executed page /Account/Login in 245.6374ms
2025-07-22 14:18:31.023 -06:00 [INF] Executed endpoint '/Account/Login'
2025-07-22 14:18:31.026 -06:00 [INF] Request finished HTTP/1.1 GET http://localhost:5116/Identity/Account/Login?ReturnUrl=%2Fapi%2FComentariosControllerApi - 200 null text/html; charset=utf-8 333.4258ms
2025-07-22 14:18:32.683 -06:00 [INF] Request starting HTTP/1.1 POST http://localhost:5116/api/ComentariosControllerApi - application/json 67
2025-07-22 14:18:32.706 -06:00 [INF] Authorization failed. These requirements were not met:
DenyAnonymousAuthorizationRequirement: Requires an authenticated user.
2025-07-22 14:18:32.716 -06:00 [INF] AuthenticationScheme: Identity.Application was challenged.
2025-07-22 14:18:32.723 -06:00 [INF] Request finished HTTP/1.1 POST http://localhost:5116/api/ComentariosControllerApi - 302 0 null 40.6864ms
2025-07-22 14:18:32.735 -06:00 [INF] Request starting HTTP/1.1 GET http://localhost:5116/Identity/Account/Login?ReturnUrl=%2Fapi%2FComentariosControllerApi - null null
2025-07-22 14:18:32.756 -06:00 [INF] Executing endpoint '/Account/Login'
2025-07-22 14:18:32.767 -06:00 [INF] Route matched with {page = "/Account/Login", area = "Identity", action = "", controller = ""}. Executing page /Account/Login
2025-07-22 14:18:32.827 -06:00 [INF] Executing handler method PaginaBizu.Areas.Identity.Pages.Account.LoginModel.OnGetAsync - ModelState is "Valid"
2025-07-22 14:18:32.833 -06:00 [INF] AuthenticationScheme: Identity.External signed out.
2025-07-22 14:18:32.837 -06:00 [INF] Executed handler method OnGetAsync, returned result .
2025-07-22 14:18:32.842 -06:00 [INF] Executing an implicit handler method - ModelState is "Valid"
2025-07-22 14:18:32.845 -06:00 [INF] Executed an implicit handler method, returned result Microsoft.AspNetCore.Mvc.RazorPages.PageResult.
2025-07-22 14:18:32.861 -06:00 [INF] Executed page /Account/Login in 86.3202ms
2025-07-22 14:18:32.869 -06:00 [INF] Executed endpoint '/Account/Login'
2025-07-22 14:18:32.872 -06:00 [INF] Request finished HTTP/1.1 GET http://localhost:5116/Identity/Account/Login?ReturnUrl=%2Fapi%2FComentariosControllerApi - 200 null text/html; charset=utf-8 136.885ms
2025-07-22 14:18:34.590 -06:00 [INF] Request starting HTTP/1.1 POST http://localhost:5116/api/ComentariosControllerApi - application/json 67
2025-07-22 14:18:34.604 -06:00 [INF] Authorization failed. These requirements were not met:
DenyAnonymousAuthorizationRequirement: Requires an authenticated user.
2025-07-22 14:18:34.608 -06:00 [INF] AuthenticationScheme: Identity.Application was challenged.
2025-07-22 14:18:34.615 -06:00 [INF] Request finished HTTP/1.1 POST http://localhost:5116/api/ComentariosControllerApi - 302 0 null 24.09ms
2025-07-22 14:18:34.628 -06:00 [INF] Request starting HTTP/1.1 GET http://localhost:5116/Identity/Account/Login?ReturnUrl=%2Fapi%2FComentariosControllerApi - null null
2025-07-22 14:18:34.637 -06:00 [INF] Executing endpoint '/Account/Login'
2025-07-22 14:18:34.641 -06:00 [INF] Route matched with {page = "/Account/Login", area = "Identity", action = "", controller = ""}. Executing page /Account/Login
2025-07-22 14:18:34.649 -06:00 [INF] Executing handler method PaginaBizu.Areas.Identity.Pages.Account.LoginModel.OnGetAsync - ModelState is "Valid"
2025-07-22 14:18:34.653 -06:00 [INF] AuthenticationScheme: Identity.External signed out.
2025-07-22 14:18:34.656 -06:00 [INF] Executed handler method OnGetAsync, returned result .
2025-07-22 14:18:34.663 -06:00 [INF] Executing an implicit handler method - ModelState is "Valid"
2025-07-22 14:18:34.667 -06:00 [INF] Executed an implicit handler method, returned result Microsoft.AspNetCore.Mvc.RazorPages.PageResult.
2025-07-22 14:18:34.677 -06:00 [INF] Executed page /Account/Login in 30.2493ms
2025-07-22 14:18:34.683 -06:00 [INF] Executed endpoint '/Account/Login'
2025-07-22 14:18:34.687 -06:00 [INF] Request finished HTTP/1.1 GET http://localhost:5116/Identity/Account/Login?ReturnUrl=%2Fapi%2FComentariosControllerApi - 200 null text/html; charset=utf-8 58.905ms
2025-07-22 14:18:35.343 -06:00 [INF] Request starting HTTP/1.1 POST http://localhost:5116/api/ComentariosControllerApi - application/json 67
2025-07-22 14:18:35.352 -06:00 [INF] Authorization failed. These requirements were not met:
DenyAnonymousAuthorizationRequirement: Requires an authenticated user.
2025-07-22 14:18:35.356 -06:00 [INF] AuthenticationScheme: Identity.Application was challenged.
2025-07-22 14:18:35.360 -06:00 [INF] Request finished HTTP/1.1 POST http://localhost:5116/api/ComentariosControllerApi - 302 0 null 16.8515ms
2025-07-22 14:18:35.375 -06:00 [INF] Request starting HTTP/1.1 GET http://localhost:5116/Identity/Account/Login?ReturnUrl=%2Fapi%2FComentariosControllerApi - null null
2025-07-22 14:18:35.382 -06:00 [INF] Executing endpoint '/Account/Login'
2025-07-22 14:18:35.385 -06:00 [INF] Route matched with {page = "/Account/Login", area = "Identity", action = "", controller = ""}. Executing page /Account/Login
2025-07-22 14:18:35.388 -06:00 [INF] Executing handler method PaginaBizu.Areas.Identity.Pages.Account.LoginModel.OnGetAsync - ModelState is "Valid"
2025-07-22 14:18:35.392 -06:00 [INF] AuthenticationScheme: Identity.External signed out.
2025-07-22 14:18:35.397 -06:00 [INF] Executed handler method OnGetAsync, returned result .
2025-07-22 14:18:35.402 -06:00 [INF] Executing an implicit handler method - ModelState is "Valid"
2025-07-22 14:18:35.406 -06:00 [INF] Executed an implicit handler method, returned result Microsoft.AspNetCore.Mvc.RazorPages.PageResult.
2025-07-22 14:18:35.412 -06:00 [INF] Executed page /Account/Login in 24.3082ms
2025-07-22 14:18:35.418 -06:00 [INF] Executed endpoint '/Account/Login'
2025-07-22 14:18:35.421 -06:00 [INF] Request finished HTTP/1.1 GET http://localhost:5116/Identity/Account/Login?ReturnUrl=%2Fapi%2FComentariosControllerApi - 200 null text/html; charset=utf-8 45.7284ms
2025-07-22 14:31:50.453 -06:00 [INF] User profile is available. Using 'C:\Users\hoshu\AppData\Local\ASP.NET\DataProtection-Keys' as key repository and Windows DPAPI to encrypt keys at rest.
2025-07-22 14:31:51.371 -06:00 [WRN] No store type was specified for the decimal property 'Precio' on entity type 'Product'. This will cause values to be silently truncated if they do not fit in the default precision and scale. Explicitly specify the SQL server column type that can accommodate all the values in 'OnModelCreating' using 'HasColumnType', specify precision and scale using 'HasPrecision', or configure a value converter using 'HasConversion'.
2025-07-22 14:31:53.802 -06:00 [INF] Executed DbCommand (463ms) [Parameters=[@__normalizedName_0='?' (Size = 256)], CommandType='"Text"', CommandTimeout='30']
SELECT TOP(1) [a].[Id], [a].[ConcurrencyStamp], [a].[Name], [a].[NormalizedName]
FROM [AspNetRoles] AS [a]
WHERE [a].[NormalizedName] = @__normalizedName_0
2025-07-22 14:31:54.256 -06:00 [INF] Executed DbCommand (43ms) [Parameters=[@__normalizedEmail_0='?' (Size = 256)], CommandType='"Text"', CommandTimeout='30']
SELECT TOP(2) [a].[Id], [a].[AccessFailedCount], [a].[ConcurrencyStamp], [a].[Email], [a].[EmailConfirmed], [a].[LockoutEnabled], [a].[LockoutEnd], [a].[NormalizedEmail], [a].[NormalizedUserName], [a].[PasswordHash], [a].[PhoneNumber], [a].[PhoneNumberConfirmed], [a].[SecurityStamp], [a].[TwoFactorEnabled], [a].[UserName]
FROM [AspNetUsers] AS [a]
WHERE [a].[NormalizedEmail] = @__normalizedEmail_0
2025-07-22 14:31:54.454 -06:00 [INF] Executed DbCommand (11ms) [Parameters=[@__normalizedRoleName_0='?' (Size = 256)], CommandType='"Text"', CommandTimeout='30']
SELECT TOP(2) [a].[Id], [a].[ConcurrencyStamp], [a].[Name], [a].[NormalizedName]
FROM [AspNetRoles] AS [a]
WHERE [a].[NormalizedName] = @__normalizedRoleName_0
2025-07-22 14:31:54.610 -06:00 [INF] Executed DbCommand (12ms) [Parameters=[@__p_0='?' (Size = 450), @__p_1='?' (Size = 450)], CommandType='"Text"', CommandTimeout='30']
SELECT TOP(1) [a].[UserId], [a].[RoleId]
FROM [AspNetUserRoles] AS [a]
WHERE [a].[UserId] = @__p_0 AND [a].[RoleId] = @__p_1
2025-07-22 14:31:54.686 -06:00 [INF] Executed DbCommand (16ms) [Parameters=[@__normalizedEmail_0='?' (Size = 256)], CommandType='"Text"', CommandTimeout='30']
SELECT TOP(2) [a].[Id], [a].[AccessFailedCount], [a].[ConcurrencyStamp], [a].[Email], [a].[EmailConfirmed], [a].[LockoutEnabled], [a].[LockoutEnd], [a].[NormalizedEmail], [a].[NormalizedUserName], [a].[PasswordHash], [a].[PhoneNumber], [a].[PhoneNumberConfirmed], [a].[SecurityStamp], [a].[TwoFactorEnabled], [a].[UserName]
FROM [AspNetUsers] AS [a]
WHERE [a].[NormalizedEmail] = @__normalizedEmail_0
2025-07-22 14:31:54.775 -06:00 [INF] Executed DbCommand (14ms) [Parameters=[@__normalizedRoleName_0='?' (Size = 256)], CommandType='"Text"', CommandTimeout='30']
SELECT TOP(2) [a].[Id], [a].[ConcurrencyStamp], [a].[Name], [a].[NormalizedName]
FROM [AspNetRoles] AS [a]
WHERE [a].[NormalizedName] = @__normalizedRoleName_0
2025-07-22 14:31:54.805 -06:00 [INF] Executed DbCommand (12ms) [Parameters=[@__p_0='?' (Size = 450), @__p_1='?' (Size = 450)], CommandType='"Text"', CommandTimeout='30']
SELECT TOP(1) [a].[UserId], [a].[RoleId]
FROM [AspNetUserRoles] AS [a]
WHERE [a].[UserId] = @__p_0 AND [a].[RoleId] = @__p_1
2025-07-22 14:31:54.825 -06:00 [INF] Executed DbCommand (8ms) [Parameters=[@__normalizedEmail_0='?' (Size = 256)], CommandType='"Text"', CommandTimeout='30']
SELECT TOP(2) [a].[Id], [a].[AccessFailedCount], [a].[ConcurrencyStamp], [a].[Email], [a].[EmailConfirmed], [a].[LockoutEnabled], [a].[LockoutEnd], [a].[NormalizedEmail], [a].[NormalizedUserName], [a].[PasswordHash], [a].[PhoneNumber], [a].[PhoneNumberConfirmed], [a].[SecurityStamp], [a].[TwoFactorEnabled], [a].[UserName]
FROM [AspNetUsers] AS [a]
WHERE [a].[NormalizedEmail] = @__normalizedEmail_0
2025-07-22 14:31:54.846 -06:00 [INF] Executed DbCommand (8ms) [Parameters=[@__normalizedRoleName_0='?' (Size = 256)], CommandType='"Text"', CommandTimeout='30']
SELECT TOP(2) [a].[Id], [a].[ConcurrencyStamp], [a].[Name], [a].[NormalizedName]
FROM [AspNetRoles] AS [a]
WHERE [a].[NormalizedName] = @__normalizedRoleName_0
2025-07-22 14:31:54.868 -06:00 [INF] Executed DbCommand (8ms) [Parameters=[@__p_0='?' (Size = 450), @__p_1='?' (Size = 450)], CommandType='"Text"', CommandTimeout='30']
SELECT TOP(1) [a].[UserId], [a].[RoleId]
FROM [AspNetUserRoles] AS [a]
WHERE [a].[UserId] = @__p_0 AND [a].[RoleId] = @__p_1
2025-07-22 14:31:56.643 -06:00 [INF] Now listening on: http://localhost:5116
2025-07-22 14:31:57.169 -06:00 [INF] Application started. Press Ctrl+C to shut down.
2025-07-22 14:31:57.179 -06:00 [INF] Hosting environment: Development
2025-07-22 14:31:57.191 -06:00 [INF] Content root path: C:\Users\hoshu\source\repos\PaginaBizu\PaginaBizu
2025-07-22 14:31:58.006 -06:00 [INF] Request starting HTTP/1.1 GET http://localhost:5116/ - null null
2025-07-22 14:31:58.678 -06:00 [WRN] Failed to determine the https port for redirect.
2025-07-22 14:31:58.879 -06:00 [INF] Executing endpoint 'PaginaBizu.Controllers.HomeController.Index (PaginaBizu)'
2025-07-22 14:31:58.954 -06:00 [INF] Route matched with {action = "Index", controller = "Home", page = "", area = ""}. Executing controller action with signature Microsoft.AspNetCore.Mvc.IActionResult Index() on controller PaginaBizu.Controllers.HomeController (PaginaBizu).
2025-07-22 14:31:59.003 -06:00 [INF] ➡️ Acción ejecutándose: Home/Index | Usuario: No autenticado | IP: ::1 | Hora: "2025-07-22T14:31:59.0032055-06:00"
2025-07-22 14:31:59.045 -06:00 [INF] ✅ Acción ejecutada: Home/Index | Hora: "2025-07-22T14:31:59.0458122-06:00"
2025-07-22 14:31:59.085 -06:00 [INF] Executing ViewResult, running view Index.
2025-07-22 14:31:59.653 -06:00 [INF] Executed ViewResult - view Index executed in 583.0693ms.
2025-07-22 14:31:59.667 -06:00 [INF] Executed action PaginaBizu.Controllers.HomeController.Index (PaginaBizu) in 696.9033ms
2025-07-22 14:31:59.690 -06:00 [INF] Executed endpoint 'PaginaBizu.Controllers.HomeController.Index (PaginaBizu)'
2025-07-22 14:31:59.726 -06:00 [INF] Request finished HTTP/1.1 GET http://localhost:5116/ - 200 null text/html; charset=utf-8 1770.3345ms
2025-07-22 14:32:02.590 -06:00 [INF] Request starting HTTP/1.1 GET http://localhost:5116/_vs/browserLink - null null
2025-07-22 14:32:02.590 -06:00 [INF] Request starting HTTP/1.1 GET http://localhost:5116/_framework/aspnetcore-browser-refresh.js - null null
2025-07-22 14:32:02.590 -06:00 [INF] Request starting HTTP/1.1 GET http://localhost:5116/images/bg.png - null null
2025-07-22 14:32:02.592 -06:00 [INF] Request starting HTTP/1.1 GET http://localhost:5116/css/tailwindcss - null null
2025-07-22 14:32:02.646 -06:00 [INF] Request finished HTTP/1.1 GET http://localhost:5116/_framework/aspnetcore-browser-refresh.js - 200 16505 application/javascript; charset=utf-8 57.0139ms
2025-07-22 14:32:02.693 -06:00 [INF] Request finished HTTP/1.1 GET http://localhost:5116/images/bg.png - 404 0 null 103.8116ms
2025-07-22 14:32:02.697 -06:00 [INF] Request finished HTTP/1.1 GET http://localhost:5116/css/tailwindcss - 404 0 null 104.87ms
2025-07-22 14:32:02.739 -06:00 [INF] Request reached the end of the middleware pipeline without being handled by application code. Request path: GET http://localhost:5116/images/bg.png, Response status code: 404
2025-07-22 14:32:02.794 -06:00 [INF] Request finished HTTP/1.1 GET http://localhost:5116/_vs/browserLink - 200 null text/javascript; charset=UTF-8 204.7005ms
2025-07-22 14:32:02.802 -06:00 [INF] Request reached the end of the middleware pipeline without being handled by application code. Request path: GET http://localhost:5116/css/tailwindcss, Response status code: 404
2025-07-22 14:32:03.051 -06:00 [INF] Request starting HTTP/1.1 GET http://localhost:5116/Cart/CartCount - null null
2025-07-22 14:32:03.075 -06:00 [INF] Request finished HTTP/1.1 GET http://localhost:5116/Cart/CartCount - 404 0 null 24.4394ms
2025-07-22 14:32:03.094 -06:00 [INF] Request reached the end of the middleware pipeline without being handled by application code. Request path: GET http://localhost:5116/Cart/CartCount, Response status code: 404
