2025-07-31 16:55:07.636 -06:00 [INF] User profile is available. Using 'C:\Users\Pc\AppData\Local\ASP.NET\DataProtection-Keys' as key repository and Windows DPAPI to encrypt keys at rest.
2025-07-31 16:55:08.340 -06:00 [WRN] No store type was specified for the decimal property 'Total' on entity type 'Order'. This will cause values to be silently truncated if they do not fit in the default precision and scale. Explicitly specify the SQL server column type that can accommodate all the values in 'OnModelCreating' using 'HasColumnType', specify precision and scale using 'HasPrecision', or configure a value converter using 'HasConversion'.
2025-07-31 16:55:08.343 -06:00 [WRN] No store type was specified for the decimal property 'PrecioUnitario' on entity type 'OrderDetail'. This will cause values to be silently truncated if they do not fit in the default precision and scale. Explicitly specify the SQL server column type that can accommodate all the values in 'OnModelCreating' using 'HasColumnType', specify precision and scale using 'HasPrecision', or configure a value converter using 'HasConversion'.
2025-07-31 16:55:08.344 -06:00 [WRN] No store type was specified for the decimal property 'Precio' on entity type 'Product'. This will cause values to be silently truncated if they do not fit in the default precision and scale. Explicitly specify the SQL server column type that can accommodate all the values in 'OnModelCreating' using 'HasColumnType', specify precision and scale using 'HasPrecision', or configure a value converter using 'HasConversion'.
2025-07-31 16:55:09.031 -06:00 [ERR] An error occurred using the connection to database '' on server 'DESKTOP-V8HCE8P\SQLEXPRESS.'.
2025-07-31 16:55:09.052 -06:00 [ERR] An exception occurred while iterating over the results of a query for context type 'PaginaBizu.Data.AppDbContext'.
System.InvalidOperationException: Instance failure.
   at Microsoft.Data.SqlClient.TdsParser.Connect(ServerInfo serverInfo, SqlInternalConnectionTds connHandler, Boolean ignoreSniOpenTimeout, Int64 timerExpire, SqlConnectionString connectionOptions, Boolean withFailover)
   at Microsoft.Data.SqlClient.SqlInternalConnectionTds.AttemptOneLogin(ServerInfo serverInfo, String newPassword, SecureString newSecurePassword, Boolean ignoreSniOpenTimeout, TimeoutTimer timeout, Boolean withFailover)
   at Microsoft.Data.SqlClient.SqlInternalConnectionTds.LoginNoFailover(ServerInfo serverInfo, String newPassword, SecureString newSecurePassword, Boolean redirectedUserInstance, SqlConnectionString connectionOptions, SqlCredential credential, TimeoutTimer timeout)
   at Microsoft.Data.SqlClient.SqlInternalConnectionTds.OpenLoginEnlist(TimeoutTimer timeout, SqlConnectionString connectionOptions, SqlCredential credential, String newPassword, SecureString newSecurePassword, Boolean redirectedUserInstance)
   at Microsoft.Data.SqlClient.SqlInternalConnectionTds..ctor(DbConnectionPoolIdentity identity, SqlConnectionString connectionOptions, SqlCredential credential, Object providerInfo, String newPassword, SecureString newSecurePassword, Boolean redirectedUserInstance, SqlConnectionString userConnectionOptions, SessionData reconnectSessionData, Boolean applyTransientFaultHandling, String accessToken, DbConnectionPool pool)
   at Microsoft.Data.SqlClient.SqlConnectionFactory.CreateConnection(DbConnectionOptions options, DbConnectionPoolKey poolKey, Object poolGroupProviderInfo, DbConnectionPool pool, DbConnection owningConnection, DbConnectionOptions userOptions)
   at Microsoft.Data.ProviderBase.DbConnectionFactory.CreatePooledConnection(DbConnectionPool pool, DbConnection owningObject, DbConnectionOptions options, DbConnectionPoolKey poolKey, DbConnectionOptions userOptions)
   at Microsoft.Data.ProviderBase.DbConnectionPool.CreateObject(DbConnection owningObject, DbConnectionOptions userOptions, DbConnectionInternal oldConnection)
   at Microsoft.Data.ProviderBase.DbConnectionPool.UserCreateRequest(DbConnection owningObject, DbConnectionOptions userOptions, DbConnectionInternal oldConnection)
   at Microsoft.Data.ProviderBase.DbConnectionPool.TryGetConnection(DbConnection owningObject, UInt32 waitForMultipleObjectsTimeout, Boolean allowCreate, Boolean onlyOneCheckConnection, DbConnectionOptions userOptions, DbConnectionInternal& connection)
   at Microsoft.Data.ProviderBase.DbConnectionPool.WaitForPendingOpen()
--- End of stack trace from previous location ---
   at Microsoft.EntityFrameworkCore.Storage.RelationalConnection.OpenInternalAsync(Boolean errorsExpected, CancellationToken cancellationToken)
   at Microsoft.EntityFrameworkCore.Storage.RelationalConnection.OpenInternalAsync(Boolean errorsExpected, CancellationToken cancellationToken)
   at Microsoft.EntityFrameworkCore.Storage.RelationalConnection.OpenAsync(CancellationToken cancellationToken, Boolean errorsExpected)
   at Microsoft.EntityFrameworkCore.Storage.RelationalCommand.ExecuteReaderAsync(RelationalCommandParameterObject parameterObject, CancellationToken cancellationToken)
   at Microsoft.EntityFrameworkCore.Query.Internal.SingleQueryingEnumerable`1.AsyncEnumerator.InitializeReaderAsync(AsyncEnumerator enumerator, CancellationToken cancellationToken)
   at Microsoft.EntityFrameworkCore.Storage.ExecutionStrategy.<>c__DisplayClass30_0`2.<<ExecuteAsync>b__0>d.MoveNext()
--- End of stack trace from previous location ---
   at Microsoft.EntityFrameworkCore.Storage.ExecutionStrategy.ExecuteImplementationAsync[TState,TResult](Func`4 operation, Func`4 verifySucceeded, TState state, CancellationToken cancellationToken)
   at Microsoft.EntityFrameworkCore.Storage.ExecutionStrategy.ExecuteImplementationAsync[TState,TResult](Func`4 operation, Func`4 verifySucceeded, TState state, CancellationToken cancellationToken)
   at Microsoft.EntityFrameworkCore.Storage.ExecutionStrategy.ExecuteAsync[TState,TResult](TState state, Func`4 operation, Func`4 verifySucceeded, CancellationToken cancellationToken)
   at Microsoft.EntityFrameworkCore.Query.Internal.SingleQueryingEnumerable`1.AsyncEnumerator.MoveNextAsync()
System.InvalidOperationException: Instance failure.
   at Microsoft.Data.SqlClient.TdsParser.Connect(ServerInfo serverInfo, SqlInternalConnectionTds connHandler, Boolean ignoreSniOpenTimeout, Int64 timerExpire, SqlConnectionString connectionOptions, Boolean withFailover)
   at Microsoft.Data.SqlClient.SqlInternalConnectionTds.AttemptOneLogin(ServerInfo serverInfo, String newPassword, SecureString newSecurePassword, Boolean ignoreSniOpenTimeout, TimeoutTimer timeout, Boolean withFailover)
   at Microsoft.Data.SqlClient.SqlInternalConnectionTds.LoginNoFailover(ServerInfo serverInfo, String newPassword, SecureString newSecurePassword, Boolean redirectedUserInstance, SqlConnectionString connectionOptions, SqlCredential credential, TimeoutTimer timeout)
   at Microsoft.Data.SqlClient.SqlInternalConnectionTds.OpenLoginEnlist(TimeoutTimer timeout, SqlConnectionString connectionOptions, SqlCredential credential, String newPassword, SecureString newSecurePassword, Boolean redirectedUserInstance)
   at Microsoft.Data.SqlClient.SqlInternalConnectionTds..ctor(DbConnectionPoolIdentity identity, SqlConnectionString connectionOptions, SqlCredential credential, Object providerInfo, String newPassword, SecureString newSecurePassword, Boolean redirectedUserInstance, SqlConnectionString userConnectionOptions, SessionData reconnectSessionData, Boolean applyTransientFaultHandling, String accessToken, DbConnectionPool pool)
   at Microsoft.Data.SqlClient.SqlConnectionFactory.CreateConnection(DbConnectionOptions options, DbConnectionPoolKey poolKey, Object poolGroupProviderInfo, DbConnectionPool pool, DbConnection owningConnection, DbConnectionOptions userOptions)
   at Microsoft.Data.ProviderBase.DbConnectionFactory.CreatePooledConnection(DbConnectionPool pool, DbConnection owningObject, DbConnectionOptions options, DbConnectionPoolKey poolKey, DbConnectionOptions userOptions)
   at Microsoft.Data.ProviderBase.DbConnectionPool.CreateObject(DbConnection owningObject, DbConnectionOptions userOptions, DbConnectionInternal oldConnection)
   at Microsoft.Data.ProviderBase.DbConnectionPool.UserCreateRequest(DbConnection owningObject, DbConnectionOptions userOptions, DbConnectionInternal oldConnection)
   at Microsoft.Data.ProviderBase.DbConnectionPool.TryGetConnection(DbConnection owningObject, UInt32 waitForMultipleObjectsTimeout, Boolean allowCreate, Boolean onlyOneCheckConnection, DbConnectionOptions userOptions, DbConnectionInternal& connection)
   at Microsoft.Data.ProviderBase.DbConnectionPool.WaitForPendingOpen()
--- End of stack trace from previous location ---
   at Microsoft.EntityFrameworkCore.Storage.RelationalConnection.OpenInternalAsync(Boolean errorsExpected, CancellationToken cancellationToken)
   at Microsoft.EntityFrameworkCore.Storage.RelationalConnection.OpenInternalAsync(Boolean errorsExpected, CancellationToken cancellationToken)
   at Microsoft.EntityFrameworkCore.Storage.RelationalConnection.OpenAsync(CancellationToken cancellationToken, Boolean errorsExpected)
   at Microsoft.EntityFrameworkCore.Storage.RelationalCommand.ExecuteReaderAsync(RelationalCommandParameterObject parameterObject, CancellationToken cancellationToken)
   at Microsoft.EntityFrameworkCore.Query.Internal.SingleQueryingEnumerable`1.AsyncEnumerator.InitializeReaderAsync(AsyncEnumerator enumerator, CancellationToken cancellationToken)
   at Microsoft.EntityFrameworkCore.Storage.ExecutionStrategy.<>c__DisplayClass30_0`2.<<ExecuteAsync>b__0>d.MoveNext()
--- End of stack trace from previous location ---
   at Microsoft.EntityFrameworkCore.Storage.ExecutionStrategy.ExecuteImplementationAsync[TState,TResult](Func`4 operation, Func`4 verifySucceeded, TState state, CancellationToken cancellationToken)
   at Microsoft.EntityFrameworkCore.Storage.ExecutionStrategy.ExecuteImplementationAsync[TState,TResult](Func`4 operation, Func`4 verifySucceeded, TState state, CancellationToken cancellationToken)
   at Microsoft.EntityFrameworkCore.Storage.ExecutionStrategy.ExecuteAsync[TState,TResult](TState state, Func`4 operation, Func`4 verifySucceeded, CancellationToken cancellationToken)
   at Microsoft.EntityFrameworkCore.Query.Internal.SingleQueryingEnumerable`1.AsyncEnumerator.MoveNextAsync()
2025-07-31 16:56:49.724 -06:00 [INF] User profile is available. Using 'C:\Users\Pc\AppData\Local\ASP.NET\DataProtection-Keys' as key repository and Windows DPAPI to encrypt keys at rest.
2025-07-31 16:56:50.207 -06:00 [WRN] No store type was specified for the decimal property 'Total' on entity type 'Order'. This will cause values to be silently truncated if they do not fit in the default precision and scale. Explicitly specify the SQL server column type that can accommodate all the values in 'OnModelCreating' using 'HasColumnType', specify precision and scale using 'HasPrecision', or configure a value converter using 'HasConversion'.
2025-07-31 16:56:50.210 -06:00 [WRN] No store type was specified for the decimal property 'PrecioUnitario' on entity type 'OrderDetail'. This will cause values to be silently truncated if they do not fit in the default precision and scale. Explicitly specify the SQL server column type that can accommodate all the values in 'OnModelCreating' using 'HasColumnType', specify precision and scale using 'HasPrecision', or configure a value converter using 'HasConversion'.
2025-07-31 16:56:50.211 -06:00 [WRN] No store type was specified for the decimal property 'Precio' on entity type 'Product'. This will cause values to be silently truncated if they do not fit in the default precision and scale. Explicitly specify the SQL server column type that can accommodate all the values in 'OnModelCreating' using 'HasColumnType', specify precision and scale using 'HasPrecision', or configure a value converter using 'HasConversion'.
2025-07-31 16:56:50.788 -06:00 [ERR] An error occurred using the connection to database '' on server 'DESKTOP-V8HCE8P\SQLEXPRESS'.
2025-07-31 16:56:50.825 -06:00 [ERR] An exception occurred while iterating over the results of a query for context type 'PaginaBizu.Data.AppDbContext'.
Microsoft.Data.SqlClient.SqlException (0x80131904): Login failed for user ''.
   at Microsoft.Data.SqlClient.SqlInternalConnection.OnError(SqlException exception, Boolean breakConnection, Action`1 wrapCloseInAction)
   at Microsoft.Data.SqlClient.TdsParser.ThrowExceptionAndWarning(TdsParserStateObject stateObj, Boolean callerHasConnectionLock, Boolean asyncClose)
   at Microsoft.Data.SqlClient.TdsParser.TryRun(RunBehavior runBehavior, SqlCommand cmdHandler, SqlDataReader dataStream, BulkCopySimpleResultSet bulkCopyHandler, TdsParserStateObject stateObj, Boolean& dataReady)
   at Microsoft.Data.SqlClient.TdsParser.Run(RunBehavior runBehavior, SqlCommand cmdHandler, SqlDataReader dataStream, BulkCopySimpleResultSet bulkCopyHandler, TdsParserStateObject stateObj)
   at Microsoft.Data.SqlClient.SqlInternalConnectionTds.CompleteLogin(Boolean enlistOK)
   at Microsoft.Data.SqlClient.SqlInternalConnectionTds.AttemptOneLogin(ServerInfo serverInfo, String newPassword, SecureString newSecurePassword, Boolean ignoreSniOpenTimeout, TimeoutTimer timeout, Boolean withFailover)
   at Microsoft.Data.SqlClient.SqlInternalConnectionTds.LoginNoFailover(ServerInfo serverInfo, String newPassword, SecureString newSecurePassword, Boolean redirectedUserInstance, SqlConnectionString connectionOptions, SqlCredential credential, TimeoutTimer timeout)
   at Microsoft.Data.SqlClient.SqlInternalConnectionTds.OpenLoginEnlist(TimeoutTimer timeout, SqlConnectionString connectionOptions, SqlCredential credential, String newPassword, SecureString newSecurePassword, Boolean redirectedUserInstance)
   at Microsoft.Data.SqlClient.SqlInternalConnectionTds..ctor(DbConnectionPoolIdentity identity, SqlConnectionString connectionOptions, SqlCredential credential, Object providerInfo, String newPassword, SecureString newSecurePassword, Boolean redirectedUserInstance, SqlConnectionString userConnectionOptions, SessionData reconnectSessionData, Boolean applyTransientFaultHandling, String accessToken, DbConnectionPool pool)
   at Microsoft.Data.SqlClient.SqlConnectionFactory.CreateConnection(DbConnectionOptions options, DbConnectionPoolKey poolKey, Object poolGroupProviderInfo, DbConnectionPool pool, DbConnection owningConnection, DbConnectionOptions userOptions)
   at Microsoft.Data.ProviderBase.DbConnectionFactory.CreatePooledConnection(DbConnectionPool pool, DbConnection owningObject, DbConnectionOptions options, DbConnectionPoolKey poolKey, DbConnectionOptions userOptions)
   at Microsoft.Data.ProviderBase.DbConnectionPool.CreateObject(DbConnection owningObject, DbConnectionOptions userOptions, DbConnectionInternal oldConnection)
   at Microsoft.Data.ProviderBase.DbConnectionPool.UserCreateRequest(DbConnection owningObject, DbConnectionOptions userOptions, DbConnectionInternal oldConnection)
   at Microsoft.Data.ProviderBase.DbConnectionPool.TryGetConnection(DbConnection owningObject, UInt32 waitForMultipleObjectsTimeout, Boolean allowCreate, Boolean onlyOneCheckConnection, DbConnectionOptions userOptions, DbConnectionInternal& connection)
   at Microsoft.Data.ProviderBase.DbConnectionPool.WaitForPendingOpen()
--- End of stack trace from previous location ---
   at Microsoft.EntityFrameworkCore.Storage.RelationalConnection.OpenInternalAsync(Boolean errorsExpected, CancellationToken cancellationToken)
   at Microsoft.EntityFrameworkCore.Storage.RelationalConnection.OpenInternalAsync(Boolean errorsExpected, CancellationToken cancellationToken)
   at Microsoft.EntityFrameworkCore.Storage.RelationalConnection.OpenAsync(CancellationToken cancellationToken, Boolean errorsExpected)
   at Microsoft.EntityFrameworkCore.Storage.RelationalCommand.ExecuteReaderAsync(RelationalCommandParameterObject parameterObject, CancellationToken cancellationToken)
   at Microsoft.EntityFrameworkCore.Query.Internal.SingleQueryingEnumerable`1.AsyncEnumerator.InitializeReaderAsync(AsyncEnumerator enumerator, CancellationToken cancellationToken)
   at Microsoft.EntityFrameworkCore.Storage.ExecutionStrategy.<>c__DisplayClass30_0`2.<<ExecuteAsync>b__0>d.MoveNext()
--- End of stack trace from previous location ---
   at Microsoft.EntityFrameworkCore.Storage.ExecutionStrategy.ExecuteImplementationAsync[TState,TResult](Func`4 operation, Func`4 verifySucceeded, TState state, CancellationToken cancellationToken)
   at Microsoft.EntityFrameworkCore.Storage.ExecutionStrategy.ExecuteImplementationAsync[TState,TResult](Func`4 operation, Func`4 verifySucceeded, TState state, CancellationToken cancellationToken)
   at Microsoft.EntityFrameworkCore.Storage.ExecutionStrategy.ExecuteAsync[TState,TResult](TState state, Func`4 operation, Func`4 verifySucceeded, CancellationToken cancellationToken)
   at Microsoft.EntityFrameworkCore.Query.Internal.SingleQueryingEnumerable`1.AsyncEnumerator.MoveNextAsync()
ClientConnectionId:a2d594db-f235-4728-9f80-fc8e2b259e63
Error Number:18456,State:1,Class:14
Microsoft.Data.SqlClient.SqlException (0x80131904): Login failed for user ''.
   at Microsoft.Data.SqlClient.SqlInternalConnection.OnError(SqlException exception, Boolean breakConnection, Action`1 wrapCloseInAction)
   at Microsoft.Data.SqlClient.TdsParser.ThrowExceptionAndWarning(TdsParserStateObject stateObj, Boolean callerHasConnectionLock, Boolean asyncClose)
   at Microsoft.Data.SqlClient.TdsParser.TryRun(RunBehavior runBehavior, SqlCommand cmdHandler, SqlDataReader dataStream, BulkCopySimpleResultSet bulkCopyHandler, TdsParserStateObject stateObj, Boolean& dataReady)
   at Microsoft.Data.SqlClient.TdsParser.Run(RunBehavior runBehavior, SqlCommand cmdHandler, SqlDataReader dataStream, BulkCopySimpleResultSet bulkCopyHandler, TdsParserStateObject stateObj)
   at Microsoft.Data.SqlClient.SqlInternalConnectionTds.CompleteLogin(Boolean enlistOK)
   at Microsoft.Data.SqlClient.SqlInternalConnectionTds.AttemptOneLogin(ServerInfo serverInfo, String newPassword, SecureString newSecurePassword, Boolean ignoreSniOpenTimeout, TimeoutTimer timeout, Boolean withFailover)
   at Microsoft.Data.SqlClient.SqlInternalConnectionTds.LoginNoFailover(ServerInfo serverInfo, String newPassword, SecureString newSecurePassword, Boolean redirectedUserInstance, SqlConnectionString connectionOptions, SqlCredential credential, TimeoutTimer timeout)
   at Microsoft.Data.SqlClient.SqlInternalConnectionTds.OpenLoginEnlist(TimeoutTimer timeout, SqlConnectionString connectionOptions, SqlCredential credential, String newPassword, SecureString newSecurePassword, Boolean redirectedUserInstance)
   at Microsoft.Data.SqlClient.SqlInternalConnectionTds..ctor(DbConnectionPoolIdentity identity, SqlConnectionString connectionOptions, SqlCredential credential, Object providerInfo, String newPassword, SecureString newSecurePassword, Boolean redirectedUserInstance, SqlConnectionString userConnectionOptions, SessionData reconnectSessionData, Boolean applyTransientFaultHandling, String accessToken, DbConnectionPool pool)
   at Microsoft.Data.SqlClient.SqlConnectionFactory.CreateConnection(DbConnectionOptions options, DbConnectionPoolKey poolKey, Object poolGroupProviderInfo, DbConnectionPool pool, DbConnection owningConnection, DbConnectionOptions userOptions)
   at Microsoft.Data.ProviderBase.DbConnectionFactory.CreatePooledConnection(DbConnectionPool pool, DbConnection owningObject, DbConnectionOptions options, DbConnectionPoolKey poolKey, DbConnectionOptions userOptions)
   at Microsoft.Data.ProviderBase.DbConnectionPool.CreateObject(DbConnection owningObject, DbConnectionOptions userOptions, DbConnectionInternal oldConnection)
   at Microsoft.Data.ProviderBase.DbConnectionPool.UserCreateRequest(DbConnection owningObject, DbConnectionOptions userOptions, DbConnectionInternal oldConnection)
   at Microsoft.Data.ProviderBase.DbConnectionPool.TryGetConnection(DbConnection owningObject, UInt32 waitForMultipleObjectsTimeout, Boolean allowCreate, Boolean onlyOneCheckConnection, DbConnectionOptions userOptions, DbConnectionInternal& connection)
   at Microsoft.Data.ProviderBase.DbConnectionPool.WaitForPendingOpen()
--- End of stack trace from previous location ---
   at Microsoft.EntityFrameworkCore.Storage.RelationalConnection.OpenInternalAsync(Boolean errorsExpected, CancellationToken cancellationToken)
   at Microsoft.EntityFrameworkCore.Storage.RelationalConnection.OpenInternalAsync(Boolean errorsExpected, CancellationToken cancellationToken)
   at Microsoft.EntityFrameworkCore.Storage.RelationalConnection.OpenAsync(CancellationToken cancellationToken, Boolean errorsExpected)
   at Microsoft.EntityFrameworkCore.Storage.RelationalCommand.ExecuteReaderAsync(RelationalCommandParameterObject parameterObject, CancellationToken cancellationToken)
   at Microsoft.EntityFrameworkCore.Query.Internal.SingleQueryingEnumerable`1.AsyncEnumerator.InitializeReaderAsync(AsyncEnumerator enumerator, CancellationToken cancellationToken)
   at Microsoft.EntityFrameworkCore.Storage.ExecutionStrategy.<>c__DisplayClass30_0`2.<<ExecuteAsync>b__0>d.MoveNext()
--- End of stack trace from previous location ---
   at Microsoft.EntityFrameworkCore.Storage.ExecutionStrategy.ExecuteImplementationAsync[TState,TResult](Func`4 operation, Func`4 verifySucceeded, TState state, CancellationToken cancellationToken)
   at Microsoft.EntityFrameworkCore.Storage.ExecutionStrategy.ExecuteImplementationAsync[TState,TResult](Func`4 operation, Func`4 verifySucceeded, TState state, CancellationToken cancellationToken)
   at Microsoft.EntityFrameworkCore.Storage.ExecutionStrategy.ExecuteAsync[TState,TResult](TState state, Func`4 operation, Func`4 verifySucceeded, CancellationToken cancellationToken)
   at Microsoft.EntityFrameworkCore.Query.Internal.SingleQueryingEnumerable`1.AsyncEnumerator.MoveNextAsync()
ClientConnectionId:a2d594db-f235-4728-9f80-fc8e2b259e63
Error Number:18456,State:1,Class:14
2025-07-31 16:59:44.592 -06:00 [INF] User profile is available. Using 'C:\Users\Pc\AppData\Local\ASP.NET\DataProtection-Keys' as key repository and Windows DPAPI to encrypt keys at rest.
2025-07-31 16:59:45.068 -06:00 [WRN] No store type was specified for the decimal property 'Total' on entity type 'Order'. This will cause values to be silently truncated if they do not fit in the default precision and scale. Explicitly specify the SQL server column type that can accommodate all the values in 'OnModelCreating' using 'HasColumnType', specify precision and scale using 'HasPrecision', or configure a value converter using 'HasConversion'.
2025-07-31 16:59:45.071 -06:00 [WRN] No store type was specified for the decimal property 'PrecioUnitario' on entity type 'OrderDetail'. This will cause values to be silently truncated if they do not fit in the default precision and scale. Explicitly specify the SQL server column type that can accommodate all the values in 'OnModelCreating' using 'HasColumnType', specify precision and scale using 'HasPrecision', or configure a value converter using 'HasConversion'.
2025-07-31 16:59:45.072 -06:00 [WRN] No store type was specified for the decimal property 'Precio' on entity type 'Product'. This will cause values to be silently truncated if they do not fit in the default precision and scale. Explicitly specify the SQL server column type that can accommodate all the values in 'OnModelCreating' using 'HasColumnType', specify precision and scale using 'HasPrecision', or configure a value converter using 'HasConversion'.
2025-07-31 16:59:45.608 -06:00 [ERR] An error occurred using the connection to database '' on server 'DESKTOP-V8HCE8P\SQLEXPRESS'.
2025-07-31 16:59:45.629 -06:00 [INF] A transient exception occurred during execution. The operation will be retried after 5000ms.
Microsoft.Data.SqlClient.SqlException (0x80131904): A connection was successfully established with the server, but then an error occurred during the login process. (provider: Shared Memory Provider, error: 0 - No hay ningún proceso en el otro extremo de la canalización.)
 ---> System.ComponentModel.Win32Exception (233): No hay ningún proceso en el otro extremo de la canalización.
   at Microsoft.Data.SqlClient.SqlInternalConnection.OnError(SqlException exception, Boolean breakConnection, Action`1 wrapCloseInAction)
   at Microsoft.Data.SqlClient.TdsParser.ThrowExceptionAndWarning(TdsParserStateObject stateObj, Boolean callerHasConnectionLock, Boolean asyncClose)
   at Microsoft.Data.SqlClient.TdsParserStateObject.ThrowExceptionAndWarning(Boolean callerHasConnectionLock, Boolean asyncClose)
   at Microsoft.Data.SqlClient.TdsParserStateObject.ReadSniError(TdsParserStateObject stateObj, UInt32 error)
   at Microsoft.Data.SqlClient.TdsParserStateObject.ReadSniSyncOverAsync()
   at Microsoft.Data.SqlClient.TdsParserStateObject.TryReadNetworkPacket()
   at Microsoft.Data.SqlClient.TdsParserStateObject.TryPrepareBuffer()
   at Microsoft.Data.SqlClient.TdsParserStateObject.TryReadByte(Byte& value)
   at Microsoft.Data.SqlClient.TdsParser.TryRun(RunBehavior runBehavior, SqlCommand cmdHandler, SqlDataReader dataStream, BulkCopySimpleResultSet bulkCopyHandler, TdsParserStateObject stateObj, Boolean& dataReady)
   at Microsoft.Data.SqlClient.TdsParser.Run(RunBehavior runBehavior, SqlCommand cmdHandler, SqlDataReader dataStream, BulkCopySimpleResultSet bulkCopyHandler, TdsParserStateObject stateObj)
   at Microsoft.Data.SqlClient.SqlInternalConnectionTds.CompleteLogin(Boolean enlistOK)
   at Microsoft.Data.SqlClient.SqlInternalConnectionTds.AttemptOneLogin(ServerInfo serverInfo, String newPassword, SecureString newSecurePassword, Boolean ignoreSniOpenTimeout, TimeoutTimer timeout, Boolean withFailover)
   at Microsoft.Data.SqlClient.SqlInternalConnectionTds.LoginNoFailover(ServerInfo serverInfo, String newPassword, SecureString newSecurePassword, Boolean redirectedUserInstance, SqlConnectionString connectionOptions, SqlCredential credential, TimeoutTimer timeout)
   at Microsoft.Data.SqlClient.SqlInternalConnectionTds.OpenLoginEnlist(TimeoutTimer timeout, SqlConnectionString connectionOptions, SqlCredential credential, String newPassword, SecureString newSecurePassword, Boolean redirectedUserInstance)
   at Microsoft.Data.SqlClient.SqlInternalConnectionTds..ctor(DbConnectionPoolIdentity identity, SqlConnectionString connectionOptions, SqlCredential credential, Object providerInfo, String newPassword, SecureString newSecurePassword, Boolean redirectedUserInstance, SqlConnectionString userConnectionOptions, SessionData reconnectSessionData, Boolean applyTransientFaultHandling, String accessToken, DbConnectionPool pool)
   at Microsoft.Data.SqlClient.SqlConnectionFactory.CreateConnection(DbConnectionOptions options, DbConnectionPoolKey poolKey, Object poolGroupProviderInfo, DbConnectionPool pool, DbConnection owningConnection, DbConnectionOptions userOptions)
   at Microsoft.Data.ProviderBase.DbConnectionFactory.CreatePooledConnection(DbConnectionPool pool, DbConnection owningObject, DbConnectionOptions options, DbConnectionPoolKey poolKey, DbConnectionOptions userOptions)
   at Microsoft.Data.ProviderBase.DbConnectionPool.CreateObject(DbConnection owningObject, DbConnectionOptions userOptions, DbConnectionInternal oldConnection)
   at Microsoft.Data.ProviderBase.DbConnectionPool.UserCreateRequest(DbConnection owningObject, DbConnectionOptions userOptions, DbConnectionInternal oldConnection)
   at Microsoft.Data.ProviderBase.DbConnectionPool.TryGetConnection(DbConnection owningObject, UInt32 waitForMultipleObjectsTimeout, Boolean allowCreate, Boolean onlyOneCheckConnection, DbConnectionOptions userOptions, DbConnectionInternal& connection)
   at Microsoft.Data.ProviderBase.DbConnectionPool.WaitForPendingOpen()
--- End of stack trace from previous location ---
   at Microsoft.EntityFrameworkCore.Storage.RelationalConnection.OpenInternalAsync(Boolean errorsExpected, CancellationToken cancellationToken)
   at Microsoft.EntityFrameworkCore.Storage.RelationalConnection.OpenInternalAsync(Boolean errorsExpected, CancellationToken cancellationToken)
   at Microsoft.EntityFrameworkCore.Storage.RelationalConnection.OpenAsync(CancellationToken cancellationToken, Boolean errorsExpected)
   at Microsoft.EntityFrameworkCore.Storage.RelationalCommand.ExecuteReaderAsync(RelationalCommandParameterObject parameterObject, CancellationToken cancellationToken)
   at Microsoft.EntityFrameworkCore.Query.Internal.SingleQueryingEnumerable`1.AsyncEnumerator.InitializeReaderAsync(AsyncEnumerator enumerator, CancellationToken cancellationToken)
   at Microsoft.EntityFrameworkCore.Storage.ExecutionStrategy.<>c__DisplayClass30_0`2.<<ExecuteAsync>b__0>d.MoveNext()
--- End of stack trace from previous location ---
   at Microsoft.EntityFrameworkCore.Storage.ExecutionStrategy.ExecuteImplementationAsync[TState,TResult](Func`4 operation, Func`4 verifySucceeded, TState state, CancellationToken cancellationToken)
ClientConnectionId:6c28bbe8-6faf-4a7c-8a51-b5a24e62908e
Error Number:233,State:0,Class:20
Microsoft.Data.SqlClient.SqlException (0x80131904): A connection was successfully established with the server, but then an error occurred during the login process. (provider: Shared Memory Provider, error: 0 - No hay ningún proceso en el otro extremo de la canalización.)
 ---> System.ComponentModel.Win32Exception (233): No hay ningún proceso en el otro extremo de la canalización.
   at Microsoft.Data.SqlClient.SqlInternalConnection.OnError(SqlException exception, Boolean breakConnection, Action`1 wrapCloseInAction)
   at Microsoft.Data.SqlClient.TdsParser.ThrowExceptionAndWarning(TdsParserStateObject stateObj, Boolean callerHasConnectionLock, Boolean asyncClose)
   at Microsoft.Data.SqlClient.TdsParserStateObject.ThrowExceptionAndWarning(Boolean callerHasConnectionLock, Boolean asyncClose)
   at Microsoft.Data.SqlClient.TdsParserStateObject.ReadSniError(TdsParserStateObject stateObj, UInt32 error)
   at Microsoft.Data.SqlClient.TdsParserStateObject.ReadSniSyncOverAsync()
   at Microsoft.Data.SqlClient.TdsParserStateObject.TryReadNetworkPacket()
   at Microsoft.Data.SqlClient.TdsParserStateObject.TryPrepareBuffer()
   at Microsoft.Data.SqlClient.TdsParserStateObject.TryReadByte(Byte& value)
   at Microsoft.Data.SqlClient.TdsParser.TryRun(RunBehavior runBehavior, SqlCommand cmdHandler, SqlDataReader dataStream, BulkCopySimpleResultSet bulkCopyHandler, TdsParserStateObject stateObj, Boolean& dataReady)
   at Microsoft.Data.SqlClient.TdsParser.Run(RunBehavior runBehavior, SqlCommand cmdHandler, SqlDataReader dataStream, BulkCopySimpleResultSet bulkCopyHandler, TdsParserStateObject stateObj)
   at Microsoft.Data.SqlClient.SqlInternalConnectionTds.CompleteLogin(Boolean enlistOK)
   at Microsoft.Data.SqlClient.SqlInternalConnectionTds.AttemptOneLogin(ServerInfo serverInfo, String newPassword, SecureString newSecurePassword, Boolean ignoreSniOpenTimeout, TimeoutTimer timeout, Boolean withFailover)
   at Microsoft.Data.SqlClient.SqlInternalConnectionTds.LoginNoFailover(ServerInfo serverInfo, String newPassword, SecureString newSecurePassword, Boolean redirectedUserInstance, SqlConnectionString connectionOptions, SqlCredential credential, TimeoutTimer timeout)
   at Microsoft.Data.SqlClient.SqlInternalConnectionTds.OpenLoginEnlist(TimeoutTimer timeout, SqlConnectionString connectionOptions, SqlCredential credential, String newPassword, SecureString newSecurePassword, Boolean redirectedUserInstance)
   at Microsoft.Data.SqlClient.SqlInternalConnectionTds..ctor(DbConnectionPoolIdentity identity, SqlConnectionString connectionOptions, SqlCredential credential, Object providerInfo, String newPassword, SecureString newSecurePassword, Boolean redirectedUserInstance, SqlConnectionString userConnectionOptions, SessionData reconnectSessionData, Boolean applyTransientFaultHandling, String accessToken, DbConnectionPool pool)
   at Microsoft.Data.SqlClient.SqlConnectionFactory.CreateConnection(DbConnectionOptions options, DbConnectionPoolKey poolKey, Object poolGroupProviderInfo, DbConnectionPool pool, DbConnection owningConnection, DbConnectionOptions userOptions)
   at Microsoft.Data.ProviderBase.DbConnectionFactory.CreatePooledConnection(DbConnectionPool pool, DbConnection owningObject, DbConnectionOptions options, DbConnectionPoolKey poolKey, DbConnectionOptions userOptions)
   at Microsoft.Data.ProviderBase.DbConnectionPool.CreateObject(DbConnection owningObject, DbConnectionOptions userOptions, DbConnectionInternal oldConnection)
   at Microsoft.Data.ProviderBase.DbConnectionPool.UserCreateRequest(DbConnection owningObject, DbConnectionOptions userOptions, DbConnectionInternal oldConnection)
   at Microsoft.Data.ProviderBase.DbConnectionPool.TryGetConnection(DbConnection owningObject, UInt32 waitForMultipleObjectsTimeout, Boolean allowCreate, Boolean onlyOneCheckConnection, DbConnectionOptions userOptions, DbConnectionInternal& connection)
   at Microsoft.Data.ProviderBase.DbConnectionPool.WaitForPendingOpen()
--- End of stack trace from previous location ---
   at Microsoft.EntityFrameworkCore.Storage.RelationalConnection.OpenInternalAsync(Boolean errorsExpected, CancellationToken cancellationToken)
   at Microsoft.EntityFrameworkCore.Storage.RelationalConnection.OpenInternalAsync(Boolean errorsExpected, CancellationToken cancellationToken)
   at Microsoft.EntityFrameworkCore.Storage.RelationalConnection.OpenAsync(CancellationToken cancellationToken, Boolean errorsExpected)
   at Microsoft.EntityFrameworkCore.Storage.RelationalCommand.ExecuteReaderAsync(RelationalCommandParameterObject parameterObject, CancellationToken cancellationToken)
   at Microsoft.EntityFrameworkCore.Query.Internal.SingleQueryingEnumerable`1.AsyncEnumerator.InitializeReaderAsync(AsyncEnumerator enumerator, CancellationToken cancellationToken)
   at Microsoft.EntityFrameworkCore.Storage.ExecutionStrategy.<>c__DisplayClass30_0`2.<<ExecuteAsync>b__0>d.MoveNext()
--- End of stack trace from previous location ---
   at Microsoft.EntityFrameworkCore.Storage.ExecutionStrategy.ExecuteImplementationAsync[TState,TResult](Func`4 operation, Func`4 verifySucceeded, TState state, CancellationToken cancellationToken)
ClientConnectionId:6c28bbe8-6faf-4a7c-8a51-b5a24e62908e
Error Number:233,State:0,Class:20
2025-07-31 16:59:50.703 -06:00 [ERR] An error occurred using the connection to database '' on server 'DESKTOP-V8HCE8P\SQLEXPRESS'.
2025-07-31 16:59:50.715 -06:00 [ERR] An exception occurred while iterating over the results of a query for context type 'PaginaBizu.Data.AppDbContext'.
Microsoft.Data.SqlClient.SqlException (0x80131904): Login failed for user ''.
   at Microsoft.Data.SqlClient.SqlInternalConnection.OnError(SqlException exception, Boolean breakConnection, Action`1 wrapCloseInAction)
   at Microsoft.Data.SqlClient.TdsParser.ThrowExceptionAndWarning(TdsParserStateObject stateObj, Boolean callerHasConnectionLock, Boolean asyncClose)
   at Microsoft.Data.SqlClient.TdsParser.TryRun(RunBehavior runBehavior, SqlCommand cmdHandler, SqlDataReader dataStream, BulkCopySimpleResultSet bulkCopyHandler, TdsParserStateObject stateObj, Boolean& dataReady)
   at Microsoft.Data.SqlClient.TdsParser.Run(RunBehavior runBehavior, SqlCommand cmdHandler, SqlDataReader dataStream, BulkCopySimpleResultSet bulkCopyHandler, TdsParserStateObject stateObj)
   at Microsoft.Data.SqlClient.SqlInternalConnectionTds.CompleteLogin(Boolean enlistOK)
   at Microsoft.Data.SqlClient.SqlInternalConnectionTds.AttemptOneLogin(ServerInfo serverInfo, String newPassword, SecureString newSecurePassword, Boolean ignoreSniOpenTimeout, TimeoutTimer timeout, Boolean withFailover)
   at Microsoft.Data.SqlClient.SqlInternalConnectionTds.LoginNoFailover(ServerInfo serverInfo, String newPassword, SecureString newSecurePassword, Boolean redirectedUserInstance, SqlConnectionString connectionOptions, SqlCredential credential, TimeoutTimer timeout)
   at Microsoft.Data.SqlClient.SqlInternalConnectionTds.OpenLoginEnlist(TimeoutTimer timeout, SqlConnectionString connectionOptions, SqlCredential credential, String newPassword, SecureString newSecurePassword, Boolean redirectedUserInstance)
   at Microsoft.Data.SqlClient.SqlInternalConnectionTds..ctor(DbConnectionPoolIdentity identity, SqlConnectionString connectionOptions, SqlCredential credential, Object providerInfo, String newPassword, SecureString newSecurePassword, Boolean redirectedUserInstance, SqlConnectionString userConnectionOptions, SessionData reconnectSessionData, Boolean applyTransientFaultHandling, String accessToken, DbConnectionPool pool)
   at Microsoft.Data.SqlClient.SqlConnectionFactory.CreateConnection(DbConnectionOptions options, DbConnectionPoolKey poolKey, Object poolGroupProviderInfo, DbConnectionPool pool, DbConnection owningConnection, DbConnectionOptions userOptions)
   at Microsoft.Data.ProviderBase.DbConnectionFactory.CreatePooledConnection(DbConnectionPool pool, DbConnection owningObject, DbConnectionOptions options, DbConnectionPoolKey poolKey, DbConnectionOptions userOptions)
   at Microsoft.Data.ProviderBase.DbConnectionPool.CreateObject(DbConnection owningObject, DbConnectionOptions userOptions, DbConnectionInternal oldConnection)
   at Microsoft.Data.ProviderBase.DbConnectionPool.UserCreateRequest(DbConnection owningObject, DbConnectionOptions userOptions, DbConnectionInternal oldConnection)
   at Microsoft.Data.ProviderBase.DbConnectionPool.TryGetConnection(DbConnection owningObject, UInt32 waitForMultipleObjectsTimeout, Boolean allowCreate, Boolean onlyOneCheckConnection, DbConnectionOptions userOptions, DbConnectionInternal& connection)
   at Microsoft.Data.ProviderBase.DbConnectionPool.WaitForPendingOpen()
--- End of stack trace from previous location ---
   at Microsoft.EntityFrameworkCore.Storage.RelationalConnection.OpenInternalAsync(Boolean errorsExpected, CancellationToken cancellationToken)
   at Microsoft.EntityFrameworkCore.Storage.RelationalConnection.OpenInternalAsync(Boolean errorsExpected, CancellationToken cancellationToken)
   at Microsoft.EntityFrameworkCore.Storage.RelationalConnection.OpenAsync(CancellationToken cancellationToken, Boolean errorsExpected)
   at Microsoft.EntityFrameworkCore.Storage.RelationalCommand.ExecuteReaderAsync(RelationalCommandParameterObject parameterObject, CancellationToken cancellationToken)
   at Microsoft.EntityFrameworkCore.Query.Internal.SingleQueryingEnumerable`1.AsyncEnumerator.InitializeReaderAsync(AsyncEnumerator enumerator, CancellationToken cancellationToken)
   at Microsoft.EntityFrameworkCore.Storage.ExecutionStrategy.<>c__DisplayClass30_0`2.<<ExecuteAsync>b__0>d.MoveNext()
--- End of stack trace from previous location ---
   at Microsoft.EntityFrameworkCore.Storage.ExecutionStrategy.ExecuteImplementationAsync[TState,TResult](Func`4 operation, Func`4 verifySucceeded, TState state, CancellationToken cancellationToken)
   at Microsoft.EntityFrameworkCore.Storage.ExecutionStrategy.ExecuteImplementationAsync[TState,TResult](Func`4 operation, Func`4 verifySucceeded, TState state, CancellationToken cancellationToken)
   at Microsoft.EntityFrameworkCore.Storage.ExecutionStrategy.ExecuteAsync[TState,TResult](TState state, Func`4 operation, Func`4 verifySucceeded, CancellationToken cancellationToken)
   at Microsoft.EntityFrameworkCore.Query.Internal.SingleQueryingEnumerable`1.AsyncEnumerator.MoveNextAsync()
ClientConnectionId:65495130-7fe9-41c7-8573-76a2c2e43407
Error Number:18456,State:1,Class:14
Microsoft.Data.SqlClient.SqlException (0x80131904): Login failed for user ''.
   at Microsoft.Data.SqlClient.SqlInternalConnection.OnError(SqlException exception, Boolean breakConnection, Action`1 wrapCloseInAction)
   at Microsoft.Data.SqlClient.TdsParser.ThrowExceptionAndWarning(TdsParserStateObject stateObj, Boolean callerHasConnectionLock, Boolean asyncClose)
   at Microsoft.Data.SqlClient.TdsParser.TryRun(RunBehavior runBehavior, SqlCommand cmdHandler, SqlDataReader dataStream, BulkCopySimpleResultSet bulkCopyHandler, TdsParserStateObject stateObj, Boolean& dataReady)
   at Microsoft.Data.SqlClient.TdsParser.Run(RunBehavior runBehavior, SqlCommand cmdHandler, SqlDataReader dataStream, BulkCopySimpleResultSet bulkCopyHandler, TdsParserStateObject stateObj)
   at Microsoft.Data.SqlClient.SqlInternalConnectionTds.CompleteLogin(Boolean enlistOK)
   at Microsoft.Data.SqlClient.SqlInternalConnectionTds.AttemptOneLogin(ServerInfo serverInfo, String newPassword, SecureString newSecurePassword, Boolean ignoreSniOpenTimeout, TimeoutTimer timeout, Boolean withFailover)
   at Microsoft.Data.SqlClient.SqlInternalConnectionTds.LoginNoFailover(ServerInfo serverInfo, String newPassword, SecureString newSecurePassword, Boolean redirectedUserInstance, SqlConnectionString connectionOptions, SqlCredential credential, TimeoutTimer timeout)
   at Microsoft.Data.SqlClient.SqlInternalConnectionTds.OpenLoginEnlist(TimeoutTimer timeout, SqlConnectionString connectionOptions, SqlCredential credential, String newPassword, SecureString newSecurePassword, Boolean redirectedUserInstance)
   at Microsoft.Data.SqlClient.SqlInternalConnectionTds..ctor(DbConnectionPoolIdentity identity, SqlConnectionString connectionOptions, SqlCredential credential, Object providerInfo, String newPassword, SecureString newSecurePassword, Boolean redirectedUserInstance, SqlConnectionString userConnectionOptions, SessionData reconnectSessionData, Boolean applyTransientFaultHandling, String accessToken, DbConnectionPool pool)
   at Microsoft.Data.SqlClient.SqlConnectionFactory.CreateConnection(DbConnectionOptions options, DbConnectionPoolKey poolKey, Object poolGroupProviderInfo, DbConnectionPool pool, DbConnection owningConnection, DbConnectionOptions userOptions)
   at Microsoft.Data.ProviderBase.DbConnectionFactory.CreatePooledConnection(DbConnectionPool pool, DbConnection owningObject, DbConnectionOptions options, DbConnectionPoolKey poolKey, DbConnectionOptions userOptions)
   at Microsoft.Data.ProviderBase.DbConnectionPool.CreateObject(DbConnection owningObject, DbConnectionOptions userOptions, DbConnectionInternal oldConnection)
   at Microsoft.Data.ProviderBase.DbConnectionPool.UserCreateRequest(DbConnection owningObject, DbConnectionOptions userOptions, DbConnectionInternal oldConnection)
   at Microsoft.Data.ProviderBase.DbConnectionPool.TryGetConnection(DbConnection owningObject, UInt32 waitForMultipleObjectsTimeout, Boolean allowCreate, Boolean onlyOneCheckConnection, DbConnectionOptions userOptions, DbConnectionInternal& connection)
   at Microsoft.Data.ProviderBase.DbConnectionPool.WaitForPendingOpen()
--- End of stack trace from previous location ---
   at Microsoft.EntityFrameworkCore.Storage.RelationalConnection.OpenInternalAsync(Boolean errorsExpected, CancellationToken cancellationToken)
   at Microsoft.EntityFrameworkCore.Storage.RelationalConnection.OpenInternalAsync(Boolean errorsExpected, CancellationToken cancellationToken)
   at Microsoft.EntityFrameworkCore.Storage.RelationalConnection.OpenAsync(CancellationToken cancellationToken, Boolean errorsExpected)
   at Microsoft.EntityFrameworkCore.Storage.RelationalCommand.ExecuteReaderAsync(RelationalCommandParameterObject parameterObject, CancellationToken cancellationToken)
   at Microsoft.EntityFrameworkCore.Query.Internal.SingleQueryingEnumerable`1.AsyncEnumerator.InitializeReaderAsync(AsyncEnumerator enumerator, CancellationToken cancellationToken)
   at Microsoft.EntityFrameworkCore.Storage.ExecutionStrategy.<>c__DisplayClass30_0`2.<<ExecuteAsync>b__0>d.MoveNext()
--- End of stack trace from previous location ---
   at Microsoft.EntityFrameworkCore.Storage.ExecutionStrategy.ExecuteImplementationAsync[TState,TResult](Func`4 operation, Func`4 verifySucceeded, TState state, CancellationToken cancellationToken)
   at Microsoft.EntityFrameworkCore.Storage.ExecutionStrategy.ExecuteImplementationAsync[TState,TResult](Func`4 operation, Func`4 verifySucceeded, TState state, CancellationToken cancellationToken)
   at Microsoft.EntityFrameworkCore.Storage.ExecutionStrategy.ExecuteAsync[TState,TResult](TState state, Func`4 operation, Func`4 verifySucceeded, CancellationToken cancellationToken)
   at Microsoft.EntityFrameworkCore.Query.Internal.SingleQueryingEnumerable`1.AsyncEnumerator.MoveNextAsync()
ClientConnectionId:65495130-7fe9-41c7-8573-76a2c2e43407
Error Number:18456,State:1,Class:14
2025-07-31 17:01:36.862 -06:00 [INF] User profile is available. Using 'C:\Users\Pc\AppData\Local\ASP.NET\DataProtection-Keys' as key repository and Windows DPAPI to encrypt keys at rest.
2025-07-31 17:01:37.494 -06:00 [WRN] No store type was specified for the decimal property 'Total' on entity type 'Order'. This will cause values to be silently truncated if they do not fit in the default precision and scale. Explicitly specify the SQL server column type that can accommodate all the values in 'OnModelCreating' using 'HasColumnType', specify precision and scale using 'HasPrecision', or configure a value converter using 'HasConversion'.
2025-07-31 17:01:37.497 -06:00 [WRN] No store type was specified for the decimal property 'PrecioUnitario' on entity type 'OrderDetail'. This will cause values to be silently truncated if they do not fit in the default precision and scale. Explicitly specify the SQL server column type that can accommodate all the values in 'OnModelCreating' using 'HasColumnType', specify precision and scale using 'HasPrecision', or configure a value converter using 'HasConversion'.
2025-07-31 17:01:37.498 -06:00 [WRN] No store type was specified for the decimal property 'Precio' on entity type 'Product'. This will cause values to be silently truncated if they do not fit in the default precision and scale. Explicitly specify the SQL server column type that can accommodate all the values in 'OnModelCreating' using 'HasColumnType', specify precision and scale using 'HasPrecision', or configure a value converter using 'HasConversion'.
2025-07-31 17:01:38.095 -06:00 [ERR] An error occurred using the connection to database '' on server 'DESKTOP-V8HCE8P\SQLEXPRESS'.
2025-07-31 17:01:38.113 -06:00 [INF] A transient exception occurred during execution. The operation will be retried after 5000ms.
Microsoft.Data.SqlClient.SqlException (0x80131904): A connection was successfully established with the server, but then an error occurred during the login process. (provider: Shared Memory Provider, error: 0 - No hay ningún proceso en el otro extremo de la canalización.)
 ---> System.ComponentModel.Win32Exception (233): No hay ningún proceso en el otro extremo de la canalización.
   at Microsoft.Data.SqlClient.SqlInternalConnection.OnError(SqlException exception, Boolean breakConnection, Action`1 wrapCloseInAction)
   at Microsoft.Data.SqlClient.TdsParser.ThrowExceptionAndWarning(TdsParserStateObject stateObj, Boolean callerHasConnectionLock, Boolean asyncClose)
   at Microsoft.Data.SqlClient.TdsParserStateObject.ThrowExceptionAndWarning(Boolean callerHasConnectionLock, Boolean asyncClose)
   at Microsoft.Data.SqlClient.TdsParserStateObject.ReadSniError(TdsParserStateObject stateObj, UInt32 error)
   at Microsoft.Data.SqlClient.TdsParserStateObject.ReadSniSyncOverAsync()
   at Microsoft.Data.SqlClient.TdsParserStateObject.TryReadNetworkPacket()
   at Microsoft.Data.SqlClient.TdsParserStateObject.TryPrepareBuffer()
   at Microsoft.Data.SqlClient.TdsParserStateObject.TryReadByte(Byte& value)
   at Microsoft.Data.SqlClient.TdsParser.TryRun(RunBehavior runBehavior, SqlCommand cmdHandler, SqlDataReader dataStream, BulkCopySimpleResultSet bulkCopyHandler, TdsParserStateObject stateObj, Boolean& dataReady)
   at Microsoft.Data.SqlClient.TdsParser.Run(RunBehavior runBehavior, SqlCommand cmdHandler, SqlDataReader dataStream, BulkCopySimpleResultSet bulkCopyHandler, TdsParserStateObject stateObj)
   at Microsoft.Data.SqlClient.SqlInternalConnectionTds.CompleteLogin(Boolean enlistOK)
   at Microsoft.Data.SqlClient.SqlInternalConnectionTds.AttemptOneLogin(ServerInfo serverInfo, String newPassword, SecureString newSecurePassword, Boolean ignoreSniOpenTimeout, TimeoutTimer timeout, Boolean withFailover)
   at Microsoft.Data.SqlClient.SqlInternalConnectionTds.LoginNoFailover(ServerInfo serverInfo, String newPassword, SecureString newSecurePassword, Boolean redirectedUserInstance, SqlConnectionString connectionOptions, SqlCredential credential, TimeoutTimer timeout)
   at Microsoft.Data.SqlClient.SqlInternalConnectionTds.OpenLoginEnlist(TimeoutTimer timeout, SqlConnectionString connectionOptions, SqlCredential credential, String newPassword, SecureString newSecurePassword, Boolean redirectedUserInstance)
   at Microsoft.Data.SqlClient.SqlInternalConnectionTds..ctor(DbConnectionPoolIdentity identity, SqlConnectionString connectionOptions, SqlCredential credential, Object providerInfo, String newPassword, SecureString newSecurePassword, Boolean redirectedUserInstance, SqlConnectionString userConnectionOptions, SessionData reconnectSessionData, Boolean applyTransientFaultHandling, String accessToken, DbConnectionPool pool)
   at Microsoft.Data.SqlClient.SqlConnectionFactory.CreateConnection(DbConnectionOptions options, DbConnectionPoolKey poolKey, Object poolGroupProviderInfo, DbConnectionPool pool, DbConnection owningConnection, DbConnectionOptions userOptions)
   at Microsoft.Data.ProviderBase.DbConnectionFactory.CreatePooledConnection(DbConnectionPool pool, DbConnection owningObject, DbConnectionOptions options, DbConnectionPoolKey poolKey, DbConnectionOptions userOptions)
   at Microsoft.Data.ProviderBase.DbConnectionPool.CreateObject(DbConnection owningObject, DbConnectionOptions userOptions, DbConnectionInternal oldConnection)
   at Microsoft.Data.ProviderBase.DbConnectionPool.UserCreateRequest(DbConnection owningObject, DbConnectionOptions userOptions, DbConnectionInternal oldConnection)
   at Microsoft.Data.ProviderBase.DbConnectionPool.TryGetConnection(DbConnection owningObject, UInt32 waitForMultipleObjectsTimeout, Boolean allowCreate, Boolean onlyOneCheckConnection, DbConnectionOptions userOptions, DbConnectionInternal& connection)
   at Microsoft.Data.ProviderBase.DbConnectionPool.WaitForPendingOpen()
--- End of stack trace from previous location ---
   at Microsoft.EntityFrameworkCore.Storage.RelationalConnection.OpenInternalAsync(Boolean errorsExpected, CancellationToken cancellationToken)
   at Microsoft.EntityFrameworkCore.Storage.RelationalConnection.OpenInternalAsync(Boolean errorsExpected, CancellationToken cancellationToken)
   at Microsoft.EntityFrameworkCore.Storage.RelationalConnection.OpenAsync(CancellationToken cancellationToken, Boolean errorsExpected)
   at Microsoft.EntityFrameworkCore.Storage.RelationalCommand.ExecuteReaderAsync(RelationalCommandParameterObject parameterObject, CancellationToken cancellationToken)
   at Microsoft.EntityFrameworkCore.Query.Internal.SingleQueryingEnumerable`1.AsyncEnumerator.InitializeReaderAsync(AsyncEnumerator enumerator, CancellationToken cancellationToken)
   at Microsoft.EntityFrameworkCore.Storage.ExecutionStrategy.<>c__DisplayClass30_0`2.<<ExecuteAsync>b__0>d.MoveNext()
--- End of stack trace from previous location ---
   at Microsoft.EntityFrameworkCore.Storage.ExecutionStrategy.ExecuteImplementationAsync[TState,TResult](Func`4 operation, Func`4 verifySucceeded, TState state, CancellationToken cancellationToken)
ClientConnectionId:40ab25e9-8004-4ca9-8220-35245eb81a29
Error Number:233,State:0,Class:20
Microsoft.Data.SqlClient.SqlException (0x80131904): A connection was successfully established with the server, but then an error occurred during the login process. (provider: Shared Memory Provider, error: 0 - No hay ningún proceso en el otro extremo de la canalización.)
 ---> System.ComponentModel.Win32Exception (233): No hay ningún proceso en el otro extremo de la canalización.
   at Microsoft.Data.SqlClient.SqlInternalConnection.OnError(SqlException exception, Boolean breakConnection, Action`1 wrapCloseInAction)
   at Microsoft.Data.SqlClient.TdsParser.ThrowExceptionAndWarning(TdsParserStateObject stateObj, Boolean callerHasConnectionLock, Boolean asyncClose)
   at Microsoft.Data.SqlClient.TdsParserStateObject.ThrowExceptionAndWarning(Boolean callerHasConnectionLock, Boolean asyncClose)
   at Microsoft.Data.SqlClient.TdsParserStateObject.ReadSniError(TdsParserStateObject stateObj, UInt32 error)
   at Microsoft.Data.SqlClient.TdsParserStateObject.ReadSniSyncOverAsync()
   at Microsoft.Data.SqlClient.TdsParserStateObject.TryReadNetworkPacket()
   at Microsoft.Data.SqlClient.TdsParserStateObject.TryPrepareBuffer()
   at Microsoft.Data.SqlClient.TdsParserStateObject.TryReadByte(Byte& value)
   at Microsoft.Data.SqlClient.TdsParser.TryRun(RunBehavior runBehavior, SqlCommand cmdHandler, SqlDataReader dataStream, BulkCopySimpleResultSet bulkCopyHandler, TdsParserStateObject stateObj, Boolean& dataReady)
   at Microsoft.Data.SqlClient.TdsParser.Run(RunBehavior runBehavior, SqlCommand cmdHandler, SqlDataReader dataStream, BulkCopySimpleResultSet bulkCopyHandler, TdsParserStateObject stateObj)
   at Microsoft.Data.SqlClient.SqlInternalConnectionTds.CompleteLogin(Boolean enlistOK)
   at Microsoft.Data.SqlClient.SqlInternalConnectionTds.AttemptOneLogin(ServerInfo serverInfo, String newPassword, SecureString newSecurePassword, Boolean ignoreSniOpenTimeout, TimeoutTimer timeout, Boolean withFailover)
   at Microsoft.Data.SqlClient.SqlInternalConnectionTds.LoginNoFailover(ServerInfo serverInfo, String newPassword, SecureString newSecurePassword, Boolean redirectedUserInstance, SqlConnectionString connectionOptions, SqlCredential credential, TimeoutTimer timeout)
   at Microsoft.Data.SqlClient.SqlInternalConnectionTds.OpenLoginEnlist(TimeoutTimer timeout, SqlConnectionString connectionOptions, SqlCredential credential, String newPassword, SecureString newSecurePassword, Boolean redirectedUserInstance)
   at Microsoft.Data.SqlClient.SqlInternalConnectionTds..ctor(DbConnectionPoolIdentity identity, SqlConnectionString connectionOptions, SqlCredential credential, Object providerInfo, String newPassword, SecureString newSecurePassword, Boolean redirectedUserInstance, SqlConnectionString userConnectionOptions, SessionData reconnectSessionData, Boolean applyTransientFaultHandling, String accessToken, DbConnectionPool pool)
   at Microsoft.Data.SqlClient.SqlConnectionFactory.CreateConnection(DbConnectionOptions options, DbConnectionPoolKey poolKey, Object poolGroupProviderInfo, DbConnectionPool pool, DbConnection owningConnection, DbConnectionOptions userOptions)
   at Microsoft.Data.ProviderBase.DbConnectionFactory.CreatePooledConnection(DbConnectionPool pool, DbConnection owningObject, DbConnectionOptions options, DbConnectionPoolKey poolKey, DbConnectionOptions userOptions)
   at Microsoft.Data.ProviderBase.DbConnectionPool.CreateObject(DbConnection owningObject, DbConnectionOptions userOptions, DbConnectionInternal oldConnection)
   at Microsoft.Data.ProviderBase.DbConnectionPool.UserCreateRequest(DbConnection owningObject, DbConnectionOptions userOptions, DbConnectionInternal oldConnection)
   at Microsoft.Data.ProviderBase.DbConnectionPool.TryGetConnection(DbConnection owningObject, UInt32 waitForMultipleObjectsTimeout, Boolean allowCreate, Boolean onlyOneCheckConnection, DbConnectionOptions userOptions, DbConnectionInternal& connection)
   at Microsoft.Data.ProviderBase.DbConnectionPool.WaitForPendingOpen()
--- End of stack trace from previous location ---
   at Microsoft.EntityFrameworkCore.Storage.RelationalConnection.OpenInternalAsync(Boolean errorsExpected, CancellationToken cancellationToken)
   at Microsoft.EntityFrameworkCore.Storage.RelationalConnection.OpenInternalAsync(Boolean errorsExpected, CancellationToken cancellationToken)
   at Microsoft.EntityFrameworkCore.Storage.RelationalConnection.OpenAsync(CancellationToken cancellationToken, Boolean errorsExpected)
   at Microsoft.EntityFrameworkCore.Storage.RelationalCommand.ExecuteReaderAsync(RelationalCommandParameterObject parameterObject, CancellationToken cancellationToken)
   at Microsoft.EntityFrameworkCore.Query.Internal.SingleQueryingEnumerable`1.AsyncEnumerator.InitializeReaderAsync(AsyncEnumerator enumerator, CancellationToken cancellationToken)
   at Microsoft.EntityFrameworkCore.Storage.ExecutionStrategy.<>c__DisplayClass30_0`2.<<ExecuteAsync>b__0>d.MoveNext()
--- End of stack trace from previous location ---
   at Microsoft.EntityFrameworkCore.Storage.ExecutionStrategy.ExecuteImplementationAsync[TState,TResult](Func`4 operation, Func`4 verifySucceeded, TState state, CancellationToken cancellationToken)
ClientConnectionId:40ab25e9-8004-4ca9-8220-35245eb81a29
Error Number:233,State:0,Class:20
2025-07-31 17:01:43.204 -06:00 [ERR] An error occurred using the connection to database '' on server 'DESKTOP-V8HCE8P\SQLEXPRESS'.
2025-07-31 17:01:43.223 -06:00 [ERR] An exception occurred while iterating over the results of a query for context type 'PaginaBizu.Data.AppDbContext'.
Microsoft.Data.SqlClient.SqlException (0x80131904): Login failed for user ''.
   at Microsoft.Data.SqlClient.SqlInternalConnection.OnError(SqlException exception, Boolean breakConnection, Action`1 wrapCloseInAction)
   at Microsoft.Data.SqlClient.TdsParser.ThrowExceptionAndWarning(TdsParserStateObject stateObj, Boolean callerHasConnectionLock, Boolean asyncClose)
   at Microsoft.Data.SqlClient.TdsParser.TryRun(RunBehavior runBehavior, SqlCommand cmdHandler, SqlDataReader dataStream, BulkCopySimpleResultSet bulkCopyHandler, TdsParserStateObject stateObj, Boolean& dataReady)
   at Microsoft.Data.SqlClient.TdsParser.Run(RunBehavior runBehavior, SqlCommand cmdHandler, SqlDataReader dataStream, BulkCopySimpleResultSet bulkCopyHandler, TdsParserStateObject stateObj)
   at Microsoft.Data.SqlClient.SqlInternalConnectionTds.CompleteLogin(Boolean enlistOK)
   at Microsoft.Data.SqlClient.SqlInternalConnectionTds.AttemptOneLogin(ServerInfo serverInfo, String newPassword, SecureString newSecurePassword, Boolean ignoreSniOpenTimeout, TimeoutTimer timeout, Boolean withFailover)
   at Microsoft.Data.SqlClient.SqlInternalConnectionTds.LoginNoFailover(ServerInfo serverInfo, String newPassword, SecureString newSecurePassword, Boolean redirectedUserInstance, SqlConnectionString connectionOptions, SqlCredential credential, TimeoutTimer timeout)
   at Microsoft.Data.SqlClient.SqlInternalConnectionTds.OpenLoginEnlist(TimeoutTimer timeout, SqlConnectionString connectionOptions, SqlCredential credential, String newPassword, SecureString newSecurePassword, Boolean redirectedUserInstance)
   at Microsoft.Data.SqlClient.SqlInternalConnectionTds..ctor(DbConnectionPoolIdentity identity, SqlConnectionString connectionOptions, SqlCredential credential, Object providerInfo, String newPassword, SecureString newSecurePassword, Boolean redirectedUserInstance, SqlConnectionString userConnectionOptions, SessionData reconnectSessionData, Boolean applyTransientFaultHandling, String accessToken, DbConnectionPool pool)
   at Microsoft.Data.SqlClient.SqlConnectionFactory.CreateConnection(DbConnectionOptions options, DbConnectionPoolKey poolKey, Object poolGroupProviderInfo, DbConnectionPool pool, DbConnection owningConnection, DbConnectionOptions userOptions)
   at Microsoft.Data.ProviderBase.DbConnectionFactory.CreatePooledConnection(DbConnectionPool pool, DbConnection owningObject, DbConnectionOptions options, DbConnectionPoolKey poolKey, DbConnectionOptions userOptions)
   at Microsoft.Data.ProviderBase.DbConnectionPool.CreateObject(DbConnection owningObject, DbConnectionOptions userOptions, DbConnectionInternal oldConnection)
   at Microsoft.Data.ProviderBase.DbConnectionPool.UserCreateRequest(DbConnection owningObject, DbConnectionOptions userOptions, DbConnectionInternal oldConnection)
   at Microsoft.Data.ProviderBase.DbConnectionPool.TryGetConnection(DbConnection owningObject, UInt32 waitForMultipleObjectsTimeout, Boolean allowCreate, Boolean onlyOneCheckConnection, DbConnectionOptions userOptions, DbConnectionInternal& connection)
   at Microsoft.Data.ProviderBase.DbConnectionPool.WaitForPendingOpen()
--- End of stack trace from previous location ---
   at Microsoft.EntityFrameworkCore.Storage.RelationalConnection.OpenInternalAsync(Boolean errorsExpected, CancellationToken cancellationToken)
   at Microsoft.EntityFrameworkCore.Storage.RelationalConnection.OpenInternalAsync(Boolean errorsExpected, CancellationToken cancellationToken)
   at Microsoft.EntityFrameworkCore.Storage.RelationalConnection.OpenAsync(CancellationToken cancellationToken, Boolean errorsExpected)
   at Microsoft.EntityFrameworkCore.Storage.RelationalCommand.ExecuteReaderAsync(RelationalCommandParameterObject parameterObject, CancellationToken cancellationToken)
   at Microsoft.EntityFrameworkCore.Query.Internal.SingleQueryingEnumerable`1.AsyncEnumerator.InitializeReaderAsync(AsyncEnumerator enumerator, CancellationToken cancellationToken)
   at Microsoft.EntityFrameworkCore.Storage.ExecutionStrategy.<>c__DisplayClass30_0`2.<<ExecuteAsync>b__0>d.MoveNext()
--- End of stack trace from previous location ---
   at Microsoft.EntityFrameworkCore.Storage.ExecutionStrategy.ExecuteImplementationAsync[TState,TResult](Func`4 operation, Func`4 verifySucceeded, TState state, CancellationToken cancellationToken)
   at Microsoft.EntityFrameworkCore.Storage.ExecutionStrategy.ExecuteImplementationAsync[TState,TResult](Func`4 operation, Func`4 verifySucceeded, TState state, CancellationToken cancellationToken)
   at Microsoft.EntityFrameworkCore.Storage.ExecutionStrategy.ExecuteAsync[TState,TResult](TState state, Func`4 operation, Func`4 verifySucceeded, CancellationToken cancellationToken)
   at Microsoft.EntityFrameworkCore.Query.Internal.SingleQueryingEnumerable`1.AsyncEnumerator.MoveNextAsync()
ClientConnectionId:1071ac54-242d-41af-9960-7d64e76f269c
Error Number:18456,State:1,Class:14
Microsoft.Data.SqlClient.SqlException (0x80131904): Login failed for user ''.
   at Microsoft.Data.SqlClient.SqlInternalConnection.OnError(SqlException exception, Boolean breakConnection, Action`1 wrapCloseInAction)
   at Microsoft.Data.SqlClient.TdsParser.ThrowExceptionAndWarning(TdsParserStateObject stateObj, Boolean callerHasConnectionLock, Boolean asyncClose)
   at Microsoft.Data.SqlClient.TdsParser.TryRun(RunBehavior runBehavior, SqlCommand cmdHandler, SqlDataReader dataStream, BulkCopySimpleResultSet bulkCopyHandler, TdsParserStateObject stateObj, Boolean& dataReady)
   at Microsoft.Data.SqlClient.TdsParser.Run(RunBehavior runBehavior, SqlCommand cmdHandler, SqlDataReader dataStream, BulkCopySimpleResultSet bulkCopyHandler, TdsParserStateObject stateObj)
   at Microsoft.Data.SqlClient.SqlInternalConnectionTds.CompleteLogin(Boolean enlistOK)
   at Microsoft.Data.SqlClient.SqlInternalConnectionTds.AttemptOneLogin(ServerInfo serverInfo, String newPassword, SecureString newSecurePassword, Boolean ignoreSniOpenTimeout, TimeoutTimer timeout, Boolean withFailover)
   at Microsoft.Data.SqlClient.SqlInternalConnectionTds.LoginNoFailover(ServerInfo serverInfo, String newPassword, SecureString newSecurePassword, Boolean redirectedUserInstance, SqlConnectionString connectionOptions, SqlCredential credential, TimeoutTimer timeout)
   at Microsoft.Data.SqlClient.SqlInternalConnectionTds.OpenLoginEnlist(TimeoutTimer timeout, SqlConnectionString connectionOptions, SqlCredential credential, String newPassword, SecureString newSecurePassword, Boolean redirectedUserInstance)
   at Microsoft.Data.SqlClient.SqlInternalConnectionTds..ctor(DbConnectionPoolIdentity identity, SqlConnectionString connectionOptions, SqlCredential credential, Object providerInfo, String newPassword, SecureString newSecurePassword, Boolean redirectedUserInstance, SqlConnectionString userConnectionOptions, SessionData reconnectSessionData, Boolean applyTransientFaultHandling, String accessToken, DbConnectionPool pool)
   at Microsoft.Data.SqlClient.SqlConnectionFactory.CreateConnection(DbConnectionOptions options, DbConnectionPoolKey poolKey, Object poolGroupProviderInfo, DbConnectionPool pool, DbConnection owningConnection, DbConnectionOptions userOptions)
   at Microsoft.Data.ProviderBase.DbConnectionFactory.CreatePooledConnection(DbConnectionPool pool, DbConnection owningObject, DbConnectionOptions options, DbConnectionPoolKey poolKey, DbConnectionOptions userOptions)
   at Microsoft.Data.ProviderBase.DbConnectionPool.CreateObject(DbConnection owningObject, DbConnectionOptions userOptions, DbConnectionInternal oldConnection)
   at Microsoft.Data.ProviderBase.DbConnectionPool.UserCreateRequest(DbConnection owningObject, DbConnectionOptions userOptions, DbConnectionInternal oldConnection)
   at Microsoft.Data.ProviderBase.DbConnectionPool.TryGetConnection(DbConnection owningObject, UInt32 waitForMultipleObjectsTimeout, Boolean allowCreate, Boolean onlyOneCheckConnection, DbConnectionOptions userOptions, DbConnectionInternal& connection)
   at Microsoft.Data.ProviderBase.DbConnectionPool.WaitForPendingOpen()
--- End of stack trace from previous location ---
   at Microsoft.EntityFrameworkCore.Storage.RelationalConnection.OpenInternalAsync(Boolean errorsExpected, CancellationToken cancellationToken)
   at Microsoft.EntityFrameworkCore.Storage.RelationalConnection.OpenInternalAsync(Boolean errorsExpected, CancellationToken cancellationToken)
   at Microsoft.EntityFrameworkCore.Storage.RelationalConnection.OpenAsync(CancellationToken cancellationToken, Boolean errorsExpected)
   at Microsoft.EntityFrameworkCore.Storage.RelationalCommand.ExecuteReaderAsync(RelationalCommandParameterObject parameterObject, CancellationToken cancellationToken)
   at Microsoft.EntityFrameworkCore.Query.Internal.SingleQueryingEnumerable`1.AsyncEnumerator.InitializeReaderAsync(AsyncEnumerator enumerator, CancellationToken cancellationToken)
   at Microsoft.EntityFrameworkCore.Storage.ExecutionStrategy.<>c__DisplayClass30_0`2.<<ExecuteAsync>b__0>d.MoveNext()
--- End of stack trace from previous location ---
   at Microsoft.EntityFrameworkCore.Storage.ExecutionStrategy.ExecuteImplementationAsync[TState,TResult](Func`4 operation, Func`4 verifySucceeded, TState state, CancellationToken cancellationToken)
   at Microsoft.EntityFrameworkCore.Storage.ExecutionStrategy.ExecuteImplementationAsync[TState,TResult](Func`4 operation, Func`4 verifySucceeded, TState state, CancellationToken cancellationToken)
   at Microsoft.EntityFrameworkCore.Storage.ExecutionStrategy.ExecuteAsync[TState,TResult](TState state, Func`4 operation, Func`4 verifySucceeded, CancellationToken cancellationToken)
   at Microsoft.EntityFrameworkCore.Query.Internal.SingleQueryingEnumerable`1.AsyncEnumerator.MoveNextAsync()
ClientConnectionId:1071ac54-242d-41af-9960-7d64e76f269c
Error Number:18456,State:1,Class:14
2025-07-31 17:05:52.774 -06:00 [INF] User profile is available. Using 'C:\Users\Pc\AppData\Local\ASP.NET\DataProtection-Keys' as key repository and Windows DPAPI to encrypt keys at rest.
2025-07-31 17:05:53.255 -06:00 [WRN] No store type was specified for the decimal property 'Total' on entity type 'Order'. This will cause values to be silently truncated if they do not fit in the default precision and scale. Explicitly specify the SQL server column type that can accommodate all the values in 'OnModelCreating' using 'HasColumnType', specify precision and scale using 'HasPrecision', or configure a value converter using 'HasConversion'.
2025-07-31 17:05:53.258 -06:00 [WRN] No store type was specified for the decimal property 'PrecioUnitario' on entity type 'OrderDetail'. This will cause values to be silently truncated if they do not fit in the default precision and scale. Explicitly specify the SQL server column type that can accommodate all the values in 'OnModelCreating' using 'HasColumnType', specify precision and scale using 'HasPrecision', or configure a value converter using 'HasConversion'.
2025-07-31 17:05:53.260 -06:00 [WRN] No store type was specified for the decimal property 'Precio' on entity type 'Product'. This will cause values to be silently truncated if they do not fit in the default precision and scale. Explicitly specify the SQL server column type that can accommodate all the values in 'OnModelCreating' using 'HasColumnType', specify precision and scale using 'HasPrecision', or configure a value converter using 'HasConversion'.
2025-07-31 17:05:53.939 -06:00 [INF] Executed DbCommand (85ms) [Parameters=[@__normalizedName_0='?' (Size = 256)], CommandType='"Text"', CommandTimeout='30']
SELECT TOP(1) [a].[Id], [a].[ConcurrencyStamp], [a].[Name], [a].[NormalizedName]
FROM [AspNetRoles] AS [a]
WHERE [a].[NormalizedName] = @__normalizedName_0
2025-07-31 17:05:54.047 -06:00 [INF] Executed DbCommand (7ms) [Parameters=[@__normalizedEmail_0='?' (Size = 256)], CommandType='"Text"', CommandTimeout='30']
SELECT TOP(2) [a].[Id], [a].[AccessFailedCount], [a].[ConcurrencyStamp], [a].[Email], [a].[EmailConfirmed], [a].[LockoutEnabled], [a].[LockoutEnd], [a].[NormalizedEmail], [a].[NormalizedUserName], [a].[PasswordHash], [a].[PhoneNumber], [a].[PhoneNumberConfirmed], [a].[SecurityStamp], [a].[TwoFactorEnabled], [a].[UserName]
FROM [AspNetUsers] AS [a]
WHERE [a].[NormalizedEmail] = @__normalizedEmail_0
2025-07-31 17:05:54.101 -06:00 [INF] Executed DbCommand (3ms) [Parameters=[@__normalizedRoleName_0='?' (Size = 256)], CommandType='"Text"', CommandTimeout='30']
SELECT TOP(2) [a].[Id], [a].[ConcurrencyStamp], [a].[Name], [a].[NormalizedName]
FROM [AspNetRoles] AS [a]
WHERE [a].[NormalizedName] = @__normalizedRoleName_0
2025-07-31 17:05:54.140 -06:00 [INF] Executed DbCommand (3ms) [Parameters=[@__p_0='?' (Size = 450), @__p_1='?' (Size = 450)], CommandType='"Text"', CommandTimeout='30']
SELECT TOP(1) [a].[UserId], [a].[RoleId]
FROM [AspNetUserRoles] AS [a]
WHERE [a].[UserId] = @__p_0 AND [a].[RoleId] = @__p_1
2025-07-31 17:05:54.160 -06:00 [INF] Executed DbCommand (1ms) [Parameters=[@__normalizedEmail_0='?' (Size = 256)], CommandType='"Text"', CommandTimeout='30']
SELECT TOP(2) [a].[Id], [a].[AccessFailedCount], [a].[ConcurrencyStamp], [a].[Email], [a].[EmailConfirmed], [a].[LockoutEnabled], [a].[LockoutEnd], [a].[NormalizedEmail], [a].[NormalizedUserName], [a].[PasswordHash], [a].[PhoneNumber], [a].[PhoneNumberConfirmed], [a].[SecurityStamp], [a].[TwoFactorEnabled], [a].[UserName]
FROM [AspNetUsers] AS [a]
WHERE [a].[NormalizedEmail] = @__normalizedEmail_0
2025-07-31 17:05:54.170 -06:00 [INF] Executed DbCommand (1ms) [Parameters=[@__normalizedRoleName_0='?' (Size = 256)], CommandType='"Text"', CommandTimeout='30']
SELECT TOP(2) [a].[Id], [a].[ConcurrencyStamp], [a].[Name], [a].[NormalizedName]
FROM [AspNetRoles] AS [a]
WHERE [a].[NormalizedName] = @__normalizedRoleName_0
2025-07-31 17:05:54.175 -06:00 [INF] Executed DbCommand (1ms) [Parameters=[@__p_0='?' (Size = 450), @__p_1='?' (Size = 450)], CommandType='"Text"', CommandTimeout='30']
SELECT TOP(1) [a].[UserId], [a].[RoleId]
FROM [AspNetUserRoles] AS [a]
WHERE [a].[UserId] = @__p_0 AND [a].[RoleId] = @__p_1
2025-07-31 17:05:54.181 -06:00 [INF] Executed DbCommand (1ms) [Parameters=[@__normalizedEmail_0='?' (Size = 256)], CommandType='"Text"', CommandTimeout='30']
SELECT TOP(2) [a].[Id], [a].[AccessFailedCount], [a].[ConcurrencyStamp], [a].[Email], [a].[EmailConfirmed], [a].[LockoutEnabled], [a].[LockoutEnd], [a].[NormalizedEmail], [a].[NormalizedUserName], [a].[PasswordHash], [a].[PhoneNumber], [a].[PhoneNumberConfirmed], [a].[SecurityStamp], [a].[TwoFactorEnabled], [a].[UserName]
FROM [AspNetUsers] AS [a]
WHERE [a].[NormalizedEmail] = @__normalizedEmail_0
2025-07-31 17:05:54.187 -06:00 [INF] Executed DbCommand (1ms) [Parameters=[@__normalizedRoleName_0='?' (Size = 256)], CommandType='"Text"', CommandTimeout='30']
SELECT TOP(2) [a].[Id], [a].[ConcurrencyStamp], [a].[Name], [a].[NormalizedName]
FROM [AspNetRoles] AS [a]
WHERE [a].[NormalizedName] = @__normalizedRoleName_0
2025-07-31 17:05:54.191 -06:00 [INF] Executed DbCommand (1ms) [Parameters=[@__p_0='?' (Size = 450), @__p_1='?' (Size = 450)], CommandType='"Text"', CommandTimeout='30']
SELECT TOP(1) [a].[UserId], [a].[RoleId]
FROM [AspNetUserRoles] AS [a]
WHERE [a].[UserId] = @__p_0 AND [a].[RoleId] = @__p_1
2025-07-31 17:05:54.811 -06:00 [INF] Now listening on: http://localhost:5116
2025-07-31 17:05:55.114 -06:00 [INF] Application started. Press Ctrl+C to shut down.
2025-07-31 17:05:55.116 -06:00 [INF] Hosting environment: Development
2025-07-31 17:05:55.117 -06:00 [INF] Content root path: C:\Users\Pc\Source\Repos\ProyectoAnalisisDeSistemas2\PaginaBizu
2025-07-31 17:05:55.473 -06:00 [INF] Request starting HTTP/1.1 GET http://localhost:5116/ - null null
2025-07-31 17:05:55.688 -06:00 [WRN] Failed to determine the https port for redirect.
2025-07-31 17:05:55.737 -06:00 [INF] Executing endpoint 'PaginaBizu.Controllers.HomeController.Index (PaginaBizu)'
2025-07-31 17:05:55.758 -06:00 [INF] Route matched with {action = "Index", controller = "Home", page = "", area = ""}. Executing controller action with signature Microsoft.AspNetCore.Mvc.IActionResult Index() on controller PaginaBizu.Controllers.HomeController (PaginaBizu).
2025-07-31 17:05:55.771 -06:00 [INF] ➡️ Acción ejecutándose: Home/Index | Usuario: No autenticado | IP: ::1 | Hora: "2025-07-31T17:05:55.7708375-06:00"
2025-07-31 17:05:55.777 -06:00 [INF] ✅ Acción ejecutada: Home/Index | Hora: "2025-07-31T17:05:55.7770887-06:00"
2025-07-31 17:05:55.791 -06:00 [INF] Executing ViewResult, running view Index.
2025-07-31 17:05:55.914 -06:00 [INF] Executed ViewResult - view Index executed in 129.129ms.
2025-07-31 17:05:55.918 -06:00 [INF] Executed action PaginaBizu.Controllers.HomeController.Index (PaginaBizu) in 155.4224ms
2025-07-31 17:05:55.919 -06:00 [INF] Executed endpoint 'PaginaBizu.Controllers.HomeController.Index (PaginaBizu)'
2025-07-31 17:05:55.923 -06:00 [INF] Request starting HTTP/1.1 GET http://localhost:5116/css/style.css - null null
2025-07-31 17:05:55.925 -06:00 [INF] Request starting HTTP/1.1 GET http://localhost:5116/assets/css/vanilla-zoom.min.css - null null
2025-07-31 17:05:55.925 -06:00 [INF] Request starting HTTP/1.1 GET http://localhost:5116/assets/bootstrap/css/bootstrap.min.css - null null
2025-07-31 17:05:55.928 -06:00 [INF] Request starting HTTP/1.1 GET http://localhost:5116/assets/fonts/simple-line-icons.min.css - null null
2025-07-31 17:05:55.937 -06:00 [INF] Request starting HTTP/1.1 GET http://localhost:5116/assets/css/baguetteBox.min.css - null null
2025-07-31 17:05:55.968 -06:00 [INF] Request finished HTTP/1.1 GET http://localhost:5116/ - 200 null text/html; charset=utf-8 517.3284ms
2025-07-31 17:05:55.981 -06:00 [INF] Request starting HTTP/1.1 GET http://localhost:5116/css/glow-form.css - null null
2025-07-31 17:05:56.008 -06:00 [INF] Sending file. Request path: '/assets/bootstrap/css/bootstrap.min.css'. Physical path: 'C:\Users\Pc\Source\Repos\ProyectoAnalisisDeSistemas2\PaginaBizu\wwwroot\assets\bootstrap\css\bootstrap.min.css'
2025-07-31 17:05:56.008 -06:00 [INF] Sending file. Request path: '/assets/css/vanilla-zoom.min.css'. Physical path: 'C:\Users\Pc\Source\Repos\ProyectoAnalisisDeSistemas2\PaginaBizu\wwwroot\assets\css\vanilla-zoom.min.css'
2025-07-31 17:05:56.014 -06:00 [INF] Request finished HTTP/1.1 GET http://localhost:5116/assets/css/vanilla-zoom.min.css - 200 629 text/css 88.7841ms
2025-07-31 17:05:56.009 -06:00 [INF] Sending file. Request path: '/assets/fonts/simple-line-icons.min.css'. Physical path: 'C:\Users\Pc\Source\Repos\ProyectoAnalisisDeSistemas2\PaginaBizu\wwwroot\assets\fonts\simple-line-icons.min.css'
2025-07-31 17:05:56.014 -06:00 [INF] Request finished HTTP/1.1 GET http://localhost:5116/assets/bootstrap/css/bootstrap.min.css - 200 224084 text/css 88.784ms
2025-07-31 17:05:56.008 -06:00 [INF] Sending file. Request path: '/assets/css/baguetteBox.min.css'. Physical path: 'C:\Users\Pc\Source\Repos\ProyectoAnalisisDeSistemas2\PaginaBizu\wwwroot\assets\css\baguetteBox.min.css'
2025-07-31 17:05:56.019 -06:00 [INF] Sending file. Request path: '/css/glow-form.css'. Physical path: 'C:\Users\Pc\Source\Repos\ProyectoAnalisisDeSistemas2\PaginaBizu\wwwroot\css\glow-form.css'
2025-07-31 17:05:56.019 -06:00 [INF] Sending file. Request path: '/css/style.css'. Physical path: 'C:\Users\Pc\Source\Repos\ProyectoAnalisisDeSistemas2\PaginaBizu\wwwroot\css\style.css'
2025-07-31 17:05:56.019 -06:00 [INF] Request starting HTTP/1.1 GET http://localhost:5116/assets/img/scenery/61-HMICpUTL._AC_UY1000_.jpg - null null
2025-07-31 17:05:56.020 -06:00 [INF] Request finished HTTP/1.1 GET http://localhost:5116/assets/fonts/simple-line-icons.min.css - 200 10943 text/css 92.4091ms
2025-07-31 17:05:56.027 -06:00 [INF] Request starting HTTP/1.1 GET http://localhost:5116/assets/img/scenery/09a84a043cf1b58d59b0e39a12c60491.jpg - null null
2025-07-31 17:05:56.029 -06:00 [INF] Request finished HTTP/1.1 GET http://localhost:5116/assets/css/baguetteBox.min.css - 200 3807 text/css 92.1505ms
2025-07-31 17:05:56.033 -06:00 [INF] Request finished HTTP/1.1 GET http://localhost:5116/css/glow-form.css - 200 3488 text/css 51.9673ms
2025-07-31 17:05:56.048 -06:00 [INF] Request starting HTTP/1.1 GET http://localhost:5116/assets/img/scenery/pulsera-aine-stone-gold.jpg - null null
2025-07-31 17:05:56.036 -06:00 [INF] Request finished HTTP/1.1 GET http://localhost:5116/css/style.css - 200 1348 text/css 113.3672ms
2025-07-31 17:05:56.055 -06:00 [INF] Sending file. Request path: '/assets/img/scenery/61-HMICpUTL._AC_UY1000_.jpg'. Physical path: 'C:\Users\Pc\Source\Repos\ProyectoAnalisisDeSistemas2\PaginaBizu\wwwroot\assets\img\scenery\61-HMICpUTL._AC_UY1000_.jpg'
2025-07-31 17:05:56.061 -06:00 [INF] Request starting HTTP/1.1 GET http://localhost:5116/assets/img/scenery/il_570xN.2179198790_o9bo.jpeg - null null
2025-07-31 17:05:56.057 -06:00 [INF] Request starting HTTP/1.1 GET http://localhost:5116/assets/img/scenery/66824523eb89f54aaf11e243-gold-bracelets-for-women-18k-gold-plated.jpg - null null
2025-07-31 17:05:56.067 -06:00 [INF] Sending file. Request path: '/assets/img/scenery/09a84a043cf1b58d59b0e39a12c60491.jpg'. Physical path: 'C:\Users\Pc\Source\Repos\ProyectoAnalisisDeSistemas2\PaginaBizu\wwwroot\assets\img\scenery\09a84a043cf1b58d59b0e39a12c60491.jpg'
2025-07-31 17:05:56.083 -06:00 [INF] Request finished HTTP/1.1 GET http://localhost:5116/assets/img/scenery/09a84a043cf1b58d59b0e39a12c60491.jpg - 200 6897 image/jpeg 56.6409ms
2025-07-31 17:05:56.068 -06:00 [INF] Request starting HTTP/1.1 GET http://localhost:5116/assets/js/baguetteBox.min.js - null null
2025-07-31 17:05:56.083 -06:00 [INF] Sending file. Request path: '/assets/img/scenery/pulsera-aine-stone-gold.jpg'. Physical path: 'C:\Users\Pc\Source\Repos\ProyectoAnalisisDeSistemas2\PaginaBizu\wwwroot\assets\img\scenery\pulsera-aine-stone-gold.jpg'
2025-07-31 17:05:56.098 -06:00 [INF] Request finished HTTP/1.1 GET http://localhost:5116/assets/img/scenery/pulsera-aine-stone-gold.jpg - 200 22089 image/jpeg 50.451ms
2025-07-31 17:05:56.074 -06:00 [INF] Request finished HTTP/1.1 GET http://localhost:5116/assets/img/scenery/61-HMICpUTL._AC_UY1000_.jpg - 200 99591 image/jpeg 54.7325ms
2025-07-31 17:05:56.096 -06:00 [INF] Sending file. Request path: '/assets/img/scenery/il_570xN.2179198790_o9bo.jpeg'. Physical path: 'C:\Users\Pc\Source\Repos\ProyectoAnalisisDeSistemas2\PaginaBizu\wwwroot\assets\img\scenery\il_570xN.2179198790_o9bo.jpeg'
2025-07-31 17:05:56.091 -06:00 [INF] Request starting HTTP/1.1 GET http://localhost:5116/assets/js/vanilla-zoom.js - null null
2025-07-31 17:05:56.100 -06:00 [INF] Sending file. Request path: '/assets/img/scenery/66824523eb89f54aaf11e243-gold-bracelets-for-women-18k-gold-plated.jpg'. Physical path: 'C:\Users\Pc\Source\Repos\ProyectoAnalisisDeSistemas2\PaginaBizu\wwwroot\assets\img\scenery\66824523eb89f54aaf11e243-gold-bracelets-for-women-18k-gold-plated.jpg'
2025-07-31 17:05:56.105 -06:00 [INF] Request starting HTTP/1.1 GET http://localhost:5116/assets/js/theme.js - null null
2025-07-31 17:05:56.109 -06:00 [INF] Request starting HTTP/1.1 GET http://localhost:5116/css/tailwindcss - null null
2025-07-31 17:05:56.111 -06:00 [INF] Request finished HTTP/1.1 GET http://localhost:5116/assets/img/scenery/il_570xN.2179198790_o9bo.jpeg - 200 16880 image/jpeg 49.8785ms
2025-07-31 17:05:56.120 -06:00 [INF] Request finished HTTP/1.1 GET http://localhost:5116/assets/img/scenery/66824523eb89f54aaf11e243-gold-bracelets-for-women-18k-gold-plated.jpg - 200 44054 image/jpeg 63.3037ms
2025-07-31 17:05:56.143 -06:00 [INF] Request starting HTTP/1.1 GET http://localhost:5116/assets/img/scenery/17001222879e9360ad6ad00d7ff0a6b62437cfbf97_thumbnail_720x.jpg - null null
2025-07-31 17:05:56.136 -06:00 [INF] Request finished HTTP/1.1 GET http://localhost:5116/css/tailwindcss - 404 0 null 27.4435ms
2025-07-31 17:05:56.138 -06:00 [INF] Request starting HTTP/1.1 GET http://localhost:5116/_framework/aspnetcore-browser-refresh.js - null null
2025-07-31 17:05:56.155 -06:00 [INF] Sending file. Request path: '/assets/js/vanilla-zoom.js'. Physical path: 'C:\Users\Pc\Source\Repos\ProyectoAnalisisDeSistemas2\PaginaBizu\wwwroot\assets\js\vanilla-zoom.js'
2025-07-31 17:05:56.162 -06:00 [INF] Request finished HTTP/1.1 GET http://localhost:5116/assets/js/vanilla-zoom.js - 200 3712 text/javascript 70.9204ms
2025-07-31 17:05:56.156 -06:00 [INF] Request reached the end of the middleware pipeline without being handled by application code. Request path: GET http://localhost:5116/css/tailwindcss, Response status code: 404
2025-07-31 17:05:56.162 -06:00 [INF] Request finished HTTP/1.1 GET http://localhost:5116/_framework/aspnetcore-browser-refresh.js - 200 16505 application/javascript; charset=utf-8 23.4115ms
2025-07-31 17:05:56.158 -06:00 [INF] Sending file. Request path: '/assets/js/theme.js'. Physical path: 'C:\Users\Pc\Source\Repos\ProyectoAnalisisDeSistemas2\PaginaBizu\wwwroot\assets\js\theme.js'
2025-07-31 17:05:56.156 -06:00 [INF] Sending file. Request path: '/assets/js/baguetteBox.min.js'. Physical path: 'C:\Users\Pc\Source\Repos\ProyectoAnalisisDeSistemas2\PaginaBizu\wwwroot\assets\js\baguetteBox.min.js'
2025-07-31 17:05:56.172 -06:00 [INF] Sending file. Request path: '/assets/img/scenery/17001222879e9360ad6ad00d7ff0a6b62437cfbf97_thumbnail_720x.jpg'. Physical path: 'C:\Users\Pc\Source\Repos\ProyectoAnalisisDeSistemas2\PaginaBizu\wwwroot\assets\img\scenery\17001222879e9360ad6ad00d7ff0a6b62437cfbf97_thumbnail_720x.jpg'
2025-07-31 17:05:56.175 -06:00 [INF] Request starting HTTP/1.1 GET http://localhost:5116/_vs/browserLink - null null
2025-07-31 17:05:56.180 -06:00 [INF] Request starting HTTP/1.1 GET http://localhost:5116/images/bg.png - null null
2025-07-31 17:05:56.183 -06:00 [INF] Request finished HTTP/1.1 GET http://localhost:5116/assets/js/theme.js - 200 322 text/javascript 77.8749ms
2025-07-31 17:05:56.187 -06:00 [INF] Request finished HTTP/1.1 GET http://localhost:5116/assets/js/baguetteBox.min.js - 200 9583 text/javascript 118.9477ms
2025-07-31 17:05:56.209 -06:00 [INF] Request finished HTTP/1.1 GET http://localhost:5116/images/bg.png - 404 0 null 29.1339ms
2025-07-31 17:05:56.195 -06:00 [INF] Request finished HTTP/1.1 GET http://localhost:5116/assets/img/scenery/17001222879e9360ad6ad00d7ff0a6b62437cfbf97_thumbnail_720x.jpg - 200 66304 image/jpeg 51.8304ms
2025-07-31 17:05:56.221 -06:00 [INF] Request reached the end of the middleware pipeline without being handled by application code. Request path: GET http://localhost:5116/images/bg.png, Response status code: 404
2025-07-31 17:05:56.226 -06:00 [INF] Request starting HTTP/1.1 GET http://localhost:5116/assets/img/depositphotos_5028610-stock-photo-beautiful-woman.jpg - null null
2025-07-31 17:05:56.242 -06:00 [INF] Request starting HTTP/1.1 GET http://localhost:5116/assets/fonts/Simple-Line-Icons.woff2?v=2.4.0 - null null
2025-07-31 17:05:56.251 -06:00 [INF] Sending file. Request path: '/assets/img/depositphotos_5028610-stock-photo-beautiful-woman.jpg'. Physical path: 'C:\Users\Pc\Source\Repos\ProyectoAnalisisDeSistemas2\PaginaBizu\wwwroot\assets\img\depositphotos_5028610-stock-photo-beautiful-woman.jpg'
2025-07-31 17:05:56.259 -06:00 [INF] Request finished HTTP/1.1 GET http://localhost:5116/assets/img/depositphotos_5028610-stock-photo-beautiful-woman.jpg - 200 18454 image/jpeg 32.3049ms
2025-07-31 17:05:56.270 -06:00 [INF] Sending file. Request path: '/assets/fonts/Simple-Line-Icons.woff2'. Physical path: 'C:\Users\Pc\Source\Repos\ProyectoAnalisisDeSistemas2\PaginaBizu\wwwroot\assets\fonts\Simple-Line-Icons.woff2'
2025-07-31 17:05:56.272 -06:00 [INF] Request finished HTTP/1.1 GET http://localhost:5116/assets/fonts/Simple-Line-Icons.woff2?v=2.4.0 - 200 30064 font/woff2 29.7101ms
2025-07-31 17:05:56.295 -06:00 [INF] Request finished HTTP/1.1 GET http://localhost:5116/_vs/browserLink - 200 null text/javascript; charset=UTF-8 120.0234ms
2025-07-31 17:05:56.394 -06:00 [INF] Request starting HTTP/1.1 GET http://localhost:5116/favicon.ico - null null
2025-07-31 17:05:56.422 -06:00 [INF] Sending file. Request path: '/favicon.ico'. Physical path: 'C:\Users\Pc\Source\Repos\ProyectoAnalisisDeSistemas2\PaginaBizu\wwwroot\favicon.ico'
2025-07-31 17:05:56.426 -06:00 [INF] Request finished HTTP/1.1 GET http://localhost:5116/favicon.ico - 200 5430 image/x-icon 31.1247ms
2025-07-31 17:11:55.903 -06:00 [INF] Request starting HTTP/1.1 POST http://localhost:5116/Account/Login - application/x-www-form-urlencoded 238
2025-07-31 17:11:55.919 -06:00 [INF] Executing endpoint 'PaginaBizu.Controllers.AccountController.Login (PaginaBizu)'
2025-07-31 17:11:55.944 -06:00 [INF] Route matched with {action = "Login", controller = "Account", page = "", area = ""}. Executing controller action with signature System.Threading.Tasks.Task`1[Microsoft.AspNetCore.Mvc.IActionResult] Login(System.String, System.String, Boolean) on controller PaginaBizu.Controllers.AccountController (PaginaBizu).
2025-07-31 17:11:56.063 -06:00 [INF] ➡️ Acción ejecutándose: Account/Login | Usuario: No autenticado | IP: ::1 | Hora: "2025-07-31T17:11:56.0633555-06:00"
2025-07-31 17:11:56.210 -06:00 [INF] Executed DbCommand (9ms) [Parameters=[@__normalizedUserName_0='?' (Size = 256)], CommandType='"Text"', CommandTimeout='30']
SELECT TOP(1) [a].[Id], [a].[AccessFailedCount], [a].[ConcurrencyStamp], [a].[Email], [a].[EmailConfirmed], [a].[LockoutEnabled], [a].[LockoutEnd], [a].[NormalizedEmail], [a].[NormalizedUserName], [a].[PasswordHash], [a].[PhoneNumber], [a].[PhoneNumberConfirmed], [a].[SecurityStamp], [a].[TwoFactorEnabled], [a].[UserName]
FROM [AspNetUsers] AS [a]
WHERE [a].[NormalizedUserName] = @__normalizedUserName_0
2025-07-31 17:11:56.461 -06:00 [INF] Executed DbCommand (4ms) [Parameters=[@__user_Id_0='?' (Size = 450)], CommandType='"Text"', CommandTimeout='30']
SELECT [a].[Id], [a].[ClaimType], [a].[ClaimValue], [a].[UserId]
FROM [AspNetUserClaims] AS [a]
WHERE [a].[UserId] = @__user_Id_0
2025-07-31 17:11:56.508 -06:00 [INF] Executed DbCommand (5ms) [Parameters=[@__userId_0='?' (Size = 450)], CommandType='"Text"', CommandTimeout='30']
SELECT [a0].[Name]
FROM [AspNetUserRoles] AS [a]
INNER JOIN [AspNetRoles] AS [a0] ON [a].[RoleId] = [a0].[Id]
WHERE [a].[UserId] = @__userId_0
2025-07-31 17:11:56.522 -06:00 [INF] Executed DbCommand (3ms) [Parameters=[@__normalizedName_0='?' (Size = 256)], CommandType='"Text"', CommandTimeout='30']
SELECT TOP(1) [a].[Id], [a].[ConcurrencyStamp], [a].[Name], [a].[NormalizedName]
FROM [AspNetRoles] AS [a]
WHERE [a].[NormalizedName] = @__normalizedName_0
2025-07-31 17:11:56.541 -06:00 [INF] Executed DbCommand (3ms) [Parameters=[@__role_Id_0='?' (Size = 450)], CommandType='"Text"', CommandTimeout='30']
SELECT [a].[ClaimType], [a].[ClaimValue]
FROM [AspNetRoleClaims] AS [a]
WHERE [a].[RoleId] = @__role_Id_0
2025-07-31 17:11:56.556 -06:00 [INF] AuthenticationScheme: Identity.Application signed in.
2025-07-31 17:11:56.562 -06:00 [INF] ✅ Acción ejecutada: Account/Login | Hora: "2025-07-31T17:11:56.5624873-06:00"
2025-07-31 17:11:56.566 -06:00 [INF] Executing RedirectResult, redirecting to /.
2025-07-31 17:11:56.568 -06:00 [INF] Executed action PaginaBizu.Controllers.AccountController.Login (PaginaBizu) in 580.2323ms
2025-07-31 17:11:56.570 -06:00 [INF] Executed endpoint 'PaginaBizu.Controllers.AccountController.Login (PaginaBizu)'
2025-07-31 17:11:56.576 -06:00 [INF] Request finished HTTP/1.1 POST http://localhost:5116/Account/Login - 302 0 null 673.4665ms
2025-07-31 17:11:56.581 -06:00 [INF] Request starting HTTP/1.1 GET http://localhost:5116/ - null null
2025-07-31 17:11:56.593 -06:00 [INF] Executing endpoint 'PaginaBizu.Controllers.HomeController.Index (PaginaBizu)'
2025-07-31 17:11:56.597 -06:00 [INF] Route matched with {action = "Index", controller = "Home", page = "", area = ""}. Executing controller action with signature Microsoft.AspNetCore.Mvc.IActionResult Index() on controller PaginaBizu.Controllers.HomeController (PaginaBizu).
2025-07-31 17:11:56.600 -06:00 [INF] ➡️ Acción ejecutándose: Home/Index | Usuario: hoshuacastillo48@gmail.com | IP: ::1 | Hora: "2025-07-31T17:11:56.6008524-06:00"
2025-07-31 17:11:56.603 -06:00 [INF] ✅ Acción ejecutada: Home/Index | Hora: "2025-07-31T17:11:56.6032785-06:00"
2025-07-31 17:11:56.606 -06:00 [INF] Executing ViewResult, running view Index.
2025-07-31 17:11:56.664 -06:00 [INF] Executed DbCommand (5ms) [Parameters=[@__p_0='?' (Size = 450)], CommandType='"Text"', CommandTimeout='30']
SELECT TOP(1) [a].[Id], [a].[AccessFailedCount], [a].[ConcurrencyStamp], [a].[Email], [a].[EmailConfirmed], [a].[LockoutEnabled], [a].[LockoutEnd], [a].[NormalizedEmail], [a].[NormalizedUserName], [a].[PasswordHash], [a].[PhoneNumber], [a].[PhoneNumberConfirmed], [a].[SecurityStamp], [a].[TwoFactorEnabled], [a].[UserName]
FROM [AspNetUsers] AS [a]
WHERE [a].[Id] = @__p_0
2025-07-31 17:11:56.678 -06:00 [INF] Executed DbCommand (6ms) [Parameters=[@__userId_0='?' (Size = 450)], CommandType='"Text"', CommandTimeout='30']
SELECT [a0].[Name]
FROM [AspNetUserRoles] AS [a]
INNER JOIN [AspNetRoles] AS [a0] ON [a].[RoleId] = [a0].[Id]
WHERE [a].[UserId] = @__userId_0
2025-07-31 17:11:56.700 -06:00 [INF] Executed ViewResult - view Index executed in 94.3372ms.
2025-07-31 17:11:56.704 -06:00 [INF] Executed action PaginaBizu.Controllers.HomeController.Index (PaginaBizu) in 103.687ms
2025-07-31 17:11:56.705 -06:00 [INF] Executed endpoint 'PaginaBizu.Controllers.HomeController.Index (PaginaBizu)'
2025-07-31 17:11:56.709 -06:00 [INF] Request finished HTTP/1.1 GET http://localhost:5116/ - 200 null text/html; charset=utf-8 127.8714ms
2025-07-31 17:11:56.714 -06:00 [INF] Request starting HTTP/1.1 GET http://localhost:5116/assets/bootstrap/css/bootstrap.min.css - null null
2025-07-31 17:11:56.742 -06:00 [INF] Request starting HTTP/1.1 GET http://localhost:5116/css/style.css - null null
2025-07-31 17:11:56.732 -06:00 [INF] Request starting HTTP/1.1 GET http://localhost:5116/assets/css/baguetteBox.min.css - null null
2025-07-31 17:11:56.724 -06:00 [INF] Request starting HTTP/1.1 GET http://localhost:5116/assets/fonts/simple-line-icons.min.css - null null
2025-07-31 17:11:56.735 -06:00 [INF] Request starting HTTP/1.1 GET http://localhost:5116/assets/css/vanilla-zoom.min.css - null null
2025-07-31 17:11:56.744 -06:00 [INF] Request starting HTTP/1.1 GET http://localhost:5116/css/glow-form.css - null null
2025-07-31 17:11:56.756 -06:00 [INF] The file /assets/bootstrap/css/bootstrap.min.css was not modified
2025-07-31 17:11:56.758 -06:00 [INF] The file /css/style.css was not modified
2025-07-31 17:11:56.781 -06:00 [INF] Request finished HTTP/1.1 GET http://localhost:5116/assets/bootstrap/css/bootstrap.min.css - 304 null text/css 66.7777ms
2025-07-31 17:11:56.790 -06:00 [INF] Request finished HTTP/1.1 GET http://localhost:5116/css/style.css - 304 null text/css 50.7691ms
2025-07-31 17:11:56.762 -06:00 [INF] The file /assets/css/baguetteBox.min.css was not modified
2025-07-31 17:11:56.766 -06:00 [INF] The file /assets/fonts/simple-line-icons.min.css was not modified
2025-07-31 17:11:56.771 -06:00 [INF] The file /assets/css/vanilla-zoom.min.css was not modified
2025-07-31 17:11:56.779 -06:00 [INF] The file /css/glow-form.css was not modified
2025-07-31 17:11:56.802 -06:00 [INF] Request starting HTTP/1.1 GET http://localhost:5116/assets/img/scenery/61-HMICpUTL._AC_UY1000_.jpg - null null
2025-07-31 17:11:56.807 -06:00 [INF] Request starting HTTP/1.1 GET http://localhost:5116/assets/img/scenery/66824523eb89f54aaf11e243-gold-bracelets-for-women-18k-gold-plated.jpg - null null
2025-07-31 17:11:56.811 -06:00 [INF] Request finished HTTP/1.1 GET http://localhost:5116/assets/css/baguetteBox.min.css - 304 null text/css 78.8726ms
2025-07-31 17:11:56.813 -06:00 [INF] Request finished HTTP/1.1 GET http://localhost:5116/assets/fonts/simple-line-icons.min.css - 304 null text/css 89.2311ms
2025-07-31 17:11:56.815 -06:00 [INF] Request finished HTTP/1.1 GET http://localhost:5116/assets/css/vanilla-zoom.min.css - 304 null text/css 80.4905ms
2025-07-31 17:11:56.817 -06:00 [INF] Request finished HTTP/1.1 GET http://localhost:5116/css/glow-form.css - 304 null text/css 72.5605ms
2025-07-31 17:11:56.822 -06:00 [INF] The file /assets/img/scenery/61-HMICpUTL._AC_UY1000_.jpg was not modified
2025-07-31 17:11:56.826 -06:00 [INF] The file /assets/img/scenery/66824523eb89f54aaf11e243-gold-bracelets-for-women-18k-gold-plated.jpg was not modified
2025-07-31 17:11:56.830 -06:00 [INF] Request starting HTTP/1.1 GET http://localhost:5116/assets/img/scenery/il_570xN.2179198790_o9bo.jpeg - null null
2025-07-31 17:11:56.834 -06:00 [INF] Request starting HTTP/1.1 GET http://localhost:5116/assets/img/scenery/pulsera-aine-stone-gold.jpg - null null
2025-07-31 17:11:56.841 -06:00 [INF] Request starting HTTP/1.1 GET http://localhost:5116/assets/img/scenery/09a84a043cf1b58d59b0e39a12c60491.jpg - null null
2025-07-31 17:11:56.846 -06:00 [INF] Request starting HTTP/1.1 GET http://localhost:5116/assets/js/baguetteBox.min.js - null null
2025-07-31 17:11:56.848 -06:00 [INF] Request finished HTTP/1.1 GET http://localhost:5116/assets/img/scenery/61-HMICpUTL._AC_UY1000_.jpg - 304 null image/jpeg 45.2352ms
2025-07-31 17:11:56.852 -06:00 [INF] Request finished HTTP/1.1 GET http://localhost:5116/assets/img/scenery/66824523eb89f54aaf11e243-gold-bracelets-for-women-18k-gold-plated.jpg - 304 null image/jpeg 44.5684ms
2025-07-31 17:11:56.856 -06:00 [INF] The file /assets/img/scenery/il_570xN.2179198790_o9bo.jpeg was not modified
2025-07-31 17:11:56.860 -06:00 [INF] The file /assets/img/scenery/pulsera-aine-stone-gold.jpg was not modified
2025-07-31 17:11:56.865 -06:00 [INF] The file /assets/img/scenery/09a84a043cf1b58d59b0e39a12c60491.jpg was not modified
2025-07-31 17:11:56.870 -06:00 [INF] The file /assets/js/baguetteBox.min.js was not modified
2025-07-31 17:11:56.875 -06:00 [INF] Request starting HTTP/1.1 GET http://localhost:5116/css/tailwindcss - null null
2025-07-31 17:11:56.880 -06:00 [INF] Request starting HTTP/1.1 GET http://localhost:5116/assets/js/vanilla-zoom.js - null null
2025-07-31 17:11:56.881 -06:00 [INF] Request finished HTTP/1.1 GET http://localhost:5116/assets/img/scenery/il_570xN.2179198790_o9bo.jpeg - 304 null image/jpeg 51.0355ms
2025-07-31 17:11:56.883 -06:00 [INF] Request finished HTTP/1.1 GET http://localhost:5116/assets/img/scenery/pulsera-aine-stone-gold.jpg - 304 null image/jpeg 49.2703ms
2025-07-31 17:11:56.884 -06:00 [INF] Request finished HTTP/1.1 GET http://localhost:5116/assets/img/scenery/09a84a043cf1b58d59b0e39a12c60491.jpg - 304 null image/jpeg 43.401ms
2025-07-31 17:11:56.886 -06:00 [INF] Request finished HTTP/1.1 GET http://localhost:5116/assets/js/baguetteBox.min.js - 304 null text/javascript 39.5866ms
2025-07-31 17:11:56.891 -06:00 [INF] Request finished HTTP/1.1 GET http://localhost:5116/css/tailwindcss - 404 0 null 15.2896ms
2025-07-31 17:11:56.894 -06:00 [INF] The file /assets/js/vanilla-zoom.js was not modified
2025-07-31 17:11:56.899 -06:00 [INF] Request starting HTTP/1.1 GET http://localhost:5116/assets/js/theme.js - null null
2025-07-31 17:11:56.904 -06:00 [INF] Request starting HTTP/1.1 GET http://localhost:5116/_framework/aspnetcore-browser-refresh.js - null null
2025-07-31 17:11:56.911 -06:00 [INF] Request starting HTTP/1.1 GET http://localhost:5116/_vs/browserLink - null null
2025-07-31 17:11:56.915 -06:00 [INF] Request starting HTTP/1.1 GET http://localhost:5116/assets/img/scenery/17001222879e9360ad6ad00d7ff0a6b62437cfbf97_thumbnail_720x.jpg - null null
2025-07-31 17:11:56.919 -06:00 [INF] Request reached the end of the middleware pipeline without being handled by application code. Request path: GET http://localhost:5116/css/tailwindcss, Response status code: 404
2025-07-31 17:11:56.920 -06:00 [INF] Request finished HTTP/1.1 GET http://localhost:5116/assets/js/vanilla-zoom.js - 304 null text/javascript 40.3855ms
2025-07-31 17:11:56.957 -06:00 [INF] Request starting HTTP/1.1 GET http://localhost:5116/assets/img/depositphotos_5028610-stock-photo-beautiful-woman.jpg - null null
2025-07-31 17:11:56.924 -06:00 [INF] The file /assets/js/theme.js was not modified
2025-07-31 17:11:56.926 -06:00 [INF] Request finished HTTP/1.1 GET http://localhost:5116/_framework/aspnetcore-browser-refresh.js - 200 16505 application/javascript; charset=utf-8 21.822ms
2025-07-31 17:11:56.956 -06:00 [INF] The file /assets/img/scenery/17001222879e9360ad6ad00d7ff0a6b62437cfbf97_thumbnail_720x.jpg was not modified
2025-07-31 17:11:56.968 -06:00 [INF] The file /assets/img/depositphotos_5028610-stock-photo-beautiful-woman.jpg was not modified
2025-07-31 17:11:56.970 -06:00 [INF] Request finished HTTP/1.1 GET http://localhost:5116/assets/js/theme.js - 304 null text/javascript 70.6825ms
2025-07-31 17:11:56.958 -06:00 [INF] Request finished HTTP/1.1 GET http://localhost:5116/_vs/browserLink - 200 null text/javascript; charset=UTF-8 47.5945ms
2025-07-31 17:11:56.981 -06:00 [INF] Request finished HTTP/1.1 GET http://localhost:5116/assets/img/depositphotos_5028610-stock-photo-beautiful-woman.jpg - 304 null image/jpeg 24.4435ms
2025-07-31 17:11:56.979 -06:00 [INF] Request finished HTTP/1.1 GET http://localhost:5116/assets/img/scenery/17001222879e9360ad6ad00d7ff0a6b62437cfbf97_thumbnail_720x.jpg - 304 null image/jpeg 63.8338ms
2025-07-31 17:30:31.178 -06:00 [INF] User profile is available. Using 'C:\Users\Pc\AppData\Local\ASP.NET\DataProtection-Keys' as key repository and Windows DPAPI to encrypt keys at rest.
2025-07-31 17:30:31.817 -06:00 [WRN] No store type was specified for the decimal property 'Total' on entity type 'Order'. This will cause values to be silently truncated if they do not fit in the default precision and scale. Explicitly specify the SQL server column type that can accommodate all the values in 'OnModelCreating' using 'HasColumnType', specify precision and scale using 'HasPrecision', or configure a value converter using 'HasConversion'.
2025-07-31 17:30:31.819 -06:00 [WRN] No store type was specified for the decimal property 'PrecioUnitario' on entity type 'OrderDetail'. This will cause values to be silently truncated if they do not fit in the default precision and scale. Explicitly specify the SQL server column type that can accommodate all the values in 'OnModelCreating' using 'HasColumnType', specify precision and scale using 'HasPrecision', or configure a value converter using 'HasConversion'.
2025-07-31 17:30:31.821 -06:00 [WRN] No store type was specified for the decimal property 'Precio' on entity type 'Product'. This will cause values to be silently truncated if they do not fit in the default precision and scale. Explicitly specify the SQL server column type that can accommodate all the values in 'OnModelCreating' using 'HasColumnType', specify precision and scale using 'HasPrecision', or configure a value converter using 'HasConversion'.
2025-07-31 17:30:32.525 -06:00 [INF] Executed DbCommand (38ms) [Parameters=[@__normalizedName_0='?' (Size = 256)], CommandType='"Text"', CommandTimeout='30']
SELECT TOP(1) [a].[Id], [a].[ConcurrencyStamp], [a].[Name], [a].[NormalizedName]
FROM [AspNetRoles] AS [a]
WHERE [a].[NormalizedName] = @__normalizedName_0
2025-07-31 17:30:32.609 -06:00 [INF] Executed DbCommand (4ms) [Parameters=[@__normalizedEmail_0='?' (Size = 256)], CommandType='"Text"', CommandTimeout='30']
SELECT TOP(2) [a].[Id], [a].[AccessFailedCount], [a].[ConcurrencyStamp], [a].[Email], [a].[EmailConfirmed], [a].[LockoutEnabled], [a].[LockoutEnd], [a].[NormalizedEmail], [a].[NormalizedUserName], [a].[PasswordHash], [a].[PhoneNumber], [a].[PhoneNumberConfirmed], [a].[SecurityStamp], [a].[TwoFactorEnabled], [a].[UserName]
FROM [AspNetUsers] AS [a]
WHERE [a].[NormalizedEmail] = @__normalizedEmail_0
2025-07-31 17:30:32.657 -06:00 [INF] Executed DbCommand (3ms) [Parameters=[@__normalizedRoleName_0='?' (Size = 256)], CommandType='"Text"', CommandTimeout='30']
SELECT TOP(2) [a].[Id], [a].[ConcurrencyStamp], [a].[Name], [a].[NormalizedName]
FROM [AspNetRoles] AS [a]
WHERE [a].[NormalizedName] = @__normalizedRoleName_0
2025-07-31 17:30:32.687 -06:00 [INF] Executed DbCommand (2ms) [Parameters=[@__p_0='?' (Size = 450), @__p_1='?' (Size = 450)], CommandType='"Text"', CommandTimeout='30']
SELECT TOP(1) [a].[UserId], [a].[RoleId]
FROM [AspNetUserRoles] AS [a]
WHERE [a].[UserId] = @__p_0 AND [a].[RoleId] = @__p_1
2025-07-31 17:30:32.707 -06:00 [INF] Executed DbCommand (1ms) [Parameters=[@__normalizedEmail_0='?' (Size = 256)], CommandType='"Text"', CommandTimeout='30']
SELECT TOP(2) [a].[Id], [a].[AccessFailedCount], [a].[ConcurrencyStamp], [a].[Email], [a].[EmailConfirmed], [a].[LockoutEnabled], [a].[LockoutEnd], [a].[NormalizedEmail], [a].[NormalizedUserName], [a].[PasswordHash], [a].[PhoneNumber], [a].[PhoneNumberConfirmed], [a].[SecurityStamp], [a].[TwoFactorEnabled], [a].[UserName]
FROM [AspNetUsers] AS [a]
WHERE [a].[NormalizedEmail] = @__normalizedEmail_0
2025-07-31 17:30:32.715 -06:00 [INF] Executed DbCommand (1ms) [Parameters=[@__normalizedRoleName_0='?' (Size = 256)], CommandType='"Text"', CommandTimeout='30']
SELECT TOP(2) [a].[Id], [a].[ConcurrencyStamp], [a].[Name], [a].[NormalizedName]
FROM [AspNetRoles] AS [a]
WHERE [a].[NormalizedName] = @__normalizedRoleName_0
2025-07-31 17:30:32.721 -06:00 [INF] Executed DbCommand (1ms) [Parameters=[@__p_0='?' (Size = 450), @__p_1='?' (Size = 450)], CommandType='"Text"', CommandTimeout='30']
SELECT TOP(1) [a].[UserId], [a].[RoleId]
FROM [AspNetUserRoles] AS [a]
WHERE [a].[UserId] = @__p_0 AND [a].[RoleId] = @__p_1
2025-07-31 17:30:32.729 -06:00 [INF] Executed DbCommand (1ms) [Parameters=[@__normalizedEmail_0='?' (Size = 256)], CommandType='"Text"', CommandTimeout='30']
SELECT TOP(2) [a].[Id], [a].[AccessFailedCount], [a].[ConcurrencyStamp], [a].[Email], [a].[EmailConfirmed], [a].[LockoutEnabled], [a].[LockoutEnd], [a].[NormalizedEmail], [a].[NormalizedUserName], [a].[PasswordHash], [a].[PhoneNumber], [a].[PhoneNumberConfirmed], [a].[SecurityStamp], [a].[TwoFactorEnabled], [a].[UserName]
FROM [AspNetUsers] AS [a]
WHERE [a].[NormalizedEmail] = @__normalizedEmail_0
2025-07-31 17:30:32.734 -06:00 [INF] Executed DbCommand (1ms) [Parameters=[@__normalizedRoleName_0='?' (Size = 256)], CommandType='"Text"', CommandTimeout='30']
SELECT TOP(2) [a].[Id], [a].[ConcurrencyStamp], [a].[Name], [a].[NormalizedName]
FROM [AspNetRoles] AS [a]
WHERE [a].[NormalizedName] = @__normalizedRoleName_0
2025-07-31 17:30:32.741 -06:00 [INF] Executed DbCommand (1ms) [Parameters=[@__p_0='?' (Size = 450), @__p_1='?' (Size = 450)], CommandType='"Text"', CommandTimeout='30']
SELECT TOP(1) [a].[UserId], [a].[RoleId]
FROM [AspNetUserRoles] AS [a]
WHERE [a].[UserId] = @__p_0 AND [a].[RoleId] = @__p_1
2025-07-31 17:30:33.131 -06:00 [INF] Now listening on: http://localhost:5116
2025-07-31 17:30:33.217 -06:00 [INF] Application started. Press Ctrl+C to shut down.
2025-07-31 17:30:33.218 -06:00 [INF] Hosting environment: Development
2025-07-31 17:30:33.219 -06:00 [INF] Content root path: C:\Users\Pc\Source\Repos\ProyectoAnalisisDeSistemas2\PaginaBizu
2025-07-31 17:30:33.774 -06:00 [INF] Request starting HTTP/1.1 GET http://localhost:5116/ - null null
2025-07-31 17:30:34.017 -06:00 [WRN] Failed to determine the https port for redirect.
2025-07-31 17:30:34.068 -06:00 [INF] Executing endpoint 'PaginaBizu.Controllers.HomeController.Index (PaginaBizu)'
2025-07-31 17:30:34.087 -06:00 [INF] Route matched with {action = "Index", controller = "Home", page = "", area = ""}. Executing controller action with signature Microsoft.AspNetCore.Mvc.IActionResult Index() on controller PaginaBizu.Controllers.HomeController (PaginaBizu).
2025-07-31 17:30:34.098 -06:00 [INF] ➡️ Acción ejecutándose: Home/Index | Usuario: No autenticado | IP: ::1 | Hora: "2025-07-31T17:30:34.0982254-06:00"
2025-07-31 17:30:34.104 -06:00 [INF] ✅ Acción ejecutada: Home/Index | Hora: "2025-07-31T17:30:34.1039930-06:00"
2025-07-31 17:30:34.114 -06:00 [INF] Executing ViewResult, running view Index.
2025-07-31 17:30:34.223 -06:00 [INF] Executed ViewResult - view Index executed in 111.737ms.
2025-07-31 17:30:34.227 -06:00 [INF] Executed action PaginaBizu.Controllers.HomeController.Index (PaginaBizu) in 133.4045ms
2025-07-31 17:30:34.228 -06:00 [INF] Executed endpoint 'PaginaBizu.Controllers.HomeController.Index (PaginaBizu)'
2025-07-31 17:30:34.231 -06:00 [INF] Request starting HTTP/1.1 GET http://localhost:5116/css/style.css - null null
2025-07-31 17:30:34.231 -06:00 [INF] Request starting HTTP/1.1 GET http://localhost:5116/assets/bootstrap/css/bootstrap.min.css - null null
2025-07-31 17:30:34.242 -06:00 [INF] Request starting HTTP/1.1 GET http://localhost:5116/assets/fonts/simple-line-icons.min.css - null null
2025-07-31 17:30:34.241 -06:00 [INF] Request starting HTTP/1.1 GET http://localhost:5116/assets/css/baguetteBox.min.css - null null
2025-07-31 17:30:34.243 -06:00 [INF] Request starting HTTP/1.1 GET http://localhost:5116/assets/css/vanilla-zoom.min.css - null null
2025-07-31 17:30:34.272 -06:00 [INF] Request finished HTTP/1.1 GET http://localhost:5116/ - 200 null text/html; charset=utf-8 512.4688ms
2025-07-31 17:30:34.276 -06:00 [INF] The file /assets/fonts/simple-line-icons.min.css was not modified
2025-07-31 17:30:34.276 -06:00 [INF] The file /css/style.css was not modified
2025-07-31 17:30:34.276 -06:00 [INF] The file /assets/bootstrap/css/bootstrap.min.css was not modified
2025-07-31 17:30:34.276 -06:00 [INF] The file /assets/css/baguetteBox.min.css was not modified
2025-07-31 17:30:34.279 -06:00 [INF] The file /assets/css/vanilla-zoom.min.css was not modified
2025-07-31 17:30:34.285 -06:00 [INF] Request starting HTTP/1.1 GET http://localhost:5116/css/glow-form.css - null null
2025-07-31 17:30:34.286 -06:00 [INF] Request finished HTTP/1.1 GET http://localhost:5116/assets/fonts/simple-line-icons.min.css - 304 null text/css 44.0082ms
2025-07-31 17:30:34.286 -06:00 [INF] Request finished HTTP/1.1 GET http://localhost:5116/css/style.css - 304 null text/css 56.1304ms
2025-07-31 17:30:34.289 -06:00 [INF] Request finished HTTP/1.1 GET http://localhost:5116/assets/bootstrap/css/bootstrap.min.css - 304 null text/css 57.5807ms
2025-07-31 17:30:34.290 -06:00 [INF] Request finished HTTP/1.1 GET http://localhost:5116/assets/css/baguetteBox.min.css - 304 null text/css 51.3263ms
2025-07-31 17:30:34.292 -06:00 [INF] Request finished HTTP/1.1 GET http://localhost:5116/assets/css/vanilla-zoom.min.css - 304 null text/css 49.2293ms
2025-07-31 17:30:34.295 -06:00 [INF] The file /css/glow-form.css was not modified
2025-07-31 17:30:34.298 -06:00 [INF] Request starting HTTP/1.1 GET http://localhost:5116/assets/img/scenery/66824523eb89f54aaf11e243-gold-bracelets-for-women-18k-gold-plated.jpg - null null
2025-07-31 17:30:34.303 -06:00 [INF] Request starting HTTP/1.1 GET http://localhost:5116/assets/img/scenery/61-HMICpUTL._AC_UY1000_.jpg - null null
2025-07-31 17:30:34.307 -06:00 [INF] Request starting HTTP/1.1 GET http://localhost:5116/assets/img/scenery/il_570xN.2179198790_o9bo.jpeg - null null
2025-07-31 17:30:34.313 -06:00 [INF] Request starting HTTP/1.1 GET http://localhost:5116/assets/img/scenery/pulsera-aine-stone-gold.jpg - null null
2025-07-31 17:30:34.318 -06:00 [INF] Request starting HTTP/1.1 GET http://localhost:5116/assets/img/scenery/09a84a043cf1b58d59b0e39a12c60491.jpg - null null
2025-07-31 17:30:34.320 -06:00 [INF] Request finished HTTP/1.1 GET http://localhost:5116/css/glow-form.css - 304 null text/css 35.7165ms
2025-07-31 17:30:34.326 -06:00 [INF] The file /assets/img/scenery/66824523eb89f54aaf11e243-gold-bracelets-for-women-18k-gold-plated.jpg was not modified
2025-07-31 17:30:34.330 -06:00 [INF] The file /assets/img/scenery/61-HMICpUTL._AC_UY1000_.jpg was not modified
2025-07-31 17:30:34.337 -06:00 [INF] The file /assets/img/scenery/il_570xN.2179198790_o9bo.jpeg was not modified
2025-07-31 17:30:34.342 -06:00 [INF] The file /assets/img/scenery/pulsera-aine-stone-gold.jpg was not modified
2025-07-31 17:30:34.345 -06:00 [INF] The file /assets/img/scenery/09a84a043cf1b58d59b0e39a12c60491.jpg was not modified
2025-07-31 17:30:34.350 -06:00 [INF] Request starting HTTP/1.1 GET http://localhost:5116/images/bg.png - null null
2025-07-31 17:30:34.352 -06:00 [INF] Request finished HTTP/1.1 GET http://localhost:5116/assets/img/scenery/66824523eb89f54aaf11e243-gold-bracelets-for-women-18k-gold-plated.jpg - 304 null image/jpeg 54.4254ms
2025-07-31 17:30:34.358 -06:00 [INF] Request finished HTTP/1.1 GET http://localhost:5116/assets/img/scenery/il_570xN.2179198790_o9bo.jpeg - 304 null image/jpeg 51.4192ms
2025-07-31 17:30:34.355 -06:00 [INF] Request finished HTTP/1.1 GET http://localhost:5116/assets/img/scenery/61-HMICpUTL._AC_UY1000_.jpg - 304 null image/jpeg 51.5691ms
2025-07-31 17:30:34.361 -06:00 [INF] Request finished HTTP/1.1 GET http://localhost:5116/assets/img/scenery/pulsera-aine-stone-gold.jpg - 304 null image/jpeg 47.1671ms
2025-07-31 17:30:34.364 -06:00 [INF] Request finished HTTP/1.1 GET http://localhost:5116/assets/img/scenery/09a84a043cf1b58d59b0e39a12c60491.jpg - 304 null image/jpeg 46.0839ms
2025-07-31 17:30:34.371 -06:00 [INF] Request starting HTTP/1.1 GET http://localhost:5116/css/tailwindcss - null null
2025-07-31 17:30:34.375 -06:00 [INF] Request starting HTTP/1.1 GET http://localhost:5116/assets/js/baguetteBox.min.js - null null
2025-07-31 17:30:34.375 -06:00 [INF] Request finished HTTP/1.1 GET http://localhost:5116/images/bg.png - 404 0 null 25.1197ms
2025-07-31 17:30:34.379 -06:00 [INF] Request starting HTTP/1.1 GET http://localhost:5116/assets/js/theme.js - null null
2025-07-31 17:30:34.387 -06:00 [INF] Request starting HTTP/1.1 GET http://localhost:5116/assets/js/vanilla-zoom.js - null null
2025-07-31 17:30:34.391 -06:00 [INF] Request starting HTTP/1.1 GET http://localhost:5116/_framework/aspnetcore-browser-refresh.js - null null
2025-07-31 17:30:34.398 -06:00 [INF] Request finished HTTP/1.1 GET http://localhost:5116/css/tailwindcss - 404 0 null 26.7342ms
2025-07-31 17:30:34.399 -06:00 [INF] The file /assets/js/baguetteBox.min.js was not modified
2025-07-31 17:30:34.407 -06:00 [INF] Request reached the end of the middleware pipeline without being handled by application code. Request path: GET http://localhost:5116/images/bg.png, Response status code: 404
2025-07-31 17:30:34.409 -06:00 [INF] The file /assets/js/theme.js was not modified
2025-07-31 17:30:34.411 -06:00 [INF] The file /assets/js/vanilla-zoom.js was not modified
2025-07-31 17:30:34.416 -06:00 [INF] Request finished HTTP/1.1 GET http://localhost:5116/_framework/aspnetcore-browser-refresh.js - 200 16505 application/javascript; charset=utf-8 25.4949ms
2025-07-31 17:30:34.420 -06:00 [INF] Request reached the end of the middleware pipeline without being handled by application code. Request path: GET http://localhost:5116/css/tailwindcss, Response status code: 404
2025-07-31 17:30:34.421 -06:00 [INF] Request finished HTTP/1.1 GET http://localhost:5116/assets/js/baguetteBox.min.js - 304 null text/javascript 46.496ms
2025-07-31 17:30:34.425 -06:00 [INF] Request starting HTTP/1.1 GET http://localhost:5116/assets/img/scenery/17001222879e9360ad6ad00d7ff0a6b62437cfbf97_thumbnail_720x.jpg - null null
2025-07-31 17:30:34.428 -06:00 [INF] Request finished HTTP/1.1 GET http://localhost:5116/assets/js/theme.js - 304 null text/javascript 48.9471ms
2025-07-31 17:30:34.430 -06:00 [INF] Request finished HTTP/1.1 GET http://localhost:5116/assets/js/vanilla-zoom.js - 304 null text/javascript 42.8107ms
2025-07-31 17:30:34.435 -06:00 [INF] Request starting HTTP/1.1 GET http://localhost:5116/assets/img/depositphotos_5028610-stock-photo-beautiful-woman.jpg - null null
2025-07-31 17:30:34.438 -06:00 [INF] Request starting HTTP/1.1 GET http://localhost:5116/_vs/browserLink - null null
2025-07-31 17:30:34.448 -06:00 [INF] The file /assets/img/scenery/17001222879e9360ad6ad00d7ff0a6b62437cfbf97_thumbnail_720x.jpg was not modified
2025-07-31 17:30:34.463 -06:00 [INF] Request starting HTTP/1.1 GET http://localhost:5116/assets/fonts/Simple-Line-Icons.woff2?v=2.4.0 - null null
2025-07-31 17:30:34.474 -06:00 [INF] Request finished HTTP/1.1 GET http://localhost:5116/assets/img/scenery/17001222879e9360ad6ad00d7ff0a6b62437cfbf97_thumbnail_720x.jpg - 304 null image/jpeg 49.1787ms
2025-07-31 17:30:34.485 -06:00 [INF] The file /assets/fonts/Simple-Line-Icons.woff2 was not modified
2025-07-31 17:30:34.467 -06:00 [INF] The file /assets/img/depositphotos_5028610-stock-photo-beautiful-woman.jpg was not modified
2025-07-31 17:30:34.504 -06:00 [INF] Request finished HTTP/1.1 GET http://localhost:5116/assets/fonts/Simple-Line-Icons.woff2?v=2.4.0 - 304 null font/woff2 41.0748ms
2025-07-31 17:30:34.508 -06:00 [INF] Request finished HTTP/1.1 GET http://localhost:5116/assets/img/depositphotos_5028610-stock-photo-beautiful-woman.jpg - 304 null image/jpeg 72.6903ms
2025-07-31 17:30:34.535 -06:00 [INF] Request finished HTTP/1.1 GET http://localhost:5116/_vs/browserLink - 200 null text/javascript; charset=UTF-8 96.6472ms
2025-07-31 17:30:53.447 -06:00 [INF] Request starting HTTP/1.1 GET http://localhost:5116/ - null null
2025-07-31 17:30:53.459 -06:00 [INF] Executing endpoint 'PaginaBizu.Controllers.HomeController.Index (PaginaBizu)'
2025-07-31 17:30:53.465 -06:00 [INF] Route matched with {action = "Index", controller = "Home", page = "", area = ""}. Executing controller action with signature Microsoft.AspNetCore.Mvc.IActionResult Index() on controller PaginaBizu.Controllers.HomeController (PaginaBizu).
2025-07-31 17:30:53.468 -06:00 [INF] ➡️ Acción ejecutándose: Home/Index | Usuario: No autenticado | IP: ::1 | Hora: "2025-07-31T17:30:53.4685088-06:00"
2025-07-31 17:30:53.471 -06:00 [INF] ✅ Acción ejecutada: Home/Index | Hora: "2025-07-31T17:30:53.4711925-06:00"
2025-07-31 17:30:53.477 -06:00 [INF] Executing ViewResult, running view Index.
2025-07-31 17:30:53.520 -06:00 [INF] Executed ViewResult - view Index executed in 46.834ms.
2025-07-31 17:30:53.523 -06:00 [INF] Executed action PaginaBizu.Controllers.HomeController.Index (PaginaBizu) in 54.8803ms
2025-07-31 17:30:53.525 -06:00 [INF] Executed endpoint 'PaginaBizu.Controllers.HomeController.Index (PaginaBizu)'
2025-07-31 17:30:53.527 -06:00 [INF] Request finished HTTP/1.1 GET http://localhost:5116/ - 200 null text/html; charset=utf-8 79.7182ms
2025-07-31 17:30:53.532 -06:00 [INF] Request starting HTTP/1.1 GET http://localhost:5116/_framework/aspnetcore-browser-refresh.js - null null
2025-07-31 17:30:53.532 -06:00 [INF] Request starting HTTP/1.1 GET http://localhost:5116/_vs/browserLink - null null
2025-07-31 17:30:53.535 -06:00 [INF] Request finished HTTP/1.1 GET http://localhost:5116/_framework/aspnetcore-browser-refresh.js - 200 16505 application/javascript; charset=utf-8 2.8809ms
2025-07-31 17:30:53.536 -06:00 [INF] Request starting HTTP/1.1 GET http://localhost:5116/css/tailwindcss - null null
2025-07-31 17:30:53.557 -06:00 [INF] Request finished HTTP/1.1 GET http://localhost:5116/css/tailwindcss - 404 0 null 21.3762ms
2025-07-31 17:30:53.565 -06:00 [INF] Request reached the end of the middleware pipeline without being handled by application code. Request path: GET http://localhost:5116/css/tailwindcss, Response status code: 404
2025-07-31 17:30:53.569 -06:00 [INF] Request finished HTTP/1.1 GET http://localhost:5116/_vs/browserLink - 200 null text/javascript; charset=UTF-8 36.8736ms
2025-07-31 17:30:53.597 -06:00 [INF] Request starting HTTP/1.1 GET http://localhost:5116/favicon.ico - null null
2025-07-31 17:30:53.601 -06:00 [INF] The file /favicon.ico was not modified
2025-07-31 17:30:53.602 -06:00 [INF] Request finished HTTP/1.1 GET http://localhost:5116/favicon.ico - 304 null image/x-icon 4.9904ms
2025-07-31 17:31:12.707 -06:00 [INF] User profile is available. Using 'C:\Users\Pc\AppData\Local\ASP.NET\DataProtection-Keys' as key repository and Windows DPAPI to encrypt keys at rest.
2025-07-31 17:31:13.339 -06:00 [WRN] No store type was specified for the decimal property 'Total' on entity type 'Order'. This will cause values to be silently truncated if they do not fit in the default precision and scale. Explicitly specify the SQL server column type that can accommodate all the values in 'OnModelCreating' using 'HasColumnType', specify precision and scale using 'HasPrecision', or configure a value converter using 'HasConversion'.
2025-07-31 17:31:13.343 -06:00 [WRN] No store type was specified for the decimal property 'PrecioUnitario' on entity type 'OrderDetail'. This will cause values to be silently truncated if they do not fit in the default precision and scale. Explicitly specify the SQL server column type that can accommodate all the values in 'OnModelCreating' using 'HasColumnType', specify precision and scale using 'HasPrecision', or configure a value converter using 'HasConversion'.
2025-07-31 17:31:13.344 -06:00 [WRN] No store type was specified for the decimal property 'Precio' on entity type 'Product'. This will cause values to be silently truncated if they do not fit in the default precision and scale. Explicitly specify the SQL server column type that can accommodate all the values in 'OnModelCreating' using 'HasColumnType', specify precision and scale using 'HasPrecision', or configure a value converter using 'HasConversion'.
2025-07-31 17:31:14.066 -06:00 [INF] Executed DbCommand (57ms) [Parameters=[@__normalizedName_0='?' (Size = 256)], CommandType='"Text"', CommandTimeout='30']
SELECT TOP(1) [a].[Id], [a].[ConcurrencyStamp], [a].[Name], [a].[NormalizedName]
FROM [AspNetRoles] AS [a]
WHERE [a].[NormalizedName] = @__normalizedName_0
2025-07-31 17:31:14.184 -06:00 [INF] Executed DbCommand (8ms) [Parameters=[@__normalizedEmail_0='?' (Size = 256)], CommandType='"Text"', CommandTimeout='30']
SELECT TOP(2) [a].[Id], [a].[AccessFailedCount], [a].[ConcurrencyStamp], [a].[Email], [a].[EmailConfirmed], [a].[LockoutEnabled], [a].[LockoutEnd], [a].[NormalizedEmail], [a].[NormalizedUserName], [a].[PasswordHash], [a].[PhoneNumber], [a].[PhoneNumberConfirmed], [a].[SecurityStamp], [a].[TwoFactorEnabled], [a].[UserName]
FROM [AspNetUsers] AS [a]
WHERE [a].[NormalizedEmail] = @__normalizedEmail_0
2025-07-31 17:31:14.263 -06:00 [INF] Executed DbCommand (19ms) [Parameters=[@__normalizedRoleName_0='?' (Size = 256)], CommandType='"Text"', CommandTimeout='30']
SELECT TOP(2) [a].[Id], [a].[ConcurrencyStamp], [a].[Name], [a].[NormalizedName]
FROM [AspNetRoles] AS [a]
WHERE [a].[NormalizedName] = @__normalizedRoleName_0
2025-07-31 17:31:14.330 -06:00 [INF] Executed DbCommand (2ms) [Parameters=[@__p_0='?' (Size = 450), @__p_1='?' (Size = 450)], CommandType='"Text"', CommandTimeout='30']
SELECT TOP(1) [a].[UserId], [a].[RoleId]
FROM [AspNetUserRoles] AS [a]
WHERE [a].[UserId] = @__p_0 AND [a].[RoleId] = @__p_1
2025-07-31 17:31:14.357 -06:00 [INF] Executed DbCommand (1ms) [Parameters=[@__normalizedEmail_0='?' (Size = 256)], CommandType='"Text"', CommandTimeout='30']
SELECT TOP(2) [a].[Id], [a].[AccessFailedCount], [a].[ConcurrencyStamp], [a].[Email], [a].[EmailConfirmed], [a].[LockoutEnabled], [a].[LockoutEnd], [a].[NormalizedEmail], [a].[NormalizedUserName], [a].[PasswordHash], [a].[PhoneNumber], [a].[PhoneNumberConfirmed], [a].[SecurityStamp], [a].[TwoFactorEnabled], [a].[UserName]
FROM [AspNetUsers] AS [a]
WHERE [a].[NormalizedEmail] = @__normalizedEmail_0
2025-07-31 17:31:14.367 -06:00 [INF] Executed DbCommand (1ms) [Parameters=[@__normalizedRoleName_0='?' (Size = 256)], CommandType='"Text"', CommandTimeout='30']
SELECT TOP(2) [a].[Id], [a].[ConcurrencyStamp], [a].[Name], [a].[NormalizedName]
FROM [AspNetRoles] AS [a]
WHERE [a].[NormalizedName] = @__normalizedRoleName_0
2025-07-31 17:31:14.374 -06:00 [INF] Executed DbCommand (1ms) [Parameters=[@__p_0='?' (Size = 450), @__p_1='?' (Size = 450)], CommandType='"Text"', CommandTimeout='30']
SELECT TOP(1) [a].[UserId], [a].[RoleId]
FROM [AspNetUserRoles] AS [a]
WHERE [a].[UserId] = @__p_0 AND [a].[RoleId] = @__p_1
2025-07-31 17:31:14.379 -06:00 [INF] Executed DbCommand (1ms) [Parameters=[@__normalizedEmail_0='?' (Size = 256)], CommandType='"Text"', CommandTimeout='30']
SELECT TOP(2) [a].[Id], [a].[AccessFailedCount], [a].[ConcurrencyStamp], [a].[Email], [a].[EmailConfirmed], [a].[LockoutEnabled], [a].[LockoutEnd], [a].[NormalizedEmail], [a].[NormalizedUserName], [a].[PasswordHash], [a].[PhoneNumber], [a].[PhoneNumberConfirmed], [a].[SecurityStamp], [a].[TwoFactorEnabled], [a].[UserName]
FROM [AspNetUsers] AS [a]
WHERE [a].[NormalizedEmail] = @__normalizedEmail_0
2025-07-31 17:31:14.387 -06:00 [INF] Executed DbCommand (1ms) [Parameters=[@__normalizedRoleName_0='?' (Size = 256)], CommandType='"Text"', CommandTimeout='30']
SELECT TOP(2) [a].[Id], [a].[ConcurrencyStamp], [a].[Name], [a].[NormalizedName]
FROM [AspNetRoles] AS [a]
WHERE [a].[NormalizedName] = @__normalizedRoleName_0
2025-07-31 17:31:14.391 -06:00 [INF] Executed DbCommand (1ms) [Parameters=[@__p_0='?' (Size = 450), @__p_1='?' (Size = 450)], CommandType='"Text"', CommandTimeout='30']
SELECT TOP(1) [a].[UserId], [a].[RoleId]
FROM [AspNetUserRoles] AS [a]
WHERE [a].[UserId] = @__p_0 AND [a].[RoleId] = @__p_1
2025-07-31 17:31:14.750 -06:00 [INF] Now listening on: http://localhost:5116
2025-07-31 17:31:14.839 -06:00 [INF] Application started. Press Ctrl+C to shut down.
2025-07-31 17:31:14.841 -06:00 [INF] Hosting environment: Development
2025-07-31 17:31:14.842 -06:00 [INF] Content root path: C:\Users\Pc\Source\Repos\ProyectoAnalisisDeSistemas2\PaginaBizu
2025-07-31 17:31:15.421 -06:00 [INF] Request starting HTTP/1.1 GET http://localhost:5116/ - null null
2025-07-31 17:31:15.618 -06:00 [WRN] Failed to determine the https port for redirect.
2025-07-31 17:31:15.661 -06:00 [INF] Executing endpoint 'PaginaBizu.Controllers.HomeController.Index (PaginaBizu)'
2025-07-31 17:31:15.679 -06:00 [INF] Route matched with {action = "Index", controller = "Home", page = "", area = ""}. Executing controller action with signature Microsoft.AspNetCore.Mvc.IActionResult Index() on controller PaginaBizu.Controllers.HomeController (PaginaBizu).
2025-07-31 17:31:15.692 -06:00 [INF] ➡️ Acción ejecutándose: Home/Index | Usuario: No autenticado | IP: ::1 | Hora: "2025-07-31T17:31:15.6919406-06:00"
2025-07-31 17:31:15.697 -06:00 [INF] ✅ Acción ejecutada: Home/Index | Hora: "2025-07-31T17:31:15.6974070-06:00"
2025-07-31 17:31:15.708 -06:00 [INF] Executing ViewResult, running view Index.
2025-07-31 17:31:15.845 -06:00 [INF] Executed ViewResult - view Index executed in 139.0611ms.
2025-07-31 17:31:15.848 -06:00 [INF] Executed action PaginaBizu.Controllers.HomeController.Index (PaginaBizu) in 161.6248ms
2025-07-31 17:31:15.851 -06:00 [INF] Executed endpoint 'PaginaBizu.Controllers.HomeController.Index (PaginaBizu)'
2025-07-31 17:31:15.861 -06:00 [INF] Request finished HTTP/1.1 GET http://localhost:5116/ - 200 null text/html; charset=utf-8 460.3607ms
2025-07-31 17:31:15.871 -06:00 [INF] Request starting HTTP/1.1 GET http://localhost:5116/_framework/aspnetcore-browser-refresh.js - null null
2025-07-31 17:31:15.872 -06:00 [INF] Request starting HTTP/1.1 GET http://localhost:5116/css/tailwindcss - null null
2025-07-31 17:31:15.877 -06:00 [INF] Request starting HTTP/1.1 GET http://localhost:5116/images/bg.png - null null
2025-07-31 17:31:15.887 -06:00 [INF] Request finished HTTP/1.1 GET http://localhost:5116/_framework/aspnetcore-browser-refresh.js - 200 16505 application/javascript; charset=utf-8 16.5029ms
2025-07-31 17:31:15.875 -06:00 [INF] Request starting HTTP/1.1 GET http://localhost:5116/_vs/browserLink - null null
2025-07-31 17:31:15.899 -06:00 [INF] Request finished HTTP/1.1 GET http://localhost:5116/css/tailwindcss - 404 0 null 27.2683ms
2025-07-31 17:31:15.900 -06:00 [INF] Request finished HTTP/1.1 GET http://localhost:5116/images/bg.png - 404 0 null 22.3856ms
2025-07-31 17:31:15.911 -06:00 [INF] Request reached the end of the middleware pipeline without being handled by application code. Request path: GET http://localhost:5116/css/tailwindcss, Response status code: 404
2025-07-31 17:31:15.917 -06:00 [INF] Request reached the end of the middleware pipeline without being handled by application code. Request path: GET http://localhost:5116/images/bg.png, Response status code: 404
2025-07-31 17:31:15.956 -06:00 [INF] Request finished HTTP/1.1 GET http://localhost:5116/_vs/browserLink - 200 null text/javascript; charset=UTF-8 80.2601ms
2025-07-31 17:31:29.443 -06:00 [INF] User profile is available. Using 'C:\Users\Pc\AppData\Local\ASP.NET\DataProtection-Keys' as key repository and Windows DPAPI to encrypt keys at rest.
2025-07-31 17:31:29.964 -06:00 [WRN] No store type was specified for the decimal property 'Total' on entity type 'Order'. This will cause values to be silently truncated if they do not fit in the default precision and scale. Explicitly specify the SQL server column type that can accommodate all the values in 'OnModelCreating' using 'HasColumnType', specify precision and scale using 'HasPrecision', or configure a value converter using 'HasConversion'.
2025-07-31 17:31:29.967 -06:00 [WRN] No store type was specified for the decimal property 'PrecioUnitario' on entity type 'OrderDetail'. This will cause values to be silently truncated if they do not fit in the default precision and scale. Explicitly specify the SQL server column type that can accommodate all the values in 'OnModelCreating' using 'HasColumnType', specify precision and scale using 'HasPrecision', or configure a value converter using 'HasConversion'.
2025-07-31 17:31:29.968 -06:00 [WRN] No store type was specified for the decimal property 'Precio' on entity type 'Product'. This will cause values to be silently truncated if they do not fit in the default precision and scale. Explicitly specify the SQL server column type that can accommodate all the values in 'OnModelCreating' using 'HasColumnType', specify precision and scale using 'HasPrecision', or configure a value converter using 'HasConversion'.
2025-07-31 17:31:30.782 -06:00 [INF] Executed DbCommand (41ms) [Parameters=[@__normalizedName_0='?' (Size = 256)], CommandType='"Text"', CommandTimeout='30']
SELECT TOP(1) [a].[Id], [a].[ConcurrencyStamp], [a].[Name], [a].[NormalizedName]
FROM [AspNetRoles] AS [a]
WHERE [a].[NormalizedName] = @__normalizedName_0
2025-07-31 17:31:30.885 -06:00 [INF] Executed DbCommand (8ms) [Parameters=[@__normalizedEmail_0='?' (Size = 256)], CommandType='"Text"', CommandTimeout='30']
SELECT TOP(2) [a].[Id], [a].[AccessFailedCount], [a].[ConcurrencyStamp], [a].[Email], [a].[EmailConfirmed], [a].[LockoutEnabled], [a].[LockoutEnd], [a].[NormalizedEmail], [a].[NormalizedUserName], [a].[PasswordHash], [a].[PhoneNumber], [a].[PhoneNumberConfirmed], [a].[SecurityStamp], [a].[TwoFactorEnabled], [a].[UserName]
FROM [AspNetUsers] AS [a]
WHERE [a].[NormalizedEmail] = @__normalizedEmail_0
2025-07-31 17:31:30.928 -06:00 [INF] Executed DbCommand (1ms) [Parameters=[@__normalizedRoleName_0='?' (Size = 256)], CommandType='"Text"', CommandTimeout='30']
SELECT TOP(2) [a].[Id], [a].[ConcurrencyStamp], [a].[Name], [a].[NormalizedName]
FROM [AspNetRoles] AS [a]
WHERE [a].[NormalizedName] = @__normalizedRoleName_0
2025-07-31 17:31:30.967 -06:00 [INF] Executed DbCommand (1ms) [Parameters=[@__p_0='?' (Size = 450), @__p_1='?' (Size = 450)], CommandType='"Text"', CommandTimeout='30']
SELECT TOP(1) [a].[UserId], [a].[RoleId]
FROM [AspNetUserRoles] AS [a]
WHERE [a].[UserId] = @__p_0 AND [a].[RoleId] = @__p_1
2025-07-31 17:31:30.986 -06:00 [INF] Executed DbCommand (2ms) [Parameters=[@__normalizedEmail_0='?' (Size = 256)], CommandType='"Text"', CommandTimeout='30']
SELECT TOP(2) [a].[Id], [a].[AccessFailedCount], [a].[ConcurrencyStamp], [a].[Email], [a].[EmailConfirmed], [a].[LockoutEnabled], [a].[LockoutEnd], [a].[NormalizedEmail], [a].[NormalizedUserName], [a].[PasswordHash], [a].[PhoneNumber], [a].[PhoneNumberConfirmed], [a].[SecurityStamp], [a].[TwoFactorEnabled], [a].[UserName]
FROM [AspNetUsers] AS [a]
WHERE [a].[NormalizedEmail] = @__normalizedEmail_0
2025-07-31 17:31:30.998 -06:00 [INF] Executed DbCommand (1ms) [Parameters=[@__normalizedRoleName_0='?' (Size = 256)], CommandType='"Text"', CommandTimeout='30']
SELECT TOP(2) [a].[Id], [a].[ConcurrencyStamp], [a].[Name], [a].[NormalizedName]
FROM [AspNetRoles] AS [a]
WHERE [a].[NormalizedName] = @__normalizedRoleName_0
2025-07-31 17:31:31.007 -06:00 [INF] Executed DbCommand (1ms) [Parameters=[@__p_0='?' (Size = 450), @__p_1='?' (Size = 450)], CommandType='"Text"', CommandTimeout='30']
SELECT TOP(1) [a].[UserId], [a].[RoleId]
FROM [AspNetUserRoles] AS [a]
WHERE [a].[UserId] = @__p_0 AND [a].[RoleId] = @__p_1
2025-07-31 17:31:31.014 -06:00 [INF] Executed DbCommand (1ms) [Parameters=[@__normalizedEmail_0='?' (Size = 256)], CommandType='"Text"', CommandTimeout='30']
SELECT TOP(2) [a].[Id], [a].[AccessFailedCount], [a].[ConcurrencyStamp], [a].[Email], [a].[EmailConfirmed], [a].[LockoutEnabled], [a].[LockoutEnd], [a].[NormalizedEmail], [a].[NormalizedUserName], [a].[PasswordHash], [a].[PhoneNumber], [a].[PhoneNumberConfirmed], [a].[SecurityStamp], [a].[TwoFactorEnabled], [a].[UserName]
FROM [AspNetUsers] AS [a]
WHERE [a].[NormalizedEmail] = @__normalizedEmail_0
2025-07-31 17:31:31.022 -06:00 [INF] Executed DbCommand (1ms) [Parameters=[@__normalizedRoleName_0='?' (Size = 256)], CommandType='"Text"', CommandTimeout='30']
SELECT TOP(2) [a].[Id], [a].[ConcurrencyStamp], [a].[Name], [a].[NormalizedName]
FROM [AspNetRoles] AS [a]
WHERE [a].[NormalizedName] = @__normalizedRoleName_0
2025-07-31 17:31:31.028 -06:00 [INF] Executed DbCommand (1ms) [Parameters=[@__p_0='?' (Size = 450), @__p_1='?' (Size = 450)], CommandType='"Text"', CommandTimeout='30']
SELECT TOP(1) [a].[UserId], [a].[RoleId]
FROM [AspNetUserRoles] AS [a]
WHERE [a].[UserId] = @__p_0 AND [a].[RoleId] = @__p_1
2025-07-31 17:31:31.439 -06:00 [INF] Now listening on: http://localhost:5116
2025-07-31 17:31:31.579 -06:00 [INF] Application started. Press Ctrl+C to shut down.
2025-07-31 17:31:31.580 -06:00 [INF] Hosting environment: Development
2025-07-31 17:31:31.581 -06:00 [INF] Content root path: C:\Users\Pc\Source\Repos\ProyectoAnalisisDeSistemas2\PaginaBizu
2025-07-31 17:31:31.660 -06:00 [INF] Request starting HTTP/1.1 GET http://localhost:5116/ - null null
2025-07-31 17:31:31.877 -06:00 [WRN] Failed to determine the https port for redirect.
2025-07-31 17:31:31.923 -06:00 [INF] Executing endpoint 'PaginaBizu.Controllers.HomeController.Index (PaginaBizu)'
2025-07-31 17:31:31.941 -06:00 [INF] Route matched with {action = "Index", controller = "Home", page = "", area = ""}. Executing controller action with signature Microsoft.AspNetCore.Mvc.IActionResult Index() on controller PaginaBizu.Controllers.HomeController (PaginaBizu).
2025-07-31 17:31:31.950 -06:00 [INF] ➡️ Acción ejecutándose: Home/Index | Usuario: No autenticado | IP: ::1 | Hora: "2025-07-31T17:31:31.9499844-06:00"
2025-07-31 17:31:31.959 -06:00 [INF] ✅ Acción ejecutada: Home/Index | Hora: "2025-07-31T17:31:31.9589576-06:00"
2025-07-31 17:31:31.974 -06:00 [INF] Executing ViewResult, running view Index.
2025-07-31 17:31:32.085 -06:00 [INF] Executed ViewResult - view Index executed in 118.0899ms.
2025-07-31 17:31:32.089 -06:00 [INF] Executed action PaginaBizu.Controllers.HomeController.Index (PaginaBizu) in 143.618ms
2025-07-31 17:31:32.092 -06:00 [INF] Executed endpoint 'PaginaBizu.Controllers.HomeController.Index (PaginaBizu)'
2025-07-31 17:31:32.108 -06:00 [INF] Request finished HTTP/1.1 GET http://localhost:5116/ - 200 null text/html; charset=utf-8 465.5213ms
2025-07-31 17:31:32.135 -06:00 [INF] Request starting HTTP/1.1 GET http://localhost:5116/css/tailwindcss - null null
2025-07-31 17:31:32.149 -06:00 [INF] Request starting HTTP/1.1 GET http://localhost:5116/_vs/browserLink - null null
2025-07-31 17:31:32.165 -06:00 [INF] Request starting HTTP/1.1 GET http://localhost:5116/_framework/aspnetcore-browser-refresh.js - null null
2025-07-31 17:31:32.157 -06:00 [INF] Request starting HTTP/1.1 GET http://localhost:5116/images/bg.png - null null
2025-07-31 17:31:32.179 -06:00 [INF] Request finished HTTP/1.1 GET http://localhost:5116/_framework/aspnetcore-browser-refresh.js - 200 16505 application/javascript; charset=utf-8 14.1507ms
2025-07-31 17:31:32.179 -06:00 [INF] Request finished HTTP/1.1 GET http://localhost:5116/css/tailwindcss - 404 0 null 43.5501ms
2025-07-31 17:31:32.194 -06:00 [INF] Request finished HTTP/1.1 GET http://localhost:5116/images/bg.png - 404 0 null 37.0261ms
2025-07-31 17:31:32.209 -06:00 [INF] Request reached the end of the middleware pipeline without being handled by application code. Request path: GET http://localhost:5116/css/tailwindcss, Response status code: 404
2025-07-31 17:31:32.212 -06:00 [INF] Request reached the end of the middleware pipeline without being handled by application code. Request path: GET http://localhost:5116/images/bg.png, Response status code: 404
2025-07-31 17:31:32.231 -06:00 [INF] Request finished HTTP/1.1 GET http://localhost:5116/_vs/browserLink - 200 null text/javascript; charset=UTF-8 81.1632ms
2025-07-31 17:31:38.231 -06:00 [INF] Request starting HTTP/1.1 POST http://localhost:5116/Account/Login - application/x-www-form-urlencoded 238
2025-07-31 17:31:38.257 -06:00 [INF] Executing endpoint 'PaginaBizu.Controllers.AccountController.Login (PaginaBizu)'
2025-07-31 17:31:38.288 -06:00 [INF] Route matched with {action = "Login", controller = "Account", page = "", area = ""}. Executing controller action with signature System.Threading.Tasks.Task`1[Microsoft.AspNetCore.Mvc.IActionResult] Login(System.String, System.String, Boolean) on controller PaginaBizu.Controllers.AccountController (PaginaBizu).
2025-07-31 17:31:38.375 -06:00 [INF] ➡️ Acción ejecutándose: Account/Login | Usuario: No autenticado | IP: ::1 | Hora: "2025-07-31T17:31:38.3753426-06:00"
2025-07-31 17:31:38.497 -06:00 [INF] Executed DbCommand (5ms) [Parameters=[@__normalizedUserName_0='?' (Size = 256)], CommandType='"Text"', CommandTimeout='30']
SELECT TOP(1) [a].[Id], [a].[AccessFailedCount], [a].[ConcurrencyStamp], [a].[Email], [a].[EmailConfirmed], [a].[LockoutEnabled], [a].[LockoutEnd], [a].[NormalizedEmail], [a].[NormalizedUserName], [a].[PasswordHash], [a].[PhoneNumber], [a].[PhoneNumberConfirmed], [a].[SecurityStamp], [a].[TwoFactorEnabled], [a].[UserName]
FROM [AspNetUsers] AS [a]
WHERE [a].[NormalizedUserName] = @__normalizedUserName_0
2025-07-31 17:31:38.701 -06:00 [INF] Executed DbCommand (3ms) [Parameters=[@__user_Id_0='?' (Size = 450)], CommandType='"Text"', CommandTimeout='30']
SELECT [a].[Id], [a].[ClaimType], [a].[ClaimValue], [a].[UserId]
FROM [AspNetUserClaims] AS [a]
WHERE [a].[UserId] = @__user_Id_0
2025-07-31 17:31:38.754 -06:00 [INF] Executed DbCommand (4ms) [Parameters=[@__userId_0='?' (Size = 450)], CommandType='"Text"', CommandTimeout='30']
SELECT [a0].[Name]
FROM [AspNetUserRoles] AS [a]
INNER JOIN [AspNetRoles] AS [a0] ON [a].[RoleId] = [a0].[Id]
WHERE [a].[UserId] = @__userId_0
2025-07-31 17:31:38.766 -06:00 [INF] Executed DbCommand (1ms) [Parameters=[@__normalizedName_0='?' (Size = 256)], CommandType='"Text"', CommandTimeout='30']
SELECT TOP(1) [a].[Id], [a].[ConcurrencyStamp], [a].[Name], [a].[NormalizedName]
FROM [AspNetRoles] AS [a]
WHERE [a].[NormalizedName] = @__normalizedName_0
2025-07-31 17:31:38.793 -06:00 [INF] Executed DbCommand (3ms) [Parameters=[@__role_Id_0='?' (Size = 450)], CommandType='"Text"', CommandTimeout='30']
SELECT [a].[ClaimType], [a].[ClaimValue]
FROM [AspNetRoleClaims] AS [a]
WHERE [a].[RoleId] = @__role_Id_0
2025-07-31 17:31:38.809 -06:00 [INF] AuthenticationScheme: Identity.Application signed in.
2025-07-31 17:31:38.819 -06:00 [INF] ✅ Acción ejecutada: Account/Login | Hora: "2025-07-31T17:31:38.8193696-06:00"
2025-07-31 17:31:38.825 -06:00 [INF] Executing RedirectResult, redirecting to /.
2025-07-31 17:31:38.835 -06:00 [INF] Executed action PaginaBizu.Controllers.AccountController.Login (PaginaBizu) in 540.4694ms
2025-07-31 17:31:38.838 -06:00 [INF] Executed endpoint 'PaginaBizu.Controllers.AccountController.Login (PaginaBizu)'
2025-07-31 17:31:38.847 -06:00 [INF] Request finished HTTP/1.1 POST http://localhost:5116/Account/Login - 302 0 null 616.7258ms
2025-07-31 17:31:38.853 -06:00 [INF] Request starting HTTP/1.1 GET http://localhost:5116/ - null null
2025-07-31 17:31:38.869 -06:00 [INF] Executing endpoint 'PaginaBizu.Controllers.HomeController.Index (PaginaBizu)'
2025-07-31 17:31:38.871 -06:00 [INF] Route matched with {action = "Index", controller = "Home", page = "", area = ""}. Executing controller action with signature Microsoft.AspNetCore.Mvc.IActionResult Index() on controller PaginaBizu.Controllers.HomeController (PaginaBizu).
2025-07-31 17:31:38.879 -06:00 [INF] ➡️ Acción ejecutándose: Home/Index | Usuario: hoshuacastillo48@gmail.com | IP: ::1 | Hora: "2025-07-31T17:31:38.8792046-06:00"
2025-07-31 17:31:38.883 -06:00 [INF] ✅ Acción ejecutada: Home/Index | Hora: "2025-07-31T17:31:38.8831436-06:00"
2025-07-31 17:31:38.888 -06:00 [INF] Executing ViewResult, running view Index.
2025-07-31 17:31:38.946 -06:00 [INF] Executed DbCommand (4ms) [Parameters=[@__p_0='?' (Size = 450)], CommandType='"Text"', CommandTimeout='30']
SELECT TOP(1) [a].[Id], [a].[AccessFailedCount], [a].[ConcurrencyStamp], [a].[Email], [a].[EmailConfirmed], [a].[LockoutEnabled], [a].[LockoutEnd], [a].[NormalizedEmail], [a].[NormalizedUserName], [a].[PasswordHash], [a].[PhoneNumber], [a].[PhoneNumberConfirmed], [a].[SecurityStamp], [a].[TwoFactorEnabled], [a].[UserName]
FROM [AspNetUsers] AS [a]
WHERE [a].[Id] = @__p_0
2025-07-31 17:31:38.957 -06:00 [INF] Executed DbCommand (1ms) [Parameters=[@__userId_0='?' (Size = 450)], CommandType='"Text"', CommandTimeout='30']
SELECT [a0].[Name]
FROM [AspNetUserRoles] AS [a]
INNER JOIN [AspNetRoles] AS [a0] ON [a].[RoleId] = [a0].[Id]
WHERE [a].[UserId] = @__userId_0
2025-07-31 17:31:38.983 -06:00 [INF] Executed ViewResult - view Index executed in 96.245ms.
2025-07-31 17:31:38.987 -06:00 [INF] Executed action PaginaBizu.Controllers.HomeController.Index (PaginaBizu) in 108.7594ms
2025-07-31 17:31:38.990 -06:00 [INF] Executed endpoint 'PaginaBizu.Controllers.HomeController.Index (PaginaBizu)'
2025-07-31 17:31:38.993 -06:00 [INF] Request finished HTTP/1.1 GET http://localhost:5116/ - 200 null text/html; charset=utf-8 140.0874ms
2025-07-31 17:31:38.998 -06:00 [INF] Request starting HTTP/1.1 GET http://localhost:5116/_vs/browserLink - null null
2025-07-31 17:31:38.998 -06:00 [INF] Request starting HTTP/1.1 GET http://localhost:5116/_framework/aspnetcore-browser-refresh.js - null null
2025-07-31 17:31:39.004 -06:00 [INF] Request starting HTTP/1.1 GET http://localhost:5116/css/tailwindcss - null null
2025-07-31 17:31:39.014 -06:00 [INF] Request finished HTTP/1.1 GET http://localhost:5116/_framework/aspnetcore-browser-refresh.js - 200 16505 application/javascript; charset=utf-8 16.0454ms
2025-07-31 17:31:39.023 -06:00 [INF] Request finished HTTP/1.1 GET http://localhost:5116/css/tailwindcss - 404 0 null 19.4216ms
2025-07-31 17:31:39.034 -06:00 [INF] Request reached the end of the middleware pipeline without being handled by application code. Request path: GET http://localhost:5116/css/tailwindcss, Response status code: 404
2025-07-31 17:31:39.041 -06:00 [INF] Request finished HTTP/1.1 GET http://localhost:5116/_vs/browserLink - 200 null text/javascript; charset=UTF-8 43.1017ms
2025-07-31 17:31:55.492 -06:00 [INF] Request starting HTTP/1.1 GET http://localhost:5116/Shop - null null
2025-07-31 17:31:55.515 -06:00 [INF] Executing endpoint 'PaginaBizu.Controllers.ShopController.Index (PaginaBizu)'
2025-07-31 17:31:55.521 -06:00 [INF] Route matched with {action = "Index", controller = "Shop", page = "", area = ""}. Executing controller action with signature Microsoft.AspNetCore.Mvc.IActionResult Index() on controller PaginaBizu.Controllers.ShopController (PaginaBizu).
2025-07-31 17:31:55.527 -06:00 [INF] ➡️ Acción ejecutándose: Shop/Index | Usuario: hoshuacastillo48@gmail.com | IP: ::1 | Hora: "2025-07-31T17:31:55.5272275-06:00"
2025-07-31 17:31:55.569 -06:00 [INF] Executed DbCommand (8ms) [Parameters=[], CommandType='"Text"', CommandTimeout='30']
SELECT [p].[Id], [p].[CantidadDisponible], [p].[Categoria], [p].[Descripcion], [p].[FechaCreacion], [p].[ImagenUrl], [p].[NombreArticulo], [p].[Precio]
FROM [Products] AS [p]
2025-07-31 17:31:55.622 -06:00 [INF] ✅ Acción ejecutada: Shop/Index | Hora: "2025-07-31T17:31:55.6227192-06:00"
2025-07-31 17:31:55.628 -06:00 [INF] Executing ViewResult, running view Index.
2025-07-31 17:31:55.740 -06:00 [INF] Executed ViewResult - view Index executed in 114.9641ms.
2025-07-31 17:31:55.743 -06:00 [INF] Executed action PaginaBizu.Controllers.ShopController.Index (PaginaBizu) in 217.2046ms
2025-07-31 17:31:55.746 -06:00 [INF] Executed endpoint 'PaginaBizu.Controllers.ShopController.Index (PaginaBizu)'
2025-07-31 17:31:55.748 -06:00 [INF] Request finished HTTP/1.1 GET http://localhost:5116/Shop - 200 null text/html; charset=utf-8 256.636ms
2025-07-31 17:31:55.757 -06:00 [INF] Request starting HTTP/1.1 GET http://localhost:5116/lib/bootstrap/dist/css/bootstrap.min.css - null null
2025-07-31 17:31:55.759 -06:00 [INF] Request starting HTTP/1.1 GET http://localhost:5116/css/site.css?v=IDb81l40xEm2yDGbv2iiBqZEZ5q84qRTNUi0SVI4U34 - null null
2025-07-31 17:31:55.764 -06:00 [INF] Request starting HTTP/1.1 GET http://localhost:5116/PaginaBizu.styles.css?v=u2o_07VtSGrZO3WxHAXzvZBevI20fzSZge8oUb78F-4 - null null
2025-07-31 17:31:55.766 -06:00 [INF] Request starting HTTP/1.1 GET http://localhost:5116/css/gucci-style.css - null null
2025-07-31 17:31:55.768 -06:00 [INF] Request starting HTTP/1.1 GET http://localhost:5116/images/https://www.srperro.com/media/post/6e01cf49-0082-4777-be09-e9bcb5eec2ba.600x429.jpg - null null
2025-07-31 17:31:55.771 -06:00 [INF] Request starting HTTP/1.1 GET http://localhost:5116/lib/jquery/dist/jquery.min.js - null null
2025-07-31 17:31:55.796 -06:00 [INF] Sending file. Request path: '/css/site.css'. Physical path: 'C:\Users\Pc\Source\Repos\ProyectoAnalisisDeSistemas2\PaginaBizu\wwwroot\css\site.css'
2025-07-31 17:31:55.797 -06:00 [INF] Sending file. Request path: '/PaginaBizu.styles.css'. Physical path: 'C:\Users\Pc\Source\Repos\ProyectoAnalisisDeSistemas2\PaginaBizu\obj\Debug\net8.0\scopedcss\bundle\PaginaBizu.styles.css'
2025-07-31 17:31:55.799 -06:00 [INF] Request finished HTTP/1.1 GET http://localhost:5116/images/https://www.srperro.com/media/post/6e01cf49-0082-4777-be09-e9bcb5eec2ba.600x429.jpg - 404 0 null 31.5625ms
2025-07-31 17:31:55.808 -06:00 [INF] Request finished HTTP/1.1 GET http://localhost:5116/css/site.css?v=IDb81l40xEm2yDGbv2iiBqZEZ5q84qRTNUi0SVI4U34 - 200 1118 text/css 48.711ms
2025-07-31 17:31:55.813 -06:00 [INF] Request finished HTTP/1.1 GET http://localhost:5116/PaginaBizu.styles.css?v=u2o_07VtSGrZO3WxHAXzvZBevI20fzSZge8oUb78F-4 - 200 1128 text/css 49.1271ms
2025-07-31 17:31:55.831 -06:00 [INF] Request starting HTTP/1.1 GET http://localhost:5116/js/shop.js - null null
2025-07-31 17:31:55.818 -06:00 [INF] Request reached the end of the middleware pipeline without being handled by application code. Request path: GET http://localhost:5116/images/https://www.srperro.com/media/post/6e01cf49-0082-4777-be09-e9bcb5eec2ba.600x429.jpg, Response status code: 404
2025-07-31 17:31:55.836 -06:00 [INF] Sending file. Request path: '/lib/bootstrap/dist/css/bootstrap.min.css'. Physical path: 'C:\Users\Pc\Source\Repos\ProyectoAnalisisDeSistemas2\PaginaBizu\wwwroot\lib\bootstrap\dist\css\bootstrap.min.css'
2025-07-31 17:31:55.836 -06:00 [INF] Sending file. Request path: '/css/gucci-style.css'. Physical path: 'C:\Users\Pc\Source\Repos\ProyectoAnalisisDeSistemas2\PaginaBizu\wwwroot\css\gucci-style.css'
2025-07-31 17:31:55.839 -06:00 [INF] Request starting HTTP/1.1 GET http://localhost:5116/lib/bootstrap/dist/js/bootstrap.bundle.min.js - null null
2025-07-31 17:31:55.851 -06:00 [INF] Request starting HTTP/1.1 GET http://localhost:5116/_framework/aspnetcore-browser-refresh.js - null null
2025-07-31 17:31:55.859 -06:00 [INF] Request finished HTTP/1.1 GET http://localhost:5116/lib/bootstrap/dist/css/bootstrap.min.css - 200 162726 text/css 101.3929ms
2025-07-31 17:31:55.863 -06:00 [INF] Request finished HTTP/1.1 GET http://localhost:5116/css/gucci-style.css - 200 4495 text/css 97.1247ms
2025-07-31 17:31:55.876 -06:00 [INF] Request finished HTTP/1.1 GET http://localhost:5116/_framework/aspnetcore-browser-refresh.js - 200 16505 application/javascript; charset=utf-8 25.3581ms
2025-07-31 17:31:55.893 -06:00 [INF] Request starting HTTP/1.1 GET http://localhost:5116/_vs/browserLink - null null
2025-07-31 17:31:55.927 -06:00 [INF] Sending file. Request path: '/js/shop.js'. Physical path: 'C:\Users\Pc\Source\Repos\ProyectoAnalisisDeSistemas2\PaginaBizu\wwwroot\js\shop.js'
2025-07-31 17:31:55.937 -06:00 [INF] Sending file. Request path: '/lib/jquery/dist/jquery.min.js'. Physical path: 'C:\Users\Pc\Source\Repos\ProyectoAnalisisDeSistemas2\PaginaBizu\wwwroot\lib\jquery\dist\jquery.min.js'
2025-07-31 17:31:55.939 -06:00 [INF] Request finished HTTP/1.1 GET http://localhost:5116/js/shop.js - 200 152 text/javascript 107.9909ms
2025-07-31 17:31:55.942 -06:00 [INF] Request finished HTTP/1.1 GET http://localhost:5116/lib/jquery/dist/jquery.min.js - 200 89503 text/javascript 171.5122ms
2025-07-31 17:31:55.954 -06:00 [INF] Sending file. Request path: '/lib/bootstrap/dist/js/bootstrap.bundle.min.js'. Physical path: 'C:\Users\Pc\Source\Repos\ProyectoAnalisisDeSistemas2\PaginaBizu\wwwroot\lib\bootstrap\dist\js\bootstrap.bundle.min.js'
2025-07-31 17:31:55.957 -06:00 [INF] Request finished HTTP/1.1 GET http://localhost:5116/_vs/browserLink - 200 null text/javascript; charset=UTF-8 63.61ms
2025-07-31 17:31:55.966 -06:00 [INF] Request finished HTTP/1.1 GET http://localhost:5116/lib/bootstrap/dist/js/bootstrap.bundle.min.js - 200 78474 text/javascript 127.2559ms
2025-07-31 17:31:55.987 -06:00 [INF] Request starting HTTP/1.1 GET http://localhost:5116/Cart/CartCount - null null
2025-07-31 17:31:55.994 -06:00 [INF] Executing endpoint 'PaginaBizu.Controllers.CartController.CartCount (PaginaBizu)'
2025-07-31 17:31:56.001 -06:00 [INF] Route matched with {action = "CartCount", controller = "Cart", page = "", area = ""}. Executing controller action with signature Microsoft.AspNetCore.Mvc.IActionResult CartCount() on controller PaginaBizu.Controllers.CartController (PaginaBizu).
2025-07-31 17:31:56.010 -06:00 [INF] ➡️ Acción ejecutándose: Cart/CartCount | Usuario: hoshuacastillo48@gmail.com | IP: ::1 | Hora: "2025-07-31T17:31:56.0102541-06:00"
2025-07-31 17:31:56.020 -06:00 [INF] ✅ Acción ejecutada: Cart/CartCount | Hora: "2025-07-31T17:31:56.0205234-06:00"
2025-07-31 17:31:56.029 -06:00 [INF] Executing JsonResult, writing value of type 'System.Int32'.
2025-07-31 17:31:56.049 -06:00 [INF] Executed action PaginaBizu.Controllers.CartController.CartCount (PaginaBizu) in 40.2066ms
2025-07-31 17:31:56.052 -06:00 [INF] Request starting HTTP/1.1 GET http://localhost:5116/Cart/CartCount - null null
2025-07-31 17:31:56.052 -06:00 [INF] Executed endpoint 'PaginaBizu.Controllers.CartController.CartCount (PaginaBizu)'
2025-07-31 17:31:56.060 -06:00 [INF] Request finished HTTP/1.1 GET http://localhost:5116/Cart/CartCount - 200 null application/json; charset=utf-8 73.2155ms
2025-07-31 17:31:56.062 -06:00 [INF] Executing endpoint 'PaginaBizu.Controllers.CartController.CartCount (PaginaBizu)'
2025-07-31 17:31:56.079 -06:00 [INF] Route matched with {action = "CartCount", controller = "Cart", page = "", area = ""}. Executing controller action with signature Microsoft.AspNetCore.Mvc.IActionResult CartCount() on controller PaginaBizu.Controllers.CartController (PaginaBizu).
2025-07-31 17:31:56.089 -06:00 [INF] ➡️ Acción ejecutándose: Cart/CartCount | Usuario: hoshuacastillo48@gmail.com | IP: ::1 | Hora: "2025-07-31T17:31:56.0891102-06:00"
2025-07-31 17:31:56.103 -06:00 [INF] ✅ Acción ejecutada: Cart/CartCount | Hora: "2025-07-31T17:31:56.1033898-06:00"
2025-07-31 17:31:56.109 -06:00 [INF] Executing JsonResult, writing value of type 'System.Int32'.
2025-07-31 17:31:56.120 -06:00 [INF] Executed action PaginaBizu.Controllers.CartController.CartCount (PaginaBizu) in 31.2323ms
2025-07-31 17:31:56.122 -06:00 [INF] Executed endpoint 'PaginaBizu.Controllers.CartController.CartCount (PaginaBizu)'
2025-07-31 17:31:56.126 -06:00 [INF] Request finished HTTP/1.1 GET http://localhost:5116/Cart/CartCount - 200 null application/json; charset=utf-8 73.8985ms
2025-07-31 17:32:00.116 -06:00 [INF] Request starting HTTP/1.1 GET http://localhost:5116/ - null null
2025-07-31 17:32:00.123 -06:00 [INF] Executing endpoint 'PaginaBizu.Controllers.HomeController.Index (PaginaBizu)'
2025-07-31 17:32:00.125 -06:00 [INF] Route matched with {action = "Index", controller = "Home", page = "", area = ""}. Executing controller action with signature Microsoft.AspNetCore.Mvc.IActionResult Index() on controller PaginaBizu.Controllers.HomeController (PaginaBizu).
2025-07-31 17:32:00.130 -06:00 [INF] ➡️ Acción ejecutándose: Home/Index | Usuario: hoshuacastillo48@gmail.com | IP: ::1 | Hora: "2025-07-31T17:32:00.1305644-06:00"
2025-07-31 17:32:00.137 -06:00 [INF] ✅ Acción ejecutada: Home/Index | Hora: "2025-07-31T17:32:00.1376203-06:00"
2025-07-31 17:32:00.141 -06:00 [INF] Executing ViewResult, running view Index.
2025-07-31 17:32:00.151 -06:00 [INF] Executed DbCommand (5ms) [Parameters=[@__p_0='?' (Size = 450)], CommandType='"Text"', CommandTimeout='30']
SELECT TOP(1) [a].[Id], [a].[AccessFailedCount], [a].[ConcurrencyStamp], [a].[Email], [a].[EmailConfirmed], [a].[LockoutEnabled], [a].[LockoutEnd], [a].[NormalizedEmail], [a].[NormalizedUserName], [a].[PasswordHash], [a].[PhoneNumber], [a].[PhoneNumberConfirmed], [a].[SecurityStamp], [a].[TwoFactorEnabled], [a].[UserName]
FROM [AspNetUsers] AS [a]
WHERE [a].[Id] = @__p_0
2025-07-31 17:32:00.165 -06:00 [INF] Executed DbCommand (4ms) [Parameters=[@__userId_0='?' (Size = 450)], CommandType='"Text"', CommandTimeout='30']
SELECT [a0].[Name]
FROM [AspNetUserRoles] AS [a]
INNER JOIN [AspNetRoles] AS [a0] ON [a].[RoleId] = [a0].[Id]
WHERE [a].[UserId] = @__userId_0
2025-07-31 17:32:00.174 -06:00 [INF] Executed ViewResult - view Index executed in 33.4084ms.
2025-07-31 17:32:00.176 -06:00 [INF] Executed action PaginaBizu.Controllers.HomeController.Index (PaginaBizu) in 45.8495ms
2025-07-31 17:32:00.178 -06:00 [INF] Executed endpoint 'PaginaBizu.Controllers.HomeController.Index (PaginaBizu)'
2025-07-31 17:32:00.180 -06:00 [INF] Request finished HTTP/1.1 GET http://localhost:5116/ - 200 null text/html; charset=utf-8 63.3445ms
2025-07-31 17:32:00.184 -06:00 [INF] Request starting HTTP/1.1 GET http://localhost:5116/_framework/aspnetcore-browser-refresh.js - null null
2025-07-31 17:32:00.184 -06:00 [INF] Request starting HTTP/1.1 GET http://localhost:5116/_vs/browserLink - null null
2025-07-31 17:32:00.188 -06:00 [INF] Request finished HTTP/1.1 GET http://localhost:5116/_framework/aspnetcore-browser-refresh.js - 200 16505 application/javascript; charset=utf-8 3.4062ms
2025-07-31 17:32:00.188 -06:00 [INF] Request starting HTTP/1.1 GET http://localhost:5116/css/tailwindcss - null null
2025-07-31 17:32:00.196 -06:00 [INF] Request finished HTTP/1.1 GET http://localhost:5116/_vs/browserLink - 200 null text/javascript; charset=UTF-8 11.8985ms
2025-07-31 17:32:00.202 -06:00 [INF] Request finished HTTP/1.1 GET http://localhost:5116/css/tailwindcss - 404 0 null 14.5575ms
2025-07-31 17:32:00.208 -06:00 [INF] Request reached the end of the middleware pipeline without being handled by application code. Request path: GET http://localhost:5116/css/tailwindcss, Response status code: 404
2025-07-31 17:32:01.981 -06:00 [INF] Request starting HTTP/1.1 GET http://localhost:5116/Products - null null
2025-07-31 17:32:02.006 -06:00 [INF] Executing endpoint 'PaginaBizu.Controllers.ProductsController.Index (PaginaBizu)'
2025-07-31 17:32:02.015 -06:00 [INF] Route matched with {action = "Index", controller = "Products", page = "", area = ""}. Executing controller action with signature System.Threading.Tasks.Task`1[Microsoft.AspNetCore.Mvc.IActionResult] Index() on controller PaginaBizu.Controllers.ProductsController (PaginaBizu).
2025-07-31 17:32:02.022 -06:00 [INF] ➡️ Acción ejecutándose: Products/Index | Usuario: hoshuacastillo48@gmail.com | IP: ::1 | Hora: "2025-07-31T17:32:02.0221408-06:00"
2025-07-31 17:32:02.039 -06:00 [INF] Executed DbCommand (2ms) [Parameters=[], CommandType='"Text"', CommandTimeout='30']
SELECT [p].[Id], [p].[CantidadDisponible], [p].[Categoria], [p].[Descripcion], [p].[FechaCreacion], [p].[ImagenUrl], [p].[NombreArticulo], [p].[Precio]
FROM [Products] AS [p]
2025-07-31 17:32:02.046 -06:00 [INF] ✅ Acción ejecutada: Products/Index | Hora: "2025-07-31T17:32:02.0466845-06:00"
2025-07-31 17:32:02.051 -06:00 [INF] Executing ViewResult, running view Index.
2025-07-31 17:32:02.115 -06:00 [INF] Executed ViewResult - view Index executed in 66.5331ms.
2025-07-31 17:32:02.118 -06:00 [INF] Executed action PaginaBizu.Controllers.ProductsController.Index (PaginaBizu) in 96.3846ms
2025-07-31 17:32:02.119 -06:00 [INF] Executed endpoint 'PaginaBizu.Controllers.ProductsController.Index (PaginaBizu)'
2025-07-31 17:32:02.122 -06:00 [INF] Request finished HTTP/1.1 GET http://localhost:5116/Products - 200 null text/html; charset=utf-8 140.5339ms
2025-07-31 17:32:02.130 -06:00 [INF] Request starting HTTP/1.1 GET http://localhost:5116/css/shop.css - null null
2025-07-31 17:32:02.132 -06:00 [INF] Request starting HTTP/1.1 GET http://localhost:5116/_framework/aspnetcore-browser-refresh.js - null null
2025-07-31 17:32:02.139 -06:00 [INF] Request finished HTTP/1.1 GET http://localhost:5116/_framework/aspnetcore-browser-refresh.js - 200 16505 application/javascript; charset=utf-8 6.9924ms
2025-07-31 17:32:02.140 -06:00 [INF] Request starting HTTP/1.1 GET http://localhost:5116/_vs/browserLink - null null
2025-07-31 17:32:02.163 -06:00 [INF] Request finished HTTP/1.1 GET http://localhost:5116/_vs/browserLink - 200 null text/javascript; charset=UTF-8 23.0174ms
2025-07-31 17:32:02.183 -06:00 [INF] Sending file. Request path: '/css/shop.css'. Physical path: 'C:\Users\Pc\Source\Repos\ProyectoAnalisisDeSistemas2\PaginaBizu\wwwroot\css\shop.css'
2025-07-31 17:32:02.187 -06:00 [INF] Request finished HTTP/1.1 GET http://localhost:5116/css/shop.css - 200 5489 text/css 57.0203ms
2025-07-31 17:32:02.215 -06:00 [INF] Request starting HTTP/1.1 GET http://localhost:5116/Cart/CartCount - null null
2025-07-31 17:32:02.219 -06:00 [INF] Executing endpoint 'PaginaBizu.Controllers.CartController.CartCount (PaginaBizu)'
2025-07-31 17:32:02.221 -06:00 [INF] Route matched with {action = "CartCount", controller = "Cart", page = "", area = ""}. Executing controller action with signature Microsoft.AspNetCore.Mvc.IActionResult CartCount() on controller PaginaBizu.Controllers.CartController (PaginaBizu).
2025-07-31 17:32:02.226 -06:00 [INF] ➡️ Acción ejecutándose: Cart/CartCount | Usuario: hoshuacastillo48@gmail.com | IP: ::1 | Hora: "2025-07-31T17:32:02.2266236-06:00"
2025-07-31 17:32:02.231 -06:00 [INF] ✅ Acción ejecutada: Cart/CartCount | Hora: "2025-07-31T17:32:02.2311774-06:00"
2025-07-31 17:32:02.236 -06:00 [INF] Executing JsonResult, writing value of type 'System.Int32'.
2025-07-31 17:32:02.238 -06:00 [INF] Executed action PaginaBizu.Controllers.CartController.CartCount (PaginaBizu) in 12.0095ms
2025-07-31 17:32:02.242 -06:00 [INF] Executed endpoint 'PaginaBizu.Controllers.CartController.CartCount (PaginaBizu)'
2025-07-31 17:32:02.242 -06:00 [INF] Request starting HTTP/1.1 GET http://localhost:5116/Cart/CartCount - null null
2025-07-31 17:32:02.244 -06:00 [INF] Request finished HTTP/1.1 GET http://localhost:5116/Cart/CartCount - 200 null application/json; charset=utf-8 29.6634ms
2025-07-31 17:32:02.253 -06:00 [INF] Executing endpoint 'PaginaBizu.Controllers.CartController.CartCount (PaginaBizu)'
2025-07-31 17:32:02.260 -06:00 [INF] Route matched with {action = "CartCount", controller = "Cart", page = "", area = ""}. Executing controller action with signature Microsoft.AspNetCore.Mvc.IActionResult CartCount() on controller PaginaBizu.Controllers.CartController (PaginaBizu).
2025-07-31 17:32:02.267 -06:00 [INF] ➡️ Acción ejecutándose: Cart/CartCount | Usuario: hoshuacastillo48@gmail.com | IP: ::1 | Hora: "2025-07-31T17:32:02.2670768-06:00"
2025-07-31 17:32:02.270 -06:00 [INF] ✅ Acción ejecutada: Cart/CartCount | Hora: "2025-07-31T17:32:02.2706270-06:00"
2025-07-31 17:32:02.281 -06:00 [INF] Executing JsonResult, writing value of type 'System.Int32'.
2025-07-31 17:32:02.284 -06:00 [INF] Executed action PaginaBizu.Controllers.CartController.CartCount (PaginaBizu) in 17.4461ms
2025-07-31 17:32:02.286 -06:00 [INF] Executed endpoint 'PaginaBizu.Controllers.CartController.CartCount (PaginaBizu)'
2025-07-31 17:32:02.289 -06:00 [INF] Request finished HTTP/1.1 GET http://localhost:5116/Cart/CartCount - 200 null application/json; charset=utf-8 46.4917ms
2025-07-31 17:32:09.435 -06:00 [INF] Request starting HTTP/1.1 GET http://localhost:5116/ - null null
2025-07-31 17:32:09.442 -06:00 [INF] Executing endpoint 'PaginaBizu.Controllers.HomeController.Index (PaginaBizu)'
2025-07-31 17:32:09.445 -06:00 [INF] Route matched with {action = "Index", controller = "Home", page = "", area = ""}. Executing controller action with signature Microsoft.AspNetCore.Mvc.IActionResult Index() on controller PaginaBizu.Controllers.HomeController (PaginaBizu).
2025-07-31 17:32:09.456 -06:00 [INF] ➡️ Acción ejecutándose: Home/Index | Usuario: hoshuacastillo48@gmail.com | IP: ::1 | Hora: "2025-07-31T17:32:09.4567362-06:00"
2025-07-31 17:32:09.460 -06:00 [INF] ✅ Acción ejecutada: Home/Index | Hora: "2025-07-31T17:32:09.4604820-06:00"
2025-07-31 17:32:09.464 -06:00 [INF] Executing ViewResult, running view Index.
2025-07-31 17:32:09.472 -06:00 [INF] Executed DbCommand (2ms) [Parameters=[@__p_0='?' (Size = 450)], CommandType='"Text"', CommandTimeout='30']
SELECT TOP(1) [a].[Id], [a].[AccessFailedCount], [a].[ConcurrencyStamp], [a].[Email], [a].[EmailConfirmed], [a].[LockoutEnabled], [a].[LockoutEnd], [a].[NormalizedEmail], [a].[NormalizedUserName], [a].[PasswordHash], [a].[PhoneNumber], [a].[PhoneNumberConfirmed], [a].[SecurityStamp], [a].[TwoFactorEnabled], [a].[UserName]
FROM [AspNetUsers] AS [a]
WHERE [a].[Id] = @__p_0
2025-07-31 17:32:09.482 -06:00 [INF] Executed DbCommand (2ms) [Parameters=[@__userId_0='?' (Size = 450)], CommandType='"Text"', CommandTimeout='30']
SELECT [a0].[Name]
FROM [AspNetUserRoles] AS [a]
INNER JOIN [AspNetRoles] AS [a0] ON [a].[RoleId] = [a0].[Id]
WHERE [a].[UserId] = @__userId_0
2025-07-31 17:32:09.488 -06:00 [INF] Executed ViewResult - view Index executed in 24.7778ms.
2025-07-31 17:32:09.490 -06:00 [INF] Executed action PaginaBizu.Controllers.HomeController.Index (PaginaBizu) in 34.5045ms
2025-07-31 17:32:09.497 -06:00 [INF] Executed endpoint 'PaginaBizu.Controllers.HomeController.Index (PaginaBizu)'
2025-07-31 17:32:09.501 -06:00 [INF] Request finished HTTP/1.1 GET http://localhost:5116/ - 200 null text/html; charset=utf-8 66.175ms
2025-07-31 17:32:09.514 -06:00 [INF] Request starting HTTP/1.1 GET http://localhost:5116/_framework/aspnetcore-browser-refresh.js - null null
2025-07-31 17:32:09.521 -06:00 [INF] Request starting HTTP/1.1 GET http://localhost:5116/_vs/browserLink - null null
2025-07-31 17:32:09.521 -06:00 [INF] Request starting HTTP/1.1 GET http://localhost:5116/css/tailwindcss - null null
2025-07-31 17:32:09.534 -06:00 [INF] Request finished HTTP/1.1 GET http://localhost:5116/_framework/aspnetcore-browser-refresh.js - 200 16505 application/javascript; charset=utf-8 20.8774ms
2025-07-31 17:32:09.545 -06:00 [INF] Request finished HTTP/1.1 GET http://localhost:5116/_vs/browserLink - 200 null text/javascript; charset=UTF-8 24.1744ms
2025-07-31 17:32:09.548 -06:00 [INF] Request finished HTTP/1.1 GET http://localhost:5116/css/tailwindcss - 404 0 null 26.865ms
2025-07-31 17:32:09.567 -06:00 [INF] Request reached the end of the middleware pipeline without being handled by application code. Request path: GET http://localhost:5116/css/tailwindcss, Response status code: 404
2025-07-31 17:32:16.166 -06:00 [INF] Request starting HTTP/1.1 GET http://localhost:5116/Shop - null null
2025-07-31 17:32:16.172 -06:00 [INF] Executing endpoint 'PaginaBizu.Controllers.ShopController.Index (PaginaBizu)'
2025-07-31 17:32:16.174 -06:00 [INF] Route matched with {action = "Index", controller = "Shop", page = "", area = ""}. Executing controller action with signature Microsoft.AspNetCore.Mvc.IActionResult Index() on controller PaginaBizu.Controllers.ShopController (PaginaBizu).
2025-07-31 17:32:16.182 -06:00 [INF] ➡️ Acción ejecutándose: Shop/Index | Usuario: hoshuacastillo48@gmail.com | IP: ::1 | Hora: "2025-07-31T17:32:16.1822177-06:00"
2025-07-31 17:32:16.188 -06:00 [INF] Executed DbCommand (1ms) [Parameters=[], CommandType='"Text"', CommandTimeout='30']
SELECT [p].[Id], [p].[CantidadDisponible], [p].[Categoria], [p].[Descripcion], [p].[FechaCreacion], [p].[ImagenUrl], [p].[NombreArticulo], [p].[Precio]
FROM [Products] AS [p]
2025-07-31 17:32:16.197 -06:00 [INF] ✅ Acción ejecutada: Shop/Index | Hora: "2025-07-31T17:32:16.1973640-06:00"
2025-07-31 17:32:16.201 -06:00 [INF] Executing ViewResult, running view Index.
2025-07-31 17:32:16.206 -06:00 [INF] Executed ViewResult - view Index executed in 4.7216ms.
2025-07-31 17:32:16.212 -06:00 [INF] Executed action PaginaBizu.Controllers.ShopController.Index (PaginaBizu) in 30.2715ms
2025-07-31 17:32:16.215 -06:00 [INF] Executed endpoint 'PaginaBizu.Controllers.ShopController.Index (PaginaBizu)'
2025-07-31 17:32:16.217 -06:00 [INF] Request finished HTTP/1.1 GET http://localhost:5116/Shop - 200 null text/html; charset=utf-8 51.717ms
2025-07-31 17:32:16.224 -06:00 [INF] Request starting HTTP/1.1 GET http://localhost:5116/_vs/browserLink - null null
2025-07-31 17:32:16.224 -06:00 [INF] Request starting HTTP/1.1 GET http://localhost:5116/_framework/aspnetcore-browser-refresh.js - null null
2025-07-31 17:32:16.224 -06:00 [INF] Request starting HTTP/1.1 GET http://localhost:5116/images/https://www.srperro.com/media/post/6e01cf49-0082-4777-be09-e9bcb5eec2ba.600x429.jpg - null null
2025-07-31 17:32:16.233 -06:00 [INF] Request finished HTTP/1.1 GET http://localhost:5116/_vs/browserLink - 200 null text/javascript; charset=UTF-8 9.4103ms
2025-07-31 17:32:16.234 -06:00 [INF] Request finished HTTP/1.1 GET http://localhost:5116/_framework/aspnetcore-browser-refresh.js - 200 16505 application/javascript; charset=utf-8 10.1155ms
2025-07-31 17:32:16.242 -06:00 [INF] Request finished HTTP/1.1 GET http://localhost:5116/images/https://www.srperro.com/media/post/6e01cf49-0082-4777-be09-e9bcb5eec2ba.600x429.jpg - 404 0 null 17.8993ms
2025-07-31 17:32:16.263 -06:00 [INF] Request reached the end of the middleware pipeline without being handled by application code. Request path: GET http://localhost:5116/images/https://www.srperro.com/media/post/6e01cf49-0082-4777-be09-e9bcb5eec2ba.600x429.jpg, Response status code: 404
2025-07-31 17:32:16.273 -06:00 [INF] Request starting HTTP/1.1 GET http://localhost:5116/Cart/CartCount - null null
2025-07-31 17:32:16.283 -06:00 [INF] Executing endpoint 'PaginaBizu.Controllers.CartController.CartCount (PaginaBizu)'
2025-07-31 17:32:16.285 -06:00 [INF] Route matched with {action = "CartCount", controller = "Cart", page = "", area = ""}. Executing controller action with signature Microsoft.AspNetCore.Mvc.IActionResult CartCount() on controller PaginaBizu.Controllers.CartController (PaginaBizu).
2025-07-31 17:32:16.291 -06:00 [INF] ➡️ Acción ejecutándose: Cart/CartCount | Usuario: hoshuacastillo48@gmail.com | IP: ::1 | Hora: "2025-07-31T17:32:16.2915724-06:00"
2025-07-31 17:32:16.295 -06:00 [INF] ✅ Acción ejecutada: Cart/CartCount | Hora: "2025-07-31T17:32:16.2951844-06:00"
2025-07-31 17:32:16.304 -06:00 [INF] Executing JsonResult, writing value of type 'System.Int32'.
2025-07-31 17:32:16.308 -06:00 [INF] Executed action PaginaBizu.Controllers.CartController.CartCount (PaginaBizu) in 16.5152ms
2025-07-31 17:32:16.311 -06:00 [INF] Request starting HTTP/1.1 GET http://localhost:5116/Cart/CartCount - null null
2025-07-31 17:32:16.311 -06:00 [INF] Executed endpoint 'PaginaBizu.Controllers.CartController.CartCount (PaginaBizu)'
2025-07-31 17:32:16.317 -06:00 [INF] Executing endpoint 'PaginaBizu.Controllers.CartController.CartCount (PaginaBizu)'
2025-07-31 17:32:16.320 -06:00 [INF] Request finished HTTP/1.1 GET http://localhost:5116/Cart/CartCount - 200 null application/json; charset=utf-8 46.4561ms
2025-07-31 17:32:16.331 -06:00 [INF] Route matched with {action = "CartCount", controller = "Cart", page = "", area = ""}. Executing controller action with signature Microsoft.AspNetCore.Mvc.IActionResult CartCount() on controller PaginaBizu.Controllers.CartController (PaginaBizu).
2025-07-31 17:32:16.350 -06:00 [INF] ➡️ Acción ejecutándose: Cart/CartCount | Usuario: hoshuacastillo48@gmail.com | IP: ::1 | Hora: "2025-07-31T17:32:16.3499701-06:00"
2025-07-31 17:32:16.354 -06:00 [INF] ✅ Acción ejecutada: Cart/CartCount | Hora: "2025-07-31T17:32:16.3545994-06:00"
2025-07-31 17:32:16.361 -06:00 [INF] Executing JsonResult, writing value of type 'System.Int32'.
2025-07-31 17:32:16.363 -06:00 [INF] Executed action PaginaBizu.Controllers.CartController.CartCount (PaginaBizu) in 13.5749ms
2025-07-31 17:32:16.366 -06:00 [INF] Executed endpoint 'PaginaBizu.Controllers.CartController.CartCount (PaginaBizu)'
2025-07-31 17:32:16.371 -06:00 [INF] Request finished HTTP/1.1 GET http://localhost:5116/Cart/CartCount - 200 null application/json; charset=utf-8 59.8714ms
2025-07-31 17:32:40.906 -06:00 [INF] Request starting HTTP/1.1 GET http://localhost:5116/ - null null
2025-07-31 17:32:40.924 -06:00 [INF] Executing endpoint 'PaginaBizu.Controllers.HomeController.Index (PaginaBizu)'
2025-07-31 17:32:40.926 -06:00 [INF] Route matched with {action = "Index", controller = "Home", page = "", area = ""}. Executing controller action with signature Microsoft.AspNetCore.Mvc.IActionResult Index() on controller PaginaBizu.Controllers.HomeController (PaginaBizu).
2025-07-31 17:32:40.934 -06:00 [INF] ➡️ Acción ejecutándose: Home/Index | Usuario: hoshuacastillo48@gmail.com | IP: ::1 | Hora: "2025-07-31T17:32:40.9346873-06:00"
2025-07-31 17:32:40.939 -06:00 [INF] ✅ Acción ejecutada: Home/Index | Hora: "2025-07-31T17:32:40.9391457-06:00"
2025-07-31 17:32:40.942 -06:00 [INF] Executing ViewResult, running view Index.
2025-07-31 17:32:40.949 -06:00 [INF] Executed DbCommand (3ms) [Parameters=[@__p_0='?' (Size = 450)], CommandType='"Text"', CommandTimeout='30']
SELECT TOP(1) [a].[Id], [a].[AccessFailedCount], [a].[ConcurrencyStamp], [a].[Email], [a].[EmailConfirmed], [a].[LockoutEnabled], [a].[LockoutEnd], [a].[NormalizedEmail], [a].[NormalizedUserName], [a].[PasswordHash], [a].[PhoneNumber], [a].[PhoneNumberConfirmed], [a].[SecurityStamp], [a].[TwoFactorEnabled], [a].[UserName]
FROM [AspNetUsers] AS [a]
WHERE [a].[Id] = @__p_0
2025-07-31 17:32:40.969 -06:00 [INF] Executed DbCommand (2ms) [Parameters=[@__userId_0='?' (Size = 450)], CommandType='"Text"', CommandTimeout='30']
SELECT [a0].[Name]
FROM [AspNetUserRoles] AS [a]
INNER JOIN [AspNetRoles] AS [a0] ON [a].[RoleId] = [a0].[Id]
WHERE [a].[UserId] = @__userId_0
2025-07-31 17:32:40.978 -06:00 [INF] Executed ViewResult - view Index executed in 36.9773ms.
2025-07-31 17:32:40.980 -06:00 [INF] Executed action PaginaBizu.Controllers.HomeController.Index (PaginaBizu) in 46.1174ms
2025-07-31 17:32:40.983 -06:00 [INF] Executed endpoint 'PaginaBizu.Controllers.HomeController.Index (PaginaBizu)'
2025-07-31 17:32:40.985 -06:00 [INF] Request finished HTTP/1.1 GET http://localhost:5116/ - 200 null text/html; charset=utf-8 79.1688ms
2025-07-31 17:32:41.003 -06:00 [INF] Request starting HTTP/1.1 GET http://localhost:5116/_framework/aspnetcore-browser-refresh.js - null null
2025-07-31 17:32:41.005 -06:00 [INF] Request starting HTTP/1.1 GET http://localhost:5116/_vs/browserLink - null null
2025-07-31 17:32:41.006 -06:00 [INF] Request starting HTTP/1.1 GET http://localhost:5116/css/tailwindcss - null null
2025-07-31 17:32:41.007 -06:00 [INF] Request finished HTTP/1.1 GET http://localhost:5116/_framework/aspnetcore-browser-refresh.js - 200 16505 application/javascript; charset=utf-8 3.5987ms
2025-07-31 17:32:41.027 -06:00 [INF] Request finished HTTP/1.1 GET http://localhost:5116/css/tailwindcss - 404 0 null 21.5783ms
2025-07-31 17:32:41.049 -06:00 [INF] Request finished HTTP/1.1 GET http://localhost:5116/_vs/browserLink - 200 null text/javascript; charset=UTF-8 43.7746ms
2025-07-31 17:32:41.061 -06:00 [INF] Request reached the end of the middleware pipeline without being handled by application code. Request path: GET http://localhost:5116/css/tailwindcss, Response status code: 404
2025-07-31 18:39:43.801 -06:00 [INF] User profile is available. Using 'C:\Users\Pc\AppData\Local\ASP.NET\DataProtection-Keys' as key repository and Windows DPAPI to encrypt keys at rest.
2025-07-31 18:39:44.435 -06:00 [WRN] No store type was specified for the decimal property 'Total' on entity type 'Order'. This will cause values to be silently truncated if they do not fit in the default precision and scale. Explicitly specify the SQL server column type that can accommodate all the values in 'OnModelCreating' using 'HasColumnType', specify precision and scale using 'HasPrecision', or configure a value converter using 'HasConversion'.
2025-07-31 18:39:44.438 -06:00 [WRN] No store type was specified for the decimal property 'PrecioUnitario' on entity type 'OrderDetail'. This will cause values to be silently truncated if they do not fit in the default precision and scale. Explicitly specify the SQL server column type that can accommodate all the values in 'OnModelCreating' using 'HasColumnType', specify precision and scale using 'HasPrecision', or configure a value converter using 'HasConversion'.
2025-07-31 18:39:44.439 -06:00 [WRN] No store type was specified for the decimal property 'Precio' on entity type 'Product'. This will cause values to be silently truncated if they do not fit in the default precision and scale. Explicitly specify the SQL server column type that can accommodate all the values in 'OnModelCreating' using 'HasColumnType', specify precision and scale using 'HasPrecision', or configure a value converter using 'HasConversion'.
2025-07-31 18:39:45.117 -06:00 [INF] Executed DbCommand (53ms) [Parameters=[@__normalizedName_0='?' (Size = 256)], CommandType='"Text"', CommandTimeout='30']
SELECT TOP(1) [a].[Id], [a].[ConcurrencyStamp], [a].[Name], [a].[NormalizedName]
FROM [AspNetRoles] AS [a]
WHERE [a].[NormalizedName] = @__normalizedName_0
2025-07-31 18:39:45.204 -06:00 [INF] Executed DbCommand (4ms) [Parameters=[@__normalizedEmail_0='?' (Size = 256)], CommandType='"Text"', CommandTimeout='30']
SELECT TOP(2) [a].[Id], [a].[AccessFailedCount], [a].[ConcurrencyStamp], [a].[Email], [a].[EmailConfirmed], [a].[LockoutEnabled], [a].[LockoutEnd], [a].[NormalizedEmail], [a].[NormalizedUserName], [a].[PasswordHash], [a].[PhoneNumber], [a].[PhoneNumberConfirmed], [a].[SecurityStamp], [a].[TwoFactorEnabled], [a].[UserName]
FROM [AspNetUsers] AS [a]
WHERE [a].[NormalizedEmail] = @__normalizedEmail_0
2025-07-31 18:39:45.248 -06:00 [INF] Executed DbCommand (2ms) [Parameters=[@__normalizedRoleName_0='?' (Size = 256)], CommandType='"Text"', CommandTimeout='30']
SELECT TOP(2) [a].[Id], [a].[ConcurrencyStamp], [a].[Name], [a].[NormalizedName]
FROM [AspNetRoles] AS [a]
WHERE [a].[NormalizedName] = @__normalizedRoleName_0
2025-07-31 18:39:45.281 -06:00 [INF] Executed DbCommand (2ms) [Parameters=[@__p_0='?' (Size = 450), @__p_1='?' (Size = 450)], CommandType='"Text"', CommandTimeout='30']
SELECT TOP(1) [a].[UserId], [a].[RoleId]
FROM [AspNetUserRoles] AS [a]
WHERE [a].[UserId] = @__p_0 AND [a].[RoleId] = @__p_1
2025-07-31 18:39:45.307 -06:00 [INF] Executed DbCommand (1ms) [Parameters=[@__normalizedEmail_0='?' (Size = 256)], CommandType='"Text"', CommandTimeout='30']
SELECT TOP(2) [a].[Id], [a].[AccessFailedCount], [a].[ConcurrencyStamp], [a].[Email], [a].[EmailConfirmed], [a].[LockoutEnabled], [a].[LockoutEnd], [a].[NormalizedEmail], [a].[NormalizedUserName], [a].[PasswordHash], [a].[PhoneNumber], [a].[PhoneNumberConfirmed], [a].[SecurityStamp], [a].[TwoFactorEnabled], [a].[UserName]
FROM [AspNetUsers] AS [a]
WHERE [a].[NormalizedEmail] = @__normalizedEmail_0
2025-07-31 18:39:45.314 -06:00 [INF] Executed DbCommand (1ms) [Parameters=[@__normalizedRoleName_0='?' (Size = 256)], CommandType='"Text"', CommandTimeout='30']
SELECT TOP(2) [a].[Id], [a].[ConcurrencyStamp], [a].[Name], [a].[NormalizedName]
FROM [AspNetRoles] AS [a]
WHERE [a].[NormalizedName] = @__normalizedRoleName_0
2025-07-31 18:39:45.319 -06:00 [INF] Executed DbCommand (1ms) [Parameters=[@__p_0='?' (Size = 450), @__p_1='?' (Size = 450)], CommandType='"Text"', CommandTimeout='30']
SELECT TOP(1) [a].[UserId], [a].[RoleId]
FROM [AspNetUserRoles] AS [a]
WHERE [a].[UserId] = @__p_0 AND [a].[RoleId] = @__p_1
2025-07-31 18:39:45.323 -06:00 [INF] Executed DbCommand (1ms) [Parameters=[@__normalizedEmail_0='?' (Size = 256)], CommandType='"Text"', CommandTimeout='30']
SELECT TOP(2) [a].[Id], [a].[AccessFailedCount], [a].[ConcurrencyStamp], [a].[Email], [a].[EmailConfirmed], [a].[LockoutEnabled], [a].[LockoutEnd], [a].[NormalizedEmail], [a].[NormalizedUserName], [a].[PasswordHash], [a].[PhoneNumber], [a].[PhoneNumberConfirmed], [a].[SecurityStamp], [a].[TwoFactorEnabled], [a].[UserName]
FROM [AspNetUsers] AS [a]
WHERE [a].[NormalizedEmail] = @__normalizedEmail_0
2025-07-31 18:39:45.327 -06:00 [INF] Executed DbCommand (1ms) [Parameters=[@__normalizedRoleName_0='?' (Size = 256)], CommandType='"Text"', CommandTimeout='30']
SELECT TOP(2) [a].[Id], [a].[ConcurrencyStamp], [a].[Name], [a].[NormalizedName]
FROM [AspNetRoles] AS [a]
WHERE [a].[NormalizedName] = @__normalizedRoleName_0
2025-07-31 18:39:45.330 -06:00 [INF] Executed DbCommand (1ms) [Parameters=[@__p_0='?' (Size = 450), @__p_1='?' (Size = 450)], CommandType='"Text"', CommandTimeout='30']
SELECT TOP(1) [a].[UserId], [a].[RoleId]
FROM [AspNetUserRoles] AS [a]
WHERE [a].[UserId] = @__p_0 AND [a].[RoleId] = @__p_1
2025-07-31 18:39:45.766 -06:00 [INF] Now listening on: http://localhost:5116
2025-07-31 18:39:46.030 -06:00 [INF] Application started. Press Ctrl+C to shut down.
2025-07-31 18:39:46.031 -06:00 [INF] Hosting environment: Development
2025-07-31 18:39:46.032 -06:00 [INF] Content root path: C:\Users\Pc\Source\Repos\ProyectoAnalisisDeSistemas2\PaginaBizu
2025-07-31 18:39:46.306 -06:00 [INF] Request starting HTTP/1.1 GET http://localhost:5116/ - null null
2025-07-31 18:39:46.605 -06:00 [WRN] Failed to determine the https port for redirect.
2025-07-31 18:39:46.662 -06:00 [INF] Executing endpoint 'PaginaBizu.Controllers.HomeController.Index (PaginaBizu)'
2025-07-31 18:39:46.681 -06:00 [INF] Route matched with {action = "Index", controller = "Home", page = "", area = ""}. Executing controller action with signature Microsoft.AspNetCore.Mvc.IActionResult Index() on controller PaginaBizu.Controllers.HomeController (PaginaBizu).
2025-07-31 18:39:46.689 -06:00 [INF] ➡️ Acción ejecutándose: Home/Index | Usuario: No autenticado | IP: ::1 | Hora: "2025-07-31T18:39:46.6892932-06:00"
2025-07-31 18:39:46.694 -06:00 [INF] ✅ Acción ejecutada: Home/Index | Hora: "2025-07-31T18:39:46.6942851-06:00"
2025-07-31 18:39:46.703 -06:00 [INF] Executing ViewResult, running view Index.
2025-07-31 18:39:46.856 -06:00 [INF] Executed ViewResult - view Index executed in 153.8056ms.
2025-07-31 18:39:46.860 -06:00 [INF] Executed action PaginaBizu.Controllers.HomeController.Index (PaginaBizu) in 175.957ms
2025-07-31 18:39:46.863 -06:00 [INF] Executed endpoint 'PaginaBizu.Controllers.HomeController.Index (PaginaBizu)'
2025-07-31 18:39:46.865 -06:00 [INF] Request starting HTTP/1.1 GET http://localhost:5116/css/style.css - null null
2025-07-31 18:39:46.865 -06:00 [INF] Request starting HTTP/1.1 GET http://localhost:5116/assets/bootstrap/css/bootstrap.min.css - null null
2025-07-31 18:39:46.877 -06:00 [INF] Request starting HTTP/1.1 GET http://localhost:5116/assets/fonts/simple-line-icons.min.css - null null
2025-07-31 18:39:46.886 -06:00 [INF] Request starting HTTP/1.1 GET http://localhost:5116/assets/css/baguetteBox.min.css - null null
2025-07-31 18:39:46.894 -06:00 [INF] Request starting HTTP/1.1 GET http://localhost:5116/assets/css/vanilla-zoom.min.css - null null
2025-07-31 18:39:46.898 -06:00 [INF] Request finished HTTP/1.1 GET http://localhost:5116/ - 200 null text/html; charset=utf-8 614.2881ms
2025-07-31 18:39:46.901 -06:00 [INF] The file /assets/fonts/simple-line-icons.min.css was not modified
2025-07-31 18:39:46.901 -06:00 [INF] The file /assets/bootstrap/css/bootstrap.min.css was not modified
2025-07-31 18:39:46.901 -06:00 [INF] The file /css/style.css was not modified
2025-07-31 18:39:46.910 -06:00 [INF] Request finished HTTP/1.1 GET http://localhost:5116/assets/bootstrap/css/bootstrap.min.css - 304 null text/css 45.3426ms
2025-07-31 18:39:46.910 -06:00 [INF] Request finished HTTP/1.1 GET http://localhost:5116/assets/fonts/simple-line-icons.min.css - 304 null text/css 33.6297ms
2025-07-31 18:39:46.912 -06:00 [INF] Request finished HTTP/1.1 GET http://localhost:5116/css/style.css - 304 null text/css 47.2279ms
2025-07-31 18:39:46.903 -06:00 [INF] The file /assets/css/baguetteBox.min.css was not modified
2025-07-31 18:39:46.908 -06:00 [INF] Request starting HTTP/1.1 GET http://localhost:5116/css/glow-form.css - null null
2025-07-31 18:39:46.921 -06:00 [INF] Request starting HTTP/1.1 GET http://localhost:5116/assets/img/scenery/61-HMICpUTL._AC_UY1000_.jpg - null null
2025-07-31 18:39:46.924 -06:00 [INF] Request starting HTTP/1.1 GET http://localhost:5116/assets/img/scenery/pulsera-aine-stone-gold.jpg - null null
2025-07-31 18:39:46.927 -06:00 [INF] Request starting HTTP/1.1 GET http://localhost:5116/assets/img/scenery/66824523eb89f54aaf11e243-gold-bracelets-for-women-18k-gold-plated.jpg - null null
2025-07-31 18:39:46.928 -06:00 [INF] Request finished HTTP/1.1 GET http://localhost:5116/assets/css/baguetteBox.min.css - 304 null text/css 42.054ms
2025-07-31 18:39:46.934 -06:00 [INF] The file /css/glow-form.css was not modified
2025-07-31 18:39:46.905 -06:00 [INF] The file /assets/css/vanilla-zoom.min.css was not modified
2025-07-31 18:39:46.940 -06:00 [INF] The file /assets/img/scenery/61-HMICpUTL._AC_UY1000_.jpg was not modified
2025-07-31 18:39:46.942 -06:00 [INF] The file /assets/img/scenery/pulsera-aine-stone-gold.jpg was not modified
2025-07-31 18:39:46.945 -06:00 [INF] The file /assets/img/scenery/66824523eb89f54aaf11e243-gold-bracelets-for-women-18k-gold-plated.jpg was not modified
2025-07-31 18:39:46.947 -06:00 [INF] Request starting HTTP/1.1 GET http://localhost:5116/assets/img/scenery/09a84a043cf1b58d59b0e39a12c60491.jpg - null null
2025-07-31 18:39:46.948 -06:00 [INF] Request finished HTTP/1.1 GET http://localhost:5116/css/glow-form.css - 304 null text/css 39.8994ms
2025-07-31 18:39:46.949 -06:00 [INF] Request finished HTTP/1.1 GET http://localhost:5116/assets/css/vanilla-zoom.min.css - 304 null text/css 55.1284ms
2025-07-31 18:39:46.951 -06:00 [INF] Request finished HTTP/1.1 GET http://localhost:5116/assets/img/scenery/61-HMICpUTL._AC_UY1000_.jpg - 304 null image/jpeg 29.7728ms
2025-07-31 18:39:46.952 -06:00 [INF] Request finished HTTP/1.1 GET http://localhost:5116/assets/img/scenery/pulsera-aine-stone-gold.jpg - 304 null image/jpeg 27.6036ms
2025-07-31 18:39:46.957 -06:00 [INF] Request finished HTTP/1.1 GET http://localhost:5116/assets/img/scenery/66824523eb89f54aaf11e243-gold-bracelets-for-women-18k-gold-plated.jpg - 304 null image/jpeg 29.3429ms
2025-07-31 18:39:46.960 -06:00 [INF] The file /assets/img/scenery/09a84a043cf1b58d59b0e39a12c60491.jpg was not modified
2025-07-31 18:39:46.965 -06:00 [INF] Request starting HTTP/1.1 GET http://localhost:5116/assets/js/theme.js - null null
2025-07-31 18:39:46.969 -06:00 [INF] Request starting HTTP/1.1 GET http://localhost:5116/assets/img/scenery/il_570xN.2179198790_o9bo.jpeg - null null
2025-07-31 18:39:46.977 -06:00 [INF] Request starting HTTP/1.1 GET http://localhost:5116/css/tailwindcss - null null
2025-07-31 18:39:46.981 -06:00 [INF] Request starting HTTP/1.1 GET http://localhost:5116/assets/js/baguetteBox.min.js - null null
2025-07-31 18:39:46.985 -06:00 [INF] Request starting HTTP/1.1 GET http://localhost:5116/assets/js/vanilla-zoom.js - null null
2025-07-31 18:39:46.986 -06:00 [INF] Request finished HTTP/1.1 GET http://localhost:5116/assets/img/scenery/09a84a043cf1b58d59b0e39a12c60491.jpg - 304 null image/jpeg 38.6693ms
2025-07-31 18:39:47.005 -06:00 [INF] Request finished HTTP/1.1 GET http://localhost:5116/css/tailwindcss - 404 0 null 28.3232ms
2025-07-31 18:39:46.995 -06:00 [INF] The file /assets/img/scenery/il_570xN.2179198790_o9bo.jpeg was not modified
2025-07-31 18:39:47.000 -06:00 [INF] The file /assets/js/baguetteBox.min.js was not modified
2025-07-31 18:39:47.002 -06:00 [INF] The file /assets/js/vanilla-zoom.js was not modified
2025-07-31 18:39:46.991 -06:00 [INF] The file /assets/js/theme.js was not modified
2025-07-31 18:39:47.018 -06:00 [INF] Request finished HTTP/1.1 GET http://localhost:5116/assets/js/theme.js - 304 null text/javascript 53.0705ms
2025-07-31 18:39:47.011 -06:00 [INF] Request reached the end of the middleware pipeline without being handled by application code. Request path: GET http://localhost:5116/css/tailwindcss, Response status code: 404
2025-07-31 18:39:47.012 -06:00 [INF] Request finished HTTP/1.1 GET http://localhost:5116/assets/img/scenery/il_570xN.2179198790_o9bo.jpeg - 304 null image/jpeg 42.5178ms
2025-07-31 18:39:47.014 -06:00 [INF] Request finished HTTP/1.1 GET http://localhost:5116/assets/js/baguetteBox.min.js - 304 null text/javascript 33.7552ms
2025-07-31 18:39:47.016 -06:00 [INF] Request finished HTTP/1.1 GET http://localhost:5116/assets/js/vanilla-zoom.js - 304 null text/javascript 31.5852ms
2025-07-31 18:39:47.027 -06:00 [INF] Request starting HTTP/1.1 GET http://localhost:5116/_framework/aspnetcore-browser-refresh.js - null null
2025-07-31 18:39:47.005 -06:00 [INF] Request starting HTTP/1.1 GET http://localhost:5116/images/bg.png - null null
2025-07-31 18:39:47.030 -06:00 [INF] Request starting HTTP/1.1 GET http://localhost:5116/assets/img/scenery/17001222879e9360ad6ad00d7ff0a6b62437cfbf97_thumbnail_720x.jpg - null null
2025-07-31 18:39:47.027 -06:00 [INF] Request starting HTTP/1.1 GET http://localhost:5116/assets/img/depositphotos_5028610-stock-photo-beautiful-woman.jpg - null null
2025-07-31 18:39:47.039 -06:00 [INF] Request starting HTTP/1.1 GET http://localhost:5116/_vs/browserLink - null null
2025-07-31 18:39:47.045 -06:00 [INF] Request finished HTTP/1.1 GET http://localhost:5116/_framework/aspnetcore-browser-refresh.js - 200 16505 application/javascript; charset=utf-8 18.2286ms
2025-07-31 18:39:47.049 -06:00 [INF] The file /assets/img/scenery/17001222879e9360ad6ad00d7ff0a6b62437cfbf97_thumbnail_720x.jpg was not modified
2025-07-31 18:39:47.053 -06:00 [INF] Request finished HTTP/1.1 GET http://localhost:5116/images/bg.png - 404 0 null 47.5583ms
2025-07-31 18:39:47.062 -06:00 [INF] Request finished HTTP/1.1 GET http://localhost:5116/assets/img/scenery/17001222879e9360ad6ad00d7ff0a6b62437cfbf97_thumbnail_720x.jpg - 304 null image/jpeg 31.6994ms
2025-07-31 18:39:47.067 -06:00 [INF] Request reached the end of the middleware pipeline without being handled by application code. Request path: GET http://localhost:5116/images/bg.png, Response status code: 404
2025-07-31 18:39:47.053 -06:00 [INF] The file /assets/img/depositphotos_5028610-stock-photo-beautiful-woman.jpg was not modified
2025-07-31 18:39:47.082 -06:00 [INF] Request starting HTTP/1.1 GET http://localhost:5116/assets/fonts/Simple-Line-Icons.woff2?v=2.4.0 - null null
2025-07-31 18:39:47.102 -06:00 [INF] Request finished HTTP/1.1 GET http://localhost:5116/assets/img/depositphotos_5028610-stock-photo-beautiful-woman.jpg - 304 null image/jpeg 75.7218ms
2025-07-31 18:39:47.109 -06:00 [INF] The file /assets/fonts/Simple-Line-Icons.woff2 was not modified
2025-07-31 18:39:47.118 -06:00 [INF] Request finished HTTP/1.1 GET http://localhost:5116/assets/fonts/Simple-Line-Icons.woff2?v=2.4.0 - 304 null font/woff2 35.6579ms
2025-07-31 18:39:47.153 -06:00 [INF] Request finished HTTP/1.1 GET http://localhost:5116/_vs/browserLink - 200 null text/javascript; charset=UTF-8 114.4933ms
2025-07-31 18:39:50.587 -06:00 [INF] Request starting HTTP/1.1 POST http://localhost:5116/Account/Login - application/x-www-form-urlencoded 238
2025-07-31 18:39:50.598 -06:00 [INF] Executing endpoint 'PaginaBizu.Controllers.AccountController.Login (PaginaBizu)'
2025-07-31 18:39:50.613 -06:00 [INF] Route matched with {action = "Login", controller = "Account", page = "", area = ""}. Executing controller action with signature System.Threading.Tasks.Task`1[Microsoft.AspNetCore.Mvc.IActionResult] Login(System.String, System.String, Boolean) on controller PaginaBizu.Controllers.AccountController (PaginaBizu).
2025-07-31 18:39:50.650 -06:00 [INF] ➡️ Acción ejecutándose: Account/Login | Usuario: No autenticado | IP: ::1 | Hora: "2025-07-31T18:39:50.6500247-06:00"
2025-07-31 18:39:50.720 -06:00 [INF] Executed DbCommand (3ms) [Parameters=[@__normalizedUserName_0='?' (Size = 256)], CommandType='"Text"', CommandTimeout='30']
SELECT TOP(1) [a].[Id], [a].[AccessFailedCount], [a].[ConcurrencyStamp], [a].[Email], [a].[EmailConfirmed], [a].[LockoutEnabled], [a].[LockoutEnd], [a].[NormalizedEmail], [a].[NormalizedUserName], [a].[PasswordHash], [a].[PhoneNumber], [a].[PhoneNumberConfirmed], [a].[SecurityStamp], [a].[TwoFactorEnabled], [a].[UserName]
FROM [AspNetUsers] AS [a]
WHERE [a].[NormalizedUserName] = @__normalizedUserName_0
2025-07-31 18:39:50.844 -06:00 [INF] Executed DbCommand (3ms) [Parameters=[@__user_Id_0='?' (Size = 450)], CommandType='"Text"', CommandTimeout='30']
SELECT [a].[Id], [a].[ClaimType], [a].[ClaimValue], [a].[UserId]
FROM [AspNetUserClaims] AS [a]
WHERE [a].[UserId] = @__user_Id_0
2025-07-31 18:39:50.874 -06:00 [INF] Executed DbCommand (3ms) [Parameters=[@__userId_0='?' (Size = 450)], CommandType='"Text"', CommandTimeout='30']
SELECT [a0].[Name]
FROM [AspNetUserRoles] AS [a]
INNER JOIN [AspNetRoles] AS [a0] ON [a].[RoleId] = [a0].[Id]
WHERE [a].[UserId] = @__userId_0
2025-07-31 18:39:50.879 -06:00 [INF] Executed DbCommand (1ms) [Parameters=[@__normalizedName_0='?' (Size = 256)], CommandType='"Text"', CommandTimeout='30']
SELECT TOP(1) [a].[Id], [a].[ConcurrencyStamp], [a].[Name], [a].[NormalizedName]
FROM [AspNetRoles] AS [a]
WHERE [a].[NormalizedName] = @__normalizedName_0
2025-07-31 18:39:50.893 -06:00 [INF] Executed DbCommand (3ms) [Parameters=[@__role_Id_0='?' (Size = 450)], CommandType='"Text"', CommandTimeout='30']
SELECT [a].[ClaimType], [a].[ClaimValue]
FROM [AspNetRoleClaims] AS [a]
WHERE [a].[RoleId] = @__role_Id_0
2025-07-31 18:39:50.906 -06:00 [INF] AuthenticationScheme: Identity.Application signed in.
2025-07-31 18:39:50.910 -06:00 [INF] ✅ Acción ejecutada: Account/Login | Hora: "2025-07-31T18:39:50.9101603-06:00"
2025-07-31 18:39:50.914 -06:00 [INF] Executing RedirectResult, redirecting to /.
2025-07-31 18:39:50.917 -06:00 [INF] Executed action PaginaBizu.Controllers.AccountController.Login (PaginaBizu) in 301.5845ms
2025-07-31 18:39:50.919 -06:00 [INF] Executed endpoint 'PaginaBizu.Controllers.AccountController.Login (PaginaBizu)'
2025-07-31 18:39:50.925 -06:00 [INF] Request finished HTTP/1.1 POST http://localhost:5116/Account/Login - 302 0 null 337.2764ms
2025-07-31 18:39:50.928 -06:00 [INF] Request starting HTTP/1.1 GET http://localhost:5116/ - null null
2025-07-31 18:39:50.936 -06:00 [INF] Executing endpoint 'PaginaBizu.Controllers.HomeController.Index (PaginaBizu)'
2025-07-31 18:39:50.938 -06:00 [INF] Route matched with {action = "Index", controller = "Home", page = "", area = ""}. Executing controller action with signature Microsoft.AspNetCore.Mvc.IActionResult Index() on controller PaginaBizu.Controllers.HomeController (PaginaBizu).
2025-07-31 18:39:50.940 -06:00 [INF] ➡️ Acción ejecutándose: Home/Index | Usuario: hoshuacastillo48@gmail.com | IP: ::1 | Hora: "2025-07-31T18:39:50.9405056-06:00"
2025-07-31 18:39:50.942 -06:00 [INF] ✅ Acción ejecutada: Home/Index | Hora: "2025-07-31T18:39:50.9426305-06:00"
2025-07-31 18:39:50.944 -06:00 [INF] Executing ViewResult, running view Index.
2025-07-31 18:39:50.976 -06:00 [INF] Executed DbCommand (3ms) [Parameters=[@__p_0='?' (Size = 450)], CommandType='"Text"', CommandTimeout='30']
SELECT TOP(1) [a].[Id], [a].[AccessFailedCount], [a].[ConcurrencyStamp], [a].[Email], [a].[EmailConfirmed], [a].[LockoutEnabled], [a].[LockoutEnd], [a].[NormalizedEmail], [a].[NormalizedUserName], [a].[PasswordHash], [a].[PhoneNumber], [a].[PhoneNumberConfirmed], [a].[SecurityStamp], [a].[TwoFactorEnabled], [a].[UserName]
FROM [AspNetUsers] AS [a]
WHERE [a].[Id] = @__p_0
2025-07-31 18:39:50.981 -06:00 [INF] Executed DbCommand (1ms) [Parameters=[@__userId_0='?' (Size = 450)], CommandType='"Text"', CommandTimeout='30']
SELECT [a0].[Name]
FROM [AspNetUserRoles] AS [a]
INNER JOIN [AspNetRoles] AS [a0] ON [a].[RoleId] = [a0].[Id]
WHERE [a].[UserId] = @__userId_0
2025-07-31 18:39:50.993 -06:00 [INF] Executed ViewResult - view Index executed in 49.8653ms.
2025-07-31 18:39:50.998 -06:00 [INF] Executed action PaginaBizu.Controllers.HomeController.Index (PaginaBizu) in 57.857ms
2025-07-31 18:39:51.000 -06:00 [INF] Executed endpoint 'PaginaBizu.Controllers.HomeController.Index (PaginaBizu)'
2025-07-31 18:39:51.003 -06:00 [INF] Request finished HTTP/1.1 GET http://localhost:5116/ - 200 null text/html; charset=utf-8 75.1868ms
2025-07-31 18:39:51.006 -06:00 [INF] Request starting HTTP/1.1 GET http://localhost:5116/_vs/browserLink - null null
2025-07-31 18:39:51.006 -06:00 [INF] Request starting HTTP/1.1 GET http://localhost:5116/_framework/aspnetcore-browser-refresh.js - null null
2025-07-31 18:39:51.010 -06:00 [INF] Request starting HTTP/1.1 GET http://localhost:5116/css/tailwindcss - null null
2025-07-31 18:39:51.015 -06:00 [INF] Request finished HTTP/1.1 GET http://localhost:5116/_framework/aspnetcore-browser-refresh.js - 200 16505 application/javascript; charset=utf-8 8.2947ms
2025-07-31 18:39:51.024 -06:00 [INF] Request finished HTTP/1.1 GET http://localhost:5116/css/tailwindcss - 404 0 null 14.6959ms
2025-07-31 18:39:51.028 -06:00 [INF] Request finished HTTP/1.1 GET http://localhost:5116/_vs/browserLink - 200 null text/javascript; charset=UTF-8 22.468ms
2025-07-31 18:39:51.033 -06:00 [INF] Request reached the end of the middleware pipeline without being handled by application code. Request path: GET http://localhost:5116/css/tailwindcss, Response status code: 404
2025-07-31 20:37:39.679 -06:00 [INF] User profile is available. Using 'C:\Users\Pc\AppData\Local\ASP.NET\DataProtection-Keys' as key repository and Windows DPAPI to encrypt keys at rest.
2025-07-31 20:37:40.946 -06:00 [WRN] No store type was specified for the decimal property 'Total' on entity type 'Order'. This will cause values to be silently truncated if they do not fit in the default precision and scale. Explicitly specify the SQL server column type that can accommodate all the values in 'OnModelCreating' using 'HasColumnType', specify precision and scale using 'HasPrecision', or configure a value converter using 'HasConversion'.
2025-07-31 20:37:40.950 -06:00 [WRN] No store type was specified for the decimal property 'PrecioUnitario' on entity type 'OrderDetail'. This will cause values to be silently truncated if they do not fit in the default precision and scale. Explicitly specify the SQL server column type that can accommodate all the values in 'OnModelCreating' using 'HasColumnType', specify precision and scale using 'HasPrecision', or configure a value converter using 'HasConversion'.
2025-07-31 20:37:40.952 -06:00 [WRN] No store type was specified for the decimal property 'Precio' on entity type 'Product'. This will cause values to be silently truncated if they do not fit in the default precision and scale. Explicitly specify the SQL server column type that can accommodate all the values in 'OnModelCreating' using 'HasColumnType', specify precision and scale using 'HasPrecision', or configure a value converter using 'HasConversion'.
2025-07-31 20:37:42.203 -06:00 [INF] Executed DbCommand (76ms) [Parameters=[@__normalizedName_0='?' (Size = 256)], CommandType='"Text"', CommandTimeout='30']
SELECT TOP(1) [a].[Id], [a].[ConcurrencyStamp], [a].[Name], [a].[NormalizedName]
FROM [AspNetRoles] AS [a]
WHERE [a].[NormalizedName] = @__normalizedName_0
2025-07-31 20:37:42.375 -06:00 [INF] Executed DbCommand (5ms) [Parameters=[@__normalizedEmail_0='?' (Size = 256)], CommandType='"Text"', CommandTimeout='30']
SELECT TOP(2) [a].[Id], [a].[AccessFailedCount], [a].[ConcurrencyStamp], [a].[Email], [a].[EmailConfirmed], [a].[LockoutEnabled], [a].[LockoutEnd], [a].[NormalizedEmail], [a].[NormalizedUserName], [a].[PasswordHash], [a].[PhoneNumber], [a].[PhoneNumberConfirmed], [a].[SecurityStamp], [a].[TwoFactorEnabled], [a].[UserName]
FROM [AspNetUsers] AS [a]
WHERE [a].[NormalizedEmail] = @__normalizedEmail_0
2025-07-31 20:37:42.445 -06:00 [INF] Executed DbCommand (2ms) [Parameters=[@__normalizedRoleName_0='?' (Size = 256)], CommandType='"Text"', CommandTimeout='30']
SELECT TOP(2) [a].[Id], [a].[ConcurrencyStamp], [a].[Name], [a].[NormalizedName]
FROM [AspNetRoles] AS [a]
WHERE [a].[NormalizedName] = @__normalizedRoleName_0
2025-07-31 20:37:42.511 -06:00 [INF] Executed DbCommand (6ms) [Parameters=[@__p_0='?' (Size = 450), @__p_1='?' (Size = 450)], CommandType='"Text"', CommandTimeout='30']
SELECT TOP(1) [a].[UserId], [a].[RoleId]
FROM [AspNetUserRoles] AS [a]
WHERE [a].[UserId] = @__p_0 AND [a].[RoleId] = @__p_1
2025-07-31 20:37:42.541 -06:00 [INF] Executed DbCommand (1ms) [Parameters=[@__normalizedEmail_0='?' (Size = 256)], CommandType='"Text"', CommandTimeout='30']
SELECT TOP(2) [a].[Id], [a].[AccessFailedCount], [a].[ConcurrencyStamp], [a].[Email], [a].[EmailConfirmed], [a].[LockoutEnabled], [a].[LockoutEnd], [a].[NormalizedEmail], [a].[NormalizedUserName], [a].[PasswordHash], [a].[PhoneNumber], [a].[PhoneNumberConfirmed], [a].[SecurityStamp], [a].[TwoFactorEnabled], [a].[UserName]
FROM [AspNetUsers] AS [a]
WHERE [a].[NormalizedEmail] = @__normalizedEmail_0
2025-07-31 20:37:42.549 -06:00 [INF] Executed DbCommand (1ms) [Parameters=[@__normalizedRoleName_0='?' (Size = 256)], CommandType='"Text"', CommandTimeout='30']
SELECT TOP(2) [a].[Id], [a].[ConcurrencyStamp], [a].[Name], [a].[NormalizedName]
FROM [AspNetRoles] AS [a]
WHERE [a].[NormalizedName] = @__normalizedRoleName_0
2025-07-31 20:37:42.559 -06:00 [INF] Executed DbCommand (3ms) [Parameters=[@__p_0='?' (Size = 450), @__p_1='?' (Size = 450)], CommandType='"Text"', CommandTimeout='30']
SELECT TOP(1) [a].[UserId], [a].[RoleId]
FROM [AspNetUserRoles] AS [a]
WHERE [a].[UserId] = @__p_0 AND [a].[RoleId] = @__p_1
2025-07-31 20:37:42.564 -06:00 [INF] Executed DbCommand (1ms) [Parameters=[@__normalizedEmail_0='?' (Size = 256)], CommandType='"Text"', CommandTimeout='30']
SELECT TOP(2) [a].[Id], [a].[AccessFailedCount], [a].[ConcurrencyStamp], [a].[Email], [a].[EmailConfirmed], [a].[LockoutEnabled], [a].[LockoutEnd], [a].[NormalizedEmail], [a].[NormalizedUserName], [a].[PasswordHash], [a].[PhoneNumber], [a].[PhoneNumberConfirmed], [a].[SecurityStamp], [a].[TwoFactorEnabled], [a].[UserName]
FROM [AspNetUsers] AS [a]
WHERE [a].[NormalizedEmail] = @__normalizedEmail_0
2025-07-31 20:37:42.570 -06:00 [INF] Executed DbCommand (1ms) [Parameters=[@__normalizedRoleName_0='?' (Size = 256)], CommandType='"Text"', CommandTimeout='30']
SELECT TOP(2) [a].[Id], [a].[ConcurrencyStamp], [a].[Name], [a].[NormalizedName]
FROM [AspNetRoles] AS [a]
WHERE [a].[NormalizedName] = @__normalizedRoleName_0
2025-07-31 20:37:42.576 -06:00 [INF] Executed DbCommand (1ms) [Parameters=[@__p_0='?' (Size = 450), @__p_1='?' (Size = 450)], CommandType='"Text"', CommandTimeout='30']
SELECT TOP(1) [a].[UserId], [a].[RoleId]
FROM [AspNetUserRoles] AS [a]
WHERE [a].[UserId] = @__p_0 AND [a].[RoleId] = @__p_1
2025-07-31 20:37:43.153 -06:00 [INF] Now listening on: http://localhost:5116
2025-07-31 20:37:43.352 -06:00 [INF] Application started. Press Ctrl+C to shut down.
2025-07-31 20:37:43.401 -06:00 [INF] Hosting environment: Development
2025-07-31 20:37:43.405 -06:00 [INF] Content root path: C:\Users\Pc\Source\Repos\ProyectoAnalisisDeSistemas2\PaginaBizu
2025-07-31 20:37:44.294 -06:00 [INF] Request starting HTTP/1.1 GET http://localhost:5116/ - null null
2025-07-31 20:37:44.681 -06:00 [WRN] Failed to determine the https port for redirect.
2025-07-31 20:37:44.756 -06:00 [INF] Executing endpoint 'PaginaBizu.Controllers.HomeController.Index (PaginaBizu)'
2025-07-31 20:37:44.785 -06:00 [INF] Route matched with {action = "Index", controller = "Home", page = "", area = ""}. Executing controller action with signature Microsoft.AspNetCore.Mvc.IActionResult Index() on controller PaginaBizu.Controllers.HomeController (PaginaBizu).
2025-07-31 20:37:44.798 -06:00 [INF] ➡️ Acción ejecutándose: Home/Index | Usuario: No autenticado | IP: ::1 | Hora: "2025-07-31T20:37:44.7981973-06:00"
2025-07-31 20:37:44.805 -06:00 [INF] ✅ Acción ejecutada: Home/Index | Hora: "2025-07-31T20:37:44.8057502-06:00"
2025-07-31 20:37:44.821 -06:00 [INF] Executing ViewResult, running view Index.
2025-07-31 20:37:45.087 -06:00 [INF] Executed ViewResult - view Index executed in 268.0718ms.
2025-07-31 20:37:45.267 -06:00 [INF] Request starting HTTP/1.1 GET http://localhost:5116/assets/css/vanilla-zoom.min.css - null null
2025-07-31 20:37:45.164 -06:00 [INF] Request starting HTTP/1.1 GET http://localhost:5116/css/style.css - null null
2025-07-31 20:37:45.238 -06:00 [INF] Request starting HTTP/1.1 GET http://localhost:5116/assets/fonts/simple-line-icons.min.css - null null
2025-07-31 20:37:45.265 -06:00 [INF] Request starting HTTP/1.1 GET http://localhost:5116/assets/bootstrap/css/bootstrap.min.css - null null
2025-07-31 20:37:45.288 -06:00 [INF] Request starting HTTP/1.1 GET http://localhost:5116/assets/css/baguetteBox.min.css - null null
2025-07-31 20:37:45.302 -06:00 [INF] Executed action PaginaBizu.Controllers.HomeController.Index (PaginaBizu) in 512.4636ms
2025-07-31 20:37:45.321 -06:00 [INF] The file /assets/css/vanilla-zoom.min.css was not modified
2025-07-31 20:37:45.361 -06:00 [INF] Request finished HTTP/1.1 GET http://localhost:5116/assets/css/vanilla-zoom.min.css - 304 null text/css 94.8565ms
2025-07-31 20:37:45.330 -06:00 [INF] The file /assets/fonts/simple-line-icons.min.css was not modified
2025-07-31 20:37:45.350 -06:00 [INF] Executed endpoint 'PaginaBizu.Controllers.HomeController.Index (PaginaBizu)'
2025-07-31 20:37:45.327 -06:00 [INF] The file /css/style.css was not modified
2025-07-31 20:37:45.335 -06:00 [INF] The file /assets/bootstrap/css/bootstrap.min.css was not modified
2025-07-31 20:37:45.338 -06:00 [INF] The file /assets/css/baguetteBox.min.css was not modified
2025-07-31 20:37:45.372 -06:00 [INF] Request finished HTTP/1.1 GET http://localhost:5116/assets/fonts/simple-line-icons.min.css - 304 null text/css 133.7657ms
2025-07-31 20:37:45.375 -06:00 [INF] Request finished HTTP/1.1 GET http://localhost:5116/css/style.css - 304 null text/css 212.8018ms
2025-07-31 20:37:45.383 -06:00 [INF] Request finished HTTP/1.1 GET http://localhost:5116/ - 200 null text/html; charset=utf-8 1136.3626ms
2025-07-31 20:37:45.378 -06:00 [INF] Request finished HTTP/1.1 GET http://localhost:5116/assets/bootstrap/css/bootstrap.min.css - 304 null text/css 113.5256ms
2025-07-31 20:37:45.380 -06:00 [INF] Request finished HTTP/1.1 GET http://localhost:5116/assets/css/baguetteBox.min.css - 304 null text/css 103.7656ms
2025-07-31 20:37:45.393 -06:00 [INF] Request starting HTTP/1.1 GET http://localhost:5116/css/glow-form.css - null null
2025-07-31 20:37:45.395 -06:00 [INF] Request starting HTTP/1.1 GET http://localhost:5116/assets/img/scenery/09a84a043cf1b58d59b0e39a12c60491.jpg - null null
2025-07-31 20:37:45.413 -06:00 [INF] The file /assets/img/scenery/09a84a043cf1b58d59b0e39a12c60491.jpg was not modified
2025-07-31 20:37:45.395 -06:00 [INF] Request starting HTTP/1.1 GET http://localhost:5116/assets/img/scenery/il_570xN.2179198790_o9bo.jpeg - null null
2025-07-31 20:37:45.405 -06:00 [INF] Request starting HTTP/1.1 GET http://localhost:5116/assets/img/scenery/61-HMICpUTL._AC_UY1000_.jpg - null null
2025-07-31 20:37:45.405 -06:00 [INF] Request starting HTTP/1.1 GET http://localhost:5116/assets/img/scenery/66824523eb89f54aaf11e243-gold-bracelets-for-women-18k-gold-plated.jpg - null null
2025-07-31 20:37:45.408 -06:00 [INF] The file /css/glow-form.css was not modified
2025-07-31 20:37:45.395 -06:00 [INF] Request starting HTTP/1.1 GET http://localhost:5116/assets/img/scenery/pulsera-aine-stone-gold.jpg - null null
2025-07-31 20:37:45.414 -06:00 [INF] Request finished HTTP/1.1 GET http://localhost:5116/assets/img/scenery/09a84a043cf1b58d59b0e39a12c60491.jpg - 304 null image/jpeg 19.7569ms
2025-07-31 20:37:45.463 -06:00 [INF] Request starting HTTP/1.1 GET http://localhost:5116/assets/js/baguetteBox.min.js - null null
2025-07-31 20:37:45.418 -06:00 [INF] The file /assets/img/scenery/il_570xN.2179198790_o9bo.jpeg was not modified
2025-07-31 20:37:45.443 -06:00 [INF] The file /assets/img/scenery/pulsera-aine-stone-gold.jpg was not modified
2025-07-31 20:37:45.434 -06:00 [INF] The file /assets/img/scenery/66824523eb89f54aaf11e243-gold-bracelets-for-women-18k-gold-plated.jpg was not modified
2025-07-31 20:37:45.428 -06:00 [INF] The file /assets/img/scenery/61-HMICpUTL._AC_UY1000_.jpg was not modified
2025-07-31 20:37:45.435 -06:00 [INF] Request finished HTTP/1.1 GET http://localhost:5116/css/glow-form.css - 304 null text/css 41.581ms
2025-07-31 20:37:45.471 -06:00 [INF] The file /assets/js/baguetteBox.min.js was not modified
2025-07-31 20:37:45.474 -06:00 [INF] Request finished HTTP/1.1 GET http://localhost:5116/assets/img/scenery/il_570xN.2179198790_o9bo.jpeg - 304 null image/jpeg 78.8647ms
2025-07-31 20:37:45.478 -06:00 [INF] Request finished HTTP/1.1 GET http://localhost:5116/assets/img/scenery/pulsera-aine-stone-gold.jpg - 304 null image/jpeg 83.0778ms
2025-07-31 20:37:45.480 -06:00 [INF] Request finished HTTP/1.1 GET http://localhost:5116/assets/img/scenery/66824523eb89f54aaf11e243-gold-bracelets-for-women-18k-gold-plated.jpg - 304 null image/jpeg 75.8095ms
2025-07-31 20:37:45.483 -06:00 [INF] Request finished HTTP/1.1 GET http://localhost:5116/assets/img/scenery/61-HMICpUTL._AC_UY1000_.jpg - 304 null image/jpeg 78.2724ms
2025-07-31 20:37:45.487 -06:00 [INF] Request starting HTTP/1.1 GET http://localhost:5116/images/bg.png - null null
2025-07-31 20:37:45.489 -06:00 [INF] Request finished HTTP/1.1 GET http://localhost:5116/assets/js/baguetteBox.min.js - 304 null text/javascript 25.8388ms
2025-07-31 20:37:45.497 -06:00 [INF] Request starting HTTP/1.1 GET http://localhost:5116/css/tailwindcss - null null
2025-07-31 20:37:45.501 -06:00 [INF] Request starting HTTP/1.1 GET http://localhost:5116/assets/js/theme.js - null null
2025-07-31 20:37:45.505 -06:00 [INF] Request starting HTTP/1.1 GET http://localhost:5116/assets/js/vanilla-zoom.js - null null
2025-07-31 20:37:45.509 -06:00 [INF] Request starting HTTP/1.1 GET http://localhost:5116/_framework/aspnetcore-browser-refresh.js - null null
2025-07-31 20:37:45.515 -06:00 [INF] Request starting HTTP/1.1 GET http://localhost:5116/assets/img/scenery/17001222879e9360ad6ad00d7ff0a6b62437cfbf97_thumbnail_720x.jpg - null null
2025-07-31 20:37:45.523 -06:00 [INF] Request finished HTTP/1.1 GET http://localhost:5116/css/tailwindcss - 404 0 null 25.5014ms
2025-07-31 20:37:45.523 -06:00 [INF] Request finished HTTP/1.1 GET http://localhost:5116/images/bg.png - 404 0 null 35.8371ms
2025-07-31 20:37:45.524 -06:00 [INF] The file /assets/js/theme.js was not modified
2025-07-31 20:37:45.607 -06:00 [INF] Request finished HTTP/1.1 GET http://localhost:5116/assets/js/theme.js - 304 null text/javascript 105.8079ms
2025-07-31 20:37:45.533 -06:00 [INF] Request finished HTTP/1.1 GET http://localhost:5116/_framework/aspnetcore-browser-refresh.js - 200 16505 application/javascript; charset=utf-8 24.4492ms
2025-07-31 20:37:45.537 -06:00 [INF] The file /assets/img/scenery/17001222879e9360ad6ad00d7ff0a6b62437cfbf97_thumbnail_720x.jpg was not modified
2025-07-31 20:37:45.590 -06:00 [INF] Request reached the end of the middleware pipeline without being handled by application code. Request path: GET http://localhost:5116/images/bg.png, Response status code: 404
2025-07-31 20:37:45.590 -06:00 [INF] Request reached the end of the middleware pipeline without being handled by application code. Request path: GET http://localhost:5116/css/tailwindcss, Response status code: 404
2025-07-31 20:37:45.526 -06:00 [INF] The file /assets/js/vanilla-zoom.js was not modified
2025-07-31 20:37:45.631 -06:00 [INF] Request starting HTTP/1.1 GET http://localhost:5116/assets/img/depositphotos_5028610-stock-photo-beautiful-woman.jpg - null null
2025-07-31 20:37:45.633 -06:00 [INF] Request finished HTTP/1.1 GET http://localhost:5116/assets/img/scenery/17001222879e9360ad6ad00d7ff0a6b62437cfbf97_thumbnail_720x.jpg - 304 null image/jpeg 117.9039ms
2025-07-31 20:37:45.637 -06:00 [INF] Request starting HTTP/1.1 GET http://localhost:5116/_vs/browserLink - null null
2025-07-31 20:37:45.642 -06:00 [INF] Request starting HTTP/1.1 GET http://localhost:5116/assets/fonts/Simple-Line-Icons.woff2?v=2.4.0 - null null
2025-07-31 20:37:45.698 -06:00 [INF] The file /assets/fonts/Simple-Line-Icons.woff2 was not modified
2025-07-31 20:37:45.643 -06:00 [INF] Request finished HTTP/1.1 GET http://localhost:5116/assets/js/vanilla-zoom.js - 304 null text/javascript 138.0402ms
2025-07-31 20:37:45.646 -06:00 [INF] The file /assets/img/depositphotos_5028610-stock-photo-beautiful-woman.jpg was not modified
2025-07-31 20:37:45.713 -06:00 [INF] Request finished HTTP/1.1 GET http://localhost:5116/assets/fonts/Simple-Line-Icons.woff2?v=2.4.0 - 304 null font/woff2 71.7273ms
2025-07-31 20:37:45.734 -06:00 [INF] Request finished HTTP/1.1 GET http://localhost:5116/assets/img/depositphotos_5028610-stock-photo-beautiful-woman.jpg - 304 null image/jpeg 102.9665ms
2025-07-31 20:37:45.928 -06:00 [INF] Request finished HTTP/1.1 GET http://localhost:5116/_vs/browserLink - 200 null text/javascript; charset=UTF-8 291.1856ms
2025-07-31 20:37:53.566 -06:00 [INF] Request starting HTTP/1.1 GET http://localhost:5116/Account/SignIn - null null
2025-07-31 20:37:53.593 -06:00 [INF] Request finished HTTP/1.1 GET http://localhost:5116/Account/SignIn - 404 0 null 27.7035ms
2025-07-31 20:37:53.597 -06:00 [INF] Request reached the end of the middleware pipeline without being handled by application code. Request path: GET http://localhost:5116/Account/SignIn, Response status code: 404
2025-07-31 20:37:58.318 -06:00 [INF] Request starting HTTP/1.1 GET http://localhost:5116/Account/SignIn - null null
2025-07-31 20:37:58.334 -06:00 [INF] Request finished HTTP/1.1 GET http://localhost:5116/Account/SignIn - 404 0 null 15.8817ms
2025-07-31 20:37:58.357 -06:00 [INF] Request reached the end of the middleware pipeline without being handled by application code. Request path: GET http://localhost:5116/Account/SignIn, Response status code: 404
2025-07-31 20:38:00.113 -06:00 [INF] Request starting HTTP/1.1 GET http://localhost:5116/Account/SignIn - null null
2025-07-31 20:38:00.124 -06:00 [INF] Request finished HTTP/1.1 GET http://localhost:5116/Account/SignIn - 404 0 null 11.7667ms
2025-07-31 20:38:00.128 -06:00 [INF] Request reached the end of the middleware pipeline without being handled by application code. Request path: GET http://localhost:5116/Account/SignIn, Response status code: 404
2025-07-31 20:38:01.828 -06:00 [INF] Request starting HTTP/1.1 GET http://localhost:5116/ - null null
2025-07-31 20:38:01.834 -06:00 [INF] Executing endpoint 'PaginaBizu.Controllers.HomeController.Index (PaginaBizu)'
2025-07-31 20:38:01.836 -06:00 [INF] Route matched with {action = "Index", controller = "Home", page = "", area = ""}. Executing controller action with signature Microsoft.AspNetCore.Mvc.IActionResult Index() on controller PaginaBizu.Controllers.HomeController (PaginaBizu).
2025-07-31 20:38:01.839 -06:00 [INF] ➡️ Acción ejecutándose: Home/Index | Usuario: No autenticado | IP: ::1 | Hora: "2025-07-31T20:38:01.8397652-06:00"
2025-07-31 20:38:01.842 -06:00 [INF] ✅ Acción ejecutada: Home/Index | Hora: "2025-07-31T20:38:01.8425829-06:00"
2025-07-31 20:38:01.844 -06:00 [INF] Executing ViewResult, running view Index.
2025-07-31 20:38:01.866 -06:00 [INF] Executed ViewResult - view Index executed in 22.0217ms.
2025-07-31 20:38:01.868 -06:00 [INF] Executed action PaginaBizu.Controllers.HomeController.Index (PaginaBizu) in 29.2613ms
2025-07-31 20:38:01.870 -06:00 [INF] Executed endpoint 'PaginaBizu.Controllers.HomeController.Index (PaginaBizu)'
2025-07-31 20:38:01.873 -06:00 [INF] Request finished HTTP/1.1 GET http://localhost:5116/ - 200 null text/html; charset=utf-8 45.3066ms
2025-07-31 20:38:01.906 -06:00 [INF] Request starting HTTP/1.1 GET http://localhost:5116/_framework/aspnetcore-browser-refresh.js - null null
2025-07-31 20:38:01.913 -06:00 [INF] Request finished HTTP/1.1 GET http://localhost:5116/_framework/aspnetcore-browser-refresh.js - 200 16505 application/javascript; charset=utf-8 7.4494ms
2025-07-31 20:38:04.814 -06:00 [INF] Request starting HTTP/1.1 GET http://localhost:5116/Account/SignIn - null null
2025-07-31 20:38:04.820 -06:00 [INF] Request finished HTTP/1.1 GET http://localhost:5116/Account/SignIn - 404 0 null 5.9743ms
2025-07-31 20:38:04.824 -06:00 [INF] Request reached the end of the middleware pipeline without being handled by application code. Request path: GET http://localhost:5116/Account/SignIn, Response status code: 404
2025-07-31 20:38:28.915 -06:00 [INF] Request starting HTTP/1.1 GET http://localhost:5116/ - null null
2025-07-31 20:38:28.925 -06:00 [INF] Executing endpoint 'PaginaBizu.Controllers.HomeController.Index (PaginaBizu)'
2025-07-31 20:38:28.930 -06:00 [INF] Route matched with {action = "Index", controller = "Home", page = "", area = ""}. Executing controller action with signature Microsoft.AspNetCore.Mvc.IActionResult Index() on controller PaginaBizu.Controllers.HomeController (PaginaBizu).
2025-07-31 20:38:28.937 -06:00 [INF] ➡️ Acción ejecutándose: Home/Index | Usuario: No autenticado | IP: ::1 | Hora: "2025-07-31T20:38:28.9376878-06:00"
2025-07-31 20:38:28.940 -06:00 [INF] ✅ Acción ejecutada: Home/Index | Hora: "2025-07-31T20:38:28.9400941-06:00"
2025-07-31 20:38:28.942 -06:00 [INF] Executing ViewResult, running view Index.
2025-07-31 20:38:28.964 -06:00 [INF] Executed ViewResult - view Index executed in 23.2761ms.
2025-07-31 20:38:28.967 -06:00 [INF] Executed action PaginaBizu.Controllers.HomeController.Index (PaginaBizu) in 29.8582ms
2025-07-31 20:38:28.969 -06:00 [INF] Executed endpoint 'PaginaBizu.Controllers.HomeController.Index (PaginaBizu)'
2025-07-31 20:38:28.971 -06:00 [INF] Request finished HTTP/1.1 GET http://localhost:5116/ - 200 null text/html; charset=utf-8 56.2818ms
2025-07-31 20:38:29.015 -06:00 [INF] Request starting HTTP/1.1 GET http://localhost:5116/_framework/aspnetcore-browser-refresh.js - null null
2025-07-31 20:38:29.018 -06:00 [INF] Request finished HTTP/1.1 GET http://localhost:5116/_framework/aspnetcore-browser-refresh.js - 200 16505 application/javascript; charset=utf-8 3.2553ms
2025-07-31 20:38:32.661 -06:00 [INF] Request starting HTTP/1.1 GET http://localhost:5116/Account/SignIn - null null
2025-07-31 20:38:32.670 -06:00 [INF] Request finished HTTP/1.1 GET http://localhost:5116/Account/SignIn - 404 0 null 9.5471ms
2025-07-31 20:38:32.677 -06:00 [INF] Request reached the end of the middleware pipeline without being handled by application code. Request path: GET http://localhost:5116/Account/SignIn, Response status code: 404
2025-07-31 20:38:41.088 -06:00 [INF] Request starting HTTP/1.1 GET http://localhost:5116/Account/SignIn - null null
2025-07-31 20:38:41.098 -06:00 [INF] Request finished HTTP/1.1 GET http://localhost:5116/Account/SignIn - 404 0 null 10.4181ms
2025-07-31 20:38:41.106 -06:00 [INF] Request reached the end of the middleware pipeline without being handled by application code. Request path: GET http://localhost:5116/Account/SignIn, Response status code: 404
2025-07-31 20:38:43.010 -06:00 [INF] Request starting HTTP/1.1 GET http://localhost:5116/Account/SignIn - null null
2025-07-31 20:38:43.016 -06:00 [INF] Request finished HTTP/1.1 GET http://localhost:5116/Account/SignIn - 404 0 null 6.0409ms
2025-07-31 20:38:43.020 -06:00 [INF] Request reached the end of the middleware pipeline without being handled by application code. Request path: GET http://localhost:5116/Account/SignIn, Response status code: 404
2025-07-31 20:38:43.159 -06:00 [INF] Request starting HTTP/1.1 GET http://localhost:5116/Account/SignIn - null null
2025-07-31 20:38:43.164 -06:00 [INF] Request finished HTTP/1.1 GET http://localhost:5116/Account/SignIn - 404 0 null 5.1347ms
2025-07-31 20:38:43.168 -06:00 [INF] Request reached the end of the middleware pipeline without being handled by application code. Request path: GET http://localhost:5116/Account/SignIn, Response status code: 404
2025-07-31 20:38:44.420 -06:00 [INF] Request starting HTTP/1.1 GET http://localhost:5116/ - null null
2025-07-31 20:38:44.425 -06:00 [INF] Executing endpoint 'PaginaBizu.Controllers.HomeController.Index (PaginaBizu)'
2025-07-31 20:38:44.426 -06:00 [INF] Route matched with {action = "Index", controller = "Home", page = "", area = ""}. Executing controller action with signature Microsoft.AspNetCore.Mvc.IActionResult Index() on controller PaginaBizu.Controllers.HomeController (PaginaBizu).
2025-07-31 20:38:44.430 -06:00 [INF] ➡️ Acción ejecutándose: Home/Index | Usuario: No autenticado | IP: ::1 | Hora: "2025-07-31T20:38:44.4300120-06:00"
2025-07-31 20:38:44.432 -06:00 [INF] ✅ Acción ejecutada: Home/Index | Hora: "2025-07-31T20:38:44.4320341-06:00"
2025-07-31 20:38:44.433 -06:00 [INF] Executing ViewResult, running view Index.
2025-07-31 20:38:44.436 -06:00 [INF] Executed ViewResult - view Index executed in 2.8298ms.
2025-07-31 20:38:44.437 -06:00 [INF] Executed action PaginaBizu.Controllers.HomeController.Index (PaginaBizu) in 7.6459ms
2025-07-31 20:38:44.438 -06:00 [INF] Executed endpoint 'PaginaBizu.Controllers.HomeController.Index (PaginaBizu)'
2025-07-31 20:38:44.440 -06:00 [INF] Request finished HTTP/1.1 GET http://localhost:5116/ - 200 null text/html; charset=utf-8 19.9988ms
2025-07-31 20:38:44.475 -06:00 [INF] Request starting HTTP/1.1 GET http://localhost:5116/_framework/aspnetcore-browser-refresh.js - null null
2025-07-31 20:38:44.478 -06:00 [INF] Request finished HTTP/1.1 GET http://localhost:5116/_framework/aspnetcore-browser-refresh.js - 200 16505 application/javascript; charset=utf-8 2.9219ms
2025-07-31 20:38:47.957 -06:00 [INF] Request starting HTTP/1.1 POST http://localhost:5116/Account/Login - application/x-www-form-urlencoded 238
2025-07-31 20:38:47.962 -06:00 [INF] Executing endpoint 'PaginaBizu.Controllers.AccountController.Login (PaginaBizu)'
2025-07-31 20:38:47.984 -06:00 [INF] Route matched with {action = "Login", controller = "Account", page = "", area = ""}. Executing controller action with signature System.Threading.Tasks.Task`1[Microsoft.AspNetCore.Mvc.IActionResult] Login(System.String, System.String, Boolean) on controller PaginaBizu.Controllers.AccountController (PaginaBizu).
2025-07-31 20:38:48.020 -06:00 [INF] ➡️ Acción ejecutándose: Account/Login | Usuario: No autenticado | IP: ::1 | Hora: "2025-07-31T20:38:48.0205839-06:00"
2025-07-31 20:38:48.134 -06:00 [INF] Executed DbCommand (5ms) [Parameters=[@__normalizedUserName_0='?' (Size = 256)], CommandType='"Text"', CommandTimeout='30']
SELECT TOP(1) [a].[Id], [a].[AccessFailedCount], [a].[ConcurrencyStamp], [a].[Email], [a].[EmailConfirmed], [a].[LockoutEnabled], [a].[LockoutEnd], [a].[NormalizedEmail], [a].[NormalizedUserName], [a].[PasswordHash], [a].[PhoneNumber], [a].[PhoneNumberConfirmed], [a].[SecurityStamp], [a].[TwoFactorEnabled], [a].[UserName]
FROM [AspNetUsers] AS [a]
WHERE [a].[NormalizedUserName] = @__normalizedUserName_0
2025-07-31 20:38:48.318 -06:00 [INF] Executed DbCommand (3ms) [Parameters=[@__user_Id_0='?' (Size = 450)], CommandType='"Text"', CommandTimeout='30']
SELECT [a].[Id], [a].[ClaimType], [a].[ClaimValue], [a].[UserId]
FROM [AspNetUserClaims] AS [a]
WHERE [a].[UserId] = @__user_Id_0
2025-07-31 20:38:48.367 -06:00 [INF] Executed DbCommand (4ms) [Parameters=[@__userId_0='?' (Size = 450)], CommandType='"Text"', CommandTimeout='30']
SELECT [a0].[Name]
FROM [AspNetUserRoles] AS [a]
INNER JOIN [AspNetRoles] AS [a0] ON [a].[RoleId] = [a0].[Id]
WHERE [a].[UserId] = @__userId_0
2025-07-31 20:38:48.374 -06:00 [INF] Executed DbCommand (2ms) [Parameters=[@__normalizedName_0='?' (Size = 256)], CommandType='"Text"', CommandTimeout='30']
SELECT TOP(1) [a].[Id], [a].[ConcurrencyStamp], [a].[Name], [a].[NormalizedName]
FROM [AspNetRoles] AS [a]
WHERE [a].[NormalizedName] = @__normalizedName_0
2025-07-31 20:38:48.390 -06:00 [INF] Executed DbCommand (3ms) [Parameters=[@__role_Id_0='?' (Size = 450)], CommandType='"Text"', CommandTimeout='30']
SELECT [a].[ClaimType], [a].[ClaimValue]
FROM [AspNetRoleClaims] AS [a]
WHERE [a].[RoleId] = @__role_Id_0
2025-07-31 20:38:48.403 -06:00 [INF] AuthenticationScheme: Identity.Application signed in.
2025-07-31 20:38:48.411 -06:00 [INF] ✅ Acción ejecutada: Account/Login | Hora: "2025-07-31T20:38:48.4119333-06:00"
2025-07-31 20:38:48.416 -06:00 [INF] Executing RedirectResult, redirecting to /.
2025-07-31 20:38:48.420 -06:00 [INF] Executed action PaginaBizu.Controllers.AccountController.Login (PaginaBizu) in 432.9846ms
2025-07-31 20:38:48.423 -06:00 [INF] Executed endpoint 'PaginaBizu.Controllers.AccountController.Login (PaginaBizu)'
2025-07-31 20:38:48.432 -06:00 [INF] Request finished HTTP/1.1 POST http://localhost:5116/Account/Login - 302 0 null 475.5512ms
2025-07-31 20:38:48.436 -06:00 [INF] Request starting HTTP/1.1 GET http://localhost:5116/ - null null
2025-07-31 20:38:48.449 -06:00 [INF] Executing endpoint 'PaginaBizu.Controllers.HomeController.Index (PaginaBizu)'
2025-07-31 20:38:48.450 -06:00 [INF] Route matched with {action = "Index", controller = "Home", page = "", area = ""}. Executing controller action with signature Microsoft.AspNetCore.Mvc.IActionResult Index() on controller PaginaBizu.Controllers.HomeController (PaginaBizu).
2025-07-31 20:38:48.454 -06:00 [INF] ➡️ Acción ejecutándose: Home/Index | Usuario: hoshuacastillo48@gmail.com | IP: ::1 | Hora: "2025-07-31T20:38:48.4540221-06:00"
2025-07-31 20:38:48.456 -06:00 [INF] ✅ Acción ejecutada: Home/Index | Hora: "2025-07-31T20:38:48.4560939-06:00"
2025-07-31 20:38:48.457 -06:00 [INF] Executing ViewResult, running view Index.
2025-07-31 20:38:48.511 -06:00 [INF] Executed DbCommand (4ms) [Parameters=[@__p_0='?' (Size = 450)], CommandType='"Text"', CommandTimeout='30']
SELECT TOP(1) [a].[Id], [a].[AccessFailedCount], [a].[ConcurrencyStamp], [a].[Email], [a].[EmailConfirmed], [a].[LockoutEnabled], [a].[LockoutEnd], [a].[NormalizedEmail], [a].[NormalizedUserName], [a].[PasswordHash], [a].[PhoneNumber], [a].[PhoneNumberConfirmed], [a].[SecurityStamp], [a].[TwoFactorEnabled], [a].[UserName]
FROM [AspNetUsers] AS [a]
WHERE [a].[Id] = @__p_0
2025-07-31 20:38:48.519 -06:00 [INF] Executed DbCommand (1ms) [Parameters=[@__userId_0='?' (Size = 450)], CommandType='"Text"', CommandTimeout='30']
SELECT [a0].[Name]
FROM [AspNetUserRoles] AS [a]
INNER JOIN [AspNetRoles] AS [a0] ON [a].[RoleId] = [a0].[Id]
WHERE [a].[UserId] = @__userId_0
2025-07-31 20:38:48.540 -06:00 [INF] Executed ViewResult - view Index executed in 82.783ms.
2025-07-31 20:38:48.544 -06:00 [INF] Executed action PaginaBizu.Controllers.HomeController.Index (PaginaBizu) in 90.4949ms
2025-07-31 20:38:48.546 -06:00 [INF] Executed endpoint 'PaginaBizu.Controllers.HomeController.Index (PaginaBizu)'
2025-07-31 20:38:48.547 -06:00 [INF] Request finished HTTP/1.1 GET http://localhost:5116/ - 200 null text/html; charset=utf-8 111.5895ms
2025-07-31 20:38:48.553 -06:00 [INF] Request starting HTTP/1.1 GET http://localhost:5116/_framework/aspnetcore-browser-refresh.js - null null
2025-07-31 20:38:48.553 -06:00 [INF] Request starting HTTP/1.1 GET http://localhost:5116/_vs/browserLink - null null
2025-07-31 20:38:48.556 -06:00 [INF] Request finished HTTP/1.1 GET http://localhost:5116/_framework/aspnetcore-browser-refresh.js - 200 16505 application/javascript; charset=utf-8 2.4702ms
2025-07-31 20:38:48.563 -06:00 [INF] Request starting HTTP/1.1 GET http://localhost:5116/images/bg.png - null null
2025-07-31 20:38:48.570 -06:00 [INF] Request starting HTTP/1.1 GET http://localhost:5116/css/tailwindcss - null null
2025-07-31 20:38:48.577 -06:00 [INF] Request finished HTTP/1.1 GET http://localhost:5116/_vs/browserLink - 200 null text/javascript; charset=UTF-8 24.0296ms
2025-07-31 20:38:48.582 -06:00 [INF] Request finished HTTP/1.1 GET http://localhost:5116/images/bg.png - 404 0 null 18.9347ms
2025-07-31 20:38:48.582 -06:00 [INF] Request finished HTTP/1.1 GET http://localhost:5116/css/tailwindcss - 404 0 null 12.0828ms
2025-07-31 20:38:48.585 -06:00 [INF] Request reached the end of the middleware pipeline without being handled by application code. Request path: GET http://localhost:5116/images/bg.png, Response status code: 404
2025-07-31 20:38:48.587 -06:00 [INF] Request reached the end of the middleware pipeline without being handled by application code. Request path: GET http://localhost:5116/css/tailwindcss, Response status code: 404
2025-07-31 20:39:05.559 -06:00 [INF] Request starting HTTP/1.1 GET http://localhost:5116/Products - null null
2025-07-31 20:39:05.580 -06:00 [INF] Executing endpoint 'PaginaBizu.Controllers.ProductsController.Index (PaginaBizu)'
2025-07-31 20:39:05.585 -06:00 [INF] Route matched with {action = "Index", controller = "Products", page = "", area = ""}. Executing controller action with signature System.Threading.Tasks.Task`1[Microsoft.AspNetCore.Mvc.IActionResult] Index() on controller PaginaBizu.Controllers.ProductsController (PaginaBizu).
2025-07-31 20:39:05.588 -06:00 [INF] ➡️ Acción ejecutándose: Products/Index | Usuario: hoshuacastillo48@gmail.com | IP: ::1 | Hora: "2025-07-31T20:39:05.5887397-06:00"
2025-07-31 20:39:05.609 -06:00 [INF] Executed DbCommand (4ms) [Parameters=[], CommandType='"Text"', CommandTimeout='30']
SELECT [p].[Id], [p].[CantidadDisponible], [p].[Categoria], [p].[Descripcion], [p].[FechaCreacion], [p].[ImagenUrl], [p].[NombreArticulo], [p].[Precio]
FROM [Products] AS [p]
2025-07-31 20:39:05.654 -06:00 [INF] ✅ Acción ejecutada: Products/Index | Hora: "2025-07-31T20:39:05.6543202-06:00"
2025-07-31 20:39:05.659 -06:00 [INF] Executing ViewResult, running view Index.
2025-07-31 20:39:05.740 -06:00 [INF] Executed ViewResult - view Index executed in 83.8278ms.
2025-07-31 20:39:05.742 -06:00 [INF] Executed action PaginaBizu.Controllers.ProductsController.Index (PaginaBizu) in 154.0349ms
2025-07-31 20:39:05.743 -06:00 [INF] Executed endpoint 'PaginaBizu.Controllers.ProductsController.Index (PaginaBizu)'
2025-07-31 20:39:05.745 -06:00 [INF] Request finished HTTP/1.1 GET http://localhost:5116/Products - 200 null text/html; charset=utf-8 186.104ms
2025-07-31 20:39:05.752 -06:00 [INF] Request starting HTTP/1.1 GET http://localhost:5116/css/shop.css - null null
2025-07-31 20:39:05.752 -06:00 [INF] Request starting HTTP/1.1 GET http://localhost:5116/lib/bootstrap/dist/css/bootstrap.min.css - null null
2025-07-31 20:39:05.753 -06:00 [INF] Request starting HTTP/1.1 GET http://localhost:5116/css/gucci-style.css - null null
2025-07-31 20:39:05.753 -06:00 [INF] Request starting HTTP/1.1 GET http://localhost:5116/PaginaBizu.styles.css?v=u2o_07VtSGrZO3WxHAXzvZBevI20fzSZge8oUb78F-4 - null null
2025-07-31 20:39:05.753 -06:00 [INF] Request starting HTTP/1.1 GET http://localhost:5116/css/site.css?v=IDb81l40xEm2yDGbv2iiBqZEZ5q84qRTNUi0SVI4U34 - null null
2025-07-31 20:39:05.754 -06:00 [INF] Request starting HTTP/1.1 GET http://localhost:5116/lib/jquery/dist/jquery.min.js - null null
2025-07-31 20:39:05.763 -06:00 [INF] The file /css/shop.css was not modified
2025-07-31 20:39:05.765 -06:00 [INF] The file /lib/bootstrap/dist/css/bootstrap.min.css was not modified
2025-07-31 20:39:05.779 -06:00 [INF] Request finished HTTP/1.1 GET http://localhost:5116/lib/bootstrap/dist/css/bootstrap.min.css - 304 null text/css 26.5125ms
2025-07-31 20:39:05.777 -06:00 [INF] Request finished HTTP/1.1 GET http://localhost:5116/css/shop.css - 304 null text/css 25.7273ms
2025-07-31 20:39:05.767 -06:00 [INF] The file /css/gucci-style.css was not modified
2025-07-31 20:39:05.770 -06:00 [INF] The file /PaginaBizu.styles.css was not modified
2025-07-31 20:39:05.774 -06:00 [INF] The file /css/site.css was not modified
2025-07-31 20:39:05.794 -06:00 [INF] Request finished HTTP/1.1 GET http://localhost:5116/css/gucci-style.css - 304 null text/css 41.3721ms
2025-07-31 20:39:05.790 -06:00 [INF] Request starting HTTP/1.1 GET http://localhost:5116/lib/bootstrap/dist/js/bootstrap.bundle.min.js - null null
2025-07-31 20:39:05.793 -06:00 [INF] Request starting HTTP/1.1 GET http://localhost:5116/js/shop.js - null null
2025-07-31 20:39:05.796 -06:00 [INF] Request finished HTTP/1.1 GET http://localhost:5116/PaginaBizu.styles.css?v=u2o_07VtSGrZO3WxHAXzvZBevI20fzSZge8oUb78F-4 - 304 null text/css 42.8705ms
2025-07-31 20:39:05.801 -06:00 [INF] Request finished HTTP/1.1 GET http://localhost:5116/css/site.css?v=IDb81l40xEm2yDGbv2iiBqZEZ5q84qRTNUi0SVI4U34 - 304 null text/css 48.5769ms
2025-07-31 20:39:05.776 -06:00 [INF] The file /lib/jquery/dist/jquery.min.js was not modified
2025-07-31 20:39:05.808 -06:00 [INF] Request starting HTTP/1.1 GET http://localhost:5116/_framework/aspnetcore-browser-refresh.js - null null
2025-07-31 20:39:05.811 -06:00 [INF] The file /lib/bootstrap/dist/js/bootstrap.bundle.min.js was not modified
2025-07-31 20:39:05.814 -06:00 [INF] The file /js/shop.js was not modified
2025-07-31 20:39:05.818 -06:00 [INF] Request starting HTTP/1.1 GET http://localhost:5116/_vs/browserLink - null null
2025-07-31 20:39:05.823 -06:00 [INF] Request finished HTTP/1.1 GET http://localhost:5116/lib/jquery/dist/jquery.min.js - 304 null text/javascript 69.6433ms
2025-07-31 20:39:05.827 -06:00 [INF] Request finished HTTP/1.1 GET http://localhost:5116/lib/bootstrap/dist/js/bootstrap.bundle.min.js - 304 null text/javascript 37.6591ms
2025-07-31 20:39:05.829 -06:00 [INF] Request finished HTTP/1.1 GET http://localhost:5116/js/shop.js - 304 null text/javascript 35.8928ms
2025-07-31 20:39:05.826 -06:00 [INF] Request finished HTTP/1.1 GET http://localhost:5116/_framework/aspnetcore-browser-refresh.js - 200 16505 application/javascript; charset=utf-8 17.9558ms
2025-07-31 20:39:05.836 -06:00 [INF] Request finished HTTP/1.1 GET http://localhost:5116/_vs/browserLink - 200 null text/javascript; charset=UTF-8 18.5071ms
2025-07-31 20:39:05.862 -06:00 [INF] Request starting HTTP/1.1 GET http://localhost:5116/Cart/CartCount - null null
2025-07-31 20:39:05.868 -06:00 [INF] Executing endpoint 'PaginaBizu.Controllers.CartController.CartCount (PaginaBizu)'
2025-07-31 20:39:05.873 -06:00 [INF] Route matched with {action = "CartCount", controller = "Cart", page = "", area = ""}. Executing controller action with signature Microsoft.AspNetCore.Mvc.IActionResult CartCount() on controller PaginaBizu.Controllers.CartController (PaginaBizu).
2025-07-31 20:39:05.879 -06:00 [INF] ➡️ Acción ejecutándose: Cart/CartCount | Usuario: hoshuacastillo48@gmail.com | IP: ::1 | Hora: "2025-07-31T20:39:05.8791644-06:00"
2025-07-31 20:39:05.886 -06:00 [INF] ✅ Acción ejecutada: Cart/CartCount | Hora: "2025-07-31T20:39:05.8866336-06:00"
2025-07-31 20:39:05.890 -06:00 [INF] Executing JsonResult, writing value of type 'System.Int32'.
2025-07-31 20:39:05.900 -06:00 [INF] Executed action PaginaBizu.Controllers.CartController.CartCount (PaginaBizu) in 22.5546ms
2025-07-31 20:39:05.901 -06:00 [INF] Request starting HTTP/1.1 GET http://localhost:5116/Cart/CartCount - null null
2025-07-31 20:39:05.902 -06:00 [INF] Executed endpoint 'PaginaBizu.Controllers.CartController.CartCount (PaginaBizu)'
2025-07-31 20:39:05.906 -06:00 [INF] Request finished HTTP/1.1 GET http://localhost:5116/Cart/CartCount - 200 null application/json; charset=utf-8 44.1066ms
2025-07-31 20:39:05.907 -06:00 [INF] Executing endpoint 'PaginaBizu.Controllers.CartController.CartCount (PaginaBizu)'
2025-07-31 20:39:05.911 -06:00 [INF] Route matched with {action = "CartCount", controller = "Cart", page = "", area = ""}. Executing controller action with signature Microsoft.AspNetCore.Mvc.IActionResult CartCount() on controller PaginaBizu.Controllers.CartController (PaginaBizu).
2025-07-31 20:39:05.914 -06:00 [INF] ➡️ Acción ejecutándose: Cart/CartCount | Usuario: hoshuacastillo48@gmail.com | IP: ::1 | Hora: "2025-07-31T20:39:05.9140602-06:00"
2025-07-31 20:39:05.916 -06:00 [INF] ✅ Acción ejecutada: Cart/CartCount | Hora: "2025-07-31T20:39:05.9167686-06:00"
2025-07-31 20:39:05.918 -06:00 [INF] Executing JsonResult, writing value of type 'System.Int32'.
2025-07-31 20:39:05.920 -06:00 [INF] Executed action PaginaBizu.Controllers.CartController.CartCount (PaginaBizu) in 6.3548ms
2025-07-31 20:39:05.921 -06:00 [INF] Executed endpoint 'PaginaBizu.Controllers.CartController.CartCount (PaginaBizu)'
2025-07-31 20:39:05.923 -06:00 [INF] Request finished HTTP/1.1 GET http://localhost:5116/Cart/CartCount - 200 null application/json; charset=utf-8 21.4182ms
2025-07-31 20:39:32.057 -06:00 [INF] Request starting HTTP/1.1 GET http://localhost:5116/ - null null
2025-07-31 20:39:32.071 -06:00 [INF] Executing endpoint 'PaginaBizu.Controllers.HomeController.Index (PaginaBizu)'
2025-07-31 20:39:32.074 -06:00 [INF] Route matched with {action = "Index", controller = "Home", page = "", area = ""}. Executing controller action with signature Microsoft.AspNetCore.Mvc.IActionResult Index() on controller PaginaBizu.Controllers.HomeController (PaginaBizu).
2025-07-31 20:39:32.077 -06:00 [INF] ➡️ Acción ejecutándose: Home/Index | Usuario: hoshuacastillo48@gmail.com | IP: ::1 | Hora: "2025-07-31T20:39:32.0778827-06:00"
2025-07-31 20:39:32.081 -06:00 [INF] ✅ Acción ejecutada: Home/Index | Hora: "2025-07-31T20:39:32.0809968-06:00"
2025-07-31 20:39:32.082 -06:00 [INF] Executing ViewResult, running view Index.
2025-07-31 20:39:32.090 -06:00 [INF] Executed DbCommand (4ms) [Parameters=[@__p_0='?' (Size = 450)], CommandType='"Text"', CommandTimeout='30']
SELECT TOP(1) [a].[Id], [a].[AccessFailedCount], [a].[ConcurrencyStamp], [a].[Email], [a].[EmailConfirmed], [a].[LockoutEnabled], [a].[LockoutEnd], [a].[NormalizedEmail], [a].[NormalizedUserName], [a].[PasswordHash], [a].[PhoneNumber], [a].[PhoneNumberConfirmed], [a].[SecurityStamp], [a].[TwoFactorEnabled], [a].[UserName]
FROM [AspNetUsers] AS [a]
WHERE [a].[Id] = @__p_0
2025-07-31 20:39:32.099 -06:00 [INF] Executed DbCommand (4ms) [Parameters=[@__userId_0='?' (Size = 450)], CommandType='"Text"', CommandTimeout='30']
SELECT [a0].[Name]
FROM [AspNetUserRoles] AS [a]
INNER JOIN [AspNetRoles] AS [a0] ON [a].[RoleId] = [a0].[Id]
WHERE [a].[UserId] = @__userId_0
2025-07-31 20:39:32.103 -06:00 [INF] Executed ViewResult - view Index executed in 20.9897ms.
2025-07-31 20:39:32.105 -06:00 [INF] Executed action PaginaBizu.Controllers.HomeController.Index (PaginaBizu) in 27.9182ms
2025-07-31 20:39:32.106 -06:00 [INF] Executed endpoint 'PaginaBizu.Controllers.HomeController.Index (PaginaBizu)'
2025-07-31 20:39:32.108 -06:00 [INF] Request finished HTTP/1.1 GET http://localhost:5116/ - 200 null text/html; charset=utf-8 50.9334ms
2025-07-31 20:39:32.117 -06:00 [INF] Request starting HTTP/1.1 GET http://localhost:5116/_framework/aspnetcore-browser-refresh.js - null null
2025-07-31 20:39:32.120 -06:00 [INF] Request starting HTTP/1.1 GET http://localhost:5116/css/tailwindcss - null null
2025-07-31 20:39:32.119 -06:00 [INF] Request starting HTTP/1.1 GET http://localhost:5116/_vs/browserLink - null null
2025-07-31 20:39:32.125 -06:00 [INF] Request finished HTTP/1.1 GET http://localhost:5116/_framework/aspnetcore-browser-refresh.js - 200 16505 application/javascript; charset=utf-8 7.3547ms
2025-07-31 20:39:32.132 -06:00 [INF] Request finished HTTP/1.1 GET http://localhost:5116/css/tailwindcss - 404 0 null 12.66ms
2025-07-31 20:39:32.144 -06:00 [INF] Request finished HTTP/1.1 GET http://localhost:5116/_vs/browserLink - 200 null text/javascript; charset=UTF-8 24.4211ms
2025-07-31 20:39:32.144 -06:00 [INF] Request reached the end of the middleware pipeline without being handled by application code. Request path: GET http://localhost:5116/css/tailwindcss, Response status code: 404
2025-07-31 20:39:34.453 -06:00 [INF] Request starting HTTP/1.1 GET http://localhost:5116/Products - null null
2025-07-31 20:39:34.461 -06:00 [INF] Executing endpoint 'PaginaBizu.Controllers.ProductsController.Index (PaginaBizu)'
2025-07-31 20:39:34.463 -06:00 [INF] Route matched with {action = "Index", controller = "Products", page = "", area = ""}. Executing controller action with signature System.Threading.Tasks.Task`1[Microsoft.AspNetCore.Mvc.IActionResult] Index() on controller PaginaBizu.Controllers.ProductsController (PaginaBizu).
2025-07-31 20:39:34.471 -06:00 [INF] ➡️ Acción ejecutándose: Products/Index | Usuario: hoshuacastillo48@gmail.com | IP: ::1 | Hora: "2025-07-31T20:39:34.4717841-06:00"
2025-07-31 20:39:34.478 -06:00 [INF] Executed DbCommand (3ms) [Parameters=[], CommandType='"Text"', CommandTimeout='30']
SELECT [p].[Id], [p].[CantidadDisponible], [p].[Categoria], [p].[Descripcion], [p].[FechaCreacion], [p].[ImagenUrl], [p].[NombreArticulo], [p].[Precio]
FROM [Products] AS [p]
2025-07-31 20:39:34.483 -06:00 [INF] ✅ Acción ejecutada: Products/Index | Hora: "2025-07-31T20:39:34.4831765-06:00"
2025-07-31 20:39:34.488 -06:00 [INF] Executing ViewResult, running view Index.
2025-07-31 20:39:34.494 -06:00 [INF] Executed ViewResult - view Index executed in 6.3464ms.
2025-07-31 20:39:34.496 -06:00 [INF] Executed action PaginaBizu.Controllers.ProductsController.Index (PaginaBizu) in 24.3391ms
2025-07-31 20:39:34.497 -06:00 [INF] Executed endpoint 'PaginaBizu.Controllers.ProductsController.Index (PaginaBizu)'
2025-07-31 20:39:34.499 -06:00 [INF] Request finished HTTP/1.1 GET http://localhost:5116/Products - 200 null text/html; charset=utf-8 45.7374ms
2025-07-31 20:39:34.508 -06:00 [INF] Request starting HTTP/1.1 GET http://localhost:5116/_vs/browserLink - null null
2025-07-31 20:39:34.512 -06:00 [INF] Request starting HTTP/1.1 GET http://localhost:5116/_framework/aspnetcore-browser-refresh.js - null null
2025-07-31 20:39:34.521 -06:00 [INF] Request finished HTTP/1.1 GET http://localhost:5116/_framework/aspnetcore-browser-refresh.js - 200 16505 application/javascript; charset=utf-8 9.2573ms
2025-07-31 20:39:34.526 -06:00 [INF] Request finished HTTP/1.1 GET http://localhost:5116/_vs/browserLink - 200 null text/javascript; charset=UTF-8 18.2591ms
2025-07-31 20:39:34.560 -06:00 [INF] Request starting HTTP/1.1 GET http://localhost:5116/Cart/CartCount - null null
2025-07-31 20:39:34.594 -06:00 [INF] Executing endpoint 'PaginaBizu.Controllers.CartController.CartCount (PaginaBizu)'
2025-07-31 20:39:34.596 -06:00 [INF] Route matched with {action = "CartCount", controller = "Cart", page = "", area = ""}. Executing controller action with signature Microsoft.AspNetCore.Mvc.IActionResult CartCount() on controller PaginaBizu.Controllers.CartController (PaginaBizu).
2025-07-31 20:39:34.599 -06:00 [INF] ➡️ Acción ejecutándose: Cart/CartCount | Usuario: hoshuacastillo48@gmail.com | IP: ::1 | Hora: "2025-07-31T20:39:34.5990894-06:00"
2025-07-31 20:39:34.603 -06:00 [INF] ✅ Acción ejecutada: Cart/CartCount | Hora: "2025-07-31T20:39:34.6035090-06:00"
2025-07-31 20:39:34.604 -06:00 [INF] Executing JsonResult, writing value of type 'System.Int32'.
2025-07-31 20:39:34.606 -06:00 [INF] Executed action PaginaBizu.Controllers.CartController.CartCount (PaginaBizu) in 7.0865ms
2025-07-31 20:39:34.611 -06:00 [INF] Executed endpoint 'PaginaBizu.Controllers.CartController.CartCount (PaginaBizu)'
2025-07-31 20:39:34.610 -06:00 [INF] Request starting HTTP/1.1 GET http://localhost:5116/Cart/CartCount - null null
2025-07-31 20:39:34.614 -06:00 [INF] Request finished HTTP/1.1 GET http://localhost:5116/Cart/CartCount - 200 null application/json; charset=utf-8 53.7244ms
2025-07-31 20:39:34.619 -06:00 [INF] Executing endpoint 'PaginaBizu.Controllers.CartController.CartCount (PaginaBizu)'
2025-07-31 20:39:34.623 -06:00 [INF] Route matched with {action = "CartCount", controller = "Cart", page = "", area = ""}. Executing controller action with signature Microsoft.AspNetCore.Mvc.IActionResult CartCount() on controller PaginaBizu.Controllers.CartController (PaginaBizu).
2025-07-31 20:39:34.625 -06:00 [INF] ➡️ Acción ejecutándose: Cart/CartCount | Usuario: hoshuacastillo48@gmail.com | IP: ::1 | Hora: "2025-07-31T20:39:34.6254477-06:00"
2025-07-31 20:39:34.627 -06:00 [INF] ✅ Acción ejecutada: Cart/CartCount | Hora: "2025-07-31T20:39:34.6276251-06:00"
2025-07-31 20:39:34.629 -06:00 [INF] Executing JsonResult, writing value of type 'System.Int32'.
2025-07-31 20:39:34.630 -06:00 [INF] Executed action PaginaBizu.Controllers.CartController.CartCount (PaginaBizu) in 5.1753ms
2025-07-31 20:39:34.631 -06:00 [INF] Executed endpoint 'PaginaBizu.Controllers.CartController.CartCount (PaginaBizu)'
2025-07-31 20:39:34.632 -06:00 [INF] Request finished HTTP/1.1 GET http://localhost:5116/Cart/CartCount - 200 null application/json; charset=utf-8 23.2227ms
2025-07-31 20:40:04.082 -06:00 [INF] Request starting HTTP/1.1 GET http://localhost:5116/Cart - null null
2025-07-31 20:40:04.108 -06:00 [INF] Executing endpoint 'PaginaBizu.Controllers.CartController.Index (PaginaBizu)'
2025-07-31 20:40:04.112 -06:00 [INF] Route matched with {action = "Index", controller = "Cart", page = "", area = ""}. Executing controller action with signature Microsoft.AspNetCore.Mvc.IActionResult Index() on controller PaginaBizu.Controllers.CartController (PaginaBizu).
2025-07-31 20:40:04.115 -06:00 [INF] ➡️ Acción ejecutándose: Cart/Index | Usuario: hoshuacastillo48@gmail.com | IP: ::1 | Hora: "2025-07-31T20:40:04.1155527-06:00"
2025-07-31 20:40:04.118 -06:00 [INF] ✅ Acción ejecutada: Cart/Index | Hora: "2025-07-31T20:40:04.1189513-06:00"
2025-07-31 20:40:04.121 -06:00 [INF] Executing ViewResult, running view Index.
2025-07-31 20:40:04.128 -06:00 [INF] Executed ViewResult - view Index executed in 7.8276ms.
2025-07-31 20:40:04.130 -06:00 [INF] Executed action PaginaBizu.Controllers.CartController.Index (PaginaBizu) in 15.2226ms
2025-07-31 20:40:04.132 -06:00 [INF] Executed endpoint 'PaginaBizu.Controllers.CartController.Index (PaginaBizu)'
2025-07-31 20:40:04.133 -06:00 [INF] Request finished HTTP/1.1 GET http://localhost:5116/Cart - 200 null text/html; charset=utf-8 51.5969ms
2025-07-31 20:40:04.138 -06:00 [INF] Request starting HTTP/1.1 GET http://localhost:5116/_vs/browserLink - null null
2025-07-31 20:40:04.138 -06:00 [INF] Request starting HTTP/1.1 GET http://localhost:5116/_framework/aspnetcore-browser-refresh.js - null null
2025-07-31 20:40:04.143 -06:00 [INF] Request finished HTTP/1.1 GET http://localhost:5116/_framework/aspnetcore-browser-refresh.js - 200 16505 application/javascript; charset=utf-8 5.0532ms
2025-07-31 20:40:04.150 -06:00 [INF] Request finished HTTP/1.1 GET http://localhost:5116/_vs/browserLink - 200 null text/javascript; charset=UTF-8 8.0155ms
2025-07-31 20:40:04.180 -06:00 [INF] Request starting HTTP/1.1 GET http://localhost:5116/Cart/CartCount - null null
2025-07-31 20:40:04.183 -06:00 [INF] Executing endpoint 'PaginaBizu.Controllers.CartController.CartCount (PaginaBizu)'
2025-07-31 20:40:04.184 -06:00 [INF] Route matched with {action = "CartCount", controller = "Cart", page = "", area = ""}. Executing controller action with signature Microsoft.AspNetCore.Mvc.IActionResult CartCount() on controller PaginaBizu.Controllers.CartController (PaginaBizu).
2025-07-31 20:40:04.186 -06:00 [INF] ➡️ Acción ejecutándose: Cart/CartCount | Usuario: hoshuacastillo48@gmail.com | IP: ::1 | Hora: "2025-07-31T20:40:04.1869284-06:00"
2025-07-31 20:40:04.189 -06:00 [INF] ✅ Acción ejecutada: Cart/CartCount | Hora: "2025-07-31T20:40:04.1897897-06:00"
2025-07-31 20:40:04.191 -06:00 [INF] Executing JsonResult, writing value of type 'System.Int32'.
2025-07-31 20:40:04.192 -06:00 [INF] Executed action PaginaBizu.Controllers.CartController.CartCount (PaginaBizu) in 5.9466ms
2025-07-31 20:40:04.194 -06:00 [INF] Executed endpoint 'PaginaBizu.Controllers.CartController.CartCount (PaginaBizu)'
2025-07-31 20:40:04.195 -06:00 [INF] Request starting HTTP/1.1 GET http://localhost:5116/Cart/CartCount - null null
2025-07-31 20:40:04.196 -06:00 [INF] Request finished HTTP/1.1 GET http://localhost:5116/Cart/CartCount - 200 null application/json; charset=utf-8 15.7675ms
2025-07-31 20:40:04.198 -06:00 [INF] Executing endpoint 'PaginaBizu.Controllers.CartController.CartCount (PaginaBizu)'
2025-07-31 20:40:04.205 -06:00 [INF] Route matched with {action = "CartCount", controller = "Cart", page = "", area = ""}. Executing controller action with signature Microsoft.AspNetCore.Mvc.IActionResult CartCount() on controller PaginaBizu.Controllers.CartController (PaginaBizu).
2025-07-31 20:40:04.209 -06:00 [INF] ➡️ Acción ejecutándose: Cart/CartCount | Usuario: hoshuacastillo48@gmail.com | IP: ::1 | Hora: "2025-07-31T20:40:04.2090590-06:00"
2025-07-31 20:40:04.213 -06:00 [INF] ✅ Acción ejecutada: Cart/CartCount | Hora: "2025-07-31T20:40:04.2135448-06:00"
2025-07-31 20:40:04.215 -06:00 [INF] Executing JsonResult, writing value of type 'System.Int32'.
2025-07-31 20:40:04.219 -06:00 [INF] Executed action PaginaBizu.Controllers.CartController.CartCount (PaginaBizu) in 10.4472ms
2025-07-31 20:40:04.222 -06:00 [INF] Executed endpoint 'PaginaBizu.Controllers.CartController.CartCount (PaginaBizu)'
2025-07-31 20:40:04.224 -06:00 [INF] Request finished HTTP/1.1 GET http://localhost:5116/Cart/CartCount - 200 null application/json; charset=utf-8 29.028ms
2025-07-31 20:40:07.748 -06:00 [INF] Request starting HTTP/1.1 GET http://localhost:5116/Cart - null null
2025-07-31 20:40:07.754 -06:00 [INF] Executing endpoint 'PaginaBizu.Controllers.CartController.Index (PaginaBizu)'
2025-07-31 20:40:07.755 -06:00 [INF] Route matched with {action = "Index", controller = "Cart", page = "", area = ""}. Executing controller action with signature Microsoft.AspNetCore.Mvc.IActionResult Index() on controller PaginaBizu.Controllers.CartController (PaginaBizu).
2025-07-31 20:40:07.759 -06:00 [INF] ➡️ Acción ejecutándose: Cart/Index | Usuario: hoshuacastillo48@gmail.com | IP: ::1 | Hora: "2025-07-31T20:40:07.7598389-06:00"
2025-07-31 20:40:07.762 -06:00 [INF] ✅ Acción ejecutada: Cart/Index | Hora: "2025-07-31T20:40:07.7623413-06:00"
2025-07-31 20:40:07.763 -06:00 [INF] Executing ViewResult, running view Index.
2025-07-31 20:40:07.766 -06:00 [INF] Executed ViewResult - view Index executed in 3.0553ms.
2025-07-31 20:40:07.768 -06:00 [INF] Executed action PaginaBizu.Controllers.CartController.Index (PaginaBizu) in 8.707ms
2025-07-31 20:40:07.770 -06:00 [INF] Executed endpoint 'PaginaBizu.Controllers.CartController.Index (PaginaBizu)'
2025-07-31 20:40:07.771 -06:00 [INF] Request finished HTTP/1.1 GET http://localhost:5116/Cart - 200 null text/html; charset=utf-8 23.2851ms
2025-07-31 20:40:07.781 -06:00 [INF] Request starting HTTP/1.1 GET http://localhost:5116/_framework/aspnetcore-browser-refresh.js - null null
2025-07-31 20:40:07.781 -06:00 [INF] Request starting HTTP/1.1 GET http://localhost:5116/_vs/browserLink - null null
2025-07-31 20:40:07.783 -06:00 [INF] Request finished HTTP/1.1 GET http://localhost:5116/_framework/aspnetcore-browser-refresh.js - 200 16505 application/javascript; charset=utf-8 2.5326ms
2025-07-31 20:40:07.791 -06:00 [INF] Request finished HTTP/1.1 GET http://localhost:5116/_vs/browserLink - 200 null text/javascript; charset=UTF-8 10.2999ms
2025-07-31 20:40:07.812 -06:00 [INF] Request starting HTTP/1.1 GET http://localhost:5116/Cart/CartCount - null null
2025-07-31 20:40:07.817 -06:00 [INF] Executing endpoint 'PaginaBizu.Controllers.CartController.CartCount (PaginaBizu)'
2025-07-31 20:40:07.819 -06:00 [INF] Route matched with {action = "CartCount", controller = "Cart", page = "", area = ""}. Executing controller action with signature Microsoft.AspNetCore.Mvc.IActionResult CartCount() on controller PaginaBizu.Controllers.CartController (PaginaBizu).
2025-07-31 20:40:07.821 -06:00 [INF] ➡️ Acción ejecutándose: Cart/CartCount | Usuario: hoshuacastillo48@gmail.com | IP: ::1 | Hora: "2025-07-31T20:40:07.8219438-06:00"
2025-07-31 20:40:07.832 -06:00 [INF] ✅ Acción ejecutada: Cart/CartCount | Hora: "2025-07-31T20:40:07.8325230-06:00"
2025-07-31 20:40:07.834 -06:00 [INF] Executing JsonResult, writing value of type 'System.Int32'.
2025-07-31 20:40:07.835 -06:00 [INF] Executed action PaginaBizu.Controllers.CartController.CartCount (PaginaBizu) in 13.7976ms
2025-07-31 20:40:07.837 -06:00 [INF] Request starting HTTP/1.1 GET http://localhost:5116/Cart/CartCount - null null
2025-07-31 20:40:07.837 -06:00 [INF] Executed endpoint 'PaginaBizu.Controllers.CartController.CartCount (PaginaBizu)'
2025-07-31 20:40:07.841 -06:00 [INF] Executing endpoint 'PaginaBizu.Controllers.CartController.CartCount (PaginaBizu)'
2025-07-31 20:40:07.842 -06:00 [INF] Request finished HTTP/1.1 GET http://localhost:5116/Cart/CartCount - 200 null application/json; charset=utf-8 29.6988ms
2025-07-31 20:40:07.843 -06:00 [INF] Route matched with {action = "CartCount", controller = "Cart", page = "", area = ""}. Executing controller action with signature Microsoft.AspNetCore.Mvc.IActionResult CartCount() on controller PaginaBizu.Controllers.CartController (PaginaBizu).
2025-07-31 20:40:07.849 -06:00 [INF] ➡️ Acción ejecutándose: Cart/CartCount | Usuario: hoshuacastillo48@gmail.com | IP: ::1 | Hora: "2025-07-31T20:40:07.8499386-06:00"
2025-07-31 20:40:07.852 -06:00 [INF] ✅ Acción ejecutada: Cart/CartCount | Hora: "2025-07-31T20:40:07.8521775-06:00"
2025-07-31 20:40:07.853 -06:00 [INF] Executing JsonResult, writing value of type 'System.Int32'.
2025-07-31 20:40:07.854 -06:00 [INF] Executed action PaginaBizu.Controllers.CartController.CartCount (PaginaBizu) in 4.9531ms
2025-07-31 20:40:07.856 -06:00 [INF] Executed endpoint 'PaginaBizu.Controllers.CartController.CartCount (PaginaBizu)'
2025-07-31 20:40:07.858 -06:00 [INF] Request finished HTTP/1.1 GET http://localhost:5116/Cart/CartCount - 200 null application/json; charset=utf-8 21.0835ms
2025-07-31 20:40:08.622 -06:00 [INF] Request starting HTTP/1.1 GET http://localhost:5116/Cart - null null
2025-07-31 20:40:08.627 -06:00 [INF] Executing endpoint 'PaginaBizu.Controllers.CartController.Index (PaginaBizu)'
2025-07-31 20:40:08.629 -06:00 [INF] Route matched with {action = "Index", controller = "Cart", page = "", area = ""}. Executing controller action with signature Microsoft.AspNetCore.Mvc.IActionResult Index() on controller PaginaBizu.Controllers.CartController (PaginaBizu).
2025-07-31 20:40:08.633 -06:00 [INF] ➡️ Acción ejecutándose: Cart/Index | Usuario: hoshuacastillo48@gmail.com | IP: ::1 | Hora: "2025-07-31T20:40:08.6329962-06:00"
2025-07-31 20:40:08.635 -06:00 [INF] ✅ Acción ejecutada: Cart/Index | Hora: "2025-07-31T20:40:08.6357125-06:00"
2025-07-31 20:40:08.638 -06:00 [INF] Executing ViewResult, running view Index.
2025-07-31 20:40:08.642 -06:00 [INF] Executed ViewResult - view Index executed in 4.1436ms.
2025-07-31 20:40:08.644 -06:00 [INF] Executed action PaginaBizu.Controllers.CartController.Index (PaginaBizu) in 11.3883ms
2025-07-31 20:40:08.645 -06:00 [INF] Executed endpoint 'PaginaBizu.Controllers.CartController.Index (PaginaBizu)'
2025-07-31 20:40:08.647 -06:00 [INF] Request finished HTTP/1.1 GET http://localhost:5116/Cart - 200 null text/html; charset=utf-8 25.1279ms
2025-07-31 20:40:08.654 -06:00 [INF] Request starting HTTP/1.1 GET http://localhost:5116/_framework/aspnetcore-browser-refresh.js - null null
2025-07-31 20:40:08.654 -06:00 [INF] Request starting HTTP/1.1 GET http://localhost:5116/_vs/browserLink - null null
2025-07-31 20:40:08.657 -06:00 [INF] Request finished HTTP/1.1 GET http://localhost:5116/_framework/aspnetcore-browser-refresh.js - 200 16505 application/javascript; charset=utf-8 2.8836ms
2025-07-31 20:40:08.663 -06:00 [INF] Request finished HTTP/1.1 GET http://localhost:5116/_vs/browserLink - 200 null text/javascript; charset=UTF-8 9.2481ms
2025-07-31 20:40:08.685 -06:00 [INF] Request starting HTTP/1.1 GET http://localhost:5116/Cart/CartCount - null null
2025-07-31 20:40:08.693 -06:00 [INF] Executing endpoint 'PaginaBizu.Controllers.CartController.CartCount (PaginaBizu)'
2025-07-31 20:40:08.694 -06:00 [INF] Route matched with {action = "CartCount", controller = "Cart", page = "", area = ""}. Executing controller action with signature Microsoft.AspNetCore.Mvc.IActionResult CartCount() on controller PaginaBizu.Controllers.CartController (PaginaBizu).
2025-07-31 20:40:08.697 -06:00 [INF] ➡️ Acción ejecutándose: Cart/CartCount | Usuario: hoshuacastillo48@gmail.com | IP: ::1 | Hora: "2025-07-31T20:40:08.6979478-06:00"
2025-07-31 20:40:08.699 -06:00 [INF] ✅ Acción ejecutada: Cart/CartCount | Hora: "2025-07-31T20:40:08.6997763-06:00"
2025-07-31 20:40:08.700 -06:00 [INF] Executing JsonResult, writing value of type 'System.Int32'.
2025-07-31 20:40:08.702 -06:00 [INF] Executed action PaginaBizu.Controllers.CartController.CartCount (PaginaBizu) in 5.0545ms
2025-07-31 20:40:08.704 -06:00 [INF] Request starting HTTP/1.1 GET http://localhost:5116/Cart/CartCount - null null
2025-07-31 20:40:08.704 -06:00 [INF] Executed endpoint 'PaginaBizu.Controllers.CartController.CartCount (PaginaBizu)'
2025-07-31 20:40:08.707 -06:00 [INF] Executing endpoint 'PaginaBizu.Controllers.CartController.CartCount (PaginaBizu)'
2025-07-31 20:40:08.708 -06:00 [INF] Request finished HTTP/1.1 GET http://localhost:5116/Cart/CartCount - 200 null application/json; charset=utf-8 22.3518ms
2025-07-31 20:40:08.709 -06:00 [INF] Route matched with {action = "CartCount", controller = "Cart", page = "", area = ""}. Executing controller action with signature Microsoft.AspNetCore.Mvc.IActionResult CartCount() on controller PaginaBizu.Controllers.CartController (PaginaBizu).
2025-07-31 20:40:08.715 -06:00 [INF] ➡️ Acción ejecutándose: Cart/CartCount | Usuario: hoshuacastillo48@gmail.com | IP: ::1 | Hora: "2025-07-31T20:40:08.7154540-06:00"
2025-07-31 20:40:08.717 -06:00 [INF] ✅ Acción ejecutada: Cart/CartCount | Hora: "2025-07-31T20:40:08.7178181-06:00"
2025-07-31 20:40:08.720 -06:00 [INF] Executing JsonResult, writing value of type 'System.Int32'.
2025-07-31 20:40:08.721 -06:00 [INF] Executed action PaginaBizu.Controllers.CartController.CartCount (PaginaBizu) in 6.4426ms
2025-07-31 20:40:08.723 -06:00 [INF] Executed endpoint 'PaginaBizu.Controllers.CartController.CartCount (PaginaBizu)'
2025-07-31 20:40:08.724 -06:00 [INF] Request finished HTTP/1.1 GET http://localhost:5116/Cart/CartCount - 200 null application/json; charset=utf-8 20.1386ms
2025-07-31 20:40:10.647 -06:00 [INF] Request starting HTTP/1.1 GET http://localhost:5116/ - null null
2025-07-31 20:40:10.652 -06:00 [INF] Executing endpoint 'PaginaBizu.Controllers.HomeController.Index (PaginaBizu)'
2025-07-31 20:40:10.654 -06:00 [INF] Route matched with {action = "Index", controller = "Home", page = "", area = ""}. Executing controller action with signature Microsoft.AspNetCore.Mvc.IActionResult Index() on controller PaginaBizu.Controllers.HomeController (PaginaBizu).
2025-07-31 20:40:10.656 -06:00 [INF] ➡️ Acción ejecutándose: Home/Index | Usuario: hoshuacastillo48@gmail.com | IP: ::1 | Hora: "2025-07-31T20:40:10.6564036-06:00"
2025-07-31 20:40:10.658 -06:00 [INF] ✅ Acción ejecutada: Home/Index | Hora: "2025-07-31T20:40:10.6583558-06:00"
2025-07-31 20:40:10.660 -06:00 [INF] Executing ViewResult, running view Index.
2025-07-31 20:40:10.667 -06:00 [INF] Executed DbCommand (4ms) [Parameters=[@__p_0='?' (Size = 450)], CommandType='"Text"', CommandTimeout='30']
SELECT TOP(1) [a].[Id], [a].[AccessFailedCount], [a].[ConcurrencyStamp], [a].[Email], [a].[EmailConfirmed], [a].[LockoutEnabled], [a].[LockoutEnd], [a].[NormalizedEmail], [a].[NormalizedUserName], [a].[PasswordHash], [a].[PhoneNumber], [a].[PhoneNumberConfirmed], [a].[SecurityStamp], [a].[TwoFactorEnabled], [a].[UserName]
FROM [AspNetUsers] AS [a]
WHERE [a].[Id] = @__p_0
2025-07-31 20:40:10.676 -06:00 [INF] Executed DbCommand (5ms) [Parameters=[@__userId_0='?' (Size = 450)], CommandType='"Text"', CommandTimeout='30']
SELECT [a0].[Name]
FROM [AspNetUserRoles] AS [a]
INNER JOIN [AspNetRoles] AS [a0] ON [a].[RoleId] = [a0].[Id]
WHERE [a].[UserId] = @__userId_0
2025-07-31 20:40:10.680 -06:00 [INF] Executed ViewResult - view Index executed in 20.6538ms.
2025-07-31 20:40:10.682 -06:00 [INF] Executed action PaginaBizu.Controllers.HomeController.Index (PaginaBizu) in 26.1166ms
2025-07-31 20:40:10.684 -06:00 [INF] Executed endpoint 'PaginaBizu.Controllers.HomeController.Index (PaginaBizu)'
2025-07-31 20:40:10.686 -06:00 [INF] Request finished HTTP/1.1 GET http://localhost:5116/ - 200 null text/html; charset=utf-8 38.4168ms
2025-07-31 20:40:10.697 -06:00 [INF] Request starting HTTP/1.1 GET http://localhost:5116/_framework/aspnetcore-browser-refresh.js - null null
2025-07-31 20:40:10.698 -06:00 [INF] Request starting HTTP/1.1 GET http://localhost:5116/_vs/browserLink - null null
2025-07-31 20:40:10.699 -06:00 [INF] Request starting HTTP/1.1 GET http://localhost:5116/css/tailwindcss - null null
2025-07-31 20:40:10.701 -06:00 [INF] Request finished HTTP/1.1 GET http://localhost:5116/_framework/aspnetcore-browser-refresh.js - 200 16505 application/javascript; charset=utf-8 3.1989ms
2025-07-31 20:40:10.708 -06:00 [INF] Request finished HTTP/1.1 GET http://localhost:5116/css/tailwindcss - 404 0 null 9.0038ms
2025-07-31 20:40:10.718 -06:00 [INF] Request finished HTTP/1.1 GET http://localhost:5116/_vs/browserLink - 200 null text/javascript; charset=UTF-8 19.4676ms
2025-07-31 20:40:10.722 -06:00 [INF] Request reached the end of the middleware pipeline without being handled by application code. Request path: GET http://localhost:5116/css/tailwindcss, Response status code: 404
2025-07-31 20:40:13.599 -06:00 [INF] Request starting HTTP/1.1 GET http://localhost:5116/Shop - null null
2025-07-31 20:40:13.603 -06:00 [INF] Executing endpoint 'PaginaBizu.Controllers.ShopController.Index (PaginaBizu)'
2025-07-31 20:40:13.606 -06:00 [INF] Route matched with {action = "Index", controller = "Shop", page = "", area = ""}. Executing controller action with signature Microsoft.AspNetCore.Mvc.IActionResult Index() on controller PaginaBizu.Controllers.ShopController (PaginaBizu).
2025-07-31 20:40:13.610 -06:00 [INF] ➡️ Acción ejecutándose: Shop/Index | Usuario: hoshuacastillo48@gmail.com | IP: ::1 | Hora: "2025-07-31T20:40:13.6101607-06:00"
2025-07-31 20:40:13.632 -06:00 [INF] Executed DbCommand (3ms) [Parameters=[], CommandType='"Text"', CommandTimeout='30']
SELECT [p].[Id], [p].[CantidadDisponible], [p].[Categoria], [p].[Descripcion], [p].[FechaCreacion], [p].[ImagenUrl], [p].[NombreArticulo], [p].[Precio]
FROM [Products] AS [p]
2025-07-31 20:40:13.638 -06:00 [INF] ✅ Acción ejecutada: Shop/Index | Hora: "2025-07-31T20:40:13.6389329-06:00"
2025-07-31 20:40:13.641 -06:00 [INF] Executing ViewResult, running view Index.
2025-07-31 20:40:13.652 -06:00 [INF] Executed ViewResult - view Index executed in 12.0282ms.
2025-07-31 20:40:13.654 -06:00 [INF] Executed action PaginaBizu.Controllers.ShopController.Index (PaginaBizu) in 45.0393ms
2025-07-31 20:40:13.655 -06:00 [INF] Executed endpoint 'PaginaBizu.Controllers.ShopController.Index (PaginaBizu)'
2025-07-31 20:40:13.657 -06:00 [INF] Request finished HTTP/1.1 GET http://localhost:5116/Shop - 200 null text/html; charset=utf-8 57.7225ms
2025-07-31 20:40:13.662 -06:00 [INF] Request starting HTTP/1.1 GET http://localhost:5116/images/https://www.srperro.com/media/post/6e01cf49-0082-4777-be09-e9bcb5eec2ba.600x429.jpg - null null
2025-07-31 20:40:13.662 -06:00 [INF] Request starting HTTP/1.1 GET http://localhost:5116/_framework/aspnetcore-browser-refresh.js - null null
2025-07-31 20:40:13.666 -06:00 [INF] Request finished HTTP/1.1 GET http://localhost:5116/images/https://www.srperro.com/media/post/6e01cf49-0082-4777-be09-e9bcb5eec2ba.600x429.jpg - 404 0 null 3.5968ms
2025-07-31 20:40:13.667 -06:00 [INF] Request finished HTTP/1.1 GET http://localhost:5116/_framework/aspnetcore-browser-refresh.js - 200 16505 application/javascript; charset=utf-8 5.2662ms
2025-07-31 20:40:13.671 -06:00 [INF] Request reached the end of the middleware pipeline without being handled by application code. Request path: GET http://localhost:5116/images/https://www.srperro.com/media/post/6e01cf49-0082-4777-be09-e9bcb5eec2ba.600x429.jpg, Response status code: 404
2025-07-31 20:40:13.678 -06:00 [INF] Request starting HTTP/1.1 GET http://localhost:5116/_vs/browserLink - null null
2025-07-31 20:40:13.686 -06:00 [INF] Request finished HTTP/1.1 GET http://localhost:5116/_vs/browserLink - 200 null text/javascript; charset=UTF-8 8.5535ms
2025-07-31 20:40:13.724 -06:00 [INF] Request starting HTTP/1.1 GET http://localhost:5116/Cart/CartCount - null null
2025-07-31 20:40:13.729 -06:00 [INF] Executing endpoint 'PaginaBizu.Controllers.CartController.CartCount (PaginaBizu)'
2025-07-31 20:40:13.732 -06:00 [INF] Route matched with {action = "CartCount", controller = "Cart", page = "", area = ""}. Executing controller action with signature Microsoft.AspNetCore.Mvc.IActionResult CartCount() on controller PaginaBizu.Controllers.CartController (PaginaBizu).
2025-07-31 20:40:13.735 -06:00 [INF] ➡️ Acción ejecutándose: Cart/CartCount | Usuario: hoshuacastillo48@gmail.com | IP: ::1 | Hora: "2025-07-31T20:40:13.7351547-06:00"
2025-07-31 20:40:13.737 -06:00 [INF] ✅ Acción ejecutada: Cart/CartCount | Hora: "2025-07-31T20:40:13.7372369-06:00"
2025-07-31 20:40:13.738 -06:00 [INF] Executing JsonResult, writing value of type 'System.Int32'.
2025-07-31 20:40:13.739 -06:00 [INF] Executed action PaginaBizu.Controllers.CartController.CartCount (PaginaBizu) in 4.6556ms
2025-07-31 20:40:13.740 -06:00 [INF] Request starting HTTP/1.1 GET http://localhost:5116/Cart/CartCount - null null
2025-07-31 20:40:13.741 -06:00 [INF] Executed endpoint 'PaginaBizu.Controllers.CartController.CartCount (PaginaBizu)'
2025-07-31 20:40:13.745 -06:00 [INF] Executing endpoint 'PaginaBizu.Controllers.CartController.CartCount (PaginaBizu)'
2025-07-31 20:40:13.746 -06:00 [INF] Request finished HTTP/1.1 GET http://localhost:5116/Cart/CartCount - 200 null application/json; charset=utf-8 21.4843ms
2025-07-31 20:40:13.747 -06:00 [INF] Route matched with {action = "CartCount", controller = "Cart", page = "", area = ""}. Executing controller action with signature Microsoft.AspNetCore.Mvc.IActionResult CartCount() on controller PaginaBizu.Controllers.CartController (PaginaBizu).
2025-07-31 20:40:13.756 -06:00 [INF] ➡️ Acción ejecutándose: Cart/CartCount | Usuario: hoshuacastillo48@gmail.com | IP: ::1 | Hora: "2025-07-31T20:40:13.7563019-06:00"
2025-07-31 20:40:13.758 -06:00 [INF] ✅ Acción ejecutada: Cart/CartCount | Hora: "2025-07-31T20:40:13.7584403-06:00"
2025-07-31 20:40:13.759 -06:00 [INF] Executing JsonResult, writing value of type 'System.Int32'.
2025-07-31 20:40:13.760 -06:00 [INF] Executed action PaginaBizu.Controllers.CartController.CartCount (PaginaBizu) in 4.7ms
2025-07-31 20:40:13.762 -06:00 [INF] Executed endpoint 'PaginaBizu.Controllers.CartController.CartCount (PaginaBizu)'
2025-07-31 20:40:13.766 -06:00 [INF] Request finished HTTP/1.1 GET http://localhost:5116/Cart/CartCount - 200 null application/json; charset=utf-8 25.2656ms
2025-07-31 20:40:16.702 -06:00 [INF] Request starting HTTP/1.1 GET http://localhost:5116/Shop/Details/1 - null null
2025-07-31 20:40:16.707 -06:00 [INF] Executing endpoint 'PaginaBizu.Controllers.ShopController.Details (PaginaBizu)'
2025-07-31 20:40:16.710 -06:00 [INF] Route matched with {action = "Details", controller = "Shop", page = "", area = ""}. Executing controller action with signature Microsoft.AspNetCore.Mvc.IActionResult Details(Int32) on controller PaginaBizu.Controllers.ShopController (PaginaBizu).
2025-07-31 20:40:16.715 -06:00 [INF] ➡️ Acción ejecutándose: Shop/Details | Usuario: hoshuacastillo48@gmail.com | IP: ::1 | Hora: "2025-07-31T20:40:16.7158609-06:00"
2025-07-31 20:40:16.735 -06:00 [INF] Executed DbCommand (5ms) [Parameters=[@__id_0='?' (DbType = Int32)], CommandType='"Text"', CommandTimeout='30']
SELECT TOP(1) [p].[Id], [p].[CantidadDisponible], [p].[Categoria], [p].[Descripcion], [p].[FechaCreacion], [p].[ImagenUrl], [p].[NombreArticulo], [p].[Precio]
FROM [Products] AS [p]
WHERE [p].[Id] = @__id_0
2025-07-31 20:40:16.769 -06:00 [ERR] Failed executing DbCommand (9ms) [Parameters=[@__id_0='?' (DbType = Int32)], CommandType='"Text"', CommandTimeout='30']
SELECT [c].[Id], [c].[Calificacion], [c].[Contenido], [c].[Fecha], [c].[ProductoId], [c].[UsuarioId]
FROM [Comentarios] AS [c]
WHERE [c].[ProductoId] = @__id_0
ORDER BY [c].[Fecha] DESC
2025-07-31 20:40:16.793 -06:00 [ERR] An exception occurred while iterating over the results of a query for context type 'PaginaBizu.Data.AppDbContext'.
Microsoft.Data.SqlClient.SqlException (0x80131904): Invalid object name 'Comentarios'.
   at Microsoft.Data.SqlClient.SqlConnection.OnError(SqlException exception, Boolean breakConnection, Action`1 wrapCloseInAction)
   at Microsoft.Data.SqlClient.SqlInternalConnection.OnError(SqlException exception, Boolean breakConnection, Action`1 wrapCloseInAction)
   at Microsoft.Data.SqlClient.TdsParser.ThrowExceptionAndWarning(TdsParserStateObject stateObj, Boolean callerHasConnectionLock, Boolean asyncClose)
   at Microsoft.Data.SqlClient.TdsParser.TryRun(RunBehavior runBehavior, SqlCommand cmdHandler, SqlDataReader dataStream, BulkCopySimpleResultSet bulkCopyHandler, TdsParserStateObject stateObj, Boolean& dataReady)
   at Microsoft.Data.SqlClient.SqlDataReader.TryConsumeMetaData()
   at Microsoft.Data.SqlClient.SqlDataReader.get_MetaData()
   at Microsoft.Data.SqlClient.SqlCommand.FinishExecuteReader(SqlDataReader ds, RunBehavior runBehavior, String resetOptionsString, Boolean isInternal, Boolean forDescribeParameterEncryption, Boolean shouldCacheForAlwaysEncrypted)
   at Microsoft.Data.SqlClient.SqlCommand.RunExecuteReaderTds(CommandBehavior cmdBehavior, RunBehavior runBehavior, Boolean returnStream, Boolean isAsync, Int32 timeout, Task& task, Boolean asyncWrite, Boolean inRetry, SqlDataReader ds, Boolean describeParameterEncryptionRequest)
   at Microsoft.Data.SqlClient.SqlCommand.RunExecuteReader(CommandBehavior cmdBehavior, RunBehavior runBehavior, Boolean returnStream, TaskCompletionSource`1 completion, Int32 timeout, Task& task, Boolean& usedCache, Boolean asyncWrite, Boolean inRetry, String method)
   at Microsoft.Data.SqlClient.SqlCommand.RunExecuteReader(CommandBehavior cmdBehavior, RunBehavior runBehavior, Boolean returnStream, String method)
   at Microsoft.Data.SqlClient.SqlCommand.ExecuteReader(CommandBehavior behavior)
   at Microsoft.Data.SqlClient.SqlCommand.ExecuteDbDataReader(CommandBehavior behavior)
   at Microsoft.EntityFrameworkCore.Storage.RelationalCommand.ExecuteReader(RelationalCommandParameterObject parameterObject)
   at Microsoft.EntityFrameworkCore.Query.Internal.SingleQueryingEnumerable`1.Enumerator.InitializeReader(Enumerator enumerator)
   at Microsoft.EntityFrameworkCore.Query.Internal.SingleQueryingEnumerable`1.Enumerator.<>c.<MoveNext>b__21_0(DbContext _, Enumerator enumerator)
   at Microsoft.EntityFrameworkCore.Storage.ExecutionStrategy.<>c__DisplayClass28_0`2.<Execute>b__0(DbContext context, TState state)
   at Microsoft.EntityFrameworkCore.Storage.ExecutionStrategy.ExecuteImplementation[TState,TResult](Func`3 operation, Func`3 verifySucceeded, TState state)
   at Microsoft.EntityFrameworkCore.Storage.ExecutionStrategy.Execute[TState,TResult](TState state, Func`3 operation, Func`3 verifySucceeded)
   at Microsoft.EntityFrameworkCore.Query.Internal.SingleQueryingEnumerable`1.Enumerator.MoveNext()
ClientConnectionId:ab2a06f2-b75a-41e7-b797-c15db45737a4
Error Number:208,State:1,Class:16
Microsoft.Data.SqlClient.SqlException (0x80131904): Invalid object name 'Comentarios'.
   at Microsoft.Data.SqlClient.SqlConnection.OnError(SqlException exception, Boolean breakConnection, Action`1 wrapCloseInAction)
   at Microsoft.Data.SqlClient.SqlInternalConnection.OnError(SqlException exception, Boolean breakConnection, Action`1 wrapCloseInAction)
   at Microsoft.Data.SqlClient.TdsParser.ThrowExceptionAndWarning(TdsParserStateObject stateObj, Boolean callerHasConnectionLock, Boolean asyncClose)
   at Microsoft.Data.SqlClient.TdsParser.TryRun(RunBehavior runBehavior, SqlCommand cmdHandler, SqlDataReader dataStream, BulkCopySimpleResultSet bulkCopyHandler, TdsParserStateObject stateObj, Boolean& dataReady)
   at Microsoft.Data.SqlClient.SqlDataReader.TryConsumeMetaData()
   at Microsoft.Data.SqlClient.SqlDataReader.get_MetaData()
   at Microsoft.Data.SqlClient.SqlCommand.FinishExecuteReader(SqlDataReader ds, RunBehavior runBehavior, String resetOptionsString, Boolean isInternal, Boolean forDescribeParameterEncryption, Boolean shouldCacheForAlwaysEncrypted)
   at Microsoft.Data.SqlClient.SqlCommand.RunExecuteReaderTds(CommandBehavior cmdBehavior, RunBehavior runBehavior, Boolean returnStream, Boolean isAsync, Int32 timeout, Task& task, Boolean asyncWrite, Boolean inRetry, SqlDataReader ds, Boolean describeParameterEncryptionRequest)
   at Microsoft.Data.SqlClient.SqlCommand.RunExecuteReader(CommandBehavior cmdBehavior, RunBehavior runBehavior, Boolean returnStream, TaskCompletionSource`1 completion, Int32 timeout, Task& task, Boolean& usedCache, Boolean asyncWrite, Boolean inRetry, String method)
   at Microsoft.Data.SqlClient.SqlCommand.RunExecuteReader(CommandBehavior cmdBehavior, RunBehavior runBehavior, Boolean returnStream, String method)
   at Microsoft.Data.SqlClient.SqlCommand.ExecuteReader(CommandBehavior behavior)
   at Microsoft.Data.SqlClient.SqlCommand.ExecuteDbDataReader(CommandBehavior behavior)
   at Microsoft.EntityFrameworkCore.Storage.RelationalCommand.ExecuteReader(RelationalCommandParameterObject parameterObject)
   at Microsoft.EntityFrameworkCore.Query.Internal.SingleQueryingEnumerable`1.Enumerator.InitializeReader(Enumerator enumerator)
   at Microsoft.EntityFrameworkCore.Query.Internal.SingleQueryingEnumerable`1.Enumerator.<>c.<MoveNext>b__21_0(DbContext _, Enumerator enumerator)
   at Microsoft.EntityFrameworkCore.Storage.ExecutionStrategy.<>c__DisplayClass28_0`2.<Execute>b__0(DbContext context, TState state)
   at Microsoft.EntityFrameworkCore.Storage.ExecutionStrategy.ExecuteImplementation[TState,TResult](Func`3 operation, Func`3 verifySucceeded, TState state)
   at Microsoft.EntityFrameworkCore.Storage.ExecutionStrategy.Execute[TState,TResult](TState state, Func`3 operation, Func`3 verifySucceeded)
   at Microsoft.EntityFrameworkCore.Query.Internal.SingleQueryingEnumerable`1.Enumerator.MoveNext()
ClientConnectionId:ab2a06f2-b75a-41e7-b797-c15db45737a4
Error Number:208,State:1,Class:16
2025-07-31 20:41:58.265 -06:00 [INF] User profile is available. Using 'C:\Users\Pc\AppData\Local\ASP.NET\DataProtection-Keys' as key repository and Windows DPAPI to encrypt keys at rest.
2025-07-31 20:41:58.844 -06:00 [WRN] No store type was specified for the decimal property 'Total' on entity type 'Order'. This will cause values to be silently truncated if they do not fit in the default precision and scale. Explicitly specify the SQL server column type that can accommodate all the values in 'OnModelCreating' using 'HasColumnType', specify precision and scale using 'HasPrecision', or configure a value converter using 'HasConversion'.
2025-07-31 20:41:58.846 -06:00 [WRN] No store type was specified for the decimal property 'PrecioUnitario' on entity type 'OrderDetail'. This will cause values to be silently truncated if they do not fit in the default precision and scale. Explicitly specify the SQL server column type that can accommodate all the values in 'OnModelCreating' using 'HasColumnType', specify precision and scale using 'HasPrecision', or configure a value converter using 'HasConversion'.
2025-07-31 20:41:58.847 -06:00 [WRN] No store type was specified for the decimal property 'Precio' on entity type 'Product'. This will cause values to be silently truncated if they do not fit in the default precision and scale. Explicitly specify the SQL server column type that can accommodate all the values in 'OnModelCreating' using 'HasColumnType', specify precision and scale using 'HasPrecision', or configure a value converter using 'HasConversion'.
2025-07-31 20:41:59.536 -06:00 [INF] Executed DbCommand (40ms) [Parameters=[@__normalizedName_0='?' (Size = 256)], CommandType='"Text"', CommandTimeout='30']
SELECT TOP(1) [a].[Id], [a].[ConcurrencyStamp], [a].[Name], [a].[NormalizedName]
FROM [AspNetRoles] AS [a]
WHERE [a].[NormalizedName] = @__normalizedName_0
2025-07-31 20:41:59.643 -06:00 [INF] Executed DbCommand (7ms) [Parameters=[@__normalizedEmail_0='?' (Size = 256)], CommandType='"Text"', CommandTimeout='30']
SELECT TOP(2) [a].[Id], [a].[AccessFailedCount], [a].[ConcurrencyStamp], [a].[Email], [a].[EmailConfirmed], [a].[LockoutEnabled], [a].[LockoutEnd], [a].[NormalizedEmail], [a].[NormalizedUserName], [a].[PasswordHash], [a].[PhoneNumber], [a].[PhoneNumberConfirmed], [a].[SecurityStamp], [a].[TwoFactorEnabled], [a].[UserName]
FROM [AspNetUsers] AS [a]
WHERE [a].[NormalizedEmail] = @__normalizedEmail_0
2025-07-31 20:41:59.691 -06:00 [INF] Executed DbCommand (2ms) [Parameters=[@__normalizedRoleName_0='?' (Size = 256)], CommandType='"Text"', CommandTimeout='30']
SELECT TOP(2) [a].[Id], [a].[ConcurrencyStamp], [a].[Name], [a].[NormalizedName]
FROM [AspNetRoles] AS [a]
WHERE [a].[NormalizedName] = @__normalizedRoleName_0
2025-07-31 20:41:59.725 -06:00 [INF] Executed DbCommand (2ms) [Parameters=[@__p_0='?' (Size = 450), @__p_1='?' (Size = 450)], CommandType='"Text"', CommandTimeout='30']
SELECT TOP(1) [a].[UserId], [a].[RoleId]
FROM [AspNetUserRoles] AS [a]
WHERE [a].[UserId] = @__p_0 AND [a].[RoleId] = @__p_1
2025-07-31 20:41:59.746 -06:00 [INF] Executed DbCommand (1ms) [Parameters=[@__normalizedEmail_0='?' (Size = 256)], CommandType='"Text"', CommandTimeout='30']
SELECT TOP(2) [a].[Id], [a].[AccessFailedCount], [a].[ConcurrencyStamp], [a].[Email], [a].[EmailConfirmed], [a].[LockoutEnabled], [a].[LockoutEnd], [a].[NormalizedEmail], [a].[NormalizedUserName], [a].[PasswordHash], [a].[PhoneNumber], [a].[PhoneNumberConfirmed], [a].[SecurityStamp], [a].[TwoFactorEnabled], [a].[UserName]
FROM [AspNetUsers] AS [a]
WHERE [a].[NormalizedEmail] = @__normalizedEmail_0
2025-07-31 20:41:59.757 -06:00 [INF] Executed DbCommand (1ms) [Parameters=[@__normalizedRoleName_0='?' (Size = 256)], CommandType='"Text"', CommandTimeout='30']
SELECT TOP(2) [a].[Id], [a].[ConcurrencyStamp], [a].[Name], [a].[NormalizedName]
FROM [AspNetRoles] AS [a]
WHERE [a].[NormalizedName] = @__normalizedRoleName_0
2025-07-31 20:41:59.763 -06:00 [INF] Executed DbCommand (1ms) [Parameters=[@__p_0='?' (Size = 450), @__p_1='?' (Size = 450)], CommandType='"Text"', CommandTimeout='30']
SELECT TOP(1) [a].[UserId], [a].[RoleId]
FROM [AspNetUserRoles] AS [a]
WHERE [a].[UserId] = @__p_0 AND [a].[RoleId] = @__p_1
2025-07-31 20:41:59.769 -06:00 [INF] Executed DbCommand (1ms) [Parameters=[@__normalizedEmail_0='?' (Size = 256)], CommandType='"Text"', CommandTimeout='30']
SELECT TOP(2) [a].[Id], [a].[AccessFailedCount], [a].[ConcurrencyStamp], [a].[Email], [a].[EmailConfirmed], [a].[LockoutEnabled], [a].[LockoutEnd], [a].[NormalizedEmail], [a].[NormalizedUserName], [a].[PasswordHash], [a].[PhoneNumber], [a].[PhoneNumberConfirmed], [a].[SecurityStamp], [a].[TwoFactorEnabled], [a].[UserName]
FROM [AspNetUsers] AS [a]
WHERE [a].[NormalizedEmail] = @__normalizedEmail_0
2025-07-31 20:41:59.777 -06:00 [INF] Executed DbCommand (1ms) [Parameters=[@__normalizedRoleName_0='?' (Size = 256)], CommandType='"Text"', CommandTimeout='30']
SELECT TOP(2) [a].[Id], [a].[ConcurrencyStamp], [a].[Name], [a].[NormalizedName]
FROM [AspNetRoles] AS [a]
WHERE [a].[NormalizedName] = @__normalizedRoleName_0
2025-07-31 20:41:59.782 -06:00 [INF] Executed DbCommand (1ms) [Parameters=[@__p_0='?' (Size = 450), @__p_1='?' (Size = 450)], CommandType='"Text"', CommandTimeout='30']
SELECT TOP(1) [a].[UserId], [a].[RoleId]
FROM [AspNetUserRoles] AS [a]
WHERE [a].[UserId] = @__p_0 AND [a].[RoleId] = @__p_1
2025-07-31 20:42:00.307 -06:00 [INF] Now listening on: http://localhost:5116
2025-07-31 20:42:00.426 -06:00 [INF] Application started. Press Ctrl+C to shut down.
2025-07-31 20:42:00.428 -06:00 [INF] Hosting environment: Development
2025-07-31 20:42:00.445 -06:00 [INF] Content root path: C:\Users\Pc\Source\Repos\ProyectoAnalisisDeSistemas2\PaginaBizu
2025-07-31 20:42:00.588 -06:00 [INF] Request starting HTTP/1.1 GET http://localhost:5116/ - null null
2025-07-31 20:42:00.906 -06:00 [WRN] Failed to determine the https port for redirect.
2025-07-31 20:42:00.959 -06:00 [INF] Executing endpoint 'PaginaBizu.Controllers.HomeController.Index (PaginaBizu)'
2025-07-31 20:42:00.978 -06:00 [INF] Route matched with {action = "Index", controller = "Home", page = "", area = ""}. Executing controller action with signature Microsoft.AspNetCore.Mvc.IActionResult Index() on controller PaginaBizu.Controllers.HomeController (PaginaBizu).
2025-07-31 20:42:00.989 -06:00 [INF] ➡️ Acción ejecutándose: Home/Index | Usuario: No autenticado | IP: ::1 | Hora: "2025-07-31T20:42:00.9892811-06:00"
2025-07-31 20:42:00.994 -06:00 [INF] ✅ Acción ejecutada: Home/Index | Hora: "2025-07-31T20:42:00.9942247-06:00"
2025-07-31 20:42:01.009 -06:00 [INF] Executing ViewResult, running view Index.
2025-07-31 20:42:01.137 -06:00 [INF] Executed ViewResult - view Index executed in 134.3638ms.
2025-07-31 20:42:01.141 -06:00 [INF] Executed action PaginaBizu.Controllers.HomeController.Index (PaginaBizu) in 157.1191ms
2025-07-31 20:42:01.143 -06:00 [INF] Executed endpoint 'PaginaBizu.Controllers.HomeController.Index (PaginaBizu)'
2025-07-31 20:42:01.165 -06:00 [INF] Request finished HTTP/1.1 GET http://localhost:5116/ - 200 null text/html; charset=utf-8 593.8045ms
2025-07-31 20:42:01.178 -06:00 [INF] Request starting HTTP/1.1 GET http://localhost:5116/css/tailwindcss - null null
2025-07-31 20:42:01.178 -06:00 [INF] Request starting HTTP/1.1 GET http://localhost:5116/_framework/aspnetcore-browser-refresh.js - null null
2025-07-31 20:42:01.178 -06:00 [INF] Request starting HTTP/1.1 GET http://localhost:5116/images/bg.png - null null
2025-07-31 20:42:01.178 -06:00 [INF] Request starting HTTP/1.1 GET http://localhost:5116/_vs/browserLink - null null
2025-07-31 20:42:01.191 -06:00 [INF] Request finished HTTP/1.1 GET http://localhost:5116/_framework/aspnetcore-browser-refresh.js - 200 16505 application/javascript; charset=utf-8 12.8633ms
2025-07-31 20:42:01.205 -06:00 [INF] Request finished HTTP/1.1 GET http://localhost:5116/css/tailwindcss - 404 0 null 26.8179ms
2025-07-31 20:42:01.208 -06:00 [INF] Request finished HTTP/1.1 GET http://localhost:5116/images/bg.png - 404 0 null 29.5248ms
2025-07-31 20:42:01.217 -06:00 [INF] Request reached the end of the middleware pipeline without being handled by application code. Request path: GET http://localhost:5116/css/tailwindcss, Response status code: 404
2025-07-31 20:42:01.231 -06:00 [INF] Request reached the end of the middleware pipeline without being handled by application code. Request path: GET http://localhost:5116/images/bg.png, Response status code: 404
2025-07-31 20:42:01.265 -06:00 [INF] Request finished HTTP/1.1 GET http://localhost:5116/_vs/browserLink - 200 null text/javascript; charset=UTF-8 87.2287ms
2025-07-31 20:42:07.976 -06:00 [INF] Request starting HTTP/1.1 GET http://localhost:5116/ - null null
2025-07-31 20:42:07.987 -06:00 [INF] Executing endpoint 'PaginaBizu.Controllers.HomeController.Index (PaginaBizu)'
2025-07-31 20:42:07.990 -06:00 [INF] Route matched with {action = "Index", controller = "Home", page = "", area = ""}. Executing controller action with signature Microsoft.AspNetCore.Mvc.IActionResult Index() on controller PaginaBizu.Controllers.HomeController (PaginaBizu).
2025-07-31 20:42:07.996 -06:00 [INF] ➡️ Acción ejecutándose: Home/Index | Usuario: No autenticado | IP: ::1 | Hora: "2025-07-31T20:42:07.9959304-06:00"
2025-07-31 20:42:07.998 -06:00 [INF] ✅ Acción ejecutada: Home/Index | Hora: "2025-07-31T20:42:07.9982842-06:00"
2025-07-31 20:42:08.001 -06:00 [INF] Executing ViewResult, running view Index.
2025-07-31 20:42:08.021 -06:00 [INF] Executed ViewResult - view Index executed in 21.4195ms.
2025-07-31 20:42:08.024 -06:00 [INF] Executed action PaginaBizu.Controllers.HomeController.Index (PaginaBizu) in 29.0326ms
2025-07-31 20:42:08.026 -06:00 [INF] Executed endpoint 'PaginaBizu.Controllers.HomeController.Index (PaginaBizu)'
2025-07-31 20:42:08.029 -06:00 [INF] Request finished HTTP/1.1 GET http://localhost:5116/ - 200 null text/html; charset=utf-8 53.4025ms
2025-07-31 20:42:08.036 -06:00 [INF] Request starting HTTP/1.1 GET http://localhost:5116/_framework/aspnetcore-browser-refresh.js - null null
2025-07-31 20:42:08.036 -06:00 [INF] Request starting HTTP/1.1 GET http://localhost:5116/_vs/browserLink - null null
2025-07-31 20:42:08.039 -06:00 [INF] Request finished HTTP/1.1 GET http://localhost:5116/_framework/aspnetcore-browser-refresh.js - 200 16505 application/javascript; charset=utf-8 2.8378ms
2025-07-31 20:42:08.054 -06:00 [INF] Request starting HTTP/1.1 GET http://localhost:5116/css/tailwindcss - null null
2025-07-31 20:42:08.062 -06:00 [INF] Request finished HTTP/1.1 GET http://localhost:5116/css/tailwindcss - 404 0 null 8.5836ms
2025-07-31 20:42:08.067 -06:00 [INF] Request reached the end of the middleware pipeline without being handled by application code. Request path: GET http://localhost:5116/css/tailwindcss, Response status code: 404
2025-07-31 20:42:08.067 -06:00 [INF] Request finished HTTP/1.1 GET http://localhost:5116/_vs/browserLink - 200 null text/javascript; charset=UTF-8 31.2169ms
2025-07-31 20:42:08.099 -06:00 [INF] Request starting HTTP/1.1 GET http://localhost:5116/favicon.ico - null null
2025-07-31 20:42:08.112 -06:00 [INF] The file /favicon.ico was not modified
2025-07-31 20:42:08.114 -06:00 [INF] Request finished HTTP/1.1 GET http://localhost:5116/favicon.ico - 304 null image/x-icon 15.2033ms
