2025-08-16 13:16:29.936 -06:00 [INF] User profile is available. Using 'C:\Users\hoshu\AppData\Local\ASP.NET\DataProtection-Keys' as key repository and Windows DPAPI to encrypt keys at rest.
2025-08-16 13:16:30.299 -06:00 [WRN] No store type was specified for the decimal property 'Total' on entity type 'Order'. This will cause values to be silently truncated if they do not fit in the default precision and scale. Explicitly specify the SQL server column type that can accommodate all the values in 'OnModelCreating' using 'HasColumnType', specify precision and scale using 'HasPrecision', or configure a value converter using 'HasConversion'.
2025-08-16 13:16:30.304 -06:00 [WRN] No store type was specified for the decimal property 'PrecioUnitario' on entity type 'OrderDetail'. This will cause values to be silently truncated if they do not fit in the default precision and scale. Explicitly specify the SQL server column type that can accommodate all the values in 'OnModelCreating' using 'HasColumnType', specify precision and scale using 'HasPrecision', or configure a value converter using 'HasConversion'.
2025-08-16 13:16:30.307 -06:00 [WRN] No store type was specified for the decimal property 'Precio' on entity type 'Product'. This will cause values to be silently truncated if they do not fit in the default precision and scale. Explicitly specify the SQL server column type that can accommodate all the values in 'OnModelCreating' using 'HasColumnType', specify precision and scale using 'HasPrecision', or configure a value converter using 'HasConversion'.
2025-08-16 13:16:30.743 -06:00 [INF] Executed DbCommand (36ms) [Parameters=[@__normalizedName_0='?' (Size = 256)], CommandType='"Text"', CommandTimeout='30']
SELECT TOP(1) [a].[Id], [a].[ConcurrencyStamp], [a].[Name], [a].[NormalizedName]
FROM [AspNetRoles] AS [a]
WHERE [a].[NormalizedName] = @__normalizedName_0
2025-08-16 13:16:30.816 -06:00 [INF] Executed DbCommand (7ms) [Parameters=[@__normalizedEmail_0='?' (Size = 256)], CommandType='"Text"', CommandTimeout='30']
SELECT TOP(2) [a].[Id], [a].[AccessFailedCount], [a].[ConcurrencyStamp], [a].[Email], [a].[EmailConfirmed], [a].[LockoutEnabled], [a].[LockoutEnd], [a].[NormalizedEmail], [a].[NormalizedUserName], [a].[PasswordHash], [a].[PhoneNumber], [a].[PhoneNumberConfirmed], [a].[SecurityStamp], [a].[TwoFactorEnabled], [a].[UserName]
FROM [AspNetUsers] AS [a]
WHERE [a].[NormalizedEmail] = @__normalizedEmail_0
2025-08-16 13:16:30.853 -06:00 [INF] Executed DbCommand (5ms) [Parameters=[@__normalizedRoleName_0='?' (Size = 256)], CommandType='"Text"', CommandTimeout='30']
SELECT TOP(2) [a].[Id], [a].[ConcurrencyStamp], [a].[Name], [a].[NormalizedName]
FROM [AspNetRoles] AS [a]
WHERE [a].[NormalizedName] = @__normalizedRoleName_0
2025-08-16 13:16:30.886 -06:00 [INF] Executed DbCommand (3ms) [Parameters=[@__p_0='?' (Size = 450), @__p_1='?' (Size = 450)], CommandType='"Text"', CommandTimeout='30']
SELECT TOP(1) [a].[UserId], [a].[RoleId]
FROM [AspNetUserRoles] AS [a]
WHERE [a].[UserId] = @__p_0 AND [a].[RoleId] = @__p_1
2025-08-16 13:16:30.902 -06:00 [INF] Executed DbCommand (1ms) [Parameters=[@__normalizedEmail_0='?' (Size = 256)], CommandType='"Text"', CommandTimeout='30']
SELECT TOP(2) [a].[Id], [a].[AccessFailedCount], [a].[ConcurrencyStamp], [a].[Email], [a].[EmailConfirmed], [a].[LockoutEnabled], [a].[LockoutEnd], [a].[NormalizedEmail], [a].[NormalizedUserName], [a].[PasswordHash], [a].[PhoneNumber], [a].[PhoneNumberConfirmed], [a].[SecurityStamp], [a].[TwoFactorEnabled], [a].[UserName]
FROM [AspNetUsers] AS [a]
WHERE [a].[NormalizedEmail] = @__normalizedEmail_0
2025-08-16 13:16:30.909 -06:00 [INF] Executed DbCommand (1ms) [Parameters=[@__normalizedRoleName_0='?' (Size = 256)], CommandType='"Text"', CommandTimeout='30']
SELECT TOP(2) [a].[Id], [a].[ConcurrencyStamp], [a].[Name], [a].[NormalizedName]
FROM [AspNetRoles] AS [a]
WHERE [a].[NormalizedName] = @__normalizedRoleName_0
2025-08-16 13:16:30.914 -06:00 [INF] Executed DbCommand (1ms) [Parameters=[@__p_0='?' (Size = 450), @__p_1='?' (Size = 450)], CommandType='"Text"', CommandTimeout='30']
SELECT TOP(1) [a].[UserId], [a].[RoleId]
FROM [AspNetUserRoles] AS [a]
WHERE [a].[UserId] = @__p_0 AND [a].[RoleId] = @__p_1
2025-08-16 13:16:30.919 -06:00 [INF] Executed DbCommand (1ms) [Parameters=[@__normalizedEmail_0='?' (Size = 256)], CommandType='"Text"', CommandTimeout='30']
SELECT TOP(2) [a].[Id], [a].[AccessFailedCount], [a].[ConcurrencyStamp], [a].[Email], [a].[EmailConfirmed], [a].[LockoutEnabled], [a].[LockoutEnd], [a].[NormalizedEmail], [a].[NormalizedUserName], [a].[PasswordHash], [a].[PhoneNumber], [a].[PhoneNumberConfirmed], [a].[SecurityStamp], [a].[TwoFactorEnabled], [a].[UserName]
FROM [AspNetUsers] AS [a]
WHERE [a].[NormalizedEmail] = @__normalizedEmail_0
2025-08-16 13:16:30.924 -06:00 [INF] Executed DbCommand (1ms) [Parameters=[@__normalizedRoleName_0='?' (Size = 256)], CommandType='"Text"', CommandTimeout='30']
SELECT TOP(2) [a].[Id], [a].[ConcurrencyStamp], [a].[Name], [a].[NormalizedName]
FROM [AspNetRoles] AS [a]
WHERE [a].[NormalizedName] = @__normalizedRoleName_0
2025-08-16 13:16:30.928 -06:00 [INF] Executed DbCommand (1ms) [Parameters=[@__p_0='?' (Size = 450), @__p_1='?' (Size = 450)], CommandType='"Text"', CommandTimeout='30']
SELECT TOP(1) [a].[UserId], [a].[RoleId]
FROM [AspNetUserRoles] AS [a]
WHERE [a].[UserId] = @__p_0 AND [a].[RoleId] = @__p_1
2025-08-16 13:16:31.203 -06:00 [INF] Now listening on: http://localhost:5116
2025-08-16 13:16:31.205 -06:00 [INF] Application started. Press Ctrl+C to shut down.
2025-08-16 13:16:31.207 -06:00 [INF] Hosting environment: Development
2025-08-16 13:16:31.207 -06:00 [INF] Content root path: C:\Users\hoshu\OneDrive\Desktop\ProyectoAnalisisDeSistemas-master\ProyectoAnalisisDeSistemas-master\PaginaBizu
2025-08-16 13:16:54.259 -06:00 [INF] Request starting HTTP/1.1 GET http://localhost:5116/ - null null
2025-08-16 13:16:54.338 -06:00 [WRN] Failed to determine the https port for redirect.
2025-08-16 13:16:54.376 -06:00 [INF] Executing endpoint 'PaginaBizu.Controllers.HomeController.Index (PaginaBizu)'
2025-08-16 13:16:54.391 -06:00 [INF] Route matched with {action = "Index", controller = "Home", page = "", area = ""}. Executing controller action with signature Microsoft.AspNetCore.Mvc.IActionResult Index() on controller PaginaBizu.Controllers.HomeController (PaginaBizu).
2025-08-16 13:16:54.406 -06:00 [INF] ➡️ Acción ejecutándose: Home/Index | Usuario: No autenticado | IP: ::1 | Hora: "2025-08-16T13:16:54.4063401-06:00"
2025-08-16 13:16:54.413 -06:00 [INF] ✅ Acción ejecutada: Home/Index | Hora: "2025-08-16T13:16:54.4135756-06:00"
2025-08-16 13:16:54.424 -06:00 [INF] Executing ViewResult, running view Index.
2025-08-16 13:16:54.508 -06:00 [INF] Executed ViewResult - view Index executed in 89.7551ms.
2025-08-16 13:16:54.513 -06:00 [INF] Executed action PaginaBizu.Controllers.HomeController.Index (PaginaBizu) in 118.8621ms
2025-08-16 13:16:54.516 -06:00 [INF] Executed endpoint 'PaginaBizu.Controllers.HomeController.Index (PaginaBizu)'
2025-08-16 13:16:54.525 -06:00 [INF] Request finished HTTP/1.1 GET http://localhost:5116/ - 200 null text/html; charset=utf-8 268.0451ms
2025-08-16 13:16:55.091 -06:00 [INF] Request starting HTTP/1.1 GET http://localhost:5116/images/bg.png - null null
2025-08-16 13:16:55.106 -06:00 [INF] Request starting HTTP/1.1 GET http://localhost:5116/css/tailwindcss - null null
2025-08-16 13:16:55.106 -06:00 [INF] Request finished HTTP/1.1 GET http://localhost:5116/images/bg.png - 404 0 null 15.2038ms
2025-08-16 13:16:55.116 -06:00 [INF] Request finished HTTP/1.1 GET http://localhost:5116/css/tailwindcss - 404 0 null 10.415ms
2025-08-16 13:16:55.121 -06:00 [INF] Request reached the end of the middleware pipeline without being handled by application code. Request path: GET http://localhost:5116/images/bg.png, Response status code: 404
2025-08-16 13:16:55.125 -06:00 [INF] Request reached the end of the middleware pipeline without being handled by application code. Request path: GET http://localhost:5116/css/tailwindcss, Response status code: 404
2025-08-16 13:17:09.270 -06:00 [INF] Request starting HTTP/1.1 POST http://localhost:5116/Account/Login - application/x-www-form-urlencoded 238
2025-08-16 13:17:09.280 -06:00 [INF] Executing endpoint 'PaginaBizu.Controllers.AccountController.Login (PaginaBizu)'
2025-08-16 13:17:09.306 -06:00 [INF] Route matched with {action = "Login", controller = "Account", page = "", area = ""}. Executing controller action with signature System.Threading.Tasks.Task`1[Microsoft.AspNetCore.Mvc.IActionResult] Login(System.String, System.String, Boolean) on controller PaginaBizu.Controllers.AccountController (PaginaBizu).
2025-08-16 13:17:09.377 -06:00 [INF] ➡️ Acción ejecutándose: Account/Login | Usuario: No autenticado | IP: ::1 | Hora: "2025-08-16T13:17:09.3773969-06:00"
2025-08-16 13:17:09.511 -06:00 [INF] Executed DbCommand (4ms) [Parameters=[@__normalizedUserName_0='?' (Size = 256)], CommandType='"Text"', CommandTimeout='30']
SELECT TOP(1) [a].[Id], [a].[AccessFailedCount], [a].[ConcurrencyStamp], [a].[Email], [a].[EmailConfirmed], [a].[LockoutEnabled], [a].[LockoutEnd], [a].[NormalizedEmail], [a].[NormalizedUserName], [a].[PasswordHash], [a].[PhoneNumber], [a].[PhoneNumberConfirmed], [a].[SecurityStamp], [a].[TwoFactorEnabled], [a].[UserName]
FROM [AspNetUsers] AS [a]
WHERE [a].[NormalizedUserName] = @__normalizedUserName_0
2025-08-16 13:17:09.720 -06:00 [INF] Executed DbCommand (3ms) [Parameters=[@__user_Id_0='?' (Size = 450)], CommandType='"Text"', CommandTimeout='30']
SELECT [a].[Id], [a].[ClaimType], [a].[ClaimValue], [a].[UserId]
FROM [AspNetUserClaims] AS [a]
WHERE [a].[UserId] = @__user_Id_0
2025-08-16 13:17:09.763 -06:00 [INF] Executed DbCommand (5ms) [Parameters=[@__userId_0='?' (Size = 450)], CommandType='"Text"', CommandTimeout='30']
SELECT [a0].[Name]
FROM [AspNetUserRoles] AS [a]
INNER JOIN [AspNetRoles] AS [a0] ON [a].[RoleId] = [a0].[Id]
WHERE [a].[UserId] = @__userId_0
2025-08-16 13:17:09.772 -06:00 [INF] Executed DbCommand (1ms) [Parameters=[@__normalizedName_0='?' (Size = 256)], CommandType='"Text"', CommandTimeout='30']
SELECT TOP(1) [a].[Id], [a].[ConcurrencyStamp], [a].[Name], [a].[NormalizedName]
FROM [AspNetRoles] AS [a]
WHERE [a].[NormalizedName] = @__normalizedName_0
2025-08-16 13:17:09.791 -06:00 [INF] Executed DbCommand (3ms) [Parameters=[@__role_Id_0='?' (Size = 450)], CommandType='"Text"', CommandTimeout='30']
SELECT [a].[ClaimType], [a].[ClaimValue]
FROM [AspNetRoleClaims] AS [a]
WHERE [a].[RoleId] = @__role_Id_0
2025-08-16 13:17:09.809 -06:00 [INF] AuthenticationScheme: Identity.Application signed in.
2025-08-16 13:17:09.820 -06:00 [INF] ✅ Acción ejecutada: Account/Login | Hora: "2025-08-16T13:17:09.8208874-06:00"
2025-08-16 13:17:09.829 -06:00 [INF] Executing RedirectResult, redirecting to /.
2025-08-16 13:17:09.834 -06:00 [INF] Executed action PaginaBizu.Controllers.AccountController.Login (PaginaBizu) in 520.2804ms
2025-08-16 13:17:09.840 -06:00 [INF] Executed endpoint 'PaginaBizu.Controllers.AccountController.Login (PaginaBizu)'
2025-08-16 13:17:09.849 -06:00 [INF] Request finished HTTP/1.1 POST http://localhost:5116/Account/Login - 302 0 null 578.6617ms
2025-08-16 13:17:09.860 -06:00 [INF] Request starting HTTP/1.1 GET http://localhost:5116/ - null null
2025-08-16 13:17:09.871 -06:00 [INF] Executing endpoint 'PaginaBizu.Controllers.HomeController.Index (PaginaBizu)'
2025-08-16 13:17:09.876 -06:00 [INF] Route matched with {action = "Index", controller = "Home", page = "", area = ""}. Executing controller action with signature Microsoft.AspNetCore.Mvc.IActionResult Index() on controller PaginaBizu.Controllers.HomeController (PaginaBizu).
2025-08-16 13:17:09.879 -06:00 [INF] ➡️ Acción ejecutándose: Home/Index | Usuario: hoshuacastillo48@gmail.com | IP: ::1 | Hora: "2025-08-16T13:17:09.8799406-06:00"
2025-08-16 13:17:09.883 -06:00 [INF] ✅ Acción ejecutada: Home/Index | Hora: "2025-08-16T13:17:09.8830138-06:00"
2025-08-16 13:17:09.888 -06:00 [INF] Executing ViewResult, running view Index.
2025-08-16 13:17:09.960 -06:00 [INF] Executed DbCommand (4ms) [Parameters=[@__p_0='?' (Size = 450)], CommandType='"Text"', CommandTimeout='30']
SELECT TOP(1) [a].[Id], [a].[AccessFailedCount], [a].[ConcurrencyStamp], [a].[Email], [a].[EmailConfirmed], [a].[LockoutEnabled], [a].[LockoutEnd], [a].[NormalizedEmail], [a].[NormalizedUserName], [a].[PasswordHash], [a].[PhoneNumber], [a].[PhoneNumberConfirmed], [a].[SecurityStamp], [a].[TwoFactorEnabled], [a].[UserName]
FROM [AspNetUsers] AS [a]
WHERE [a].[Id] = @__p_0
2025-08-16 13:17:09.972 -06:00 [INF] Executed DbCommand (1ms) [Parameters=[@__userId_0='?' (Size = 450)], CommandType='"Text"', CommandTimeout='30']
SELECT [a0].[Name]
FROM [AspNetUserRoles] AS [a]
INNER JOIN [AspNetRoles] AS [a0] ON [a].[RoleId] = [a0].[Id]
WHERE [a].[UserId] = @__userId_0
2025-08-16 13:17:09.994 -06:00 [INF] Executed ViewResult - view Index executed in 106.1899ms.
2025-08-16 13:17:10.002 -06:00 [INF] Executed action PaginaBizu.Controllers.HomeController.Index (PaginaBizu) in 122.4433ms
2025-08-16 13:17:10.005 -06:00 [INF] Executed endpoint 'PaginaBizu.Controllers.HomeController.Index (PaginaBizu)'
2025-08-16 13:17:10.009 -06:00 [INF] Request finished HTTP/1.1 GET http://localhost:5116/ - 200 null text/html; charset=utf-8 148.3514ms
2025-08-16 13:17:10.242 -06:00 [INF] Request starting HTTP/1.1 GET http://localhost:5116/images/bg.png - null null
2025-08-16 13:17:10.245 -06:00 [INF] Request starting HTTP/1.1 GET http://localhost:5116/css/tailwindcss - null null
2025-08-16 13:17:10.255 -06:00 [INF] Request finished HTTP/1.1 GET http://localhost:5116/images/bg.png - 404 0 null 13.6079ms
2025-08-16 13:17:10.268 -06:00 [INF] Request reached the end of the middleware pipeline without being handled by application code. Request path: GET http://localhost:5116/images/bg.png, Response status code: 404
2025-08-16 13:17:10.268 -06:00 [INF] Request finished HTTP/1.1 GET http://localhost:5116/css/tailwindcss - 404 0 null 23.3035ms
2025-08-16 13:17:10.280 -06:00 [INF] Request reached the end of the middleware pipeline without being handled by application code. Request path: GET http://localhost:5116/css/tailwindcss, Response status code: 404
2025-08-16 13:17:11.168 -06:00 [INF] Request starting HTTP/1.1 GET http://localhost:5116/Products - null null
2025-08-16 13:17:11.197 -06:00 [INF] Executing endpoint 'PaginaBizu.Controllers.ProductsController.Index (PaginaBizu)'
2025-08-16 13:17:11.210 -06:00 [INF] Route matched with {action = "Index", controller = "Products", page = "", area = ""}. Executing controller action with signature System.Threading.Tasks.Task`1[Microsoft.AspNetCore.Mvc.IActionResult] Index() on controller PaginaBizu.Controllers.ProductsController (PaginaBizu).
2025-08-16 13:17:11.219 -06:00 [INF] ➡️ Acción ejecutándose: Products/Index | Usuario: hoshuacastillo48@gmail.com | IP: ::1 | Hora: "2025-08-16T13:17:11.2190796-06:00"
2025-08-16 13:17:11.250 -06:00 [INF] Executed DbCommand (4ms) [Parameters=[], CommandType='"Text"', CommandTimeout='30']
SELECT [p].[Id], [p].[CantidadDisponible], [p].[Categoria], [p].[Descripcion], [p].[FechaCreacion], [p].[ImagenUrl], [p].[NombreArticulo], [p].[Precio]
FROM [Products] AS [p]
2025-08-16 13:17:11.315 -06:00 [INF] ✅ Acción ejecutada: Products/Index | Hora: "2025-08-16T13:17:11.3157089-06:00"
2025-08-16 13:17:11.324 -06:00 [INF] Executing ViewResult, running view Index.
2025-08-16 13:17:11.412 -06:00 [INF] Executed ViewResult - view Index executed in 90.2696ms.
2025-08-16 13:17:11.417 -06:00 [INF] Executed action PaginaBizu.Controllers.ProductsController.Index (PaginaBizu) in 199.1991ms
2025-08-16 13:17:11.424 -06:00 [INF] Executed endpoint 'PaginaBizu.Controllers.ProductsController.Index (PaginaBizu)'
2025-08-16 13:17:11.429 -06:00 [INF] Request finished HTTP/1.1 GET http://localhost:5116/Products - 200 null text/html; charset=utf-8 260.6461ms
2025-08-16 13:17:11.466 -06:00 [INF] Request starting HTTP/1.1 GET http://localhost:5116/imagenpulseraoro.jpg - null null
2025-08-16 13:17:11.473 -06:00 [INF] Request starting HTTP/1.1 GET http://localhost:5116/pulseraverde.jpg - null null
2025-08-16 13:17:11.477 -06:00 [INF] Request finished HTTP/1.1 GET http://localhost:5116/imagenpulseraoro.jpg - 404 0 null 11.4505ms
2025-08-16 13:17:11.483 -06:00 [INF] Request finished HTTP/1.1 GET http://localhost:5116/pulseraverde.jpg - 404 0 null 9.8868ms
2025-08-16 13:17:11.489 -06:00 [INF] Request reached the end of the middleware pipeline without being handled by application code. Request path: GET http://localhost:5116/imagenpulseraoro.jpg, Response status code: 404
2025-08-16 13:17:11.496 -06:00 [INF] Request reached the end of the middleware pipeline without being handled by application code. Request path: GET http://localhost:5116/pulseraverde.jpg, Response status code: 404
2025-08-16 13:17:11.692 -06:00 [INF] Request starting HTTP/1.1 GET http://localhost:5116/imagenpulserrojo.jpg - null null
2025-08-16 13:17:11.700 -06:00 [INF] Request finished HTTP/1.1 GET http://localhost:5116/imagenpulserrojo.jpg - 404 0 null 7.9266ms
2025-08-16 13:17:11.711 -06:00 [INF] Request reached the end of the middleware pipeline without being handled by application code. Request path: GET http://localhost:5116/imagenpulserrojo.jpg, Response status code: 404
2025-08-16 13:17:11.748 -06:00 [INF] Request starting HTTP/1.1 GET http://localhost:5116/Cart/CartCount - null null
2025-08-16 13:17:11.755 -06:00 [INF] Executing endpoint 'PaginaBizu.Controllers.CartController.CartCount (PaginaBizu)'
2025-08-16 13:17:11.760 -06:00 [INF] Route matched with {action = "CartCount", controller = "Cart", page = "", area = ""}. Executing controller action with signature Microsoft.AspNetCore.Mvc.IActionResult CartCount() on controller PaginaBizu.Controllers.CartController (PaginaBizu).
2025-08-16 13:17:11.766 -06:00 [INF] ➡️ Acción ejecutándose: Cart/CartCount | Usuario: hoshuacastillo48@gmail.com | IP: ::1 | Hora: "2025-08-16T13:17:11.7663564-06:00"
2025-08-16 13:17:11.774 -06:00 [INF] ✅ Acción ejecutada: Cart/CartCount | Hora: "2025-08-16T13:17:11.7744984-06:00"
2025-08-16 13:17:11.779 -06:00 [INF] Executing JsonResult, writing value of type 'System.Int32'.
2025-08-16 13:17:11.833 -06:00 [INF] Request starting HTTP/1.1 GET http://localhost:5116/Cart/CartCount - null null
2025-08-16 13:17:11.833 -06:00 [INF] Executed action PaginaBizu.Controllers.CartController.CartCount (PaginaBizu) in 67.9818ms
2025-08-16 13:17:11.843 -06:00 [INF] Executed endpoint 'PaginaBizu.Controllers.CartController.CartCount (PaginaBizu)'
2025-08-16 13:17:11.843 -06:00 [INF] Executing endpoint 'PaginaBizu.Controllers.CartController.CartCount (PaginaBizu)'
2025-08-16 13:17:11.846 -06:00 [INF] Request finished HTTP/1.1 GET http://localhost:5116/Cart/CartCount - 200 null application/json; charset=utf-8 97.9599ms
2025-08-16 13:17:11.847 -06:00 [INF] Route matched with {action = "CartCount", controller = "Cart", page = "", area = ""}. Executing controller action with signature Microsoft.AspNetCore.Mvc.IActionResult CartCount() on controller PaginaBizu.Controllers.CartController (PaginaBizu).
2025-08-16 13:17:11.859 -06:00 [INF] ➡️ Acción ejecutándose: Cart/CartCount | Usuario: hoshuacastillo48@gmail.com | IP: ::1 | Hora: "2025-08-16T13:17:11.8593543-06:00"
2025-08-16 13:17:11.863 -06:00 [INF] ✅ Acción ejecutada: Cart/CartCount | Hora: "2025-08-16T13:17:11.8633292-06:00"
2025-08-16 13:17:11.867 -06:00 [INF] Executing JsonResult, writing value of type 'System.Int32'.
2025-08-16 13:17:11.869 -06:00 [INF] Executed action PaginaBizu.Controllers.CartController.CartCount (PaginaBizu) in 10.4181ms
2025-08-16 13:17:11.871 -06:00 [INF] Executed endpoint 'PaginaBizu.Controllers.CartController.CartCount (PaginaBizu)'
2025-08-16 13:17:11.873 -06:00 [INF] Request finished HTTP/1.1 GET http://localhost:5116/Cart/CartCount - 200 null application/json; charset=utf-8 40.5377ms
2025-08-16 13:17:12.879 -06:00 [INF] Request starting HTTP/1.1 GET http://localhost:5116/Cart/ComprarPrueba - null null
2025-08-16 13:17:12.892 -06:00 [INF] Executing endpoint 'PaginaBizu.Controllers.CartController.ComprarPrueba (PaginaBizu)'
2025-08-16 13:17:12.898 -06:00 [INF] Route matched with {action = "ComprarPrueba", controller = "Cart", page = "", area = ""}. Executing controller action with signature Microsoft.AspNetCore.Mvc.IActionResult ComprarPrueba() on controller PaginaBizu.Controllers.CartController (PaginaBizu).
2025-08-16 13:17:12.906 -06:00 [INF] ➡️ Acción ejecutándose: Cart/ComprarPrueba | Usuario: hoshuacastillo48@gmail.com | IP: ::1 | Hora: "2025-08-16T13:17:12.9066841-06:00"
2025-08-16 13:17:13.463 -06:00 [WRN] The query uses the 'First'/'FirstOrDefault' operator without 'OrderBy' and filter operators. This may lead to unpredictable results.
2025-08-16 13:17:13.490 -06:00 [INF] Executed DbCommand (7ms) [Parameters=[], CommandType='"Text"', CommandTimeout='30']
SELECT TOP(1) [p].[Id], [p].[CantidadDisponible], [p].[Categoria], [p].[Descripcion], [p].[FechaCreacion], [p].[ImagenUrl], [p].[NombreArticulo], [p].[Precio]
FROM [Products] AS [p]
2025-08-16 13:17:13.755 -06:00 [INF] Executed DbCommand (14ms) [Parameters=[@p0='?' (Size = 4000), @p1='?' (DbType = DateTime2), @p2='?' (Precision = 18) (Scale = 2) (DbType = Decimal), @p3='?' (Size = 4000)], CommandType='"Text"', CommandTimeout='30']
SET IMPLICIT_TRANSACTIONS OFF;
SET NOCOUNT ON;
INSERT INTO [Orders] ([Estado], [Fecha], [Total], [UsuarioId])
OUTPUT INSERTED.[Id]
VALUES (@p0, @p1, @p2, @p3);
2025-08-16 13:17:13.790 -06:00 [INF] Executed DbCommand (10ms) [Parameters=[@p4='?' (DbType = Int32), @p5='?' (DbType = Int32), @p6='?' (Precision = 18) (Scale = 2) (DbType = Decimal), @p7='?' (DbType = Int32)], CommandType='"Text"', CommandTimeout='30']
SET IMPLICIT_TRANSACTIONS OFF;
SET NOCOUNT ON;
INSERT INTO [OrderDetails] ([Cantidad], [OrderId], [PrecioUnitario], [ProductId])
OUTPUT INSERTED.[Id]
VALUES (@p4, @p5, @p6, @p7);
2025-08-16 13:17:13.885 -06:00 [INF] ✅ Acción ejecutada: Cart/ComprarPrueba | Hora: "2025-08-16T13:17:13.8856116-06:00"
2025-08-16 13:17:13.889 -06:00 [INF] Executing RedirectResult, redirecting to /Products.
2025-08-16 13:17:13.901 -06:00 [INF] Executed action PaginaBizu.Controllers.CartController.ComprarPrueba (PaginaBizu) in 994.4494ms
2025-08-16 13:17:13.903 -06:00 [INF] Executed endpoint 'PaginaBizu.Controllers.CartController.ComprarPrueba (PaginaBizu)'
2025-08-16 13:17:13.906 -06:00 [INF] Request finished HTTP/1.1 GET http://localhost:5116/Cart/ComprarPrueba - 302 0 null 1026.8246ms
2025-08-16 13:17:13.912 -06:00 [INF] Request starting HTTP/1.1 GET http://localhost:5116/Products - null null
2025-08-16 13:17:13.917 -06:00 [INF] Executing endpoint 'PaginaBizu.Controllers.ProductsController.Index (PaginaBizu)'
2025-08-16 13:17:13.919 -06:00 [INF] Route matched with {action = "Index", controller = "Products", page = "", area = ""}. Executing controller action with signature System.Threading.Tasks.Task`1[Microsoft.AspNetCore.Mvc.IActionResult] Index() on controller PaginaBizu.Controllers.ProductsController (PaginaBizu).
2025-08-16 13:17:13.923 -06:00 [INF] ➡️ Acción ejecutándose: Products/Index | Usuario: hoshuacastillo48@gmail.com | IP: ::1 | Hora: "2025-08-16T13:17:13.9233357-06:00"
2025-08-16 13:17:13.927 -06:00 [INF] Executed DbCommand (1ms) [Parameters=[], CommandType='"Text"', CommandTimeout='30']
SELECT [p].[Id], [p].[CantidadDisponible], [p].[Categoria], [p].[Descripcion], [p].[FechaCreacion], [p].[ImagenUrl], [p].[NombreArticulo], [p].[Precio]
FROM [Products] AS [p]
2025-08-16 13:17:13.930 -06:00 [INF] ✅ Acción ejecutada: Products/Index | Hora: "2025-08-16T13:17:13.9305387-06:00"
2025-08-16 13:17:13.932 -06:00 [INF] Executing ViewResult, running view Index.
2025-08-16 13:17:13.938 -06:00 [INF] Executed ViewResult - view Index executed in 6.6205ms.
2025-08-16 13:17:13.941 -06:00 [INF] Executed action PaginaBizu.Controllers.ProductsController.Index (PaginaBizu) in 18.1456ms
2025-08-16 13:17:13.942 -06:00 [INF] Executed endpoint 'PaginaBizu.Controllers.ProductsController.Index (PaginaBizu)'
2025-08-16 13:17:13.944 -06:00 [INF] Request finished HTTP/1.1 GET http://localhost:5116/Products - 200 null text/html; charset=utf-8 31.7826ms
2025-08-16 13:17:14.006 -06:00 [INF] Request starting HTTP/1.1 GET http://localhost:5116/imagenpulseraoro.jpg - null null
2025-08-16 13:17:14.007 -06:00 [INF] Request starting HTTP/1.1 GET http://localhost:5116/pulseraverde.jpg - null null
2025-08-16 13:17:14.019 -06:00 [INF] Request finished HTTP/1.1 GET http://localhost:5116/imagenpulseraoro.jpg - 404 0 null 12.3653ms
2025-08-16 13:17:14.027 -06:00 [INF] Request finished HTTP/1.1 GET http://localhost:5116/pulseraverde.jpg - 404 0 null 19.9653ms
2025-08-16 13:17:14.032 -06:00 [INF] Request reached the end of the middleware pipeline without being handled by application code. Request path: GET http://localhost:5116/imagenpulseraoro.jpg, Response status code: 404
2025-08-16 13:17:14.043 -06:00 [INF] Request reached the end of the middleware pipeline without being handled by application code. Request path: GET http://localhost:5116/pulseraverde.jpg, Response status code: 404
2025-08-16 13:17:14.184 -06:00 [INF] Request starting HTTP/1.1 GET http://localhost:5116/imagenpulserrojo.jpg - null null
2025-08-16 13:17:14.192 -06:00 [INF] Request finished HTTP/1.1 GET http://localhost:5116/imagenpulserrojo.jpg - 404 0 null 7.8419ms
2025-08-16 13:17:14.201 -06:00 [INF] Request reached the end of the middleware pipeline without being handled by application code. Request path: GET http://localhost:5116/imagenpulserrojo.jpg, Response status code: 404
2025-08-16 13:17:14.207 -06:00 [INF] Request starting HTTP/1.1 GET http://localhost:5116/Cart/CartCount - null null
2025-08-16 13:17:14.212 -06:00 [INF] Executing endpoint 'PaginaBizu.Controllers.CartController.CartCount (PaginaBizu)'
2025-08-16 13:17:14.216 -06:00 [INF] Route matched with {action = "CartCount", controller = "Cart", page = "", area = ""}. Executing controller action with signature Microsoft.AspNetCore.Mvc.IActionResult CartCount() on controller PaginaBizu.Controllers.CartController (PaginaBizu).
2025-08-16 13:17:14.220 -06:00 [INF] ➡️ Acción ejecutándose: Cart/CartCount | Usuario: hoshuacastillo48@gmail.com | IP: ::1 | Hora: "2025-08-16T13:17:14.2209041-06:00"
2025-08-16 13:17:14.224 -06:00 [INF] ✅ Acción ejecutada: Cart/CartCount | Hora: "2025-08-16T13:17:14.2246382-06:00"
2025-08-16 13:17:14.228 -06:00 [INF] Executing JsonResult, writing value of type 'System.Int32'.
2025-08-16 13:17:14.231 -06:00 [INF] Executed action PaginaBizu.Controllers.CartController.CartCount (PaginaBizu) in 10.4482ms
2025-08-16 13:17:14.232 -06:00 [INF] Request starting HTTP/1.1 GET http://localhost:5116/Cart/CartCount - null null
2025-08-16 13:17:14.234 -06:00 [INF] Executed endpoint 'PaginaBizu.Controllers.CartController.CartCount (PaginaBizu)'
2025-08-16 13:17:14.242 -06:00 [INF] Executing endpoint 'PaginaBizu.Controllers.CartController.CartCount (PaginaBizu)'
2025-08-16 13:17:14.243 -06:00 [INF] Request finished HTTP/1.1 GET http://localhost:5116/Cart/CartCount - 200 null application/json; charset=utf-8 36.5595ms
2025-08-16 13:17:14.246 -06:00 [INF] Route matched with {action = "CartCount", controller = "Cart", page = "", area = ""}. Executing controller action with signature Microsoft.AspNetCore.Mvc.IActionResult CartCount() on controller PaginaBizu.Controllers.CartController (PaginaBizu).
2025-08-16 13:17:14.258 -06:00 [INF] ➡️ Acción ejecutándose: Cart/CartCount | Usuario: hoshuacastillo48@gmail.com | IP: ::1 | Hora: "2025-08-16T13:17:14.2585988-06:00"
2025-08-16 13:17:14.263 -06:00 [INF] ✅ Acción ejecutada: Cart/CartCount | Hora: "2025-08-16T13:17:14.2634256-06:00"
2025-08-16 13:17:14.266 -06:00 [INF] Executing JsonResult, writing value of type 'System.Int32'.
2025-08-16 13:17:14.270 -06:00 [INF] Executed action PaginaBizu.Controllers.CartController.CartCount (PaginaBizu) in 12.1908ms
2025-08-16 13:17:14.273 -06:00 [INF] Executed endpoint 'PaginaBizu.Controllers.CartController.CartCount (PaginaBizu)'
2025-08-16 13:17:14.274 -06:00 [INF] Request finished HTTP/1.1 GET http://localhost:5116/Cart/CartCount - 200 null application/json; charset=utf-8 42.2075ms
2025-08-16 13:17:16.216 -06:00 [INF] Request starting HTTP/1.1 GET http://localhost:5116/Cart/ComprarPrueba - null null
2025-08-16 13:17:16.223 -06:00 [INF] Executing endpoint 'PaginaBizu.Controllers.CartController.ComprarPrueba (PaginaBizu)'
2025-08-16 13:17:16.226 -06:00 [INF] Route matched with {action = "ComprarPrueba", controller = "Cart", page = "", area = ""}. Executing controller action with signature Microsoft.AspNetCore.Mvc.IActionResult ComprarPrueba() on controller PaginaBizu.Controllers.CartController (PaginaBizu).
2025-08-16 13:17:16.230 -06:00 [INF] ➡️ Acción ejecutándose: Cart/ComprarPrueba | Usuario: hoshuacastillo48@gmail.com | IP: ::1 | Hora: "2025-08-16T13:17:16.2302268-06:00"
2025-08-16 13:17:16.239 -06:00 [INF] Executed DbCommand (1ms) [Parameters=[], CommandType='"Text"', CommandTimeout='30']
SELECT TOP(1) [p].[Id], [p].[CantidadDisponible], [p].[Categoria], [p].[Descripcion], [p].[FechaCreacion], [p].[ImagenUrl], [p].[NombreArticulo], [p].[Precio]
FROM [Products] AS [p]
2025-08-16 13:17:16.254 -06:00 [INF] Executed DbCommand (1ms) [Parameters=[@p0='?' (Size = 4000), @p1='?' (DbType = DateTime2), @p2='?' (Precision = 18) (Scale = 2) (DbType = Decimal), @p3='?' (Size = 4000)], CommandType='"Text"', CommandTimeout='30']
SET IMPLICIT_TRANSACTIONS OFF;
SET NOCOUNT ON;
INSERT INTO [Orders] ([Estado], [Fecha], [Total], [UsuarioId])
OUTPUT INSERTED.[Id]
VALUES (@p0, @p1, @p2, @p3);
2025-08-16 13:17:16.261 -06:00 [INF] Executed DbCommand (1ms) [Parameters=[@p4='?' (DbType = Int32), @p5='?' (DbType = Int32), @p6='?' (Precision = 18) (Scale = 2) (DbType = Decimal), @p7='?' (DbType = Int32)], CommandType='"Text"', CommandTimeout='30']
SET IMPLICIT_TRANSACTIONS OFF;
SET NOCOUNT ON;
INSERT INTO [OrderDetails] ([Cantidad], [OrderId], [PrecioUnitario], [ProductId])
OUTPUT INSERTED.[Id]
VALUES (@p4, @p5, @p6, @p7);
2025-08-16 13:17:16.276 -06:00 [INF] ✅ Acción ejecutada: Cart/ComprarPrueba | Hora: "2025-08-16T13:17:16.2768230-06:00"
2025-08-16 13:17:16.282 -06:00 [INF] Executing RedirectResult, redirecting to /Products.
2025-08-16 13:17:16.289 -06:00 [INF] Executed action PaginaBizu.Controllers.CartController.ComprarPrueba (PaginaBizu) in 59.0546ms
2025-08-16 13:17:16.294 -06:00 [INF] Executed endpoint 'PaginaBizu.Controllers.CartController.ComprarPrueba (PaginaBizu)'
2025-08-16 13:17:16.297 -06:00 [INF] Request finished HTTP/1.1 GET http://localhost:5116/Cart/ComprarPrueba - 302 0 null 81.1672ms
2025-08-16 13:17:16.312 -06:00 [INF] Request starting HTTP/1.1 GET http://localhost:5116/Products - null null
2025-08-16 13:17:16.323 -06:00 [INF] Executing endpoint 'PaginaBizu.Controllers.ProductsController.Index (PaginaBizu)'
2025-08-16 13:17:16.328 -06:00 [INF] Route matched with {action = "Index", controller = "Products", page = "", area = ""}. Executing controller action with signature System.Threading.Tasks.Task`1[Microsoft.AspNetCore.Mvc.IActionResult] Index() on controller PaginaBizu.Controllers.ProductsController (PaginaBizu).
2025-08-16 13:17:16.333 -06:00 [INF] ➡️ Acción ejecutándose: Products/Index | Usuario: hoshuacastillo48@gmail.com | IP: ::1 | Hora: "2025-08-16T13:17:16.3336327-06:00"
2025-08-16 13:17:16.344 -06:00 [INF] Executed DbCommand (1ms) [Parameters=[], CommandType='"Text"', CommandTimeout='30']
SELECT [p].[Id], [p].[CantidadDisponible], [p].[Categoria], [p].[Descripcion], [p].[FechaCreacion], [p].[ImagenUrl], [p].[NombreArticulo], [p].[Precio]
FROM [Products] AS [p]
2025-08-16 13:17:16.351 -06:00 [INF] ✅ Acción ejecutada: Products/Index | Hora: "2025-08-16T13:17:16.3516337-06:00"
2025-08-16 13:17:16.358 -06:00 [INF] Executing ViewResult, running view Index.
2025-08-16 13:17:16.365 -06:00 [INF] Executed ViewResult - view Index executed in 7.3433ms.
2025-08-16 13:17:16.370 -06:00 [INF] Executed action PaginaBizu.Controllers.ProductsController.Index (PaginaBizu) in 37.2246ms
2025-08-16 13:17:16.375 -06:00 [INF] Executed endpoint 'PaginaBizu.Controllers.ProductsController.Index (PaginaBizu)'
2025-08-16 13:17:16.379 -06:00 [INF] Request finished HTTP/1.1 GET http://localhost:5116/Products - 200 null text/html; charset=utf-8 66.2247ms
2025-08-16 13:17:16.436 -06:00 [INF] Request starting HTTP/1.1 GET http://localhost:5116/imagenpulseraoro.jpg - null null
2025-08-16 13:17:16.438 -06:00 [INF] Request starting HTTP/1.1 GET http://localhost:5116/pulseraverde.jpg - null null
2025-08-16 13:17:16.447 -06:00 [INF] Request finished HTTP/1.1 GET http://localhost:5116/imagenpulseraoro.jpg - 404 0 null 11.2052ms
2025-08-16 13:17:16.454 -06:00 [INF] Request finished HTTP/1.1 GET http://localhost:5116/pulseraverde.jpg - 404 0 null 16.2865ms
2025-08-16 13:17:16.459 -06:00 [INF] Request reached the end of the middleware pipeline without being handled by application code. Request path: GET http://localhost:5116/imagenpulseraoro.jpg, Response status code: 404
2025-08-16 13:17:16.465 -06:00 [INF] Request reached the end of the middleware pipeline without being handled by application code. Request path: GET http://localhost:5116/pulseraverde.jpg, Response status code: 404
2025-08-16 13:17:16.630 -06:00 [INF] Request starting HTTP/1.1 GET http://localhost:5116/imagenpulserrojo.jpg - null null
2025-08-16 13:17:16.639 -06:00 [INF] Request starting HTTP/1.1 GET http://localhost:5116/Cart/CartCount - null null
2025-08-16 13:17:16.640 -06:00 [INF] Request finished HTTP/1.1 GET http://localhost:5116/imagenpulserrojo.jpg - 404 0 null 10.3627ms
2025-08-16 13:17:16.650 -06:00 [INF] Executing endpoint 'PaginaBizu.Controllers.CartController.CartCount (PaginaBizu)'
2025-08-16 13:17:16.658 -06:00 [INF] Request reached the end of the middleware pipeline without being handled by application code. Request path: GET http://localhost:5116/imagenpulserrojo.jpg, Response status code: 404
2025-08-16 13:17:16.660 -06:00 [INF] Route matched with {action = "CartCount", controller = "Cart", page = "", area = ""}. Executing controller action with signature Microsoft.AspNetCore.Mvc.IActionResult CartCount() on controller PaginaBizu.Controllers.CartController (PaginaBizu).
2025-08-16 13:17:16.667 -06:00 [INF] ➡️ Acción ejecutándose: Cart/CartCount | Usuario: hoshuacastillo48@gmail.com | IP: ::1 | Hora: "2025-08-16T13:17:16.6675007-06:00"
2025-08-16 13:17:16.671 -06:00 [INF] ✅ Acción ejecutada: Cart/CartCount | Hora: "2025-08-16T13:17:16.6717454-06:00"
2025-08-16 13:17:16.674 -06:00 [INF] Executing JsonResult, writing value of type 'System.Int32'.
2025-08-16 13:17:16.677 -06:00 [INF] Executed action PaginaBizu.Controllers.CartController.CartCount (PaginaBizu) in 9.7263ms
2025-08-16 13:17:16.679 -06:00 [INF] Request starting HTTP/1.1 GET http://localhost:5116/Cart/CartCount - null null
2025-08-16 13:17:16.681 -06:00 [INF] Executed endpoint 'PaginaBizu.Controllers.CartController.CartCount (PaginaBizu)'
2025-08-16 13:17:16.688 -06:00 [INF] Executing endpoint 'PaginaBizu.Controllers.CartController.CartCount (PaginaBizu)'
2025-08-16 13:17:16.689 -06:00 [INF] Request finished HTTP/1.1 GET http://localhost:5116/Cart/CartCount - 200 null application/json; charset=utf-8 50.0751ms
2025-08-16 13:17:16.693 -06:00 [INF] Route matched with {action = "CartCount", controller = "Cart", page = "", area = ""}. Executing controller action with signature Microsoft.AspNetCore.Mvc.IActionResult CartCount() on controller PaginaBizu.Controllers.CartController (PaginaBizu).
2025-08-16 13:17:16.707 -06:00 [INF] ➡️ Acción ejecutándose: Cart/CartCount | Usuario: hoshuacastillo48@gmail.com | IP: ::1 | Hora: "2025-08-16T13:17:16.7078942-06:00"
2025-08-16 13:17:16.713 -06:00 [INF] ✅ Acción ejecutada: Cart/CartCount | Hora: "2025-08-16T13:17:16.7134189-06:00"
2025-08-16 13:17:16.717 -06:00 [INF] Executing JsonResult, writing value of type 'System.Int32'.
2025-08-16 13:17:16.720 -06:00 [INF] Executed action PaginaBizu.Controllers.CartController.CartCount (PaginaBizu) in 12.3214ms
2025-08-16 13:17:16.723 -06:00 [INF] Executed endpoint 'PaginaBizu.Controllers.CartController.CartCount (PaginaBizu)'
2025-08-16 13:17:16.725 -06:00 [INF] Request finished HTTP/1.1 GET http://localhost:5116/Cart/CartCount - 200 null application/json; charset=utf-8 45.8307ms
2025-08-16 13:17:17.648 -06:00 [INF] Request starting HTTP/1.1 GET http://localhost:5116/Cart - null null
2025-08-16 13:17:17.657 -06:00 [INF] Executing endpoint 'PaginaBizu.Controllers.CartController.Index (PaginaBizu)'
2025-08-16 13:17:17.663 -06:00 [INF] Route matched with {action = "Index", controller = "Cart", page = "", area = ""}. Executing controller action with signature Microsoft.AspNetCore.Mvc.IActionResult Index() on controller PaginaBizu.Controllers.CartController (PaginaBizu).
2025-08-16 13:17:17.667 -06:00 [INF] ➡️ Acción ejecutándose: Cart/Index | Usuario: hoshuacastillo48@gmail.com | IP: ::1 | Hora: "2025-08-16T13:17:17.6677586-06:00"
2025-08-16 13:17:17.673 -06:00 [INF] ✅ Acción ejecutada: Cart/Index | Hora: "2025-08-16T13:17:17.6731981-06:00"
2025-08-16 13:17:17.677 -06:00 [INF] Executing ViewResult, running view Index.
2025-08-16 13:17:17.690 -06:00 [INF] Executed ViewResult - view Index executed in 14.0788ms.
2025-08-16 13:17:17.697 -06:00 [INF] Executed action PaginaBizu.Controllers.CartController.Index (PaginaBizu) in 29.4221ms
2025-08-16 13:17:17.705 -06:00 [INF] Executed endpoint 'PaginaBizu.Controllers.CartController.Index (PaginaBizu)'
2025-08-16 13:17:17.714 -06:00 [INF] Request finished HTTP/1.1 GET http://localhost:5116/Cart - 200 null text/html; charset=utf-8 65.7447ms
2025-08-16 13:17:17.957 -06:00 [INF] Request starting HTTP/1.1 GET http://localhost:5116/Cart/CartCount - null null
2025-08-16 13:17:17.961 -06:00 [INF] Executing endpoint 'PaginaBizu.Controllers.CartController.CartCount (PaginaBizu)'
2025-08-16 13:17:17.963 -06:00 [INF] Route matched with {action = "CartCount", controller = "Cart", page = "", area = ""}. Executing controller action with signature Microsoft.AspNetCore.Mvc.IActionResult CartCount() on controller PaginaBizu.Controllers.CartController (PaginaBizu).
2025-08-16 13:17:17.966 -06:00 [INF] ➡️ Acción ejecutándose: Cart/CartCount | Usuario: hoshuacastillo48@gmail.com | IP: ::1 | Hora: "2025-08-16T13:17:17.9661569-06:00"
2025-08-16 13:17:17.970 -06:00 [INF] ✅ Acción ejecutada: Cart/CartCount | Hora: "2025-08-16T13:17:17.9707905-06:00"
2025-08-16 13:17:17.973 -06:00 [INF] Executing JsonResult, writing value of type 'System.Int32'.
2025-08-16 13:17:17.975 -06:00 [INF] Executed action PaginaBizu.Controllers.CartController.CartCount (PaginaBizu) in 9.0014ms
2025-08-16 13:17:17.976 -06:00 [INF] Request starting HTTP/1.1 GET http://localhost:5116/Cart/CartCount - null null
2025-08-16 13:17:17.977 -06:00 [INF] Executed endpoint 'PaginaBizu.Controllers.CartController.CartCount (PaginaBizu)'
2025-08-16 13:17:17.981 -06:00 [INF] Executing endpoint 'PaginaBizu.Controllers.CartController.CartCount (PaginaBizu)'
2025-08-16 13:17:17.981 -06:00 [INF] Request finished HTTP/1.1 GET http://localhost:5116/Cart/CartCount - 200 null application/json; charset=utf-8 24.2058ms
2025-08-16 13:17:17.983 -06:00 [INF] Route matched with {action = "CartCount", controller = "Cart", page = "", area = ""}. Executing controller action with signature Microsoft.AspNetCore.Mvc.IActionResult CartCount() on controller PaginaBizu.Controllers.CartController (PaginaBizu).
2025-08-16 13:17:17.991 -06:00 [INF] ➡️ Acción ejecutándose: Cart/CartCount | Usuario: hoshuacastillo48@gmail.com | IP: ::1 | Hora: "2025-08-16T13:17:17.9914639-06:00"
2025-08-16 13:17:17.998 -06:00 [INF] ✅ Acción ejecutada: Cart/CartCount | Hora: "2025-08-16T13:17:17.9981033-06:00"
2025-08-16 13:17:17.999 -06:00 [INF] Executing JsonResult, writing value of type 'System.Int32'.
2025-08-16 13:17:18.002 -06:00 [INF] Executed action PaginaBizu.Controllers.CartController.CartCount (PaginaBizu) in 11.8574ms
2025-08-16 13:17:18.006 -06:00 [INF] Executed endpoint 'PaginaBizu.Controllers.CartController.CartCount (PaginaBizu)'
2025-08-16 13:17:18.009 -06:00 [INF] Request finished HTTP/1.1 GET http://localhost:5116/Cart/CartCount - 200 null application/json; charset=utf-8 32.2748ms
2025-08-16 13:17:18.970 -06:00 [INF] Request starting HTTP/1.1 GET http://localhost:5116/ - null null
2025-08-16 13:17:18.978 -06:00 [INF] Executing endpoint 'PaginaBizu.Controllers.HomeController.Index (PaginaBizu)'
2025-08-16 13:17:18.980 -06:00 [INF] Route matched with {action = "Index", controller = "Home", page = "", area = ""}. Executing controller action with signature Microsoft.AspNetCore.Mvc.IActionResult Index() on controller PaginaBizu.Controllers.HomeController (PaginaBizu).
2025-08-16 13:17:18.988 -06:00 [INF] ➡️ Acción ejecutándose: Home/Index | Usuario: hoshuacastillo48@gmail.com | IP: ::1 | Hora: "2025-08-16T13:17:18.9883801-06:00"
2025-08-16 13:17:18.995 -06:00 [INF] ✅ Acción ejecutada: Home/Index | Hora: "2025-08-16T13:17:18.9951491-06:00"
2025-08-16 13:17:18.999 -06:00 [INF] Executing ViewResult, running view Index.
2025-08-16 13:17:19.008 -06:00 [INF] Executed DbCommand (1ms) [Parameters=[@__p_0='?' (Size = 450)], CommandType='"Text"', CommandTimeout='30']
SELECT TOP(1) [a].[Id], [a].[AccessFailedCount], [a].[ConcurrencyStamp], [a].[Email], [a].[EmailConfirmed], [a].[LockoutEnabled], [a].[LockoutEnd], [a].[NormalizedEmail], [a].[NormalizedUserName], [a].[PasswordHash], [a].[PhoneNumber], [a].[PhoneNumberConfirmed], [a].[SecurityStamp], [a].[TwoFactorEnabled], [a].[UserName]
FROM [AspNetUsers] AS [a]
WHERE [a].[Id] = @__p_0
2025-08-16 13:17:19.018 -06:00 [INF] Executed DbCommand (2ms) [Parameters=[@__userId_0='?' (Size = 450)], CommandType='"Text"', CommandTimeout='30']
SELECT [a0].[Name]
FROM [AspNetUserRoles] AS [a]
INNER JOIN [AspNetRoles] AS [a0] ON [a].[RoleId] = [a0].[Id]
WHERE [a].[UserId] = @__userId_0
2025-08-16 13:17:19.029 -06:00 [INF] Executed ViewResult - view Index executed in 30.9668ms.
2025-08-16 13:17:19.038 -06:00 [INF] Executed action PaginaBizu.Controllers.HomeController.Index (PaginaBizu) in 50.6544ms
2025-08-16 13:17:19.046 -06:00 [INF] Executed endpoint 'PaginaBizu.Controllers.HomeController.Index (PaginaBizu)'
2025-08-16 13:17:19.052 -06:00 [INF] Request finished HTTP/1.1 GET http://localhost:5116/ - 200 null text/html; charset=utf-8 81.9089ms
2025-08-16 13:17:19.302 -06:00 [INF] Request starting HTTP/1.1 GET http://localhost:5116/css/tailwindcss - null null
2025-08-16 13:17:19.309 -06:00 [INF] Request finished HTTP/1.1 GET http://localhost:5116/css/tailwindcss - 404 0 null 7.6052ms
2025-08-16 13:17:19.317 -06:00 [INF] Request reached the end of the middleware pipeline without being handled by application code. Request path: GET http://localhost:5116/css/tailwindcss, Response status code: 404
2025-08-16 13:17:19.965 -06:00 [INF] Request starting HTTP/1.1 GET http://localhost:5116/Products - null null
2025-08-16 13:17:19.975 -06:00 [INF] Executing endpoint 'PaginaBizu.Controllers.ProductsController.Index (PaginaBizu)'
2025-08-16 13:17:19.977 -06:00 [INF] Route matched with {action = "Index", controller = "Products", page = "", area = ""}. Executing controller action with signature System.Threading.Tasks.Task`1[Microsoft.AspNetCore.Mvc.IActionResult] Index() on controller PaginaBizu.Controllers.ProductsController (PaginaBizu).
2025-08-16 13:17:19.980 -06:00 [INF] ➡️ Acción ejecutándose: Products/Index | Usuario: hoshuacastillo48@gmail.com | IP: ::1 | Hora: "2025-08-16T13:17:19.9803487-06:00"
2025-08-16 13:17:19.990 -06:00 [INF] Executed DbCommand (1ms) [Parameters=[], CommandType='"Text"', CommandTimeout='30']
SELECT [p].[Id], [p].[CantidadDisponible], [p].[Categoria], [p].[Descripcion], [p].[FechaCreacion], [p].[ImagenUrl], [p].[NombreArticulo], [p].[Precio]
FROM [Products] AS [p]
2025-08-16 13:17:19.997 -06:00 [INF] ✅ Acción ejecutada: Products/Index | Hora: "2025-08-16T13:17:19.9971202-06:00"
2025-08-16 13:17:20.003 -06:00 [INF] Executing ViewResult, running view Index.
2025-08-16 13:17:20.008 -06:00 [INF] Executed ViewResult - view Index executed in 5.8842ms.
2025-08-16 13:17:20.013 -06:00 [INF] Executed action PaginaBizu.Controllers.ProductsController.Index (PaginaBizu) in 32.7768ms
2025-08-16 13:17:20.021 -06:00 [INF] Executed endpoint 'PaginaBizu.Controllers.ProductsController.Index (PaginaBizu)'
2025-08-16 13:17:20.028 -06:00 [INF] Request finished HTTP/1.1 GET http://localhost:5116/Products - 200 null text/html; charset=utf-8 62.117ms
2025-08-16 13:17:20.075 -06:00 [INF] Request starting HTTP/1.1 GET http://localhost:5116/imagenpulseraoro.jpg - null null
2025-08-16 13:17:20.083 -06:00 [INF] Request finished HTTP/1.1 GET http://localhost:5116/imagenpulseraoro.jpg - 404 0 null 7.5038ms
2025-08-16 13:17:20.092 -06:00 [INF] Request reached the end of the middleware pipeline without being handled by application code. Request path: GET http://localhost:5116/imagenpulseraoro.jpg, Response status code: 404
2025-08-16 13:17:20.099 -06:00 [INF] Request starting HTTP/1.1 GET http://localhost:5116/pulseraverde.jpg - null null
2025-08-16 13:17:20.107 -06:00 [INF] Request finished HTTP/1.1 GET http://localhost:5116/pulseraverde.jpg - 404 0 null 7.7237ms
2025-08-16 13:17:20.116 -06:00 [INF] Request reached the end of the middleware pipeline without being handled by application code. Request path: GET http://localhost:5116/pulseraverde.jpg, Response status code: 404
2025-08-16 13:17:20.304 -06:00 [INF] Request starting HTTP/1.1 GET http://localhost:5116/imagenpulserrojo.jpg - null null
2025-08-16 13:17:20.312 -06:00 [INF] Request finished HTTP/1.1 GET http://localhost:5116/imagenpulserrojo.jpg - 404 0 null 7.7816ms
2025-08-16 13:17:20.325 -06:00 [INF] Request reached the end of the middleware pipeline without being handled by application code. Request path: GET http://localhost:5116/imagenpulserrojo.jpg, Response status code: 404
2025-08-16 13:17:20.330 -06:00 [INF] Request starting HTTP/1.1 GET http://localhost:5116/Cart/CartCount - null null
2025-08-16 13:17:20.336 -06:00 [INF] Executing endpoint 'PaginaBizu.Controllers.CartController.CartCount (PaginaBizu)'
2025-08-16 13:17:20.341 -06:00 [INF] Route matched with {action = "CartCount", controller = "Cart", page = "", area = ""}. Executing controller action with signature Microsoft.AspNetCore.Mvc.IActionResult CartCount() on controller PaginaBizu.Controllers.CartController (PaginaBizu).
2025-08-16 13:17:20.344 -06:00 [INF] ➡️ Acción ejecutándose: Cart/CartCount | Usuario: hoshuacastillo48@gmail.com | IP: ::1 | Hora: "2025-08-16T13:17:20.3448757-06:00"
2025-08-16 13:17:20.348 -06:00 [INF] ✅ Acción ejecutada: Cart/CartCount | Hora: "2025-08-16T13:17:20.3484909-06:00"
2025-08-16 13:17:20.351 -06:00 [INF] Executing JsonResult, writing value of type 'System.Int32'.
2025-08-16 13:17:20.354 -06:00 [INF] Executed action PaginaBizu.Controllers.CartController.CartCount (PaginaBizu) in 9.4132ms
2025-08-16 13:17:20.356 -06:00 [INF] Request starting HTTP/1.1 GET http://localhost:5116/Cart/CartCount - null null
2025-08-16 13:17:20.357 -06:00 [INF] Executed endpoint 'PaginaBizu.Controllers.CartController.CartCount (PaginaBizu)'
2025-08-16 13:17:20.362 -06:00 [INF] Executing endpoint 'PaginaBizu.Controllers.CartController.CartCount (PaginaBizu)'
2025-08-16 13:17:20.363 -06:00 [INF] Request finished HTTP/1.1 GET http://localhost:5116/Cart/CartCount - 200 null application/json; charset=utf-8 32.9597ms
2025-08-16 13:17:20.365 -06:00 [INF] Route matched with {action = "CartCount", controller = "Cart", page = "", area = ""}. Executing controller action with signature Microsoft.AspNetCore.Mvc.IActionResult CartCount() on controller PaginaBizu.Controllers.CartController (PaginaBizu).
2025-08-16 13:17:20.376 -06:00 [INF] ➡️ Acción ejecutándose: Cart/CartCount | Usuario: hoshuacastillo48@gmail.com | IP: ::1 | Hora: "2025-08-16T13:17:20.3768838-06:00"
2025-08-16 13:17:20.380 -06:00 [INF] ✅ Acción ejecutada: Cart/CartCount | Hora: "2025-08-16T13:17:20.3806372-06:00"
2025-08-16 13:17:20.384 -06:00 [INF] Executing JsonResult, writing value of type 'System.Int32'.
2025-08-16 13:17:20.386 -06:00 [INF] Executed action PaginaBizu.Controllers.CartController.CartCount (PaginaBizu) in 10.0366ms
2025-08-16 13:17:20.391 -06:00 [INF] Executed endpoint 'PaginaBizu.Controllers.CartController.CartCount (PaginaBizu)'
2025-08-16 13:17:20.392 -06:00 [INF] Request finished HTTP/1.1 GET http://localhost:5116/Cart/CartCount - 200 null application/json; charset=utf-8 36.3614ms
2025-08-16 13:17:22.340 -06:00 [INF] Request starting HTTP/1.1 GET http://localhost:5116/Cart - null null
2025-08-16 13:17:22.348 -06:00 [INF] Executing endpoint 'PaginaBizu.Controllers.CartController.Index (PaginaBizu)'
2025-08-16 13:17:22.352 -06:00 [INF] Route matched with {action = "Index", controller = "Cart", page = "", area = ""}. Executing controller action with signature Microsoft.AspNetCore.Mvc.IActionResult Index() on controller PaginaBizu.Controllers.CartController (PaginaBizu).
2025-08-16 13:17:22.358 -06:00 [INF] ➡️ Acción ejecutándose: Cart/Index | Usuario: hoshuacastillo48@gmail.com | IP: ::1 | Hora: "2025-08-16T13:17:22.3580493-06:00"
2025-08-16 13:17:22.359 -06:00 [INF] ✅ Acción ejecutada: Cart/Index | Hora: "2025-08-16T13:17:22.3599867-06:00"
2025-08-16 13:17:22.361 -06:00 [INF] Executing ViewResult, running view Index.
2025-08-16 13:17:22.364 -06:00 [INF] Executed ViewResult - view Index executed in 2.7505ms.
2025-08-16 13:17:22.366 -06:00 [INF] Executed action PaginaBizu.Controllers.CartController.Index (PaginaBizu) in 8.4865ms
2025-08-16 13:17:22.371 -06:00 [INF] Executed endpoint 'PaginaBizu.Controllers.CartController.Index (PaginaBizu)'
2025-08-16 13:17:22.373 -06:00 [INF] Request finished HTTP/1.1 GET http://localhost:5116/Cart - 200 null text/html; charset=utf-8 32.9828ms
2025-08-16 13:17:22.627 -06:00 [INF] Request starting HTTP/1.1 GET http://localhost:5116/Cart/CartCount - null null
2025-08-16 13:17:22.633 -06:00 [INF] Executing endpoint 'PaginaBizu.Controllers.CartController.CartCount (PaginaBizu)'
2025-08-16 13:17:22.637 -06:00 [INF] Route matched with {action = "CartCount", controller = "Cart", page = "", area = ""}. Executing controller action with signature Microsoft.AspNetCore.Mvc.IActionResult CartCount() on controller PaginaBizu.Controllers.CartController (PaginaBizu).
2025-08-16 13:17:22.642 -06:00 [INF] ➡️ Acción ejecutándose: Cart/CartCount | Usuario: hoshuacastillo48@gmail.com | IP: ::1 | Hora: "2025-08-16T13:17:22.6425068-06:00"
2025-08-16 13:17:22.648 -06:00 [INF] ✅ Acción ejecutada: Cart/CartCount | Hora: "2025-08-16T13:17:22.6486393-06:00"
2025-08-16 13:17:22.653 -06:00 [INF] Executing JsonResult, writing value of type 'System.Int32'.
2025-08-16 13:17:22.657 -06:00 [INF] Executed action PaginaBizu.Controllers.CartController.CartCount (PaginaBizu) in 14.6822ms
2025-08-16 13:17:22.658 -06:00 [INF] Request starting HTTP/1.1 GET http://localhost:5116/Cart/CartCount - null null
2025-08-16 13:17:22.660 -06:00 [INF] Executed endpoint 'PaginaBizu.Controllers.CartController.CartCount (PaginaBizu)'
2025-08-16 13:17:22.669 -06:00 [INF] Executing endpoint 'PaginaBizu.Controllers.CartController.CartCount (PaginaBizu)'
2025-08-16 13:17:22.672 -06:00 [INF] Request finished HTTP/1.1 GET http://localhost:5116/Cart/CartCount - 200 null application/json; charset=utf-8 44.9141ms
2025-08-16 13:17:22.675 -06:00 [INF] Route matched with {action = "CartCount", controller = "Cart", page = "", area = ""}. Executing controller action with signature Microsoft.AspNetCore.Mvc.IActionResult CartCount() on controller PaginaBizu.Controllers.CartController (PaginaBizu).
2025-08-16 13:17:22.688 -06:00 [INF] ➡️ Acción ejecutándose: Cart/CartCount | Usuario: hoshuacastillo48@gmail.com | IP: ::1 | Hora: "2025-08-16T13:17:22.6880803-06:00"
2025-08-16 13:17:22.694 -06:00 [INF] ✅ Acción ejecutada: Cart/CartCount | Hora: "2025-08-16T13:17:22.6943139-06:00"
2025-08-16 13:17:22.696 -06:00 [INF] Executing JsonResult, writing value of type 'System.Int32'.
2025-08-16 13:17:22.699 -06:00 [INF] Executed action PaginaBizu.Controllers.CartController.CartCount (PaginaBizu) in 11.6539ms
2025-08-16 13:17:22.703 -06:00 [INF] Executed endpoint 'PaginaBizu.Controllers.CartController.CartCount (PaginaBizu)'
2025-08-16 13:17:22.706 -06:00 [INF] Request finished HTTP/1.1 GET http://localhost:5116/Cart/CartCount - 200 null application/json; charset=utf-8 48.1794ms
2025-08-16 13:17:23.848 -06:00 [INF] Request starting HTTP/1.1 GET http://localhost:5116/ - null null
2025-08-16 13:17:23.858 -06:00 [INF] Executing endpoint 'PaginaBizu.Controllers.HomeController.Index (PaginaBizu)'
2025-08-16 13:17:23.860 -06:00 [INF] Route matched with {action = "Index", controller = "Home", page = "", area = ""}. Executing controller action with signature Microsoft.AspNetCore.Mvc.IActionResult Index() on controller PaginaBizu.Controllers.HomeController (PaginaBizu).
2025-08-16 13:17:23.865 -06:00 [INF] ➡️ Acción ejecutándose: Home/Index | Usuario: hoshuacastillo48@gmail.com | IP: ::1 | Hora: "2025-08-16T13:17:23.8652629-06:00"
2025-08-16 13:17:23.871 -06:00 [INF] ✅ Acción ejecutada: Home/Index | Hora: "2025-08-16T13:17:23.8718040-06:00"
2025-08-16 13:17:23.874 -06:00 [INF] Executing ViewResult, running view Index.
2025-08-16 13:17:23.881 -06:00 [INF] Executed DbCommand (1ms) [Parameters=[@__p_0='?' (Size = 450)], CommandType='"Text"', CommandTimeout='30']
SELECT TOP(1) [a].[Id], [a].[AccessFailedCount], [a].[ConcurrencyStamp], [a].[Email], [a].[EmailConfirmed], [a].[LockoutEnabled], [a].[LockoutEnd], [a].[NormalizedEmail], [a].[NormalizedUserName], [a].[PasswordHash], [a].[PhoneNumber], [a].[PhoneNumberConfirmed], [a].[SecurityStamp], [a].[TwoFactorEnabled], [a].[UserName]
FROM [AspNetUsers] AS [a]
WHERE [a].[Id] = @__p_0
2025-08-16 13:17:23.892 -06:00 [INF] Executed DbCommand (1ms) [Parameters=[@__userId_0='?' (Size = 450)], CommandType='"Text"', CommandTimeout='30']
SELECT [a0].[Name]
FROM [AspNetUserRoles] AS [a]
INNER JOIN [AspNetRoles] AS [a0] ON [a].[RoleId] = [a0].[Id]
WHERE [a].[UserId] = @__userId_0
2025-08-16 13:17:23.901 -06:00 [INF] Executed ViewResult - view Index executed in 26.277ms.
2025-08-16 13:17:23.909 -06:00 [INF] Executed action PaginaBizu.Controllers.HomeController.Index (PaginaBizu) in 44.0166ms
2025-08-16 13:17:23.915 -06:00 [INF] Executed endpoint 'PaginaBizu.Controllers.HomeController.Index (PaginaBizu)'
2025-08-16 13:17:23.923 -06:00 [INF] Request finished HTTP/1.1 GET http://localhost:5116/ - 200 null text/html; charset=utf-8 75.3928ms
2025-08-16 13:17:24.250 -06:00 [INF] Request starting HTTP/1.1 GET http://localhost:5116/css/tailwindcss - null null
2025-08-16 13:17:24.255 -06:00 [INF] Request finished HTTP/1.1 GET http://localhost:5116/css/tailwindcss - 404 0 null 5.3647ms
2025-08-16 13:17:24.263 -06:00 [INF] Request reached the end of the middleware pipeline without being handled by application code. Request path: GET http://localhost:5116/css/tailwindcss, Response status code: 404
2025-08-16 13:17:25.277 -06:00 [INF] Request starting HTTP/1.1 GET http://localhost:5116/Shop - null null
2025-08-16 13:17:25.283 -06:00 [INF] Executing endpoint 'PaginaBizu.Controllers.ShopController.Index (PaginaBizu)'
2025-08-16 13:17:25.290 -06:00 [INF] Route matched with {action = "Index", controller = "Shop", page = "", area = ""}. Executing controller action with signature Microsoft.AspNetCore.Mvc.IActionResult Index() on controller PaginaBizu.Controllers.ShopController (PaginaBizu).
2025-08-16 13:17:25.292 -06:00 [INF] ➡️ Acción ejecutándose: Shop/Index | Usuario: hoshuacastillo48@gmail.com | IP: ::1 | Hora: "2025-08-16T13:17:25.2928940-06:00"
2025-08-16 13:17:25.313 -06:00 [INF] Executed DbCommand (1ms) [Parameters=[], CommandType='"Text"', CommandTimeout='30']
SELECT [p].[Id], [p].[CantidadDisponible], [p].[Categoria], [p].[Descripcion], [p].[FechaCreacion], [p].[ImagenUrl], [p].[NombreArticulo], [p].[Precio]
FROM [Products] AS [p]
2025-08-16 13:17:25.325 -06:00 [INF] ✅ Acción ejecutada: Shop/Index | Hora: "2025-08-16T13:17:25.3258341-06:00"
2025-08-16 13:17:25.329 -06:00 [INF] Executing ViewResult, running view Index.
2025-08-16 13:17:25.355 -06:00 [INF] Executed ViewResult - view Index executed in 26.7309ms.
2025-08-16 13:17:25.362 -06:00 [INF] Executed action PaginaBizu.Controllers.ShopController.Index (PaginaBizu) in 70.0523ms
2025-08-16 13:17:25.368 -06:00 [INF] Executed endpoint 'PaginaBizu.Controllers.ShopController.Index (PaginaBizu)'
2025-08-16 13:17:25.375 -06:00 [INF] Request finished HTTP/1.1 GET http://localhost:5116/Shop - 200 null text/html; charset=utf-8 97.4182ms
2025-08-16 13:17:25.629 -06:00 [INF] Request starting HTTP/1.1 GET http://localhost:5116/images/imagenpulserrojo.jpg - null null
2025-08-16 13:17:25.640 -06:00 [INF] Request finished HTTP/1.1 GET http://localhost:5116/images/imagenpulserrojo.jpg - 404 0 null 10.8235ms
2025-08-16 13:17:25.650 -06:00 [INF] Request reached the end of the middleware pipeline without being handled by application code. Request path: GET http://localhost:5116/images/imagenpulserrojo.jpg, Response status code: 404
2025-08-16 13:17:25.656 -06:00 [INF] Request starting HTTP/1.1 GET http://localhost:5116/Cart/CartCount - null null
2025-08-16 13:17:25.663 -06:00 [INF] Executing endpoint 'PaginaBizu.Controllers.CartController.CartCount (PaginaBizu)'
2025-08-16 13:17:25.667 -06:00 [INF] Route matched with {action = "CartCount", controller = "Cart", page = "", area = ""}. Executing controller action with signature Microsoft.AspNetCore.Mvc.IActionResult CartCount() on controller PaginaBizu.Controllers.CartController (PaginaBizu).
2025-08-16 13:17:25.673 -06:00 [INF] ➡️ Acción ejecutándose: Cart/CartCount | Usuario: hoshuacastillo48@gmail.com | IP: ::1 | Hora: "2025-08-16T13:17:25.6737706-06:00"
2025-08-16 13:17:25.680 -06:00 [INF] ✅ Acción ejecutada: Cart/CartCount | Hora: "2025-08-16T13:17:25.6802202-06:00"
2025-08-16 13:17:25.683 -06:00 [INF] Executing JsonResult, writing value of type 'System.Int32'.
2025-08-16 13:17:25.688 -06:00 [INF] Executed action PaginaBizu.Controllers.CartController.CartCount (PaginaBizu) in 15.2372ms
2025-08-16 13:17:25.690 -06:00 [INF] Request starting HTTP/1.1 GET http://localhost:5116/Cart/CartCount - null null
2025-08-16 13:17:25.691 -06:00 [INF] Executed endpoint 'PaginaBizu.Controllers.CartController.CartCount (PaginaBizu)'
2025-08-16 13:17:25.697 -06:00 [INF] Executing endpoint 'PaginaBizu.Controllers.CartController.CartCount (PaginaBizu)'
2025-08-16 13:17:25.701 -06:00 [INF] Request finished HTTP/1.1 GET http://localhost:5116/Cart/CartCount - 200 null application/json; charset=utf-8 44.8276ms
2025-08-16 13:17:25.704 -06:00 [INF] Route matched with {action = "CartCount", controller = "Cart", page = "", area = ""}. Executing controller action with signature Microsoft.AspNetCore.Mvc.IActionResult CartCount() on controller PaginaBizu.Controllers.CartController (PaginaBizu).
2025-08-16 13:17:25.719 -06:00 [INF] ➡️ Acción ejecutándose: Cart/CartCount | Usuario: hoshuacastillo48@gmail.com | IP: ::1 | Hora: "2025-08-16T13:17:25.7192762-06:00"
2025-08-16 13:17:25.723 -06:00 [INF] ✅ Acción ejecutada: Cart/CartCount | Hora: "2025-08-16T13:17:25.7233862-06:00"
2025-08-16 13:17:25.725 -06:00 [INF] Executing JsonResult, writing value of type 'System.Int32'.
2025-08-16 13:17:25.735 -06:00 [INF] Executed action PaginaBizu.Controllers.CartController.CartCount (PaginaBizu) in 16.3373ms
2025-08-16 13:17:25.737 -06:00 [INF] Executed endpoint 'PaginaBizu.Controllers.CartController.CartCount (PaginaBizu)'
2025-08-16 13:17:25.740 -06:00 [INF] Request finished HTTP/1.1 GET http://localhost:5116/Cart/CartCount - 200 null application/json; charset=utf-8 49.4738ms
2025-08-16 13:17:26.627 -06:00 [INF] Request starting HTTP/1.1 GET http://localhost:5116/Shop/Details/1 - null null
2025-08-16 13:17:26.636 -06:00 [INF] Executing endpoint 'PaginaBizu.Controllers.ShopController.Details (PaginaBizu)'
2025-08-16 13:17:26.642 -06:00 [INF] Route matched with {action = "Details", controller = "Shop", page = "", area = ""}. Executing controller action with signature Microsoft.AspNetCore.Mvc.IActionResult Details(Int32) on controller PaginaBizu.Controllers.ShopController (PaginaBizu).
2025-08-16 13:17:26.650 -06:00 [INF] ➡️ Acción ejecutándose: Shop/Details | Usuario: hoshuacastillo48@gmail.com | IP: ::1 | Hora: "2025-08-16T13:17:26.6500779-06:00"
2025-08-16 13:17:26.671 -06:00 [INF] Executed DbCommand (3ms) [Parameters=[@__id_0='?' (DbType = Int32)], CommandType='"Text"', CommandTimeout='30']
SELECT TOP(1) [p].[Id], [p].[CantidadDisponible], [p].[Categoria], [p].[Descripcion], [p].[FechaCreacion], [p].[ImagenUrl], [p].[NombreArticulo], [p].[Precio]
FROM [Products] AS [p]
WHERE [p].[Id] = @__id_0
2025-08-16 13:17:26.715 -06:00 [INF] Executed DbCommand (9ms) [Parameters=[@__id_0='?' (DbType = Int32)], CommandType='"Text"', CommandTimeout='30']
SELECT [c].[Id], [c].[Calificacion], [c].[Contenido], [c].[Fecha], [c].[ProductoId], [c].[UsuarioId]
FROM [Comentarios] AS [c]
WHERE [c].[ProductoId] = @__id_0
ORDER BY [c].[Fecha] DESC
2025-08-16 13:17:26.748 -06:00 [INF] ✅ Acción ejecutada: Shop/Details | Hora: "2025-08-16T13:17:26.7486510-06:00"
2025-08-16 13:17:26.756 -06:00 [INF] Executing ViewResult, running view Details.
2025-08-16 13:17:26.782 -06:00 [INF] Executed ViewResult - view Details executed in 28.0284ms.
2025-08-16 13:17:26.788 -06:00 [INF] Executed action PaginaBizu.Controllers.ShopController.Details (PaginaBizu) in 139.4292ms
2025-08-16 13:17:26.794 -06:00 [INF] Executed endpoint 'PaginaBizu.Controllers.ShopController.Details (PaginaBizu)'
2025-08-16 13:17:26.800 -06:00 [INF] Request finished HTTP/1.1 GET http://localhost:5116/Shop/Details/1 - 200 null text/html; charset=utf-8 172.6971ms
2025-08-16 13:17:28.577 -06:00 [INF] Request starting HTTP/1.1 POST http://localhost:5116/Cart/AddToCart - application/json 8
2025-08-16 13:17:28.586 -06:00 [INF] Executing endpoint 'PaginaBizu.Controllers.CartController.AddToCart (PaginaBizu)'
2025-08-16 13:17:28.593 -06:00 [INF] Route matched with {action = "AddToCart", controller = "Cart", page = "", area = ""}. Executing controller action with signature Microsoft.AspNetCore.Mvc.IActionResult AddToCart(AddToCartModel) on controller PaginaBizu.Controllers.CartController (PaginaBizu).
2025-08-16 13:17:28.640 -06:00 [INF] ➡️ Acción ejecutándose: Cart/AddToCart | Usuario: hoshuacastillo48@gmail.com | IP: ::1 | Hora: "2025-08-16T13:17:28.6401697-06:00"
2025-08-16 13:17:28.654 -06:00 [INF] Executed DbCommand (2ms) [Parameters=[@__data_Id_0='?' (DbType = Int32)], CommandType='"Text"', CommandTimeout='30']
SELECT TOP(1) [p].[Id], [p].[CantidadDisponible], [p].[Categoria], [p].[Descripcion], [p].[FechaCreacion], [p].[ImagenUrl], [p].[NombreArticulo], [p].[Precio]
FROM [Products] AS [p]
WHERE [p].[Id] = @__data_Id_0
2025-08-16 13:17:28.690 -06:00 [INF] ✅ Acción ejecutada: Cart/AddToCart | Hora: "2025-08-16T13:17:28.6906166-06:00"
2025-08-16 13:17:28.696 -06:00 [INF] Executing JsonResult, writing value of type '<>f__AnonymousType1`2[[System.Boolean, System.Private.CoreLib, Version=8.0.0.0, Culture=neutral, PublicKeyToken=7cec85d7bea7798e],[System.Int32, System.Private.CoreLib, Version=8.0.0.0, Culture=neutral, PublicKeyToken=7cec85d7bea7798e]]'.
2025-08-16 13:17:28.722 -06:00 [INF] Executed action PaginaBizu.Controllers.CartController.AddToCart (PaginaBizu) in 125.5982ms
2025-08-16 13:17:28.726 -06:00 [INF] Executed endpoint 'PaginaBizu.Controllers.CartController.AddToCart (PaginaBizu)'
2025-08-16 13:17:28.728 -06:00 [INF] Session started; Key:b6d22df1-35ff-543a-666b-31a639717e32, Id:6d5275da-9484-dd20-574f-e8351bfb7db8
2025-08-16 13:17:28.730 -06:00 [INF] Request finished HTTP/1.1 POST http://localhost:5116/Cart/AddToCart - 200 null application/json; charset=utf-8 153.3187ms
2025-08-16 13:17:31.187 -06:00 [INF] Request starting HTTP/1.1 GET http://localhost:5116/ - null null
2025-08-16 13:17:31.196 -06:00 [INF] Executing endpoint 'PaginaBizu.Controllers.HomeController.Index (PaginaBizu)'
2025-08-16 13:17:31.203 -06:00 [INF] Route matched with {action = "Index", controller = "Home", page = "", area = ""}. Executing controller action with signature Microsoft.AspNetCore.Mvc.IActionResult Index() on controller PaginaBizu.Controllers.HomeController (PaginaBizu).
2025-08-16 13:17:31.214 -06:00 [INF] ➡️ Acción ejecutándose: Home/Index | Usuario: hoshuacastillo48@gmail.com | IP: ::1 | Hora: "2025-08-16T13:17:31.2148306-06:00"
2025-08-16 13:17:31.226 -06:00 [INF] ✅ Acción ejecutada: Home/Index | Hora: "2025-08-16T13:17:31.2263655-06:00"
2025-08-16 13:17:31.233 -06:00 [INF] Executing ViewResult, running view Index.
2025-08-16 13:17:31.250 -06:00 [INF] Executed DbCommand (2ms) [Parameters=[@__p_0='?' (Size = 450)], CommandType='"Text"', CommandTimeout='30']
SELECT TOP(1) [a].[Id], [a].[AccessFailedCount], [a].[ConcurrencyStamp], [a].[Email], [a].[EmailConfirmed], [a].[LockoutEnabled], [a].[LockoutEnd], [a].[NormalizedEmail], [a].[NormalizedUserName], [a].[PasswordHash], [a].[PhoneNumber], [a].[PhoneNumberConfirmed], [a].[SecurityStamp], [a].[TwoFactorEnabled], [a].[UserName]
FROM [AspNetUsers] AS [a]
WHERE [a].[Id] = @__p_0
2025-08-16 13:17:31.263 -06:00 [INF] Executed DbCommand (1ms) [Parameters=[@__userId_0='?' (Size = 450)], CommandType='"Text"', CommandTimeout='30']
SELECT [a0].[Name]
FROM [AspNetUserRoles] AS [a]
INNER JOIN [AspNetRoles] AS [a0] ON [a].[RoleId] = [a0].[Id]
WHERE [a].[UserId] = @__userId_0
2025-08-16 13:17:31.274 -06:00 [INF] Executed ViewResult - view Index executed in 41.404ms.
2025-08-16 13:17:31.277 -06:00 [INF] Executed action PaginaBizu.Controllers.HomeController.Index (PaginaBizu) in 63.1151ms
2025-08-16 13:17:31.281 -06:00 [INF] Executed endpoint 'PaginaBizu.Controllers.HomeController.Index (PaginaBizu)'
2025-08-16 13:17:31.284 -06:00 [INF] Request finished HTTP/1.1 GET http://localhost:5116/ - 200 null text/html; charset=utf-8 96.9897ms
2025-08-16 13:17:31.584 -06:00 [INF] Request starting HTTP/1.1 GET http://localhost:5116/css/tailwindcss - null null
2025-08-16 13:17:31.590 -06:00 [INF] Request finished HTTP/1.1 GET http://localhost:5116/css/tailwindcss - 404 0 null 5.6878ms
2025-08-16 13:17:31.596 -06:00 [INF] Request reached the end of the middleware pipeline without being handled by application code. Request path: GET http://localhost:5116/css/tailwindcss, Response status code: 404
2025-08-16 13:17:32.313 -06:00 [INF] Request starting HTTP/1.1 GET http://localhost:5116/Products - null null
2025-08-16 13:17:32.322 -06:00 [INF] Executing endpoint 'PaginaBizu.Controllers.ProductsController.Index (PaginaBizu)'
2025-08-16 13:17:32.327 -06:00 [INF] Route matched with {action = "Index", controller = "Products", page = "", area = ""}. Executing controller action with signature System.Threading.Tasks.Task`1[Microsoft.AspNetCore.Mvc.IActionResult] Index() on controller PaginaBizu.Controllers.ProductsController (PaginaBizu).
2025-08-16 13:17:32.335 -06:00 [INF] ➡️ Acción ejecutándose: Products/Index | Usuario: hoshuacastillo48@gmail.com | IP: ::1 | Hora: "2025-08-16T13:17:32.3351529-06:00"
2025-08-16 13:17:32.342 -06:00 [INF] Executed DbCommand (1ms) [Parameters=[], CommandType='"Text"', CommandTimeout='30']
SELECT [p].[Id], [p].[CantidadDisponible], [p].[Categoria], [p].[Descripcion], [p].[FechaCreacion], [p].[ImagenUrl], [p].[NombreArticulo], [p].[Precio]
FROM [Products] AS [p]
2025-08-16 13:17:32.354 -06:00 [INF] ✅ Acción ejecutada: Products/Index | Hora: "2025-08-16T13:17:32.3539710-06:00"
2025-08-16 13:17:32.360 -06:00 [INF] Executing ViewResult, running view Index.
2025-08-16 13:17:32.362 -06:00 [INF] Executed ViewResult - view Index executed in 2.8488ms.
2025-08-16 13:17:32.365 -06:00 [INF] Executed action PaginaBizu.Controllers.ProductsController.Index (PaginaBizu) in 30.3245ms
2025-08-16 13:17:32.367 -06:00 [INF] Executed endpoint 'PaginaBizu.Controllers.ProductsController.Index (PaginaBizu)'
2025-08-16 13:17:32.370 -06:00 [INF] Request finished HTTP/1.1 GET http://localhost:5116/Products - 200 null text/html; charset=utf-8 56.2611ms
2025-08-16 13:17:32.413 -06:00 [INF] Request starting HTTP/1.1 GET http://localhost:5116/imagenpulseraoro.jpg - null null
2025-08-16 13:17:32.420 -06:00 [INF] Request finished HTTP/1.1 GET http://localhost:5116/imagenpulseraoro.jpg - 404 0 null 7.3552ms
2025-08-16 13:17:32.427 -06:00 [INF] Request reached the end of the middleware pipeline without being handled by application code. Request path: GET http://localhost:5116/imagenpulseraoro.jpg, Response status code: 404
2025-08-16 13:17:32.431 -06:00 [INF] Request starting HTTP/1.1 GET http://localhost:5116/pulseraverde.jpg - null null
2025-08-16 13:17:32.437 -06:00 [INF] Request finished HTTP/1.1 GET http://localhost:5116/pulseraverde.jpg - 404 0 null 6.7729ms
2025-08-16 13:17:32.447 -06:00 [INF] Request reached the end of the middleware pipeline without being handled by application code. Request path: GET http://localhost:5116/pulseraverde.jpg, Response status code: 404
2025-08-16 13:17:32.647 -06:00 [INF] Request starting HTTP/1.1 GET http://localhost:5116/imagenpulserrojo.jpg - null null
2025-08-16 13:17:32.654 -06:00 [INF] Request finished HTTP/1.1 GET http://localhost:5116/imagenpulserrojo.jpg - 404 0 null 7.3709ms
2025-08-16 13:17:32.663 -06:00 [INF] Request reached the end of the middleware pipeline without being handled by application code. Request path: GET http://localhost:5116/imagenpulserrojo.jpg, Response status code: 404
2025-08-16 13:17:32.669 -06:00 [INF] Request starting HTTP/1.1 GET http://localhost:5116/Cart/CartCount - null null
2025-08-16 13:17:32.680 -06:00 [INF] Executing endpoint 'PaginaBizu.Controllers.CartController.CartCount (PaginaBizu)'
2025-08-16 13:17:32.684 -06:00 [INF] Route matched with {action = "CartCount", controller = "Cart", page = "", area = ""}. Executing controller action with signature Microsoft.AspNetCore.Mvc.IActionResult CartCount() on controller PaginaBizu.Controllers.CartController (PaginaBizu).
2025-08-16 13:17:32.690 -06:00 [INF] ➡️ Acción ejecutándose: Cart/CartCount | Usuario: hoshuacastillo48@gmail.com | IP: ::1 | Hora: "2025-08-16T13:17:32.6906114-06:00"
2025-08-16 13:17:32.702 -06:00 [INF] ✅ Acción ejecutada: Cart/CartCount | Hora: "2025-08-16T13:17:32.7026463-06:00"
2025-08-16 13:17:32.705 -06:00 [INF] Executing JsonResult, writing value of type 'System.Int32'.
2025-08-16 13:17:32.708 -06:00 [INF] Executed action PaginaBizu.Controllers.CartController.CartCount (PaginaBizu) in 17.9012ms
2025-08-16 13:17:32.711 -06:00 [INF] Request starting HTTP/1.1 GET http://localhost:5116/Cart/CartCount - null null
2025-08-16 13:17:32.713 -06:00 [INF] Executed endpoint 'PaginaBizu.Controllers.CartController.CartCount (PaginaBizu)'
2025-08-16 13:17:32.719 -06:00 [INF] Executing endpoint 'PaginaBizu.Controllers.CartController.CartCount (PaginaBizu)'
2025-08-16 13:17:32.721 -06:00 [INF] Request finished HTTP/1.1 GET http://localhost:5116/Cart/CartCount - 200 null application/json; charset=utf-8 52.7632ms
2025-08-16 13:17:32.724 -06:00 [INF] Route matched with {action = "CartCount", controller = "Cart", page = "", area = ""}. Executing controller action with signature Microsoft.AspNetCore.Mvc.IActionResult CartCount() on controller PaginaBizu.Controllers.CartController (PaginaBizu).
2025-08-16 13:17:32.739 -06:00 [INF] ➡️ Acción ejecutándose: Cart/CartCount | Usuario: hoshuacastillo48@gmail.com | IP: ::1 | Hora: "2025-08-16T13:17:32.7389908-06:00"
2025-08-16 13:17:32.746 -06:00 [INF] ✅ Acción ejecutada: Cart/CartCount | Hora: "2025-08-16T13:17:32.7465759-06:00"
2025-08-16 13:17:32.750 -06:00 [INF] Executing JsonResult, writing value of type 'System.Int32'.
2025-08-16 13:17:32.752 -06:00 [INF] Executed action PaginaBizu.Controllers.CartController.CartCount (PaginaBizu) in 13.9954ms
2025-08-16 13:17:32.755 -06:00 [INF] Executed endpoint 'PaginaBizu.Controllers.CartController.CartCount (PaginaBizu)'
2025-08-16 13:17:32.757 -06:00 [INF] Request finished HTTP/1.1 GET http://localhost:5116/Cart/CartCount - 200 null application/json; charset=utf-8 46.5099ms
2025-08-16 13:17:33.961 -06:00 [INF] Request starting HTTP/1.1 GET http://localhost:5116/Cart/ComprarPrueba - null null
2025-08-16 13:17:33.968 -06:00 [INF] Executing endpoint 'PaginaBizu.Controllers.CartController.ComprarPrueba (PaginaBizu)'
2025-08-16 13:17:33.972 -06:00 [INF] Route matched with {action = "ComprarPrueba", controller = "Cart", page = "", area = ""}. Executing controller action with signature Microsoft.AspNetCore.Mvc.IActionResult ComprarPrueba() on controller PaginaBizu.Controllers.CartController (PaginaBizu).
2025-08-16 13:17:33.977 -06:00 [INF] ➡️ Acción ejecutándose: Cart/ComprarPrueba | Usuario: hoshuacastillo48@gmail.com | IP: ::1 | Hora: "2025-08-16T13:17:33.9775939-06:00"
2025-08-16 13:17:33.998 -06:00 [INF] Executed DbCommand (3ms) [Parameters=[@__p_0='?' (DbType = Int32)], CommandType='"Text"', CommandTimeout='30']
SELECT TOP(1) [p].[Id], [p].[CantidadDisponible], [p].[Categoria], [p].[Descripcion], [p].[FechaCreacion], [p].[ImagenUrl], [p].[NombreArticulo], [p].[Precio]
FROM [Products] AS [p]
WHERE [p].[Id] = @__p_0
2025-08-16 13:17:34.008 -06:00 [INF] Executed DbCommand (1ms) [Parameters=[@p0='?' (Size = 4000), @p1='?' (DbType = DateTime2), @p2='?' (Precision = 18) (Scale = 2) (DbType = Decimal), @p3='?' (Size = 4000)], CommandType='"Text"', CommandTimeout='30']
SET IMPLICIT_TRANSACTIONS OFF;
SET NOCOUNT ON;
INSERT INTO [Orders] ([Estado], [Fecha], [Total], [UsuarioId])
OUTPUT INSERTED.[Id]
VALUES (@p0, @p1, @p2, @p3);
2025-08-16 13:17:34.016 -06:00 [INF] Executed DbCommand (1ms) [Parameters=[@p4='?' (DbType = Int32), @p5='?' (DbType = Int32), @p6='?' (Precision = 18) (Scale = 2) (DbType = Decimal), @p7='?' (DbType = Int32)], CommandType='"Text"', CommandTimeout='30']
SET IMPLICIT_TRANSACTIONS OFF;
SET NOCOUNT ON;
INSERT INTO [OrderDetails] ([Cantidad], [OrderId], [PrecioUnitario], [ProductId])
OUTPUT INSERTED.[Id]
VALUES (@p4, @p5, @p6, @p7);
2025-08-16 13:17:34.027 -06:00 [INF] ✅ Acción ejecutada: Cart/ComprarPrueba | Hora: "2025-08-16T13:17:34.0274271-06:00"
2025-08-16 13:17:34.030 -06:00 [INF] Executing RedirectResult, redirecting to /Products.
2025-08-16 13:17:34.033 -06:00 [INF] Executed action PaginaBizu.Controllers.CartController.ComprarPrueba (PaginaBizu) in 55.7545ms
2025-08-16 13:17:34.036 -06:00 [INF] Executed endpoint 'PaginaBizu.Controllers.CartController.ComprarPrueba (PaginaBizu)'
2025-08-16 13:17:34.040 -06:00 [INF] Request finished HTTP/1.1 GET http://localhost:5116/Cart/ComprarPrueba - 302 0 null 79.007ms
2025-08-16 13:17:34.048 -06:00 [INF] Request starting HTTP/1.1 GET http://localhost:5116/Products - null null
2025-08-16 13:17:34.053 -06:00 [INF] Executing endpoint 'PaginaBizu.Controllers.ProductsController.Index (PaginaBizu)'
2025-08-16 13:17:34.057 -06:00 [INF] Route matched with {action = "Index", controller = "Products", page = "", area = ""}. Executing controller action with signature System.Threading.Tasks.Task`1[Microsoft.AspNetCore.Mvc.IActionResult] Index() on controller PaginaBizu.Controllers.ProductsController (PaginaBizu).
2025-08-16 13:17:34.060 -06:00 [INF] ➡️ Acción ejecutándose: Products/Index | Usuario: hoshuacastillo48@gmail.com | IP: ::1 | Hora: "2025-08-16T13:17:34.0607185-06:00"
2025-08-16 13:17:34.064 -06:00 [INF] Executed DbCommand (1ms) [Parameters=[], CommandType='"Text"', CommandTimeout='30']
SELECT [p].[Id], [p].[CantidadDisponible], [p].[Categoria], [p].[Descripcion], [p].[FechaCreacion], [p].[ImagenUrl], [p].[NombreArticulo], [p].[Precio]
FROM [Products] AS [p]
2025-08-16 13:17:34.066 -06:00 [INF] ✅ Acción ejecutada: Products/Index | Hora: "2025-08-16T13:17:34.0668515-06:00"
2025-08-16 13:17:34.070 -06:00 [INF] Executing ViewResult, running view Index.
2025-08-16 13:17:34.073 -06:00 [INF] Executed ViewResult - view Index executed in 3.4144ms.
2025-08-16 13:17:34.076 -06:00 [INF] Executed action PaginaBizu.Controllers.ProductsController.Index (PaginaBizu) in 15.972ms
2025-08-16 13:17:34.080 -06:00 [INF] Executed endpoint 'PaginaBizu.Controllers.ProductsController.Index (PaginaBizu)'
2025-08-16 13:17:34.083 -06:00 [INF] Request finished HTTP/1.1 GET http://localhost:5116/Products - 200 null text/html; charset=utf-8 34.814ms
2025-08-16 13:17:34.146 -06:00 [INF] Request starting HTTP/1.1 GET http://localhost:5116/imagenpulseraoro.jpg - null null
2025-08-16 13:17:34.148 -06:00 [INF] Request starting HTTP/1.1 GET http://localhost:5116/pulseraverde.jpg - null null
2025-08-16 13:17:34.156 -06:00 [INF] Request finished HTTP/1.1 GET http://localhost:5116/imagenpulseraoro.jpg - 404 0 null 9.967ms
2025-08-16 13:17:34.164 -06:00 [INF] Request finished HTTP/1.1 GET http://localhost:5116/pulseraverde.jpg - 404 0 null 15.3063ms
2025-08-16 13:17:34.170 -06:00 [INF] Request reached the end of the middleware pipeline without being handled by application code. Request path: GET http://localhost:5116/imagenpulseraoro.jpg, Response status code: 404
2025-08-16 13:17:34.178 -06:00 [INF] Request reached the end of the middleware pipeline without being handled by application code. Request path: GET http://localhost:5116/pulseraverde.jpg, Response status code: 404
2025-08-16 13:17:34.329 -06:00 [INF] Request starting HTTP/1.1 GET http://localhost:5116/imagenpulserrojo.jpg - null null
2025-08-16 13:17:34.336 -06:00 [INF] Request finished HTTP/1.1 GET http://localhost:5116/imagenpulserrojo.jpg - 404 0 null 7.5623ms
2025-08-16 13:17:34.345 -06:00 [INF] Request reached the end of the middleware pipeline without being handled by application code. Request path: GET http://localhost:5116/imagenpulserrojo.jpg, Response status code: 404
2025-08-16 13:17:34.350 -06:00 [INF] Request starting HTTP/1.1 GET http://localhost:5116/Cart/CartCount - null null
2025-08-16 13:17:34.359 -06:00 [INF] Executing endpoint 'PaginaBizu.Controllers.CartController.CartCount (PaginaBizu)'
2025-08-16 13:17:34.361 -06:00 [INF] Route matched with {action = "CartCount", controller = "Cart", page = "", area = ""}. Executing controller action with signature Microsoft.AspNetCore.Mvc.IActionResult CartCount() on controller PaginaBizu.Controllers.CartController (PaginaBizu).
2025-08-16 13:17:34.366 -06:00 [INF] ➡️ Acción ejecutándose: Cart/CartCount | Usuario: hoshuacastillo48@gmail.com | IP: ::1 | Hora: "2025-08-16T13:17:34.3666154-06:00"
2025-08-16 13:17:34.372 -06:00 [INF] ✅ Acción ejecutada: Cart/CartCount | Hora: "2025-08-16T13:17:34.3726510-06:00"
2025-08-16 13:17:34.376 -06:00 [INF] Executing JsonResult, writing value of type 'System.Int32'.
2025-08-16 13:17:34.379 -06:00 [INF] Executed action PaginaBizu.Controllers.CartController.CartCount (PaginaBizu) in 12.5431ms
2025-08-16 13:17:34.380 -06:00 [INF] Request starting HTTP/1.1 GET http://localhost:5116/Cart/CartCount - null null
2025-08-16 13:17:34.382 -06:00 [INF] Executed endpoint 'PaginaBizu.Controllers.CartController.CartCount (PaginaBizu)'
2025-08-16 13:17:34.389 -06:00 [INF] Executing endpoint 'PaginaBizu.Controllers.CartController.CartCount (PaginaBizu)'
2025-08-16 13:17:34.395 -06:00 [INF] Route matched with {action = "CartCount", controller = "Cart", page = "", area = ""}. Executing controller action with signature Microsoft.AspNetCore.Mvc.IActionResult CartCount() on controller PaginaBizu.Controllers.CartController (PaginaBizu).
2025-08-16 13:17:34.390 -06:00 [INF] Request finished HTTP/1.1 GET http://localhost:5116/Cart/CartCount - 200 null application/json; charset=utf-8 39.9208ms
2025-08-16 13:17:34.402 -06:00 [INF] ➡️ Acción ejecutándose: Cart/CartCount | Usuario: hoshuacastillo48@gmail.com | IP: ::1 | Hora: "2025-08-16T13:17:34.4021198-06:00"
2025-08-16 13:17:34.416 -06:00 [INF] ✅ Acción ejecutada: Cart/CartCount | Hora: "2025-08-16T13:17:34.4162444-06:00"
2025-08-16 13:17:34.422 -06:00 [INF] Executing JsonResult, writing value of type 'System.Int32'.
2025-08-16 13:17:34.424 -06:00 [INF] Executed action PaginaBizu.Controllers.CartController.CartCount (PaginaBizu) in 22.8366ms
2025-08-16 13:17:34.429 -06:00 [INF] Executed endpoint 'PaginaBizu.Controllers.CartController.CartCount (PaginaBizu)'
2025-08-16 13:17:34.433 -06:00 [INF] Request finished HTTP/1.1 GET http://localhost:5116/Cart/CartCount - 200 null application/json; charset=utf-8 53.125ms
2025-08-16 13:17:41.152 -06:00 [INF] Request starting HTTP/1.1 GET http://localhost:5116/Orders - null null
2025-08-16 13:17:41.159 -06:00 [INF] Request finished HTTP/1.1 GET http://localhost:5116/Orders - 404 0 null 7.0228ms
2025-08-16 13:17:41.174 -06:00 [INF] Request reached the end of the middleware pipeline without being handled by application code. Request path: GET http://localhost:5116/Orders, Response status code: 404
2025-08-16 13:20:43.064 -06:00 [INF] Application is shutting down...
2025-08-16 13:20:49.160 -06:00 [INF] User profile is available. Using 'C:\Users\hoshu\AppData\Local\ASP.NET\DataProtection-Keys' as key repository and Windows DPAPI to encrypt keys at rest.
2025-08-16 13:20:49.829 -06:00 [WRN] No store type was specified for the decimal property 'Total' on entity type 'Order'. This will cause values to be silently truncated if they do not fit in the default precision and scale. Explicitly specify the SQL server column type that can accommodate all the values in 'OnModelCreating' using 'HasColumnType', specify precision and scale using 'HasPrecision', or configure a value converter using 'HasConversion'.
2025-08-16 13:20:49.833 -06:00 [WRN] No store type was specified for the decimal property 'PrecioUnitario' on entity type 'OrderDetail'. This will cause values to be silently truncated if they do not fit in the default precision and scale. Explicitly specify the SQL server column type that can accommodate all the values in 'OnModelCreating' using 'HasColumnType', specify precision and scale using 'HasPrecision', or configure a value converter using 'HasConversion'.
2025-08-16 13:20:49.835 -06:00 [WRN] No store type was specified for the decimal property 'Precio' on entity type 'Product'. This will cause values to be silently truncated if they do not fit in the default precision and scale. Explicitly specify the SQL server column type that can accommodate all the values in 'OnModelCreating' using 'HasColumnType', specify precision and scale using 'HasPrecision', or configure a value converter using 'HasConversion'.
2025-08-16 13:20:50.285 -06:00 [INF] Executed DbCommand (27ms) [Parameters=[@__normalizedName_0='?' (Size = 256)], CommandType='"Text"', CommandTimeout='30']
SELECT TOP(1) [a].[Id], [a].[ConcurrencyStamp], [a].[Name], [a].[NormalizedName]
FROM [AspNetRoles] AS [a]
WHERE [a].[NormalizedName] = @__normalizedName_0
2025-08-16 13:20:50.358 -06:00 [INF] Executed DbCommand (2ms) [Parameters=[@__normalizedEmail_0='?' (Size = 256)], CommandType='"Text"', CommandTimeout='30']
SELECT TOP(2) [a].[Id], [a].[AccessFailedCount], [a].[ConcurrencyStamp], [a].[Email], [a].[EmailConfirmed], [a].[LockoutEnabled], [a].[LockoutEnd], [a].[NormalizedEmail], [a].[NormalizedUserName], [a].[PasswordHash], [a].[PhoneNumber], [a].[PhoneNumberConfirmed], [a].[SecurityStamp], [a].[TwoFactorEnabled], [a].[UserName]
FROM [AspNetUsers] AS [a]
WHERE [a].[NormalizedEmail] = @__normalizedEmail_0
2025-08-16 13:20:50.394 -06:00 [INF] Executed DbCommand (1ms) [Parameters=[@__normalizedRoleName_0='?' (Size = 256)], CommandType='"Text"', CommandTimeout='30']
SELECT TOP(2) [a].[Id], [a].[ConcurrencyStamp], [a].[Name], [a].[NormalizedName]
FROM [AspNetRoles] AS [a]
WHERE [a].[NormalizedName] = @__normalizedRoleName_0
2025-08-16 13:20:50.420 -06:00 [INF] Executed DbCommand (1ms) [Parameters=[@__p_0='?' (Size = 450), @__p_1='?' (Size = 450)], CommandType='"Text"', CommandTimeout='30']
SELECT TOP(1) [a].[UserId], [a].[RoleId]
FROM [AspNetUserRoles] AS [a]
WHERE [a].[UserId] = @__p_0 AND [a].[RoleId] = @__p_1
2025-08-16 13:20:50.435 -06:00 [INF] Executed DbCommand (1ms) [Parameters=[@__normalizedEmail_0='?' (Size = 256)], CommandType='"Text"', CommandTimeout='30']
SELECT TOP(2) [a].[Id], [a].[AccessFailedCount], [a].[ConcurrencyStamp], [a].[Email], [a].[EmailConfirmed], [a].[LockoutEnabled], [a].[LockoutEnd], [a].[NormalizedEmail], [a].[NormalizedUserName], [a].[PasswordHash], [a].[PhoneNumber], [a].[PhoneNumberConfirmed], [a].[SecurityStamp], [a].[TwoFactorEnabled], [a].[UserName]
FROM [AspNetUsers] AS [a]
WHERE [a].[NormalizedEmail] = @__normalizedEmail_0
2025-08-16 13:20:50.441 -06:00 [INF] Executed DbCommand (1ms) [Parameters=[@__normalizedRoleName_0='?' (Size = 256)], CommandType='"Text"', CommandTimeout='30']
SELECT TOP(2) [a].[Id], [a].[ConcurrencyStamp], [a].[Name], [a].[NormalizedName]
FROM [AspNetRoles] AS [a]
WHERE [a].[NormalizedName] = @__normalizedRoleName_0
2025-08-16 13:20:50.448 -06:00 [INF] Executed DbCommand (1ms) [Parameters=[@__p_0='?' (Size = 450), @__p_1='?' (Size = 450)], CommandType='"Text"', CommandTimeout='30']
SELECT TOP(1) [a].[UserId], [a].[RoleId]
FROM [AspNetUserRoles] AS [a]
WHERE [a].[UserId] = @__p_0 AND [a].[RoleId] = @__p_1
2025-08-16 13:20:50.450 -06:00 [INF] Executed DbCommand (1ms) [Parameters=[@__normalizedEmail_0='?' (Size = 256)], CommandType='"Text"', CommandTimeout='30']
SELECT TOP(2) [a].[Id], [a].[AccessFailedCount], [a].[ConcurrencyStamp], [a].[Email], [a].[EmailConfirmed], [a].[LockoutEnabled], [a].[LockoutEnd], [a].[NormalizedEmail], [a].[NormalizedUserName], [a].[PasswordHash], [a].[PhoneNumber], [a].[PhoneNumberConfirmed], [a].[SecurityStamp], [a].[TwoFactorEnabled], [a].[UserName]
FROM [AspNetUsers] AS [a]
WHERE [a].[NormalizedEmail] = @__normalizedEmail_0
2025-08-16 13:20:50.453 -06:00 [INF] Executed DbCommand (1ms) [Parameters=[@__normalizedRoleName_0='?' (Size = 256)], CommandType='"Text"', CommandTimeout='30']
SELECT TOP(2) [a].[Id], [a].[ConcurrencyStamp], [a].[Name], [a].[NormalizedName]
FROM [AspNetRoles] AS [a]
WHERE [a].[NormalizedName] = @__normalizedRoleName_0
2025-08-16 13:20:50.456 -06:00 [INF] Executed DbCommand (0ms) [Parameters=[@__p_0='?' (Size = 450), @__p_1='?' (Size = 450)], CommandType='"Text"', CommandTimeout='30']
SELECT TOP(1) [a].[UserId], [a].[RoleId]
FROM [AspNetUserRoles] AS [a]
WHERE [a].[UserId] = @__p_0 AND [a].[RoleId] = @__p_1
2025-08-16 13:20:50.647 -06:00 [INF] Now listening on: http://localhost:5116
2025-08-16 13:20:50.651 -06:00 [INF] Application started. Press Ctrl+C to shut down.
2025-08-16 13:20:50.652 -06:00 [INF] Hosting environment: Development
2025-08-16 13:20:50.653 -06:00 [INF] Content root path: C:\Users\hoshu\OneDrive\Desktop\ProyectoAnalisisDeSistemas-master\ProyectoAnalisisDeSistemas-master\PaginaBizu
2025-08-16 13:20:55.838 -06:00 [INF] Request starting HTTP/1.1 GET http://localhost:5116/Orders - null null
2025-08-16 13:20:55.903 -06:00 [WRN] Failed to determine the https port for redirect.
2025-08-16 13:20:55.979 -06:00 [INF] Executing endpoint 'PaginaBizu.Controllers.OrdersController.Index (PaginaBizu)'
2025-08-16 13:20:56.015 -06:00 [INF] Route matched with {action = "Index", controller = "Orders", page = "", area = ""}. Executing controller action with signature System.Threading.Tasks.Task`1[Microsoft.AspNetCore.Mvc.IActionResult] Index() on controller PaginaBizu.Controllers.OrdersController (PaginaBizu).
2025-08-16 13:20:56.033 -06:00 [INF] ➡️ Acción ejecutándose: Orders/Index | Usuario: hoshuacastillo48@gmail.com | IP: ::1 | Hora: "2025-08-16T13:20:56.0333424-06:00"
2025-08-16 13:20:56.309 -06:00 [INF] Executed DbCommand (19ms) [Parameters=[], CommandType='"Text"', CommandTimeout='30']
SELECT [o].[Id], [o].[Estado], [o].[Fecha], [o].[Total], [o].[UsuarioId], [t].[Id], [t].[Cantidad], [t].[OrderId], [t].[PrecioUnitario], [t].[ProductId], [t].[Id0], [t].[CantidadDisponible], [t].[Categoria], [t].[Descripcion], [t].[FechaCreacion], [t].[ImagenUrl], [t].[NombreArticulo], [t].[Precio]
FROM [Orders] AS [o]
LEFT JOIN (
    SELECT [o0].[Id], [o0].[Cantidad], [o0].[OrderId], [o0].[PrecioUnitario], [o0].[ProductId], [p].[Id] AS [Id0], [p].[CantidadDisponible], [p].[Categoria], [p].[Descripcion], [p].[FechaCreacion], [p].[ImagenUrl], [p].[NombreArticulo], [p].[Precio]
    FROM [OrderDetails] AS [o0]
    INNER JOIN [Products] AS [p] ON [o0].[ProductId] = [p].[Id]
) AS [t] ON [o].[Id] = [t].[OrderId]
ORDER BY [o].[Fecha] DESC, [o].[Id], [t].[Id]
2025-08-16 13:20:56.446 -06:00 [INF] ✅ Acción ejecutada: Orders/Index | Hora: "2025-08-16T13:20:56.4468922-06:00"
2025-08-16 13:20:56.461 -06:00 [INF] Executing ViewResult, running view Index.
2025-08-16 13:20:56.582 -06:00 [INF] Executed ViewResult - view Index executed in 122.885ms.
2025-08-16 13:20:56.595 -06:00 [INF] Executed action PaginaBizu.Controllers.OrdersController.Index (PaginaBizu) in 575.0224ms
2025-08-16 13:20:56.603 -06:00 [INF] Executed endpoint 'PaginaBizu.Controllers.OrdersController.Index (PaginaBizu)'
2025-08-16 13:20:56.631 -06:00 [INF] Request finished HTTP/1.1 GET http://localhost:5116/Orders - 200 null text/html; charset=utf-8 796.856ms
2025-08-16 13:20:57.154 -06:00 [INF] Request starting HTTP/1.1 GET http://localhost:5116/Cart/CartCount - null null
2025-08-16 13:20:57.172 -06:00 [INF] Executing endpoint 'PaginaBizu.Controllers.CartController.CartCount (PaginaBizu)'
2025-08-16 13:20:57.180 -06:00 [INF] Route matched with {action = "CartCount", controller = "Cart", page = "", area = ""}. Executing controller action with signature Microsoft.AspNetCore.Mvc.IActionResult CartCount() on controller PaginaBizu.Controllers.CartController (PaginaBizu).
2025-08-16 13:20:57.184 -06:00 [INF] ➡️ Acción ejecutándose: Cart/CartCount | Usuario: hoshuacastillo48@gmail.com | IP: ::1 | Hora: "2025-08-16T13:20:57.1844786-06:00"
2025-08-16 13:20:57.190 -06:00 [INF] Accessing expired session, Key:b6d22df1-35ff-543a-666b-31a639717e32
2025-08-16 13:20:57.197 -06:00 [INF] ✅ Acción ejecutada: Cart/CartCount | Hora: "2025-08-16T13:20:57.1971279-06:00"
2025-08-16 13:20:57.204 -06:00 [INF] Executing JsonResult, writing value of type 'System.Int32'.
2025-08-16 13:20:57.257 -06:00 [INF] Request starting HTTP/1.1 GET http://localhost:5116/Cart/CartCount - null null
2025-08-16 13:20:57.257 -06:00 [INF] Executed action PaginaBizu.Controllers.CartController.CartCount (PaginaBizu) in 73.9817ms
2025-08-16 13:20:57.265 -06:00 [INF] Executed endpoint 'PaginaBizu.Controllers.CartController.CartCount (PaginaBizu)'
2025-08-16 13:20:57.267 -06:00 [INF] Request finished HTTP/1.1 GET http://localhost:5116/Cart/CartCount - 200 null application/json; charset=utf-8 113.3562ms
2025-08-16 13:20:57.291 -06:00 [INF] Executing endpoint 'PaginaBizu.Controllers.CartController.CartCount (PaginaBizu)'
2025-08-16 13:20:57.294 -06:00 [INF] Route matched with {action = "CartCount", controller = "Cart", page = "", area = ""}. Executing controller action with signature Microsoft.AspNetCore.Mvc.IActionResult CartCount() on controller PaginaBizu.Controllers.CartController (PaginaBizu).
2025-08-16 13:20:57.297 -06:00 [INF] ➡️ Acción ejecutándose: Cart/CartCount | Usuario: hoshuacastillo48@gmail.com | IP: ::1 | Hora: "2025-08-16T13:20:57.2978759-06:00"
2025-08-16 13:20:57.301 -06:00 [INF] Accessing expired session, Key:b6d22df1-35ff-543a-666b-31a639717e32
2025-08-16 13:20:57.303 -06:00 [INF] ✅ Acción ejecutada: Cart/CartCount | Hora: "2025-08-16T13:20:57.3037652-06:00"
2025-08-16 13:20:57.308 -06:00 [INF] Executing JsonResult, writing value of type 'System.Int32'.
2025-08-16 13:20:57.311 -06:00 [INF] Executed action PaginaBizu.Controllers.CartController.CartCount (PaginaBizu) in 13.4995ms
2025-08-16 13:20:57.313 -06:00 [INF] Executed endpoint 'PaginaBizu.Controllers.CartController.CartCount (PaginaBizu)'
2025-08-16 13:20:57.315 -06:00 [INF] Request finished HTTP/1.1 GET http://localhost:5116/Cart/CartCount - 200 null application/json; charset=utf-8 58.0909ms
2025-08-16 13:20:57.947 -06:00 [INF] Request starting HTTP/1.1 GET http://localhost:5116/favicon.ico - null null
2025-08-16 13:20:57.969 -06:00 [INF] Sending file. Request path: '/favicon.ico'. Physical path: 'C:\Users\hoshu\OneDrive\Desktop\ProyectoAnalisisDeSistemas-master\ProyectoAnalisisDeSistemas-master\PaginaBizu\wwwroot\favicon.ico'
2025-08-16 13:20:57.972 -06:00 [INF] Request finished HTTP/1.1 GET http://localhost:5116/favicon.ico - 200 5430 image/x-icon 25.2741ms
2025-08-16 13:21:12.507 -06:00 [INF] Request starting HTTP/1.1 GET http://localhost:5116/Orders/Details/2007 - null null
2025-08-16 13:21:12.518 -06:00 [INF] Request finished HTTP/1.1 GET http://localhost:5116/Orders/Details/2007 - 404 0 null 11.6124ms
2025-08-16 13:21:12.529 -06:00 [INF] Request reached the end of the middleware pipeline without being handled by application code. Request path: GET http://localhost:5116/Orders/Details/2007, Response status code: 404
2025-08-16 13:21:22.453 -06:00 [INF] Request starting HTTP/1.1 GET http://localhost:5116/Orders - null null
2025-08-16 13:21:22.467 -06:00 [INF] Executing endpoint 'PaginaBizu.Controllers.OrdersController.Index (PaginaBizu)'
2025-08-16 13:21:22.470 -06:00 [INF] Route matched with {action = "Index", controller = "Orders", page = "", area = ""}. Executing controller action with signature System.Threading.Tasks.Task`1[Microsoft.AspNetCore.Mvc.IActionResult] Index() on controller PaginaBizu.Controllers.OrdersController (PaginaBizu).
2025-08-16 13:21:22.475 -06:00 [INF] ➡️ Acción ejecutándose: Orders/Index | Usuario: hoshuacastillo48@gmail.com | IP: ::1 | Hora: "2025-08-16T13:21:22.4757324-06:00"
2025-08-16 13:21:22.531 -06:00 [INF] Executed DbCommand (15ms) [Parameters=[], CommandType='"Text"', CommandTimeout='30']
SELECT [o].[Id], [o].[Estado], [o].[Fecha], [o].[Total], [o].[UsuarioId], [t].[Id], [t].[Cantidad], [t].[OrderId], [t].[PrecioUnitario], [t].[ProductId], [t].[Id0], [t].[CantidadDisponible], [t].[Categoria], [t].[Descripcion], [t].[FechaCreacion], [t].[ImagenUrl], [t].[NombreArticulo], [t].[Precio]
FROM [Orders] AS [o]
LEFT JOIN (
    SELECT [o0].[Id], [o0].[Cantidad], [o0].[OrderId], [o0].[PrecioUnitario], [o0].[ProductId], [p].[Id] AS [Id0], [p].[CantidadDisponible], [p].[Categoria], [p].[Descripcion], [p].[FechaCreacion], [p].[ImagenUrl], [p].[NombreArticulo], [p].[Precio]
    FROM [OrderDetails] AS [o0]
    INNER JOIN [Products] AS [p] ON [o0].[ProductId] = [p].[Id]
) AS [t] ON [o].[Id] = [t].[OrderId]
ORDER BY [o].[Fecha] DESC, [o].[Id], [t].[Id]
2025-08-16 13:21:22.542 -06:00 [INF] ✅ Acción ejecutada: Orders/Index | Hora: "2025-08-16T13:21:22.5426823-06:00"
2025-08-16 13:21:22.548 -06:00 [INF] Executing ViewResult, running view Index.
2025-08-16 13:21:22.564 -06:00 [INF] Executed ViewResult - view Index executed in 16.7976ms.
2025-08-16 13:21:22.571 -06:00 [INF] Executed action PaginaBizu.Controllers.OrdersController.Index (PaginaBizu) in 96.3256ms
2025-08-16 13:21:22.580 -06:00 [INF] Executed endpoint 'PaginaBizu.Controllers.OrdersController.Index (PaginaBizu)'
2025-08-16 13:21:22.585 -06:00 [INF] Request finished HTTP/1.1 GET http://localhost:5116/Orders - 200 null text/html; charset=utf-8 131.9332ms
2025-08-16 13:21:22.842 -06:00 [INF] Request starting HTTP/1.1 GET http://localhost:5116/Cart/CartCount - null null
2025-08-16 13:21:22.852 -06:00 [INF] Executing endpoint 'PaginaBizu.Controllers.CartController.CartCount (PaginaBizu)'
2025-08-16 13:21:22.857 -06:00 [INF] Route matched with {action = "CartCount", controller = "Cart", page = "", area = ""}. Executing controller action with signature Microsoft.AspNetCore.Mvc.IActionResult CartCount() on controller PaginaBizu.Controllers.CartController (PaginaBizu).
2025-08-16 13:21:22.863 -06:00 [INF] ➡️ Acción ejecutándose: Cart/CartCount | Usuario: hoshuacastillo48@gmail.com | IP: ::1 | Hora: "2025-08-16T13:21:22.8633122-06:00"
2025-08-16 13:21:22.866 -06:00 [INF] Accessing expired session, Key:b6d22df1-35ff-543a-666b-31a639717e32
2025-08-16 13:21:22.868 -06:00 [INF] ✅ Acción ejecutada: Cart/CartCount | Hora: "2025-08-16T13:21:22.8684864-06:00"
2025-08-16 13:21:22.872 -06:00 [INF] Executing JsonResult, writing value of type 'System.Int32'.
2025-08-16 13:21:22.876 -06:00 [INF] Executed action PaginaBizu.Controllers.CartController.CartCount (PaginaBizu) in 13.1622ms
2025-08-16 13:21:22.877 -06:00 [INF] Request starting HTTP/1.1 GET http://localhost:5116/Cart/CartCount - null null
2025-08-16 13:21:22.879 -06:00 [INF] Executed endpoint 'PaginaBizu.Controllers.CartController.CartCount (PaginaBizu)'
2025-08-16 13:21:22.882 -06:00 [INF] Executing endpoint 'PaginaBizu.Controllers.CartController.CartCount (PaginaBizu)'
2025-08-16 13:21:22.883 -06:00 [INF] Request finished HTTP/1.1 GET http://localhost:5116/Cart/CartCount - 200 null application/json; charset=utf-8 41.6571ms
2025-08-16 13:21:22.888 -06:00 [INF] Route matched with {action = "CartCount", controller = "Cart", page = "", area = ""}. Executing controller action with signature Microsoft.AspNetCore.Mvc.IActionResult CartCount() on controller PaginaBizu.Controllers.CartController (PaginaBizu).
2025-08-16 13:21:22.898 -06:00 [INF] ➡️ Acción ejecutándose: Cart/CartCount | Usuario: hoshuacastillo48@gmail.com | IP: ::1 | Hora: "2025-08-16T13:21:22.8984568-06:00"
2025-08-16 13:21:22.901 -06:00 [INF] Accessing expired session, Key:b6d22df1-35ff-543a-666b-31a639717e32
2025-08-16 13:21:22.903 -06:00 [INF] ✅ Acción ejecutada: Cart/CartCount | Hora: "2025-08-16T13:21:22.9037996-06:00"
2025-08-16 13:21:22.907 -06:00 [INF] Executing JsonResult, writing value of type 'System.Int32'.
2025-08-16 13:21:22.910 -06:00 [INF] Executed action PaginaBizu.Controllers.CartController.CartCount (PaginaBizu) in 12.2561ms
2025-08-16 13:21:22.914 -06:00 [INF] Executed endpoint 'PaginaBizu.Controllers.CartController.CartCount (PaginaBizu)'
2025-08-16 13:21:22.916 -06:00 [INF] Request finished HTTP/1.1 GET http://localhost:5116/Cart/CartCount - 200 null application/json; charset=utf-8 38.1709ms
2025-08-16 13:21:24.006 -06:00 [INF] Request starting HTTP/1.1 GET http://localhost:5116/ - null null
2025-08-16 13:21:24.013 -06:00 [INF] Executing endpoint 'PaginaBizu.Controllers.HomeController.Index (PaginaBizu)'
2025-08-16 13:21:24.019 -06:00 [INF] Route matched with {action = "Index", controller = "Home", page = "", area = ""}. Executing controller action with signature Microsoft.AspNetCore.Mvc.IActionResult Index() on controller PaginaBizu.Controllers.HomeController (PaginaBizu).
2025-08-16 13:21:24.024 -06:00 [INF] ➡️ Acción ejecutándose: Home/Index | Usuario: hoshuacastillo48@gmail.com | IP: ::1 | Hora: "2025-08-16T13:21:24.0249241-06:00"
2025-08-16 13:21:24.029 -06:00 [INF] ✅ Acción ejecutada: Home/Index | Hora: "2025-08-16T13:21:24.0295493-06:00"
2025-08-16 13:21:24.034 -06:00 [INF] Executing ViewResult, running view Index.
2025-08-16 13:21:24.076 -06:00 [INF] Executed DbCommand (5ms) [Parameters=[@__p_0='?' (Size = 450)], CommandType='"Text"', CommandTimeout='30']
SELECT TOP(1) [a].[Id], [a].[AccessFailedCount], [a].[ConcurrencyStamp], [a].[Email], [a].[EmailConfirmed], [a].[LockoutEnabled], [a].[LockoutEnd], [a].[NormalizedEmail], [a].[NormalizedUserName], [a].[PasswordHash], [a].[PhoneNumber], [a].[PhoneNumberConfirmed], [a].[SecurityStamp], [a].[TwoFactorEnabled], [a].[UserName]
FROM [AspNetUsers] AS [a]
WHERE [a].[Id] = @__p_0
2025-08-16 13:21:24.111 -06:00 [INF] Executed DbCommand (5ms) [Parameters=[@__userId_0='?' (Size = 450)], CommandType='"Text"', CommandTimeout='30']
SELECT [a0].[Name]
FROM [AspNetUserRoles] AS [a]
INNER JOIN [AspNetRoles] AS [a0] ON [a].[RoleId] = [a0].[Id]
WHERE [a].[UserId] = @__userId_0
2025-08-16 13:21:24.127 -06:00 [INF] Executed ViewResult - view Index executed in 95.5029ms.
2025-08-16 13:21:24.133 -06:00 [INF] Executed action PaginaBizu.Controllers.HomeController.Index (PaginaBizu) in 109.2636ms
2025-08-16 13:21:24.136 -06:00 [INF] Executed endpoint 'PaginaBizu.Controllers.HomeController.Index (PaginaBizu)'
2025-08-16 13:21:24.139 -06:00 [INF] Request finished HTTP/1.1 GET http://localhost:5116/ - 200 null text/html; charset=utf-8 133.1028ms
2025-08-16 13:21:24.378 -06:00 [INF] Request starting HTTP/1.1 GET http://localhost:5116/images/bg.png - null null
2025-08-16 13:21:24.381 -06:00 [INF] Request starting HTTP/1.1 GET http://localhost:5116/css/tailwindcss - null null
2025-08-16 13:21:24.385 -06:00 [INF] Request finished HTTP/1.1 GET http://localhost:5116/images/bg.png - 404 0 null 7.4536ms
2025-08-16 13:21:24.390 -06:00 [INF] Request finished HTTP/1.1 GET http://localhost:5116/css/tailwindcss - 404 0 null 9.2442ms
2025-08-16 13:21:24.397 -06:00 [INF] Request reached the end of the middleware pipeline without being handled by application code. Request path: GET http://localhost:5116/images/bg.png, Response status code: 404
2025-08-16 13:21:24.402 -06:00 [INF] Request reached the end of the middleware pipeline without being handled by application code. Request path: GET http://localhost:5116/css/tailwindcss, Response status code: 404
2025-08-16 13:21:25.321 -06:00 [INF] Request starting HTTP/1.1 GET http://localhost:5116/Shop - null null
2025-08-16 13:21:25.327 -06:00 [INF] Executing endpoint 'PaginaBizu.Controllers.ShopController.Index (PaginaBizu)'
2025-08-16 13:21:25.332 -06:00 [INF] Route matched with {action = "Index", controller = "Shop", page = "", area = ""}. Executing controller action with signature Microsoft.AspNetCore.Mvc.IActionResult Index() on controller PaginaBizu.Controllers.ShopController (PaginaBizu).
2025-08-16 13:21:25.335 -06:00 [INF] ➡️ Acción ejecutándose: Shop/Index | Usuario: hoshuacastillo48@gmail.com | IP: ::1 | Hora: "2025-08-16T13:21:25.3358975-06:00"
2025-08-16 13:21:25.366 -06:00 [INF] Executed DbCommand (3ms) [Parameters=[], CommandType='"Text"', CommandTimeout='30']
SELECT [p].[Id], [p].[CantidadDisponible], [p].[Categoria], [p].[Descripcion], [p].[FechaCreacion], [p].[ImagenUrl], [p].[NombreArticulo], [p].[Precio]
FROM [Products] AS [p]
2025-08-16 13:21:25.377 -06:00 [INF] ✅ Acción ejecutada: Shop/Index | Hora: "2025-08-16T13:21:25.3775744-06:00"
2025-08-16 13:21:25.381 -06:00 [INF] Executing ViewResult, running view Index.
2025-08-16 13:21:25.399 -06:00 [INF] Executed ViewResult - view Index executed in 19.2055ms.
2025-08-16 13:21:25.403 -06:00 [INF] Executed action PaginaBizu.Controllers.ShopController.Index (PaginaBizu) in 68.3387ms
2025-08-16 13:21:25.409 -06:00 [INF] Executed endpoint 'PaginaBizu.Controllers.ShopController.Index (PaginaBizu)'
2025-08-16 13:21:25.414 -06:00 [INF] Request finished HTTP/1.1 GET http://localhost:5116/Shop - 200 null text/html; charset=utf-8 91.9332ms
2025-08-16 13:21:25.613 -06:00 [INF] Request starting HTTP/1.1 GET http://localhost:5116/images/imagenpulserrojo.jpg - null null
2025-08-16 13:21:25.621 -06:00 [INF] Request finished HTTP/1.1 GET http://localhost:5116/images/imagenpulserrojo.jpg - 404 0 null 7.4906ms
2025-08-16 13:21:25.629 -06:00 [INF] Request reached the end of the middleware pipeline without being handled by application code. Request path: GET http://localhost:5116/images/imagenpulserrojo.jpg, Response status code: 404
2025-08-16 13:21:25.633 -06:00 [INF] Request starting HTTP/1.1 GET http://localhost:5116/Cart/CartCount - null null
2025-08-16 13:21:25.637 -06:00 [INF] Executing endpoint 'PaginaBizu.Controllers.CartController.CartCount (PaginaBizu)'
2025-08-16 13:21:25.638 -06:00 [INF] Route matched with {action = "CartCount", controller = "Cart", page = "", area = ""}. Executing controller action with signature Microsoft.AspNetCore.Mvc.IActionResult CartCount() on controller PaginaBizu.Controllers.CartController (PaginaBizu).
2025-08-16 13:21:25.645 -06:00 [INF] ➡️ Acción ejecutándose: Cart/CartCount | Usuario: hoshuacastillo48@gmail.com | IP: ::1 | Hora: "2025-08-16T13:21:25.6453989-06:00"
2025-08-16 13:21:25.651 -06:00 [INF] Accessing expired session, Key:b6d22df1-35ff-543a-666b-31a639717e32
2025-08-16 13:21:25.652 -06:00 [INF] ✅ Acción ejecutada: Cart/CartCount | Hora: "2025-08-16T13:21:25.6523421-06:00"
2025-08-16 13:21:25.655 -06:00 [INF] Executing JsonResult, writing value of type 'System.Int32'.
2025-08-16 13:21:25.658 -06:00 [INF] Executed action PaginaBizu.Controllers.CartController.CartCount (PaginaBizu) in 12.9783ms
2025-08-16 13:21:25.660 -06:00 [INF] Request starting HTTP/1.1 GET http://localhost:5116/Cart/CartCount - null null
2025-08-16 13:21:25.661 -06:00 [INF] Executed endpoint 'PaginaBizu.Controllers.CartController.CartCount (PaginaBizu)'
2025-08-16 13:21:25.668 -06:00 [INF] Executing endpoint 'PaginaBizu.Controllers.CartController.CartCount (PaginaBizu)'
2025-08-16 13:21:25.668 -06:00 [INF] Request finished HTTP/1.1 GET http://localhost:5116/Cart/CartCount - 200 null application/json; charset=utf-8 35.3744ms
2025-08-16 13:21:25.670 -06:00 [INF] Route matched with {action = "CartCount", controller = "Cart", page = "", area = ""}. Executing controller action with signature Microsoft.AspNetCore.Mvc.IActionResult CartCount() on controller PaginaBizu.Controllers.CartController (PaginaBizu).
2025-08-16 13:21:25.681 -06:00 [INF] ➡️ Acción ejecutándose: Cart/CartCount | Usuario: hoshuacastillo48@gmail.com | IP: ::1 | Hora: "2025-08-16T13:21:25.6811494-06:00"
2025-08-16 13:21:25.685 -06:00 [INF] Accessing expired session, Key:b6d22df1-35ff-543a-666b-31a639717e32
2025-08-16 13:21:25.687 -06:00 [INF] ✅ Acción ejecutada: Cart/CartCount | Hora: "2025-08-16T13:21:25.6871385-06:00"
2025-08-16 13:21:25.690 -06:00 [INF] Executing JsonResult, writing value of type 'System.Int32'.
2025-08-16 13:21:25.694 -06:00 [INF] Executed action PaginaBizu.Controllers.CartController.CartCount (PaginaBizu) in 13.1581ms
2025-08-16 13:21:25.696 -06:00 [INF] Executed endpoint 'PaginaBizu.Controllers.CartController.CartCount (PaginaBizu)'
2025-08-16 13:21:25.697 -06:00 [INF] Request finished HTTP/1.1 GET http://localhost:5116/Cart/CartCount - 200 null application/json; charset=utf-8 37.5827ms
2025-08-16 13:21:26.925 -06:00 [INF] Request starting HTTP/1.1 GET http://localhost:5116/Shop/Details/1 - null null
2025-08-16 13:21:26.931 -06:00 [INF] Executing endpoint 'PaginaBizu.Controllers.ShopController.Details (PaginaBizu)'
2025-08-16 13:21:26.950 -06:00 [INF] Route matched with {action = "Details", controller = "Shop", page = "", area = ""}. Executing controller action with signature Microsoft.AspNetCore.Mvc.IActionResult Details(Int32) on controller PaginaBizu.Controllers.ShopController (PaginaBizu).
2025-08-16 13:21:26.971 -06:00 [INF] ➡️ Acción ejecutándose: Shop/Details | Usuario: hoshuacastillo48@gmail.com | IP: ::1 | Hora: "2025-08-16T13:21:26.9709588-06:00"
2025-08-16 13:21:26.999 -06:00 [INF] Executed DbCommand (3ms) [Parameters=[@__id_0='?' (DbType = Int32)], CommandType='"Text"', CommandTimeout='30']
SELECT TOP(1) [p].[Id], [p].[CantidadDisponible], [p].[Categoria], [p].[Descripcion], [p].[FechaCreacion], [p].[ImagenUrl], [p].[NombreArticulo], [p].[Precio]
FROM [Products] AS [p]
WHERE [p].[Id] = @__id_0
2025-08-16 13:21:27.029 -06:00 [INF] Executed DbCommand (6ms) [Parameters=[@__id_0='?' (DbType = Int32)], CommandType='"Text"', CommandTimeout='30']
SELECT [c].[Id], [c].[Calificacion], [c].[Contenido], [c].[Fecha], [c].[ProductoId], [c].[UsuarioId]
FROM [Comentarios] AS [c]
WHERE [c].[ProductoId] = @__id_0
ORDER BY [c].[Fecha] DESC
2025-08-16 13:21:27.063 -06:00 [INF] ✅ Acción ejecutada: Shop/Details | Hora: "2025-08-16T13:21:27.0631631-06:00"
2025-08-16 13:21:27.068 -06:00 [INF] Executing ViewResult, running view Details.
2025-08-16 13:21:27.099 -06:00 [INF] Executed ViewResult - view Details executed in 32.7126ms.
2025-08-16 13:21:27.104 -06:00 [INF] Executed action PaginaBizu.Controllers.ShopController.Details (PaginaBizu) in 146.0109ms
2025-08-16 13:21:27.109 -06:00 [INF] Executed endpoint 'PaginaBizu.Controllers.ShopController.Details (PaginaBizu)'
2025-08-16 13:21:27.115 -06:00 [INF] Request finished HTTP/1.1 GET http://localhost:5116/Shop/Details/1 - 200 null text/html; charset=utf-8 188.9535ms
2025-08-16 13:21:28.867 -06:00 [INF] Request starting HTTP/1.1 POST http://localhost:5116/Cart/AddToCart - application/json 8
2025-08-16 13:21:28.874 -06:00 [INF] Executing endpoint 'PaginaBizu.Controllers.CartController.AddToCart (PaginaBizu)'
2025-08-16 13:21:28.880 -06:00 [INF] Route matched with {action = "AddToCart", controller = "Cart", page = "", area = ""}. Executing controller action with signature Microsoft.AspNetCore.Mvc.IActionResult AddToCart(AddToCartModel) on controller PaginaBizu.Controllers.CartController (PaginaBizu).
2025-08-16 13:21:28.930 -06:00 [INF] ➡️ Acción ejecutándose: Cart/AddToCart | Usuario: hoshuacastillo48@gmail.com | IP: ::1 | Hora: "2025-08-16T13:21:28.9306636-06:00"
2025-08-16 13:21:28.946 -06:00 [INF] Executed DbCommand (2ms) [Parameters=[@__data_Id_0='?' (DbType = Int32)], CommandType='"Text"', CommandTimeout='30']
SELECT TOP(1) [p].[Id], [p].[CantidadDisponible], [p].[Categoria], [p].[Descripcion], [p].[FechaCreacion], [p].[ImagenUrl], [p].[NombreArticulo], [p].[Precio]
FROM [Products] AS [p]
WHERE [p].[Id] = @__data_Id_0
2025-08-16 13:21:28.952 -06:00 [INF] Accessing expired session, Key:b6d22df1-35ff-543a-666b-31a639717e32
2025-08-16 13:21:28.985 -06:00 [INF] ✅ Acción ejecutada: Cart/AddToCart | Hora: "2025-08-16T13:21:28.9851748-06:00"
2025-08-16 13:21:28.989 -06:00 [INF] Executing JsonResult, writing value of type '<>f__AnonymousType1`2[[System.Boolean, System.Private.CoreLib, Version=8.0.0.0, Culture=neutral, PublicKeyToken=7cec85d7bea7798e],[System.Int32, System.Private.CoreLib, Version=8.0.0.0, Culture=neutral, PublicKeyToken=7cec85d7bea7798e]]'.
2025-08-16 13:21:29.015 -06:00 [INF] Executed action PaginaBizu.Controllers.CartController.AddToCart (PaginaBizu) in 131.0203ms
2025-08-16 13:21:29.019 -06:00 [INF] Executed endpoint 'PaginaBizu.Controllers.CartController.AddToCart (PaginaBizu)'
2025-08-16 13:21:29.022 -06:00 [INF] Session started; Key:b6d22df1-35ff-543a-666b-31a639717e32, Id:a6fbe12f-ed87-9f04-f561-c31b87b9d08c
2025-08-16 13:21:29.026 -06:00 [INF] Request finished HTTP/1.1 POST http://localhost:5116/Cart/AddToCart - 200 null application/json; charset=utf-8 159.6513ms
2025-08-16 13:21:30.645 -06:00 [INF] Request starting HTTP/1.1 GET http://localhost:5116/ - null null
2025-08-16 13:21:30.651 -06:00 [INF] Executing endpoint 'PaginaBizu.Controllers.HomeController.Index (PaginaBizu)'
2025-08-16 13:21:30.652 -06:00 [INF] Route matched with {action = "Index", controller = "Home", page = "", area = ""}. Executing controller action with signature Microsoft.AspNetCore.Mvc.IActionResult Index() on controller PaginaBizu.Controllers.HomeController (PaginaBizu).
2025-08-16 13:21:30.658 -06:00 [INF] ➡️ Acción ejecutándose: Home/Index | Usuario: hoshuacastillo48@gmail.com | IP: ::1 | Hora: "2025-08-16T13:21:30.6588130-06:00"
2025-08-16 13:21:30.664 -06:00 [INF] ✅ Acción ejecutada: Home/Index | Hora: "2025-08-16T13:21:30.6649565-06:00"
2025-08-16 13:21:30.666 -06:00 [INF] Executing ViewResult, running view Index.
2025-08-16 13:21:30.673 -06:00 [INF] Executed DbCommand (1ms) [Parameters=[@__p_0='?' (Size = 450)], CommandType='"Text"', CommandTimeout='30']
SELECT TOP(1) [a].[Id], [a].[AccessFailedCount], [a].[ConcurrencyStamp], [a].[Email], [a].[EmailConfirmed], [a].[LockoutEnabled], [a].[LockoutEnd], [a].[NormalizedEmail], [a].[NormalizedUserName], [a].[PasswordHash], [a].[PhoneNumber], [a].[PhoneNumberConfirmed], [a].[SecurityStamp], [a].[TwoFactorEnabled], [a].[UserName]
FROM [AspNetUsers] AS [a]
WHERE [a].[Id] = @__p_0
2025-08-16 13:21:30.682 -06:00 [INF] Executed DbCommand (1ms) [Parameters=[@__userId_0='?' (Size = 450)], CommandType='"Text"', CommandTimeout='30']
SELECT [a0].[Name]
FROM [AspNetUserRoles] AS [a]
INNER JOIN [AspNetRoles] AS [a0] ON [a].[RoleId] = [a0].[Id]
WHERE [a].[UserId] = @__userId_0
2025-08-16 13:21:30.689 -06:00 [INF] Executed ViewResult - view Index executed in 22.3247ms.
2025-08-16 13:21:30.694 -06:00 [INF] Executed action PaginaBizu.Controllers.HomeController.Index (PaginaBizu) in 35.9424ms
2025-08-16 13:21:30.700 -06:00 [INF] Executed endpoint 'PaginaBizu.Controllers.HomeController.Index (PaginaBizu)'
2025-08-16 13:21:30.705 -06:00 [INF] Request finished HTTP/1.1 GET http://localhost:5116/ - 200 null text/html; charset=utf-8 59.4142ms
2025-08-16 13:21:30.997 -06:00 [INF] Request starting HTTP/1.1 GET http://localhost:5116/css/tailwindcss - null null
2025-08-16 13:21:31.004 -06:00 [INF] Request finished HTTP/1.1 GET http://localhost:5116/css/tailwindcss - 404 0 null 6.8801ms
2025-08-16 13:21:31.011 -06:00 [INF] Request reached the end of the middleware pipeline without being handled by application code. Request path: GET http://localhost:5116/css/tailwindcss, Response status code: 404
2025-08-16 13:21:31.558 -06:00 [INF] Request starting HTTP/1.1 GET http://localhost:5116/Products - null null
2025-08-16 13:21:31.608 -06:00 [INF] Executing endpoint 'PaginaBizu.Controllers.ProductsController.Index (PaginaBizu)'
2025-08-16 13:21:31.615 -06:00 [INF] Route matched with {action = "Index", controller = "Products", page = "", area = ""}. Executing controller action with signature System.Threading.Tasks.Task`1[Microsoft.AspNetCore.Mvc.IActionResult] Index() on controller PaginaBizu.Controllers.ProductsController (PaginaBizu).
2025-08-16 13:21:31.628 -06:00 [INF] ➡️ Acción ejecutándose: Products/Index | Usuario: hoshuacastillo48@gmail.com | IP: ::1 | Hora: "2025-08-16T13:21:31.6282350-06:00"
2025-08-16 13:21:31.650 -06:00 [INF] Executed DbCommand (1ms) [Parameters=[], CommandType='"Text"', CommandTimeout='30']
SELECT [p].[Id], [p].[CantidadDisponible], [p].[Categoria], [p].[Descripcion], [p].[FechaCreacion], [p].[ImagenUrl], [p].[NombreArticulo], [p].[Precio]
FROM [Products] AS [p]
2025-08-16 13:21:31.655 -06:00 [INF] ✅ Acción ejecutada: Products/Index | Hora: "2025-08-16T13:21:31.6552952-06:00"
2025-08-16 13:21:31.659 -06:00 [INF] Executing ViewResult, running view Index.
2025-08-16 13:21:31.683 -06:00 [INF] Executed ViewResult - view Index executed in 24.9317ms.
2025-08-16 13:21:31.686 -06:00 [INF] Executed action PaginaBizu.Controllers.ProductsController.Index (PaginaBizu) in 58.6779ms
2025-08-16 13:21:31.690 -06:00 [INF] Executed endpoint 'PaginaBizu.Controllers.ProductsController.Index (PaginaBizu)'
2025-08-16 13:21:31.694 -06:00 [INF] Request finished HTTP/1.1 GET http://localhost:5116/Products - 200 null text/html; charset=utf-8 135.6226ms
2025-08-16 13:21:31.728 -06:00 [INF] Request starting HTTP/1.1 GET http://localhost:5116/imagenpulseraoro.jpg - null null
2025-08-16 13:21:31.730 -06:00 [INF] Request starting HTTP/1.1 GET http://localhost:5116/pulseraverde.jpg - null null
2025-08-16 13:21:31.735 -06:00 [INF] Request finished HTTP/1.1 GET http://localhost:5116/imagenpulseraoro.jpg - 404 0 null 7.2558ms
2025-08-16 13:21:31.742 -06:00 [INF] Request finished HTTP/1.1 GET http://localhost:5116/pulseraverde.jpg - 404 0 null 11.8345ms
2025-08-16 13:21:31.747 -06:00 [INF] Request reached the end of the middleware pipeline without being handled by application code. Request path: GET http://localhost:5116/imagenpulseraoro.jpg, Response status code: 404
2025-08-16 13:21:31.751 -06:00 [INF] Request reached the end of the middleware pipeline without being handled by application code. Request path: GET http://localhost:5116/pulseraverde.jpg, Response status code: 404
2025-08-16 13:21:31.941 -06:00 [INF] Request starting HTTP/1.1 GET http://localhost:5116/imagenpulserrojo.jpg - null null
2025-08-16 13:21:31.951 -06:00 [INF] Request finished HTTP/1.1 GET http://localhost:5116/imagenpulserrojo.jpg - 404 0 null 9.9233ms
2025-08-16 13:21:31.959 -06:00 [INF] Request reached the end of the middleware pipeline without being handled by application code. Request path: GET http://localhost:5116/imagenpulserrojo.jpg, Response status code: 404
2025-08-16 13:21:31.965 -06:00 [INF] Request starting HTTP/1.1 GET http://localhost:5116/Cart/CartCount - null null
2025-08-16 13:21:31.969 -06:00 [INF] Executing endpoint 'PaginaBizu.Controllers.CartController.CartCount (PaginaBizu)'
2025-08-16 13:21:31.972 -06:00 [INF] Route matched with {action = "CartCount", controller = "Cart", page = "", area = ""}. Executing controller action with signature Microsoft.AspNetCore.Mvc.IActionResult CartCount() on controller PaginaBizu.Controllers.CartController (PaginaBizu).
2025-08-16 13:21:31.975 -06:00 [INF] ➡️ Acción ejecutándose: Cart/CartCount | Usuario: hoshuacastillo48@gmail.com | IP: ::1 | Hora: "2025-08-16T13:21:31.9756708-06:00"
2025-08-16 13:21:31.984 -06:00 [INF] ✅ Acción ejecutada: Cart/CartCount | Hora: "2025-08-16T13:21:31.9848235-06:00"
2025-08-16 13:21:31.988 -06:00 [INF] Executing JsonResult, writing value of type 'System.Int32'.
2025-08-16 13:21:31.990 -06:00 [INF] Executed action PaginaBizu.Controllers.CartController.CartCount (PaginaBizu) in 15.254ms
2025-08-16 13:21:31.992 -06:00 [INF] Request starting HTTP/1.1 GET http://localhost:5116/Cart/CartCount - null null
2025-08-16 13:21:31.993 -06:00 [INF] Executed endpoint 'PaginaBizu.Controllers.CartController.CartCount (PaginaBizu)'
2025-08-16 13:21:31.999 -06:00 [INF] Executing endpoint 'PaginaBizu.Controllers.CartController.CartCount (PaginaBizu)'
2025-08-16 13:21:31.999 -06:00 [INF] Request finished HTTP/1.1 GET http://localhost:5116/Cart/CartCount - 200 null application/json; charset=utf-8 34.0535ms
2025-08-16 13:21:32.001 -06:00 [INF] Route matched with {action = "CartCount", controller = "Cart", page = "", area = ""}. Executing controller action with signature Microsoft.AspNetCore.Mvc.IActionResult CartCount() on controller PaginaBizu.Controllers.CartController (PaginaBizu).
2025-08-16 13:21:32.010 -06:00 [INF] ➡️ Acción ejecutándose: Cart/CartCount | Usuario: hoshuacastillo48@gmail.com | IP: ::1 | Hora: "2025-08-16T13:21:32.0102967-06:00"
2025-08-16 13:21:32.015 -06:00 [INF] ✅ Acción ejecutada: Cart/CartCount | Hora: "2025-08-16T13:21:32.0154674-06:00"
2025-08-16 13:21:32.018 -06:00 [INF] Executing JsonResult, writing value of type 'System.Int32'.
2025-08-16 13:21:32.021 -06:00 [INF] Executed action PaginaBizu.Controllers.CartController.CartCount (PaginaBizu) in 11.5743ms
2025-08-16 13:21:32.024 -06:00 [INF] Executed endpoint 'PaginaBizu.Controllers.CartController.CartCount (PaginaBizu)'
2025-08-16 13:21:32.027 -06:00 [INF] Request finished HTTP/1.1 GET http://localhost:5116/Cart/CartCount - 200 null application/json; charset=utf-8 35.7578ms
2025-08-16 13:21:34.588 -06:00 [INF] Request starting HTTP/1.1 POST http://localhost:5116/Cart/ComprarPrueba - application/x-www-form-urlencoded 225
2025-08-16 13:21:34.595 -06:00 [INF] Executing endpoint 'PaginaBizu.Controllers.CartController.ComprarPrueba (PaginaBizu)'
2025-08-16 13:21:34.599 -06:00 [INF] Route matched with {action = "ComprarPrueba", controller = "Cart", page = "", area = ""}. Executing controller action with signature Microsoft.AspNetCore.Mvc.IActionResult ComprarPrueba() on controller PaginaBizu.Controllers.CartController (PaginaBizu).
2025-08-16 13:21:34.605 -06:00 [INF] ➡️ Acción ejecutándose: Cart/ComprarPrueba | Usuario: hoshuacastillo48@gmail.com | IP: ::1 | Hora: "2025-08-16T13:21:34.6052334-06:00"
2025-08-16 13:21:34.646 -06:00 [INF] Executed DbCommand (3ms) [Parameters=[@__p_0='?' (DbType = Int32)], CommandType='"Text"', CommandTimeout='30']
SELECT TOP(1) [p].[Id], [p].[CantidadDisponible], [p].[Categoria], [p].[Descripcion], [p].[FechaCreacion], [p].[ImagenUrl], [p].[NombreArticulo], [p].[Precio]
FROM [Products] AS [p]
WHERE [p].[Id] = @__p_0
2025-08-16 13:21:34.850 -06:00 [INF] Executed DbCommand (6ms) [Parameters=[@p0='?' (Size = 4000), @p1='?' (DbType = DateTime2), @p2='?' (Precision = 18) (Scale = 2) (DbType = Decimal), @p3='?' (Size = 4000)], CommandType='"Text"', CommandTimeout='30']
SET IMPLICIT_TRANSACTIONS OFF;
SET NOCOUNT ON;
INSERT INTO [Orders] ([Estado], [Fecha], [Total], [UsuarioId])
OUTPUT INSERTED.[Id]
VALUES (@p0, @p1, @p2, @p3);
2025-08-16 13:21:34.875 -06:00 [INF] Executed DbCommand (4ms) [Parameters=[@p4='?' (DbType = Int32), @p5='?' (DbType = Int32), @p6='?' (Precision = 18) (Scale = 2) (DbType = Decimal), @p7='?' (DbType = Int32)], CommandType='"Text"', CommandTimeout='30']
SET IMPLICIT_TRANSACTIONS OFF;
SET NOCOUNT ON;
INSERT INTO [OrderDetails] ([Cantidad], [OrderId], [PrecioUnitario], [ProductId])
OUTPUT INSERTED.[Id]
VALUES (@p4, @p5, @p6, @p7);
2025-08-16 13:21:34.908 -06:00 [INF] ✅ Acción ejecutada: Cart/ComprarPrueba | Hora: "2025-08-16T13:21:34.9081280-06:00"
2025-08-16 13:21:34.910 -06:00 [INF] Executing RedirectResult, redirecting to /Products.
2025-08-16 13:21:34.915 -06:00 [INF] Executed action PaginaBizu.Controllers.CartController.ComprarPrueba (PaginaBizu) in 310.1488ms
2025-08-16 13:21:34.917 -06:00 [INF] Executed endpoint 'PaginaBizu.Controllers.CartController.ComprarPrueba (PaginaBizu)'
2025-08-16 13:21:34.918 -06:00 [INF] Request finished HTTP/1.1 POST http://localhost:5116/Cart/ComprarPrueba - 302 0 null 329.2951ms
2025-08-16 13:21:34.921 -06:00 [INF] Request starting HTTP/1.1 GET http://localhost:5116/Products - null null
2025-08-16 13:21:34.930 -06:00 [INF] Executing endpoint 'PaginaBizu.Controllers.ProductsController.Index (PaginaBizu)'
2025-08-16 13:21:34.931 -06:00 [INF] Route matched with {action = "Index", controller = "Products", page = "", area = ""}. Executing controller action with signature System.Threading.Tasks.Task`1[Microsoft.AspNetCore.Mvc.IActionResult] Index() on controller PaginaBizu.Controllers.ProductsController (PaginaBizu).
2025-08-16 13:21:34.934 -06:00 [INF] ➡️ Acción ejecutándose: Products/Index | Usuario: hoshuacastillo48@gmail.com | IP: ::1 | Hora: "2025-08-16T13:21:34.9339903-06:00"
2025-08-16 13:21:34.937 -06:00 [INF] Executed DbCommand (1ms) [Parameters=[], CommandType='"Text"', CommandTimeout='30']
SELECT [p].[Id], [p].[CantidadDisponible], [p].[Categoria], [p].[Descripcion], [p].[FechaCreacion], [p].[ImagenUrl], [p].[NombreArticulo], [p].[Precio]
FROM [Products] AS [p]
2025-08-16 13:21:34.943 -06:00 [INF] ✅ Acción ejecutada: Products/Index | Hora: "2025-08-16T13:21:34.9432554-06:00"
2025-08-16 13:21:34.945 -06:00 [INF] Executing ViewResult, running view Index.
2025-08-16 13:21:34.949 -06:00 [INF] Executed ViewResult - view Index executed in 4.5899ms.
2025-08-16 13:21:34.951 -06:00 [INF] Executed action PaginaBizu.Controllers.ProductsController.Index (PaginaBizu) in 17.8697ms
2025-08-16 13:21:34.954 -06:00 [INF] Executed endpoint 'PaginaBizu.Controllers.ProductsController.Index (PaginaBizu)'
2025-08-16 13:21:34.957 -06:00 [INF] Request finished HTTP/1.1 GET http://localhost:5116/Products - 200 null text/html; charset=utf-8 35.4018ms
2025-08-16 13:21:34.974 -06:00 [INF] Request starting HTTP/1.1 GET http://localhost:5116/imagenpulseraoro.jpg - null null
2025-08-16 13:21:34.976 -06:00 [INF] Request starting HTTP/1.1 GET http://localhost:5116/pulseraverde.jpg - null null
2025-08-16 13:21:34.981 -06:00 [INF] Request finished HTTP/1.1 GET http://localhost:5116/imagenpulseraoro.jpg - 404 0 null 7.2189ms
2025-08-16 13:21:34.991 -06:00 [INF] Request finished HTTP/1.1 GET http://localhost:5116/pulseraverde.jpg - 404 0 null 15.064ms
2025-08-16 13:21:35.001 -06:00 [INF] Request reached the end of the middleware pipeline without being handled by application code. Request path: GET http://localhost:5116/imagenpulseraoro.jpg, Response status code: 404
2025-08-16 13:21:35.010 -06:00 [INF] Request reached the end of the middleware pipeline without being handled by application code. Request path: GET http://localhost:5116/pulseraverde.jpg, Response status code: 404
2025-08-16 13:21:35.190 -06:00 [INF] Request starting HTTP/1.1 GET http://localhost:5116/imagenpulserrojo.jpg - null null
2025-08-16 13:21:35.198 -06:00 [INF] Request starting HTTP/1.1 GET http://localhost:5116/Cart/CartCount - null null
2025-08-16 13:21:35.201 -06:00 [INF] Request finished HTTP/1.1 GET http://localhost:5116/imagenpulserrojo.jpg - 404 0 null 11.6007ms
2025-08-16 13:21:35.213 -06:00 [INF] Executing endpoint 'PaginaBizu.Controllers.CartController.CartCount (PaginaBizu)'
2025-08-16 13:21:35.219 -06:00 [INF] Request reached the end of the middleware pipeline without being handled by application code. Request path: GET http://localhost:5116/imagenpulserrojo.jpg, Response status code: 404
2025-08-16 13:21:35.223 -06:00 [INF] Route matched with {action = "CartCount", controller = "Cart", page = "", area = ""}. Executing controller action with signature Microsoft.AspNetCore.Mvc.IActionResult CartCount() on controller PaginaBizu.Controllers.CartController (PaginaBizu).
2025-08-16 13:21:35.233 -06:00 [INF] ➡️ Acción ejecutándose: Cart/CartCount | Usuario: hoshuacastillo48@gmail.com | IP: ::1 | Hora: "2025-08-16T13:21:35.2339023-06:00"
2025-08-16 13:21:35.238 -06:00 [INF] ✅ Acción ejecutada: Cart/CartCount | Hora: "2025-08-16T13:21:35.2384755-06:00"
2025-08-16 13:21:35.243 -06:00 [INF] Executing JsonResult, writing value of type 'System.Int32'.
2025-08-16 13:21:35.247 -06:00 [INF] Executed action PaginaBizu.Controllers.CartController.CartCount (PaginaBizu) in 13.3178ms
2025-08-16 13:21:35.248 -06:00 [INF] Request starting HTTP/1.1 GET http://localhost:5116/Cart/CartCount - null null
2025-08-16 13:21:35.250 -06:00 [INF] Executed endpoint 'PaginaBizu.Controllers.CartController.CartCount (PaginaBizu)'
2025-08-16 13:21:35.260 -06:00 [INF] Executing endpoint 'PaginaBizu.Controllers.CartController.CartCount (PaginaBizu)'
2025-08-16 13:21:35.263 -06:00 [INF] Request finished HTTP/1.1 GET http://localhost:5116/Cart/CartCount - 200 null application/json; charset=utf-8 65.2418ms
2025-08-16 13:21:35.267 -06:00 [INF] Route matched with {action = "CartCount", controller = "Cart", page = "", area = ""}. Executing controller action with signature Microsoft.AspNetCore.Mvc.IActionResult CartCount() on controller PaginaBizu.Controllers.CartController (PaginaBizu).
2025-08-16 13:21:35.278 -06:00 [INF] ➡️ Acción ejecutándose: Cart/CartCount | Usuario: hoshuacastillo48@gmail.com | IP: ::1 | Hora: "2025-08-16T13:21:35.2781846-06:00"
2025-08-16 13:21:35.281 -06:00 [INF] ✅ Acción ejecutada: Cart/CartCount | Hora: "2025-08-16T13:21:35.2814236-06:00"
2025-08-16 13:21:35.285 -06:00 [INF] Executing JsonResult, writing value of type 'System.Int32'.
2025-08-16 13:21:35.289 -06:00 [INF] Executed action PaginaBizu.Controllers.CartController.CartCount (PaginaBizu) in 11.0347ms
2025-08-16 13:21:35.292 -06:00 [INF] Executed endpoint 'PaginaBizu.Controllers.CartController.CartCount (PaginaBizu)'
2025-08-16 13:21:35.295 -06:00 [INF] Request finished HTTP/1.1 GET http://localhost:5116/Cart/CartCount - 200 null application/json; charset=utf-8 47.4314ms
2025-08-16 13:22:48.578 -06:00 [INF] Application is shutting down...
2025-08-16 13:22:56.953 -06:00 [INF] User profile is available. Using 'C:\Users\hoshu\AppData\Local\ASP.NET\DataProtection-Keys' as key repository and Windows DPAPI to encrypt keys at rest.
2025-08-16 13:22:57.309 -06:00 [WRN] No store type was specified for the decimal property 'Total' on entity type 'Order'. This will cause values to be silently truncated if they do not fit in the default precision and scale. Explicitly specify the SQL server column type that can accommodate all the values in 'OnModelCreating' using 'HasColumnType', specify precision and scale using 'HasPrecision', or configure a value converter using 'HasConversion'.
2025-08-16 13:22:57.312 -06:00 [WRN] No store type was specified for the decimal property 'PrecioUnitario' on entity type 'OrderDetail'. This will cause values to be silently truncated if they do not fit in the default precision and scale. Explicitly specify the SQL server column type that can accommodate all the values in 'OnModelCreating' using 'HasColumnType', specify precision and scale using 'HasPrecision', or configure a value converter using 'HasConversion'.
2025-08-16 13:22:57.313 -06:00 [WRN] No store type was specified for the decimal property 'Precio' on entity type 'Product'. This will cause values to be silently truncated if they do not fit in the default precision and scale. Explicitly specify the SQL server column type that can accommodate all the values in 'OnModelCreating' using 'HasColumnType', specify precision and scale using 'HasPrecision', or configure a value converter using 'HasConversion'.
2025-08-16 13:22:57.694 -06:00 [INF] Executed DbCommand (28ms) [Parameters=[@__normalizedName_0='?' (Size = 256)], CommandType='"Text"', CommandTimeout='30']
SELECT TOP(1) [a].[Id], [a].[ConcurrencyStamp], [a].[Name], [a].[NormalizedName]
FROM [AspNetRoles] AS [a]
WHERE [a].[NormalizedName] = @__normalizedName_0
2025-08-16 13:22:57.775 -06:00 [INF] Executed DbCommand (6ms) [Parameters=[@__normalizedEmail_0='?' (Size = 256)], CommandType='"Text"', CommandTimeout='30']
SELECT TOP(2) [a].[Id], [a].[AccessFailedCount], [a].[ConcurrencyStamp], [a].[Email], [a].[EmailConfirmed], [a].[LockoutEnabled], [a].[LockoutEnd], [a].[NormalizedEmail], [a].[NormalizedUserName], [a].[PasswordHash], [a].[PhoneNumber], [a].[PhoneNumberConfirmed], [a].[SecurityStamp], [a].[TwoFactorEnabled], [a].[UserName]
FROM [AspNetUsers] AS [a]
WHERE [a].[NormalizedEmail] = @__normalizedEmail_0
2025-08-16 13:22:57.817 -06:00 [INF] Executed DbCommand (3ms) [Parameters=[@__normalizedRoleName_0='?' (Size = 256)], CommandType='"Text"', CommandTimeout='30']
SELECT TOP(2) [a].[Id], [a].[ConcurrencyStamp], [a].[Name], [a].[NormalizedName]
FROM [AspNetRoles] AS [a]
WHERE [a].[NormalizedName] = @__normalizedRoleName_0
2025-08-16 13:22:57.848 -06:00 [INF] Executed DbCommand (3ms) [Parameters=[@__p_0='?' (Size = 450), @__p_1='?' (Size = 450)], CommandType='"Text"', CommandTimeout='30']
SELECT TOP(1) [a].[UserId], [a].[RoleId]
FROM [AspNetUserRoles] AS [a]
WHERE [a].[UserId] = @__p_0 AND [a].[RoleId] = @__p_1
2025-08-16 13:22:57.865 -06:00 [INF] Executed DbCommand (1ms) [Parameters=[@__normalizedEmail_0='?' (Size = 256)], CommandType='"Text"', CommandTimeout='30']
SELECT TOP(2) [a].[Id], [a].[AccessFailedCount], [a].[ConcurrencyStamp], [a].[Email], [a].[EmailConfirmed], [a].[LockoutEnabled], [a].[LockoutEnd], [a].[NormalizedEmail], [a].[NormalizedUserName], [a].[PasswordHash], [a].[PhoneNumber], [a].[PhoneNumberConfirmed], [a].[SecurityStamp], [a].[TwoFactorEnabled], [a].[UserName]
FROM [AspNetUsers] AS [a]
WHERE [a].[NormalizedEmail] = @__normalizedEmail_0
2025-08-16 13:22:57.873 -06:00 [INF] Executed DbCommand (1ms) [Parameters=[@__normalizedRoleName_0='?' (Size = 256)], CommandType='"Text"', CommandTimeout='30']
SELECT TOP(2) [a].[Id], [a].[ConcurrencyStamp], [a].[Name], [a].[NormalizedName]
FROM [AspNetRoles] AS [a]
WHERE [a].[NormalizedName] = @__normalizedRoleName_0
2025-08-16 13:22:57.880 -06:00 [INF] Executed DbCommand (1ms) [Parameters=[@__p_0='?' (Size = 450), @__p_1='?' (Size = 450)], CommandType='"Text"', CommandTimeout='30']
SELECT TOP(1) [a].[UserId], [a].[RoleId]
FROM [AspNetUserRoles] AS [a]
WHERE [a].[UserId] = @__p_0 AND [a].[RoleId] = @__p_1
2025-08-16 13:22:57.886 -06:00 [INF] Executed DbCommand (1ms) [Parameters=[@__normalizedEmail_0='?' (Size = 256)], CommandType='"Text"', CommandTimeout='30']
SELECT TOP(2) [a].[Id], [a].[AccessFailedCount], [a].[ConcurrencyStamp], [a].[Email], [a].[EmailConfirmed], [a].[LockoutEnabled], [a].[LockoutEnd], [a].[NormalizedEmail], [a].[NormalizedUserName], [a].[PasswordHash], [a].[PhoneNumber], [a].[PhoneNumberConfirmed], [a].[SecurityStamp], [a].[TwoFactorEnabled], [a].[UserName]
FROM [AspNetUsers] AS [a]
WHERE [a].[NormalizedEmail] = @__normalizedEmail_0
2025-08-16 13:22:57.890 -06:00 [INF] Executed DbCommand (1ms) [Parameters=[@__normalizedRoleName_0='?' (Size = 256)], CommandType='"Text"', CommandTimeout='30']
SELECT TOP(2) [a].[Id], [a].[ConcurrencyStamp], [a].[Name], [a].[NormalizedName]
FROM [AspNetRoles] AS [a]
WHERE [a].[NormalizedName] = @__normalizedRoleName_0
2025-08-16 13:22:57.894 -06:00 [INF] Executed DbCommand (1ms) [Parameters=[@__p_0='?' (Size = 450), @__p_1='?' (Size = 450)], CommandType='"Text"', CommandTimeout='30']
SELECT TOP(1) [a].[UserId], [a].[RoleId]
FROM [AspNetUserRoles] AS [a]
WHERE [a].[UserId] = @__p_0 AND [a].[RoleId] = @__p_1
2025-08-16 13:22:58.090 -06:00 [INF] Now listening on: http://localhost:5116
2025-08-16 13:22:58.095 -06:00 [INF] Application started. Press Ctrl+C to shut down.
2025-08-16 13:22:58.096 -06:00 [INF] Hosting environment: Development
2025-08-16 13:22:58.099 -06:00 [INF] Content root path: C:\Users\hoshu\OneDrive\Desktop\ProyectoAnalisisDeSistemas-master\ProyectoAnalisisDeSistemas-master\PaginaBizu
2025-08-16 13:23:01.189 -06:00 [INF] Request starting HTTP/1.1 GET http://localhost:5116/Products - null null
2025-08-16 13:23:01.234 -06:00 [WRN] Failed to determine the https port for redirect.
2025-08-16 13:23:01.276 -06:00 [INF] Executing endpoint 'PaginaBizu.Controllers.ProductsController.Index (PaginaBizu)'
2025-08-16 13:23:01.291 -06:00 [INF] Route matched with {action = "Index", controller = "Products", page = "", area = ""}. Executing controller action with signature System.Threading.Tasks.Task`1[Microsoft.AspNetCore.Mvc.IActionResult] Index() on controller PaginaBizu.Controllers.ProductsController (PaginaBizu).
2025-08-16 13:23:01.304 -06:00 [INF] ➡️ Acción ejecutándose: Products/Index | Usuario: hoshuacastillo48@gmail.com | IP: ::1 | Hora: "2025-08-16T13:23:01.3043737-06:00"
2025-08-16 13:23:01.367 -06:00 [INF] Executed DbCommand (3ms) [Parameters=[], CommandType='"Text"', CommandTimeout='30']
SELECT [p].[Id], [p].[CantidadDisponible], [p].[Categoria], [p].[Descripcion], [p].[FechaCreacion], [p].[ImagenUrl], [p].[NombreArticulo], [p].[Precio]
FROM [Products] AS [p]
2025-08-16 13:23:01.397 -06:00 [INF] ✅ Acción ejecutada: Products/Index | Hora: "2025-08-16T13:23:01.3973805-06:00"
2025-08-16 13:23:01.403 -06:00 [INF] Executing ViewResult, running view Index.
2025-08-16 13:23:01.475 -06:00 [INF] Executed ViewResult - view Index executed in 71.8827ms.
2025-08-16 13:23:01.483 -06:00 [INF] Executed action PaginaBizu.Controllers.ProductsController.Index (PaginaBizu) in 185.4154ms
2025-08-16 13:23:01.488 -06:00 [INF] Executed endpoint 'PaginaBizu.Controllers.ProductsController.Index (PaginaBizu)'
2025-08-16 13:23:01.510 -06:00 [INF] Request finished HTTP/1.1 GET http://localhost:5116/Products - 200 null text/html; charset=utf-8 321.4145ms
2025-08-16 13:23:01.530 -06:00 [INF] Request starting HTTP/1.1 GET http://localhost:5116/imagenpulseraoro.jpg - null null
2025-08-16 13:23:01.538 -06:00 [INF] Request starting HTTP/1.1 GET http://localhost:5116/pulseraverde.jpg - null null
2025-08-16 13:23:01.548 -06:00 [INF] Request finished HTTP/1.1 GET http://localhost:5116/imagenpulseraoro.jpg - 404 0 null 17.6261ms
2025-08-16 13:23:01.558 -06:00 [INF] Request reached the end of the middleware pipeline without being handled by application code. Request path: GET http://localhost:5116/imagenpulseraoro.jpg, Response status code: 404
2025-08-16 13:23:01.577 -06:00 [INF] Request finished HTTP/1.1 GET http://localhost:5116/pulseraverde.jpg - 404 0 null 39.1351ms
2025-08-16 13:23:01.582 -06:00 [INF] Request reached the end of the middleware pipeline without being handled by application code. Request path: GET http://localhost:5116/pulseraverde.jpg, Response status code: 404
2025-08-16 13:23:01.849 -06:00 [INF] Request starting HTTP/1.1 GET http://localhost:5116/imagenpulserrojo.jpg - null null
2025-08-16 13:23:01.860 -06:00 [INF] Request finished HTTP/1.1 GET http://localhost:5116/imagenpulserrojo.jpg - 404 0 null 10.2083ms
2025-08-16 13:23:01.865 -06:00 [INF] Request reached the end of the middleware pipeline without being handled by application code. Request path: GET http://localhost:5116/imagenpulserrojo.jpg, Response status code: 404
2025-08-16 13:23:01.915 -06:00 [INF] Request starting HTTP/1.1 GET http://localhost:5116/Cart/CartCount - null null
2025-08-16 13:23:01.923 -06:00 [INF] Executing endpoint 'PaginaBizu.Controllers.CartController.CartCount (PaginaBizu)'
2025-08-16 13:23:01.930 -06:00 [INF] Route matched with {action = "CartCount", controller = "Cart", page = "", area = ""}. Executing controller action with signature Microsoft.AspNetCore.Mvc.IActionResult CartCount() on controller PaginaBizu.Controllers.CartController (PaginaBizu).
2025-08-16 13:23:01.935 -06:00 [INF] ➡️ Acción ejecutándose: Cart/CartCount | Usuario: hoshuacastillo48@gmail.com | IP: ::1 | Hora: "2025-08-16T13:23:01.9356205-06:00"
2025-08-16 13:23:01.941 -06:00 [INF] Accessing expired session, Key:b6d22df1-35ff-543a-666b-31a639717e32
2025-08-16 13:23:01.946 -06:00 [INF] ✅ Acción ejecutada: Cart/CartCount | Hora: "2025-08-16T13:23:01.9464933-06:00"
2025-08-16 13:23:01.951 -06:00 [INF] Executing JsonResult, writing value of type 'System.Int32'.
2025-08-16 13:23:01.993 -06:00 [INF] Request starting HTTP/1.1 GET http://localhost:5116/Cart/CartCount - null null
2025-08-16 13:23:01.994 -06:00 [INF] Executed action PaginaBizu.Controllers.CartController.CartCount (PaginaBizu) in 59.3679ms
2025-08-16 13:23:01.999 -06:00 [INF] Executed endpoint 'PaginaBizu.Controllers.CartController.CartCount (PaginaBizu)'
2025-08-16 13:23:02.000 -06:00 [INF] Executing endpoint 'PaginaBizu.Controllers.CartController.CartCount (PaginaBizu)'
2025-08-16 13:23:02.001 -06:00 [INF] Request finished HTTP/1.1 GET http://localhost:5116/Cart/CartCount - 200 null application/json; charset=utf-8 86.4987ms
2025-08-16 13:23:02.003 -06:00 [INF] Route matched with {action = "CartCount", controller = "Cart", page = "", area = ""}. Executing controller action with signature Microsoft.AspNetCore.Mvc.IActionResult CartCount() on controller PaginaBizu.Controllers.CartController (PaginaBizu).
2025-08-16 13:23:02.011 -06:00 [INF] ➡️ Acción ejecutándose: Cart/CartCount | Usuario: hoshuacastillo48@gmail.com | IP: ::1 | Hora: "2025-08-16T13:23:02.0118065-06:00"
2025-08-16 13:23:02.015 -06:00 [INF] Accessing expired session, Key:b6d22df1-35ff-543a-666b-31a639717e32
2025-08-16 13:23:02.017 -06:00 [INF] ✅ Acción ejecutada: Cart/CartCount | Hora: "2025-08-16T13:23:02.0170036-06:00"
2025-08-16 13:23:02.019 -06:00 [INF] Executing JsonResult, writing value of type 'System.Int32'.
2025-08-16 13:23:02.022 -06:00 [INF] Executed action PaginaBizu.Controllers.CartController.CartCount (PaginaBizu) in 10.986ms
2025-08-16 13:23:02.025 -06:00 [INF] Executed endpoint 'PaginaBizu.Controllers.CartController.CartCount (PaginaBizu)'
2025-08-16 13:23:02.027 -06:00 [INF] Request finished HTTP/1.1 GET http://localhost:5116/Cart/CartCount - 200 null application/json; charset=utf-8 33.4222ms
2025-08-16 13:23:05.453 -06:00 [INF] Request starting HTTP/1.1 POST http://localhost:5116/Cart/ComprarPrueba - application/x-www-form-urlencoded 225
2025-08-16 13:23:05.464 -06:00 [INF] Executing endpoint 'PaginaBizu.Controllers.CartController.ComprarPrueba (PaginaBizu)'
2025-08-16 13:23:05.471 -06:00 [INF] Route matched with {action = "ComprarPrueba", controller = "Cart", page = "", area = ""}. Executing controller action with signature Microsoft.AspNetCore.Mvc.IActionResult ComprarPrueba() on controller PaginaBizu.Controllers.CartController (PaginaBizu).
2025-08-16 13:23:05.481 -06:00 [INF] ➡️ Acción ejecutándose: Cart/ComprarPrueba | Usuario: hoshuacastillo48@gmail.com | IP: ::1 | Hora: "2025-08-16T13:23:05.4811120-06:00"
2025-08-16 13:23:05.501 -06:00 [INF] Accessing expired session, Key:b6d22df1-35ff-543a-666b-31a639717e32
2025-08-16 13:23:05.534 -06:00 [WRN] The query uses the 'First'/'FirstOrDefault' operator without 'OrderBy' and filter operators. This may lead to unpredictable results.
2025-08-16 13:23:05.571 -06:00 [INF] Executed DbCommand (4ms) [Parameters=[], CommandType='"Text"', CommandTimeout='30']
SELECT TOP(1) [p].[Id], [p].[CantidadDisponible], [p].[Categoria], [p].[Descripcion], [p].[FechaCreacion], [p].[ImagenUrl], [p].[NombreArticulo], [p].[Precio]
FROM [Products] AS [p]
2025-08-16 13:23:05.790 -06:00 [INF] Executed DbCommand (8ms) [Parameters=[@p0='?' (Size = 4000), @p1='?' (DbType = DateTime2), @p2='?' (Precision = 18) (Scale = 2) (DbType = Decimal), @p3='?' (Size = 4000)], CommandType='"Text"', CommandTimeout='30']
SET IMPLICIT_TRANSACTIONS OFF;
SET NOCOUNT ON;
INSERT INTO [Orders] ([Estado], [Fecha], [Total], [UsuarioId])
OUTPUT INSERTED.[Id]
VALUES (@p0, @p1, @p2, @p3);
2025-08-16 13:23:05.825 -06:00 [INF] Executed DbCommand (11ms) [Parameters=[@p4='?' (DbType = Int32), @p5='?' (DbType = Int32), @p6='?' (Precision = 18) (Scale = 2) (DbType = Decimal), @p7='?' (DbType = Int32)], CommandType='"Text"', CommandTimeout='30']
SET IMPLICIT_TRANSACTIONS OFF;
SET NOCOUNT ON;
INSERT INTO [OrderDetails] ([Cantidad], [OrderId], [PrecioUnitario], [ProductId])
OUTPUT INSERTED.[Id]
VALUES (@p4, @p5, @p6, @p7);
2025-08-16 13:23:05.881 -06:00 [INF] ✅ Acción ejecutada: Cart/ComprarPrueba | Hora: "2025-08-16T13:23:05.8813333-06:00"
2025-08-16 13:23:05.885 -06:00 [INF] Executing RedirectResult, redirecting to /Products.
2025-08-16 13:23:05.896 -06:00 [INF] Executed action PaginaBizu.Controllers.CartController.ComprarPrueba (PaginaBizu) in 415.7327ms
2025-08-16 13:23:05.900 -06:00 [INF] Executed endpoint 'PaginaBizu.Controllers.CartController.ComprarPrueba (PaginaBizu)'
2025-08-16 13:23:05.901 -06:00 [INF] Request finished HTTP/1.1 POST http://localhost:5116/Cart/ComprarPrueba - 302 0 null 448.3922ms
2025-08-16 13:23:05.907 -06:00 [INF] Request starting HTTP/1.1 GET http://localhost:5116/Products - null null
2025-08-16 13:23:05.915 -06:00 [INF] Executing endpoint 'PaginaBizu.Controllers.ProductsController.Index (PaginaBizu)'
2025-08-16 13:23:05.917 -06:00 [INF] Route matched with {action = "Index", controller = "Products", page = "", area = ""}. Executing controller action with signature System.Threading.Tasks.Task`1[Microsoft.AspNetCore.Mvc.IActionResult] Index() on controller PaginaBizu.Controllers.ProductsController (PaginaBizu).
2025-08-16 13:23:05.920 -06:00 [INF] ➡️ Acción ejecutándose: Products/Index | Usuario: hoshuacastillo48@gmail.com | IP: ::1 | Hora: "2025-08-16T13:23:05.9205853-06:00"
2025-08-16 13:23:05.930 -06:00 [INF] Executed DbCommand (6ms) [Parameters=[], CommandType='"Text"', CommandTimeout='30']
SELECT [p].[Id], [p].[CantidadDisponible], [p].[Categoria], [p].[Descripcion], [p].[FechaCreacion], [p].[ImagenUrl], [p].[NombreArticulo], [p].[Precio]
FROM [Products] AS [p]
2025-08-16 13:23:05.934 -06:00 [INF] ✅ Acción ejecutada: Products/Index | Hora: "2025-08-16T13:23:05.9345311-06:00"
2025-08-16 13:23:05.937 -06:00 [INF] Executing ViewResult, running view Index.
2025-08-16 13:23:05.953 -06:00 [INF] Executed ViewResult - view Index executed in 17.0086ms.
2025-08-16 13:23:05.956 -06:00 [INF] Executed action PaginaBizu.Controllers.ProductsController.Index (PaginaBizu) in 36.4636ms
2025-08-16 13:23:05.960 -06:00 [INF] Executed endpoint 'PaginaBizu.Controllers.ProductsController.Index (PaginaBizu)'
2025-08-16 13:23:05.963 -06:00 [INF] Request finished HTTP/1.1 GET http://localhost:5116/Products - 200 null text/html; charset=utf-8 56.7133ms
2025-08-16 13:23:06.067 -06:00 [INF] Request starting HTTP/1.1 GET http://localhost:5116/imagenpulseraoro.jpg - null null
2025-08-16 13:23:06.075 -06:00 [INF] Request finished HTTP/1.1 GET http://localhost:5116/imagenpulseraoro.jpg - 404 0 null 7.6174ms
2025-08-16 13:23:06.081 -06:00 [INF] Request reached the end of the middleware pipeline without being handled by application code. Request path: GET http://localhost:5116/imagenpulseraoro.jpg, Response status code: 404
2025-08-16 13:23:06.110 -06:00 [INF] Request starting HTTP/1.1 GET http://localhost:5116/pulseraverde.jpg - null null
2025-08-16 13:23:06.119 -06:00 [INF] Request finished HTTP/1.1 GET http://localhost:5116/pulseraverde.jpg - 404 0 null 8.7744ms
2025-08-16 13:23:06.124 -06:00 [INF] Request reached the end of the middleware pipeline without being handled by application code. Request path: GET http://localhost:5116/pulseraverde.jpg, Response status code: 404
2025-08-16 13:23:06.214 -06:00 [INF] Request starting HTTP/1.1 GET http://localhost:5116/imagenpulserrojo.jpg - null null
2025-08-16 13:23:06.223 -06:00 [INF] Request finished HTTP/1.1 GET http://localhost:5116/imagenpulserrojo.jpg - 404 0 null 9.4792ms
2025-08-16 13:23:06.232 -06:00 [INF] Request reached the end of the middleware pipeline without being handled by application code. Request path: GET http://localhost:5116/imagenpulserrojo.jpg, Response status code: 404
2025-08-16 13:23:06.270 -06:00 [INF] Request starting HTTP/1.1 GET http://localhost:5116/Cart/CartCount - null null
2025-08-16 13:23:06.333 -06:00 [INF] Executing endpoint 'PaginaBizu.Controllers.CartController.CartCount (PaginaBizu)'
2025-08-16 13:23:06.336 -06:00 [INF] Route matched with {action = "CartCount", controller = "Cart", page = "", area = ""}. Executing controller action with signature Microsoft.AspNetCore.Mvc.IActionResult CartCount() on controller PaginaBizu.Controllers.CartController (PaginaBizu).
2025-08-16 13:23:06.340 -06:00 [INF] ➡️ Acción ejecutándose: Cart/CartCount | Usuario: hoshuacastillo48@gmail.com | IP: ::1 | Hora: "2025-08-16T13:23:06.3404940-06:00"
2025-08-16 13:23:06.344 -06:00 [INF] Accessing expired session, Key:b6d22df1-35ff-543a-666b-31a639717e32
2025-08-16 13:23:06.346 -06:00 [INF] ✅ Acción ejecutada: Cart/CartCount | Hora: "2025-08-16T13:23:06.3468616-06:00"
2025-08-16 13:23:06.350 -06:00 [INF] Executing JsonResult, writing value of type 'System.Int32'.
2025-08-16 13:23:06.367 -06:00 [INF] Executed action PaginaBizu.Controllers.CartController.CartCount (PaginaBizu) in 27.5279ms
2025-08-16 13:23:06.369 -06:00 [INF] Request starting HTTP/1.1 GET http://localhost:5116/Cart/CartCount - null null
2025-08-16 13:23:06.372 -06:00 [INF] Executed endpoint 'PaginaBizu.Controllers.CartController.CartCount (PaginaBizu)'
2025-08-16 13:23:06.379 -06:00 [INF] Executing endpoint 'PaginaBizu.Controllers.CartController.CartCount (PaginaBizu)'
2025-08-16 13:23:06.380 -06:00 [INF] Request finished HTTP/1.1 GET http://localhost:5116/Cart/CartCount - 200 null application/json; charset=utf-8 109.7668ms
2025-08-16 13:23:06.382 -06:00 [INF] Route matched with {action = "CartCount", controller = "Cart", page = "", area = ""}. Executing controller action with signature Microsoft.AspNetCore.Mvc.IActionResult CartCount() on controller PaginaBizu.Controllers.CartController (PaginaBizu).
2025-08-16 13:23:06.388 -06:00 [INF] ➡️ Acción ejecutándose: Cart/CartCount | Usuario: hoshuacastillo48@gmail.com | IP: ::1 | Hora: "2025-08-16T13:23:06.3884809-06:00"
2025-08-16 13:23:06.391 -06:00 [INF] Accessing expired session, Key:b6d22df1-35ff-543a-666b-31a639717e32
2025-08-16 13:23:06.394 -06:00 [INF] ✅ Acción ejecutada: Cart/CartCount | Hora: "2025-08-16T13:23:06.3948366-06:00"
2025-08-16 13:23:06.396 -06:00 [INF] Executing JsonResult, writing value of type 'System.Int32'.
2025-08-16 13:23:06.398 -06:00 [INF] Executed action PaginaBizu.Controllers.CartController.CartCount (PaginaBizu) in 10.1871ms
2025-08-16 13:23:06.400 -06:00 [INF] Executed endpoint 'PaginaBizu.Controllers.CartController.CartCount (PaginaBizu)'
2025-08-16 13:23:06.402 -06:00 [INF] Request finished HTTP/1.1 GET http://localhost:5116/Cart/CartCount - 200 null application/json; charset=utf-8 32.5523ms
2025-08-16 13:23:15.231 -06:00 [INF] Request starting HTTP/1.1 GET http://localhost:5116/ - null null
2025-08-16 13:23:15.235 -06:00 [INF] Executing endpoint 'PaginaBizu.Controllers.HomeController.Index (PaginaBizu)'
2025-08-16 13:23:15.240 -06:00 [INF] Route matched with {action = "Index", controller = "Home", page = "", area = ""}. Executing controller action with signature Microsoft.AspNetCore.Mvc.IActionResult Index() on controller PaginaBizu.Controllers.HomeController (PaginaBizu).
2025-08-16 13:23:15.249 -06:00 [INF] ➡️ Acción ejecutándose: Home/Index | Usuario: hoshuacastillo48@gmail.com | IP: ::1 | Hora: "2025-08-16T13:23:15.2494164-06:00"
2025-08-16 13:23:15.251 -06:00 [INF] ✅ Acción ejecutada: Home/Index | Hora: "2025-08-16T13:23:15.2518230-06:00"
2025-08-16 13:23:15.256 -06:00 [INF] Executing ViewResult, running view Index.
2025-08-16 13:23:15.307 -06:00 [INF] Executed DbCommand (5ms) [Parameters=[@__p_0='?' (Size = 450)], CommandType='"Text"', CommandTimeout='30']
SELECT TOP(1) [a].[Id], [a].[AccessFailedCount], [a].[ConcurrencyStamp], [a].[Email], [a].[EmailConfirmed], [a].[LockoutEnabled], [a].[LockoutEnd], [a].[NormalizedEmail], [a].[NormalizedUserName], [a].[PasswordHash], [a].[PhoneNumber], [a].[PhoneNumberConfirmed], [a].[SecurityStamp], [a].[TwoFactorEnabled], [a].[UserName]
FROM [AspNetUsers] AS [a]
WHERE [a].[Id] = @__p_0
2025-08-16 13:23:15.391 -06:00 [INF] Executed DbCommand (5ms) [Parameters=[@__userId_0='?' (Size = 450)], CommandType='"Text"', CommandTimeout='30']
SELECT [a0].[Name]
FROM [AspNetUserRoles] AS [a]
INNER JOIN [AspNetRoles] AS [a0] ON [a].[RoleId] = [a0].[Id]
WHERE [a].[UserId] = @__userId_0
2025-08-16 13:23:15.423 -06:00 [INF] Executed ViewResult - view Index executed in 169.205ms.
2025-08-16 13:23:15.434 -06:00 [INF] Executed action PaginaBizu.Controllers.HomeController.Index (PaginaBizu) in 185.6896ms
2025-08-16 13:23:15.439 -06:00 [INF] Executed endpoint 'PaginaBizu.Controllers.HomeController.Index (PaginaBizu)'
2025-08-16 13:23:15.444 -06:00 [INF] Request finished HTTP/1.1 GET http://localhost:5116/ - 200 null text/html; charset=utf-8 212.3351ms
2025-08-16 13:23:15.691 -06:00 [INF] Request starting HTTP/1.1 GET http://localhost:5116/images/bg.png - null null
2025-08-16 13:23:15.705 -06:00 [INF] Request finished HTTP/1.1 GET http://localhost:5116/images/bg.png - 404 0 null 13.392ms
2025-08-16 13:23:15.718 -06:00 [INF] Request reached the end of the middleware pipeline without being handled by application code. Request path: GET http://localhost:5116/images/bg.png, Response status code: 404
2025-08-16 13:23:15.725 -06:00 [INF] Request starting HTTP/1.1 GET http://localhost:5116/css/tailwindcss - null null
2025-08-16 13:23:15.740 -06:00 [INF] Request finished HTTP/1.1 GET http://localhost:5116/css/tailwindcss - 404 0 null 15.4363ms
2025-08-16 13:23:15.750 -06:00 [INF] Request reached the end of the middleware pipeline without being handled by application code. Request path: GET http://localhost:5116/css/tailwindcss, Response status code: 404
2025-08-16 13:23:18.364 -06:00 [INF] Request starting HTTP/1.1 GET http://localhost:5116/Products - null null
2025-08-16 13:23:18.370 -06:00 [INF] Executing endpoint 'PaginaBizu.Controllers.ProductsController.Index (PaginaBizu)'
2025-08-16 13:23:18.372 -06:00 [INF] Route matched with {action = "Index", controller = "Products", page = "", area = ""}. Executing controller action with signature System.Threading.Tasks.Task`1[Microsoft.AspNetCore.Mvc.IActionResult] Index() on controller PaginaBizu.Controllers.ProductsController (PaginaBizu).
2025-08-16 13:23:18.378 -06:00 [INF] ➡️ Acción ejecutándose: Products/Index | Usuario: hoshuacastillo48@gmail.com | IP: ::1 | Hora: "2025-08-16T13:23:18.3782245-06:00"
2025-08-16 13:23:18.386 -06:00 [INF] Executed DbCommand (2ms) [Parameters=[], CommandType='"Text"', CommandTimeout='30']
SELECT [p].[Id], [p].[CantidadDisponible], [p].[Categoria], [p].[Descripcion], [p].[FechaCreacion], [p].[ImagenUrl], [p].[NombreArticulo], [p].[Precio]
FROM [Products] AS [p]
2025-08-16 13:23:18.391 -06:00 [INF] ✅ Acción ejecutada: Products/Index | Hora: "2025-08-16T13:23:18.3910745-06:00"
2025-08-16 13:23:18.397 -06:00 [INF] Executing ViewResult, running view Index.
2025-08-16 13:23:18.404 -06:00 [INF] Executed ViewResult - view Index executed in 7.156ms.
2025-08-16 13:23:18.408 -06:00 [INF] Executed action PaginaBizu.Controllers.ProductsController.Index (PaginaBizu) in 30.6938ms
2025-08-16 13:23:18.416 -06:00 [INF] Executed endpoint 'PaginaBizu.Controllers.ProductsController.Index (PaginaBizu)'
2025-08-16 13:23:18.421 -06:00 [INF] Request finished HTTP/1.1 GET http://localhost:5116/Products - 200 null text/html; charset=utf-8 56.6999ms
2025-08-16 13:23:18.462 -06:00 [INF] Request starting HTTP/1.1 GET http://localhost:5116/imagenpulseraoro.jpg - null null
2025-08-16 13:23:18.462 -06:00 [INF] Request starting HTTP/1.1 GET http://localhost:5116/pulseraverde.jpg - null null
2025-08-16 13:23:18.477 -06:00 [INF] Request finished HTTP/1.1 GET http://localhost:5116/imagenpulseraoro.jpg - 404 0 null 15.4346ms
2025-08-16 13:23:18.483 -06:00 [INF] Request finished HTTP/1.1 GET http://localhost:5116/pulseraverde.jpg - 404 0 null 20.4403ms
2025-08-16 13:23:18.494 -06:00 [INF] Request reached the end of the middleware pipeline without being handled by application code. Request path: GET http://localhost:5116/imagenpulseraoro.jpg, Response status code: 404
2025-08-16 13:23:18.504 -06:00 [INF] Request reached the end of the middleware pipeline without being handled by application code. Request path: GET http://localhost:5116/pulseraverde.jpg, Response status code: 404
2025-08-16 13:23:18.746 -06:00 [INF] Request starting HTTP/1.1 GET http://localhost:5116/imagenpulserrojo.jpg - null null
2025-08-16 13:23:18.763 -06:00 [INF] Request finished HTTP/1.1 GET http://localhost:5116/imagenpulserrojo.jpg - 404 0 null 16.6858ms
2025-08-16 13:23:18.776 -06:00 [INF] Request reached the end of the middleware pipeline without being handled by application code. Request path: GET http://localhost:5116/imagenpulserrojo.jpg, Response status code: 404
2025-08-16 13:23:18.789 -06:00 [INF] Request starting HTTP/1.1 GET http://localhost:5116/Cart/CartCount - null null
2025-08-16 13:23:18.795 -06:00 [INF] Executing endpoint 'PaginaBizu.Controllers.CartController.CartCount (PaginaBizu)'
2025-08-16 13:23:18.798 -06:00 [INF] Route matched with {action = "CartCount", controller = "Cart", page = "", area = ""}. Executing controller action with signature Microsoft.AspNetCore.Mvc.IActionResult CartCount() on controller PaginaBizu.Controllers.CartController (PaginaBizu).
2025-08-16 13:23:18.801 -06:00 [INF] ➡️ Acción ejecutándose: Cart/CartCount | Usuario: hoshuacastillo48@gmail.com | IP: ::1 | Hora: "2025-08-16T13:23:18.8017781-06:00"
2025-08-16 13:23:18.804 -06:00 [INF] Accessing expired session, Key:b6d22df1-35ff-543a-666b-31a639717e32
2025-08-16 13:23:18.806 -06:00 [INF] ✅ Acción ejecutada: Cart/CartCount | Hora: "2025-08-16T13:23:18.8062739-06:00"
2025-08-16 13:23:18.808 -06:00 [INF] Executing JsonResult, writing value of type 'System.Int32'.
2025-08-16 13:23:18.810 -06:00 [INF] Executed action PaginaBizu.Controllers.CartController.CartCount (PaginaBizu) in 8.7576ms
2025-08-16 13:23:18.813 -06:00 [INF] Request starting HTTP/1.1 GET http://localhost:5116/Cart/CartCount - null null
2025-08-16 13:23:18.813 -06:00 [INF] Executed endpoint 'PaginaBizu.Controllers.CartController.CartCount (PaginaBizu)'
2025-08-16 13:23:18.819 -06:00 [INF] Executing endpoint 'PaginaBizu.Controllers.CartController.CartCount (PaginaBizu)'
2025-08-16 13:23:18.820 -06:00 [INF] Request finished HTTP/1.1 GET http://localhost:5116/Cart/CartCount - 200 null application/json; charset=utf-8 30.597ms
2025-08-16 13:23:18.822 -06:00 [INF] Route matched with {action = "CartCount", controller = "Cart", page = "", area = ""}. Executing controller action with signature Microsoft.AspNetCore.Mvc.IActionResult CartCount() on controller PaginaBizu.Controllers.CartController (PaginaBizu).
2025-08-16 13:23:18.832 -06:00 [INF] ➡️ Acción ejecutándose: Cart/CartCount | Usuario: hoshuacastillo48@gmail.com | IP: ::1 | Hora: "2025-08-16T13:23:18.8326047-06:00"
2025-08-16 13:23:18.836 -06:00 [INF] Accessing expired session, Key:b6d22df1-35ff-543a-666b-31a639717e32
2025-08-16 13:23:18.841 -06:00 [INF] ✅ Acción ejecutada: Cart/CartCount | Hora: "2025-08-16T13:23:18.8413594-06:00"
2025-08-16 13:23:18.844 -06:00 [INF] Executing JsonResult, writing value of type 'System.Int32'.
2025-08-16 13:23:18.847 -06:00 [INF] Executed action PaginaBizu.Controllers.CartController.CartCount (PaginaBizu) in 15.4111ms
2025-08-16 13:23:18.849 -06:00 [INF] Executed endpoint 'PaginaBizu.Controllers.CartController.CartCount (PaginaBizu)'
2025-08-16 13:23:18.851 -06:00 [INF] Request finished HTTP/1.1 GET http://localhost:5116/Cart/CartCount - 200 null application/json; charset=utf-8 38.3053ms
2025-08-16 13:23:19.733 -06:00 [INF] Request starting HTTP/1.1 GET http://localhost:5116/Orders - null null
2025-08-16 13:23:19.740 -06:00 [INF] Executing endpoint 'PaginaBizu.Controllers.OrdersController.Index (PaginaBizu)'
2025-08-16 13:23:19.750 -06:00 [INF] Route matched with {action = "Index", controller = "Orders", page = "", area = ""}. Executing controller action with signature System.Threading.Tasks.Task`1[Microsoft.AspNetCore.Mvc.IActionResult] Index() on controller PaginaBizu.Controllers.OrdersController (PaginaBizu).
2025-08-16 13:23:19.756 -06:00 [INF] ➡️ Acción ejecutándose: Orders/Index | Usuario: hoshuacastillo48@gmail.com | IP: ::1 | Hora: "2025-08-16T13:23:19.7563264-06:00"
2025-08-16 13:23:19.876 -06:00 [INF] Executed DbCommand (12ms) [Parameters=[], CommandType='"Text"', CommandTimeout='30']
SELECT [o].[Id], [o].[Estado], [o].[Fecha], [o].[Total], [o].[UsuarioId], [t].[Id], [t].[Cantidad], [t].[OrderId], [t].[PrecioUnitario], [t].[ProductId], [t].[Id0], [t].[CantidadDisponible], [t].[Categoria], [t].[Descripcion], [t].[FechaCreacion], [t].[ImagenUrl], [t].[NombreArticulo], [t].[Precio]
FROM [Orders] AS [o]
LEFT JOIN (
    SELECT [o0].[Id], [o0].[Cantidad], [o0].[OrderId], [o0].[PrecioUnitario], [o0].[ProductId], [p].[Id] AS [Id0], [p].[CantidadDisponible], [p].[Categoria], [p].[Descripcion], [p].[FechaCreacion], [p].[ImagenUrl], [p].[NombreArticulo], [p].[Precio]
    FROM [OrderDetails] AS [o0]
    INNER JOIN [Products] AS [p] ON [o0].[ProductId] = [p].[Id]
) AS [t] ON [o].[Id] = [t].[OrderId]
ORDER BY [o].[Fecha] DESC, [o].[Id], [t].[Id]
2025-08-16 13:23:19.895 -06:00 [INF] ✅ Acción ejecutada: Orders/Index | Hora: "2025-08-16T13:23:19.8958821-06:00"
2025-08-16 13:23:19.901 -06:00 [INF] Executing ViewResult, running view Index.
2025-08-16 13:23:19.924 -06:00 [INF] Executed ViewResult - view Index executed in 24.017ms.
2025-08-16 13:23:19.930 -06:00 [INF] Executed action PaginaBizu.Controllers.OrdersController.Index (PaginaBizu) in 174.0437ms
2025-08-16 13:23:19.935 -06:00 [INF] Executed endpoint 'PaginaBizu.Controllers.OrdersController.Index (PaginaBizu)'
2025-08-16 13:23:19.940 -06:00 [INF] Request finished HTTP/1.1 GET http://localhost:5116/Orders - 200 null text/html; charset=utf-8 207.4112ms
2025-08-16 13:23:20.221 -06:00 [INF] Request starting HTTP/1.1 GET http://localhost:5116/Cart/CartCount - null null
2025-08-16 13:23:20.226 -06:00 [INF] Executing endpoint 'PaginaBizu.Controllers.CartController.CartCount (PaginaBizu)'
2025-08-16 13:23:20.228 -06:00 [INF] Route matched with {action = "CartCount", controller = "Cart", page = "", area = ""}. Executing controller action with signature Microsoft.AspNetCore.Mvc.IActionResult CartCount() on controller PaginaBizu.Controllers.CartController (PaginaBizu).
2025-08-16 13:23:20.232 -06:00 [INF] ➡️ Acción ejecutándose: Cart/CartCount | Usuario: hoshuacastillo48@gmail.com | IP: ::1 | Hora: "2025-08-16T13:23:20.2325396-06:00"
2025-08-16 13:23:20.236 -06:00 [INF] Accessing expired session, Key:b6d22df1-35ff-543a-666b-31a639717e32
2025-08-16 13:23:20.238 -06:00 [INF] ✅ Acción ejecutada: Cart/CartCount | Hora: "2025-08-16T13:23:20.2381297-06:00"
2025-08-16 13:23:20.240 -06:00 [INF] Executing JsonResult, writing value of type 'System.Int32'.
2025-08-16 13:23:20.242 -06:00 [INF] Executed action PaginaBizu.Controllers.CartController.CartCount (PaginaBizu) in 9.7806ms
2025-08-16 13:23:20.245 -06:00 [INF] Request starting HTTP/1.1 GET http://localhost:5116/Cart/CartCount - null null
2025-08-16 13:23:20.246 -06:00 [INF] Executed endpoint 'PaginaBizu.Controllers.CartController.CartCount (PaginaBizu)'
2025-08-16 13:23:20.253 -06:00 [INF] Request finished HTTP/1.1 GET http://localhost:5116/Cart/CartCount - 200 null application/json; charset=utf-8 31.5329ms
2025-08-16 13:23:20.251 -06:00 [INF] Executing endpoint 'PaginaBizu.Controllers.CartController.CartCount (PaginaBizu)'
2025-08-16 13:23:20.263 -06:00 [INF] Route matched with {action = "CartCount", controller = "Cart", page = "", area = ""}. Executing controller action with signature Microsoft.AspNetCore.Mvc.IActionResult CartCount() on controller PaginaBizu.Controllers.CartController (PaginaBizu).
2025-08-16 13:23:20.267 -06:00 [INF] ➡️ Acción ejecutándose: Cart/CartCount | Usuario: hoshuacastillo48@gmail.com | IP: ::1 | Hora: "2025-08-16T13:23:20.2670079-06:00"
2025-08-16 13:23:20.270 -06:00 [INF] Accessing expired session, Key:b6d22df1-35ff-543a-666b-31a639717e32
2025-08-16 13:23:20.272 -06:00 [INF] ✅ Acción ejecutada: Cart/CartCount | Hora: "2025-08-16T13:23:20.2722859-06:00"
2025-08-16 13:23:20.274 -06:00 [INF] Executing JsonResult, writing value of type 'System.Int32'.
2025-08-16 13:23:20.276 -06:00 [INF] Executed action PaginaBizu.Controllers.CartController.CartCount (PaginaBizu) in 9.7131ms
2025-08-16 13:23:20.280 -06:00 [INF] Executed endpoint 'PaginaBizu.Controllers.CartController.CartCount (PaginaBizu)'
2025-08-16 13:23:20.282 -06:00 [INF] Request finished HTTP/1.1 GET http://localhost:5116/Cart/CartCount - 200 null application/json; charset=utf-8 38.0425ms
2025-08-16 13:23:21.458 -06:00 [INF] Request starting HTTP/1.1 GET http://localhost:5116/Orders/Details/2009 - null null
2025-08-16 13:23:21.465 -06:00 [INF] Executing endpoint 'PaginaBizu.Controllers.OrdersController.Details (PaginaBizu)'
2025-08-16 13:23:21.484 -06:00 [INF] Route matched with {action = "Details", controller = "Orders", page = "", area = ""}. Executing controller action with signature System.Threading.Tasks.Task`1[Microsoft.AspNetCore.Mvc.IActionResult] Details(System.Nullable`1[System.Int32]) on controller PaginaBizu.Controllers.OrdersController (PaginaBizu).
2025-08-16 13:23:21.501 -06:00 [INF] ➡️ Acción ejecutándose: Orders/Details | Usuario: hoshuacastillo48@gmail.com | IP: ::1 | Hora: "2025-08-16T13:23:21.5018087-06:00"
2025-08-16 13:23:21.539 -06:00 [INF] Executed DbCommand (8ms) [Parameters=[@__id_0='?' (DbType = Int32)], CommandType='"Text"', CommandTimeout='30']
SELECT [t].[Id], [t].[Estado], [t].[Fecha], [t].[Total], [t].[UsuarioId], [t0].[Id], [t0].[Cantidad], [t0].[OrderId], [t0].[PrecioUnitario], [t0].[ProductId], [t0].[Id0], [t0].[CantidadDisponible], [t0].[Categoria], [t0].[Descripcion], [t0].[FechaCreacion], [t0].[ImagenUrl], [t0].[NombreArticulo], [t0].[Precio]
FROM (
    SELECT TOP(1) [o].[Id], [o].[Estado], [o].[Fecha], [o].[Total], [o].[UsuarioId]
    FROM [Orders] AS [o]
    WHERE [o].[Id] = @__id_0
) AS [t]
LEFT JOIN (
    SELECT [o0].[Id], [o0].[Cantidad], [o0].[OrderId], [o0].[PrecioUnitario], [o0].[ProductId], [p].[Id] AS [Id0], [p].[CantidadDisponible], [p].[Categoria], [p].[Descripcion], [p].[FechaCreacion], [p].[ImagenUrl], [p].[NombreArticulo], [p].[Precio]
    FROM [OrderDetails] AS [o0]
    INNER JOIN [Products] AS [p] ON [o0].[ProductId] = [p].[Id]
) AS [t0] ON [t].[Id] = [t0].[OrderId]
ORDER BY [t].[Id], [t0].[Id]
2025-08-16 13:23:21.546 -06:00 [INF] ✅ Acción ejecutada: Orders/Details | Hora: "2025-08-16T13:23:21.5468962-06:00"
2025-08-16 13:23:21.549 -06:00 [INF] Executing ViewResult, running view Details.
2025-08-16 13:23:21.557 -06:00 [INF] Executed ViewResult - view Details executed in 9.1304ms.
2025-08-16 13:23:21.562 -06:00 [INF] Executed action PaginaBizu.Controllers.OrdersController.Details (PaginaBizu) in 73.2695ms
2025-08-16 13:23:21.566 -06:00 [INF] Executed endpoint 'PaginaBizu.Controllers.OrdersController.Details (PaginaBizu)'
2025-08-16 13:23:21.569 -06:00 [INF] Request finished HTTP/1.1 GET http://localhost:5116/Orders/Details/2009 - 200 null text/html; charset=utf-8 111.3458ms
2025-08-16 13:23:21.810 -06:00 [INF] Request starting HTTP/1.1 GET http://localhost:5116/Cart/CartCount - null null
2025-08-16 13:23:21.817 -06:00 [INF] Executing endpoint 'PaginaBizu.Controllers.CartController.CartCount (PaginaBizu)'
2025-08-16 13:23:21.821 -06:00 [INF] Route matched with {action = "CartCount", controller = "Cart", page = "", area = ""}. Executing controller action with signature Microsoft.AspNetCore.Mvc.IActionResult CartCount() on controller PaginaBizu.Controllers.CartController (PaginaBizu).
2025-08-16 13:23:21.826 -06:00 [INF] ➡️ Acción ejecutándose: Cart/CartCount | Usuario: hoshuacastillo48@gmail.com | IP: ::1 | Hora: "2025-08-16T13:23:21.8266992-06:00"
2025-08-16 13:23:21.832 -06:00 [INF] Accessing expired session, Key:b6d22df1-35ff-543a-666b-31a639717e32
2025-08-16 13:23:21.835 -06:00 [INF] ✅ Acción ejecutada: Cart/CartCount | Hora: "2025-08-16T13:23:21.8357845-06:00"
2025-08-16 13:23:21.837 -06:00 [INF] Executing JsonResult, writing value of type 'System.Int32'.
2025-08-16 13:23:21.841 -06:00 [INF] Executed action PaginaBizu.Controllers.CartController.CartCount (PaginaBizu) in 14.9316ms
2025-08-16 13:23:21.843 -06:00 [INF] Request starting HTTP/1.1 GET http://localhost:5116/Cart/CartCount - null null
2025-08-16 13:23:21.845 -06:00 [INF] Executed endpoint 'PaginaBizu.Controllers.CartController.CartCount (PaginaBizu)'
2025-08-16 13:23:21.850 -06:00 [INF] Executing endpoint 'PaginaBizu.Controllers.CartController.CartCount (PaginaBizu)'
2025-08-16 13:23:21.851 -06:00 [INF] Request finished HTTP/1.1 GET http://localhost:5116/Cart/CartCount - 200 null application/json; charset=utf-8 41.4539ms
2025-08-16 13:23:21.852 -06:00 [INF] Route matched with {action = "CartCount", controller = "Cart", page = "", area = ""}. Executing controller action with signature Microsoft.AspNetCore.Mvc.IActionResult CartCount() on controller PaginaBizu.Controllers.CartController (PaginaBizu).
2025-08-16 13:23:21.861 -06:00 [INF] ➡️ Acción ejecutándose: Cart/CartCount | Usuario: hoshuacastillo48@gmail.com | IP: ::1 | Hora: "2025-08-16T13:23:21.8610411-06:00"
2025-08-16 13:23:21.865 -06:00 [INF] Accessing expired session, Key:b6d22df1-35ff-543a-666b-31a639717e32
2025-08-16 13:23:21.868 -06:00 [INF] ✅ Acción ejecutada: Cart/CartCount | Hora: "2025-08-16T13:23:21.8682502-06:00"
2025-08-16 13:23:21.872 -06:00 [INF] Executing JsonResult, writing value of type 'System.Int32'.
2025-08-16 13:23:21.875 -06:00 [INF] Executed action PaginaBizu.Controllers.CartController.CartCount (PaginaBizu) in 14.7468ms
2025-08-16 13:23:21.879 -06:00 [INF] Executed endpoint 'PaginaBizu.Controllers.CartController.CartCount (PaginaBizu)'
2025-08-16 13:23:21.883 -06:00 [INF] Request finished HTTP/1.1 GET http://localhost:5116/Cart/CartCount - 200 null application/json; charset=utf-8 40.2334ms
2025-08-16 13:23:26.516 -06:00 [INF] Request starting HTTP/1.1 GET http://localhost:5116/Orders - null null
2025-08-16 13:23:26.522 -06:00 [INF] Executing endpoint 'PaginaBizu.Controllers.OrdersController.Index (PaginaBizu)'
2025-08-16 13:23:26.526 -06:00 [INF] Route matched with {action = "Index", controller = "Orders", page = "", area = ""}. Executing controller action with signature System.Threading.Tasks.Task`1[Microsoft.AspNetCore.Mvc.IActionResult] Index() on controller PaginaBizu.Controllers.OrdersController (PaginaBizu).
2025-08-16 13:23:26.533 -06:00 [INF] ➡️ Acción ejecutándose: Orders/Index | Usuario: hoshuacastillo48@gmail.com | IP: ::1 | Hora: "2025-08-16T13:23:26.5333581-06:00"
2025-08-16 13:23:26.544 -06:00 [INF] Executed DbCommand (3ms) [Parameters=[], CommandType='"Text"', CommandTimeout='30']
SELECT [o].[Id], [o].[Estado], [o].[Fecha], [o].[Total], [o].[UsuarioId], [t].[Id], [t].[Cantidad], [t].[OrderId], [t].[PrecioUnitario], [t].[ProductId], [t].[Id0], [t].[CantidadDisponible], [t].[Categoria], [t].[Descripcion], [t].[FechaCreacion], [t].[ImagenUrl], [t].[NombreArticulo], [t].[Precio]
FROM [Orders] AS [o]
LEFT JOIN (
    SELECT [o0].[Id], [o0].[Cantidad], [o0].[OrderId], [o0].[PrecioUnitario], [o0].[ProductId], [p].[Id] AS [Id0], [p].[CantidadDisponible], [p].[Categoria], [p].[Descripcion], [p].[FechaCreacion], [p].[ImagenUrl], [p].[NombreArticulo], [p].[Precio]
    FROM [OrderDetails] AS [o0]
    INNER JOIN [Products] AS [p] ON [o0].[ProductId] = [p].[Id]
) AS [t] ON [o].[Id] = [t].[OrderId]
ORDER BY [o].[Fecha] DESC, [o].[Id], [t].[Id]
2025-08-16 13:23:26.554 -06:00 [INF] ✅ Acción ejecutada: Orders/Index | Hora: "2025-08-16T13:23:26.5547361-06:00"
2025-08-16 13:23:26.558 -06:00 [INF] Executing ViewResult, running view Index.
2025-08-16 13:23:26.565 -06:00 [INF] Executed ViewResult - view Index executed in 7.1412ms.
2025-08-16 13:23:26.569 -06:00 [INF] Executed action PaginaBizu.Controllers.OrdersController.Index (PaginaBizu) in 35.924ms
2025-08-16 13:23:26.571 -06:00 [INF] Executed endpoint 'PaginaBizu.Controllers.OrdersController.Index (PaginaBizu)'
2025-08-16 13:23:26.574 -06:00 [INF] Request finished HTTP/1.1 GET http://localhost:5116/Orders - 200 null text/html; charset=utf-8 58.396ms
2025-08-16 13:23:26.826 -06:00 [INF] Request starting HTTP/1.1 GET http://localhost:5116/Cart/CartCount - null null
2025-08-16 13:23:26.834 -06:00 [INF] Executing endpoint 'PaginaBizu.Controllers.CartController.CartCount (PaginaBizu)'
2025-08-16 13:23:26.837 -06:00 [INF] Route matched with {action = "CartCount", controller = "Cart", page = "", area = ""}. Executing controller action with signature Microsoft.AspNetCore.Mvc.IActionResult CartCount() on controller PaginaBizu.Controllers.CartController (PaginaBizu).
2025-08-16 13:23:26.845 -06:00 [INF] ➡️ Acción ejecutándose: Cart/CartCount | Usuario: hoshuacastillo48@gmail.com | IP: ::1 | Hora: "2025-08-16T13:23:26.8451902-06:00"
2025-08-16 13:23:26.852 -06:00 [INF] Accessing expired session, Key:b6d22df1-35ff-543a-666b-31a639717e32
2025-08-16 13:23:26.856 -06:00 [INF] ✅ Acción ejecutada: Cart/CartCount | Hora: "2025-08-16T13:23:26.8564117-06:00"
2025-08-16 13:23:26.860 -06:00 [INF] Executing JsonResult, writing value of type 'System.Int32'.
2025-08-16 13:23:26.862 -06:00 [INF] Executed action PaginaBizu.Controllers.CartController.CartCount (PaginaBizu) in 17.548ms
2025-08-16 13:23:26.863 -06:00 [INF] Request starting HTTP/1.1 GET http://localhost:5116/Cart/CartCount - null null
2025-08-16 13:23:26.866 -06:00 [INF] Executed endpoint 'PaginaBizu.Controllers.CartController.CartCount (PaginaBizu)'
2025-08-16 13:23:26.871 -06:00 [INF] Executing endpoint 'PaginaBizu.Controllers.CartController.CartCount (PaginaBizu)'
2025-08-16 13:23:26.874 -06:00 [INF] Request finished HTTP/1.1 GET http://localhost:5116/Cart/CartCount - 200 null application/json; charset=utf-8 47.9057ms
2025-08-16 13:23:26.877 -06:00 [INF] Route matched with {action = "CartCount", controller = "Cart", page = "", area = ""}. Executing controller action with signature Microsoft.AspNetCore.Mvc.IActionResult CartCount() on controller PaginaBizu.Controllers.CartController (PaginaBizu).
2025-08-16 13:23:26.891 -06:00 [INF] ➡️ Acción ejecutándose: Cart/CartCount | Usuario: hoshuacastillo48@gmail.com | IP: ::1 | Hora: "2025-08-16T13:23:26.8913643-06:00"
2025-08-16 13:23:26.897 -06:00 [INF] Accessing expired session, Key:b6d22df1-35ff-543a-666b-31a639717e32
2025-08-16 13:23:26.899 -06:00 [INF] ✅ Acción ejecutada: Cart/CartCount | Hora: "2025-08-16T13:23:26.8991454-06:00"
2025-08-16 13:23:26.903 -06:00 [INF] Executing JsonResult, writing value of type 'System.Int32'.
2025-08-16 13:23:26.908 -06:00 [INF] Executed action PaginaBizu.Controllers.CartController.CartCount (PaginaBizu) in 16.977ms
2025-08-16 13:23:26.912 -06:00 [INF] Executed endpoint 'PaginaBizu.Controllers.CartController.CartCount (PaginaBizu)'
2025-08-16 13:23:26.915 -06:00 [INF] Request finished HTTP/1.1 GET http://localhost:5116/Cart/CartCount - 200 null application/json; charset=utf-8 51.784ms
2025-08-16 13:23:44.811 -06:00 [INF] Request starting HTTP/1.1 GET http://localhost:5116/Cart - null null
2025-08-16 13:23:44.816 -06:00 [INF] Executing endpoint 'PaginaBizu.Controllers.CartController.Index (PaginaBizu)'
2025-08-16 13:23:44.819 -06:00 [INF] Route matched with {action = "Index", controller = "Cart", page = "", area = ""}. Executing controller action with signature Microsoft.AspNetCore.Mvc.IActionResult Index() on controller PaginaBizu.Controllers.CartController (PaginaBizu).
2025-08-16 13:23:44.822 -06:00 [INF] ➡️ Acción ejecutándose: Cart/Index | Usuario: hoshuacastillo48@gmail.com | IP: ::1 | Hora: "2025-08-16T13:23:44.8221796-06:00"
2025-08-16 13:23:44.824 -06:00 [INF] Accessing expired session, Key:b6d22df1-35ff-543a-666b-31a639717e32
2025-08-16 13:23:44.826 -06:00 [INF] ✅ Acción ejecutada: Cart/Index | Hora: "2025-08-16T13:23:44.8268228-06:00"
2025-08-16 13:23:44.830 -06:00 [INF] Executing ViewResult, running view Index.
2025-08-16 13:23:44.837 -06:00 [INF] Executed ViewResult - view Index executed in 8.5457ms.
2025-08-16 13:23:44.839 -06:00 [INF] Executed action PaginaBizu.Controllers.CartController.Index (PaginaBizu) in 17.6086ms
2025-08-16 13:23:44.842 -06:00 [INF] Executed endpoint 'PaginaBizu.Controllers.CartController.Index (PaginaBizu)'
2025-08-16 13:23:44.846 -06:00 [INF] Request finished HTTP/1.1 GET http://localhost:5116/Cart - 200 null text/html; charset=utf-8 34.7813ms
2025-08-16 13:23:45.157 -06:00 [INF] Request starting HTTP/1.1 GET http://localhost:5116/Cart/CartCount - null null
2025-08-16 13:23:45.161 -06:00 [INF] Executing endpoint 'PaginaBizu.Controllers.CartController.CartCount (PaginaBizu)'
2025-08-16 13:23:45.165 -06:00 [INF] Route matched with {action = "CartCount", controller = "Cart", page = "", area = ""}. Executing controller action with signature Microsoft.AspNetCore.Mvc.IActionResult CartCount() on controller PaginaBizu.Controllers.CartController (PaginaBizu).
2025-08-16 13:23:45.170 -06:00 [INF] ➡️ Acción ejecutándose: Cart/CartCount | Usuario: hoshuacastillo48@gmail.com | IP: ::1 | Hora: "2025-08-16T13:23:45.1702090-06:00"
2025-08-16 13:23:45.175 -06:00 [INF] Accessing expired session, Key:b6d22df1-35ff-543a-666b-31a639717e32
2025-08-16 13:23:45.178 -06:00 [INF] ✅ Acción ejecutada: Cart/CartCount | Hora: "2025-08-16T13:23:45.1783743-06:00"
2025-08-16 13:23:45.180 -06:00 [INF] Executing JsonResult, writing value of type 'System.Int32'.
2025-08-16 13:23:45.183 -06:00 [INF] Executed action PaginaBizu.Controllers.CartController.CartCount (PaginaBizu) in 13.5471ms
2025-08-16 13:23:45.184 -06:00 [INF] Request starting HTTP/1.1 GET http://localhost:5116/Cart/CartCount - null null
2025-08-16 13:23:45.187 -06:00 [INF] Executed endpoint 'PaginaBizu.Controllers.CartController.CartCount (PaginaBizu)'
2025-08-16 13:23:45.191 -06:00 [INF] Executing endpoint 'PaginaBizu.Controllers.CartController.CartCount (PaginaBizu)'
2025-08-16 13:23:45.192 -06:00 [INF] Request finished HTTP/1.1 GET http://localhost:5116/Cart/CartCount - 200 null application/json; charset=utf-8 35.8496ms
2025-08-16 13:23:45.194 -06:00 [INF] Route matched with {action = "CartCount", controller = "Cart", page = "", area = ""}. Executing controller action with signature Microsoft.AspNetCore.Mvc.IActionResult CartCount() on controller PaginaBizu.Controllers.CartController (PaginaBizu).
2025-08-16 13:23:45.201 -06:00 [INF] ➡️ Acción ejecutándose: Cart/CartCount | Usuario: hoshuacastillo48@gmail.com | IP: ::1 | Hora: "2025-08-16T13:23:45.2019275-06:00"
2025-08-16 13:23:45.205 -06:00 [INF] Accessing expired session, Key:b6d22df1-35ff-543a-666b-31a639717e32
2025-08-16 13:23:45.207 -06:00 [INF] ✅ Acción ejecutada: Cart/CartCount | Hora: "2025-08-16T13:23:45.2071808-06:00"
2025-08-16 13:23:45.210 -06:00 [INF] Executing JsonResult, writing value of type 'System.Int32'.
2025-08-16 13:23:45.214 -06:00 [INF] Executed action PaginaBizu.Controllers.CartController.CartCount (PaginaBizu) in 12.4457ms
2025-08-16 13:23:45.217 -06:00 [INF] Executed endpoint 'PaginaBizu.Controllers.CartController.CartCount (PaginaBizu)'
2025-08-16 13:23:45.219 -06:00 [INF] Request finished HTTP/1.1 GET http://localhost:5116/Cart/CartCount - 200 null application/json; charset=utf-8 34.6658ms
2025-08-16 13:23:45.734 -06:00 [INF] Request starting HTTP/1.1 GET http://localhost:5116/ - null null
2025-08-16 13:23:45.742 -06:00 [INF] Executing endpoint 'PaginaBizu.Controllers.HomeController.Index (PaginaBizu)'
2025-08-16 13:23:45.745 -06:00 [INF] Route matched with {action = "Index", controller = "Home", page = "", area = ""}. Executing controller action with signature Microsoft.AspNetCore.Mvc.IActionResult Index() on controller PaginaBizu.Controllers.HomeController (PaginaBizu).
2025-08-16 13:23:45.749 -06:00 [INF] ➡️ Acción ejecutándose: Home/Index | Usuario: hoshuacastillo48@gmail.com | IP: ::1 | Hora: "2025-08-16T13:23:45.7490295-06:00"
2025-08-16 13:23:45.752 -06:00 [INF] ✅ Acción ejecutada: Home/Index | Hora: "2025-08-16T13:23:45.7526027-06:00"
2025-08-16 13:23:45.756 -06:00 [INF] Executing ViewResult, running view Index.
2025-08-16 13:23:45.762 -06:00 [INF] Executed DbCommand (2ms) [Parameters=[@__p_0='?' (Size = 450)], CommandType='"Text"', CommandTimeout='30']
SELECT TOP(1) [a].[Id], [a].[AccessFailedCount], [a].[ConcurrencyStamp], [a].[Email], [a].[EmailConfirmed], [a].[LockoutEnabled], [a].[LockoutEnd], [a].[NormalizedEmail], [a].[NormalizedUserName], [a].[PasswordHash], [a].[PhoneNumber], [a].[PhoneNumberConfirmed], [a].[SecurityStamp], [a].[TwoFactorEnabled], [a].[UserName]
FROM [AspNetUsers] AS [a]
WHERE [a].[Id] = @__p_0
2025-08-16 13:23:45.769 -06:00 [INF] Executed DbCommand (1ms) [Parameters=[@__userId_0='?' (Size = 450)], CommandType='"Text"', CommandTimeout='30']
SELECT [a0].[Name]
FROM [AspNetUserRoles] AS [a]
INNER JOIN [AspNetRoles] AS [a0] ON [a].[RoleId] = [a0].[Id]
WHERE [a].[UserId] = @__userId_0
2025-08-16 13:23:45.774 -06:00 [INF] Executed ViewResult - view Index executed in 17.9246ms.
2025-08-16 13:23:45.776 -06:00 [INF] Executed action PaginaBizu.Controllers.HomeController.Index (PaginaBizu) in 27.861ms
2025-08-16 13:23:45.778 -06:00 [INF] Executed endpoint 'PaginaBizu.Controllers.HomeController.Index (PaginaBizu)'
2025-08-16 13:23:45.782 -06:00 [INF] Request finished HTTP/1.1 GET http://localhost:5116/ - 200 null text/html; charset=utf-8 47.3185ms
2025-08-16 13:23:46.043 -06:00 [INF] Request starting HTTP/1.1 GET http://localhost:5116/css/tailwindcss - null null
2025-08-16 13:23:46.050 -06:00 [INF] Request finished HTTP/1.1 GET http://localhost:5116/css/tailwindcss - 404 0 null 7.0308ms
2025-08-16 13:23:46.056 -06:00 [INF] Request reached the end of the middleware pipeline without being handled by application code. Request path: GET http://localhost:5116/css/tailwindcss, Response status code: 404
2025-08-16 13:23:48.248 -06:00 [INF] Request starting HTTP/1.1 GET http://localhost:5116/Shop - null null
2025-08-16 13:23:48.252 -06:00 [INF] Executing endpoint 'PaginaBizu.Controllers.ShopController.Index (PaginaBizu)'
2025-08-16 13:23:48.257 -06:00 [INF] Route matched with {action = "Index", controller = "Shop", page = "", area = ""}. Executing controller action with signature Microsoft.AspNetCore.Mvc.IActionResult Index() on controller PaginaBizu.Controllers.ShopController (PaginaBizu).
2025-08-16 13:23:48.261 -06:00 [INF] ➡️ Acción ejecutándose: Shop/Index | Usuario: hoshuacastillo48@gmail.com | IP: ::1 | Hora: "2025-08-16T13:23:48.2611225-06:00"
2025-08-16 13:23:48.274 -06:00 [INF] Executed DbCommand (1ms) [Parameters=[], CommandType='"Text"', CommandTimeout='30']
SELECT [p].[Id], [p].[CantidadDisponible], [p].[Categoria], [p].[Descripcion], [p].[FechaCreacion], [p].[ImagenUrl], [p].[NombreArticulo], [p].[Precio]
FROM [Products] AS [p]
2025-08-16 13:23:48.281 -06:00 [INF] ✅ Acción ejecutada: Shop/Index | Hora: "2025-08-16T13:23:48.2811267-06:00"
2025-08-16 13:23:48.284 -06:00 [INF] Executing ViewResult, running view Index.
2025-08-16 13:23:48.301 -06:00 [INF] Executed ViewResult - view Index executed in 17.8887ms.
2025-08-16 13:23:48.305 -06:00 [INF] Executed action PaginaBizu.Controllers.ShopController.Index (PaginaBizu) in 45.1166ms
2025-08-16 13:23:48.309 -06:00 [INF] Executed endpoint 'PaginaBizu.Controllers.ShopController.Index (PaginaBizu)'
2025-08-16 13:23:48.313 -06:00 [INF] Request finished HTTP/1.1 GET http://localhost:5116/Shop - 200 null text/html; charset=utf-8 65.041ms
2025-08-16 13:23:48.553 -06:00 [INF] Request starting HTTP/1.1 GET http://localhost:5116/images/imagenpulserrojo.jpg - null null
2025-08-16 13:23:48.564 -06:00 [INF] Request finished HTTP/1.1 GET http://localhost:5116/images/imagenpulserrojo.jpg - 404 0 null 10.3478ms
2025-08-16 13:23:48.570 -06:00 [INF] Request reached the end of the middleware pipeline without being handled by application code. Request path: GET http://localhost:5116/images/imagenpulserrojo.jpg, Response status code: 404
2025-08-16 13:23:48.575 -06:00 [INF] Request starting HTTP/1.1 GET http://localhost:5116/Cart/CartCount - null null
2025-08-16 13:23:48.583 -06:00 [INF] Executing endpoint 'PaginaBizu.Controllers.CartController.CartCount (PaginaBizu)'
2025-08-16 13:23:48.585 -06:00 [INF] Route matched with {action = "CartCount", controller = "Cart", page = "", area = ""}. Executing controller action with signature Microsoft.AspNetCore.Mvc.IActionResult CartCount() on controller PaginaBizu.Controllers.CartController (PaginaBizu).
2025-08-16 13:23:48.589 -06:00 [INF] ➡️ Acción ejecutándose: Cart/CartCount | Usuario: hoshuacastillo48@gmail.com | IP: ::1 | Hora: "2025-08-16T13:23:48.5897189-06:00"
2025-08-16 13:23:48.592 -06:00 [INF] Accessing expired session, Key:b6d22df1-35ff-543a-666b-31a639717e32
2025-08-16 13:23:48.594 -06:00 [INF] ✅ Acción ejecutada: Cart/CartCount | Hora: "2025-08-16T13:23:48.5941497-06:00"
2025-08-16 13:23:48.595 -06:00 [INF] Executing JsonResult, writing value of type 'System.Int32'.
2025-08-16 13:23:48.597 -06:00 [INF] Executed action PaginaBizu.Controllers.CartController.CartCount (PaginaBizu) in 7.7967ms
2025-08-16 13:23:48.599 -06:00 [INF] Request starting HTTP/1.1 GET http://localhost:5116/Cart/CartCount - null null
2025-08-16 13:23:48.601 -06:00 [INF] Executed endpoint 'PaginaBizu.Controllers.CartController.CartCount (PaginaBizu)'
2025-08-16 13:23:48.607 -06:00 [INF] Executing endpoint 'PaginaBizu.Controllers.CartController.CartCount (PaginaBizu)'
2025-08-16 13:23:48.608 -06:00 [INF] Request finished HTTP/1.1 GET http://localhost:5116/Cart/CartCount - 200 null application/json; charset=utf-8 33.2389ms
2025-08-16 13:23:48.610 -06:00 [INF] Route matched with {action = "CartCount", controller = "Cart", page = "", area = ""}. Executing controller action with signature Microsoft.AspNetCore.Mvc.IActionResult CartCount() on controller PaginaBizu.Controllers.CartController (PaginaBizu).
2025-08-16 13:23:48.624 -06:00 [INF] ➡️ Acción ejecutándose: Cart/CartCount | Usuario: hoshuacastillo48@gmail.com | IP: ::1 | Hora: "2025-08-16T13:23:48.6241843-06:00"
2025-08-16 13:23:48.628 -06:00 [INF] Accessing expired session, Key:b6d22df1-35ff-543a-666b-31a639717e32
2025-08-16 13:23:48.631 -06:00 [INF] ✅ Acción ejecutada: Cart/CartCount | Hora: "2025-08-16T13:23:48.6318614-06:00"
2025-08-16 13:23:48.634 -06:00 [INF] Executing JsonResult, writing value of type 'System.Int32'.
2025-08-16 13:23:48.636 -06:00 [INF] Executed action PaginaBizu.Controllers.CartController.CartCount (PaginaBizu) in 12.3974ms
2025-08-16 13:23:48.638 -06:00 [INF] Executed endpoint 'PaginaBizu.Controllers.CartController.CartCount (PaginaBizu)'
2025-08-16 13:23:48.640 -06:00 [INF] Request finished HTTP/1.1 GET http://localhost:5116/Cart/CartCount - 200 null application/json; charset=utf-8 40.6601ms
2025-08-16 13:23:49.239 -06:00 [INF] Request starting HTTP/1.1 GET http://localhost:5116/Shop/Details/1 - null null
2025-08-16 13:23:49.243 -06:00 [INF] Executing endpoint 'PaginaBizu.Controllers.ShopController.Details (PaginaBizu)'
2025-08-16 13:23:49.248 -06:00 [INF] Route matched with {action = "Details", controller = "Shop", page = "", area = ""}. Executing controller action with signature Microsoft.AspNetCore.Mvc.IActionResult Details(Int32) on controller PaginaBizu.Controllers.ShopController (PaginaBizu).
2025-08-16 13:23:49.252 -06:00 [INF] ➡️ Acción ejecutándose: Shop/Details | Usuario: hoshuacastillo48@gmail.com | IP: ::1 | Hora: "2025-08-16T13:23:49.2523326-06:00"
2025-08-16 13:23:49.266 -06:00 [INF] Executed DbCommand (3ms) [Parameters=[@__id_0='?' (DbType = Int32)], CommandType='"Text"', CommandTimeout='30']
SELECT TOP(1) [p].[Id], [p].[CantidadDisponible], [p].[Categoria], [p].[Descripcion], [p].[FechaCreacion], [p].[ImagenUrl], [p].[NombreArticulo], [p].[Precio]
FROM [Products] AS [p]
WHERE [p].[Id] = @__id_0
2025-08-16 13:23:49.280 -06:00 [INF] Executed DbCommand (3ms) [Parameters=[@__id_0='?' (DbType = Int32)], CommandType='"Text"', CommandTimeout='30']
SELECT [c].[Id], [c].[Calificacion], [c].[Contenido], [c].[Fecha], [c].[ProductoId], [c].[UsuarioId]
FROM [Comentarios] AS [c]
WHERE [c].[ProductoId] = @__id_0
ORDER BY [c].[Fecha] DESC
2025-08-16 13:23:49.298 -06:00 [INF] ✅ Acción ejecutada: Shop/Details | Hora: "2025-08-16T13:23:49.2980616-06:00"
2025-08-16 13:23:49.301 -06:00 [INF] Executing ViewResult, running view Details.
2025-08-16 13:23:49.319 -06:00 [INF] Executed ViewResult - view Details executed in 19.194ms.
2025-08-16 13:23:49.324 -06:00 [INF] Executed action PaginaBizu.Controllers.ShopController.Details (PaginaBizu) in 72.5537ms
2025-08-16 13:23:49.328 -06:00 [INF] Executed endpoint 'PaginaBizu.Controllers.ShopController.Details (PaginaBizu)'
2025-08-16 13:23:49.334 -06:00 [INF] Request finished HTTP/1.1 GET http://localhost:5116/Shop/Details/1 - 200 null text/html; charset=utf-8 95.0242ms
2025-08-16 13:23:51.300 -06:00 [INF] Request starting HTTP/1.1 POST http://localhost:5116/Cart/AddToCart - application/json 8
2025-08-16 13:23:51.308 -06:00 [INF] Executing endpoint 'PaginaBizu.Controllers.CartController.AddToCart (PaginaBizu)'
2025-08-16 13:23:51.313 -06:00 [INF] Route matched with {action = "AddToCart", controller = "Cart", page = "", area = ""}. Executing controller action with signature Microsoft.AspNetCore.Mvc.IActionResult AddToCart(AddToCartModel) on controller PaginaBizu.Controllers.CartController (PaginaBizu).
2025-08-16 13:23:51.355 -06:00 [INF] ➡️ Acción ejecutándose: Cart/AddToCart | Usuario: hoshuacastillo48@gmail.com | IP: ::1 | Hora: "2025-08-16T13:23:51.3553840-06:00"
2025-08-16 13:23:51.369 -06:00 [INF] Executed DbCommand (2ms) [Parameters=[@__data_Id_0='?' (DbType = Int32)], CommandType='"Text"', CommandTimeout='30']
SELECT TOP(1) [p].[Id], [p].[CantidadDisponible], [p].[Categoria], [p].[Descripcion], [p].[FechaCreacion], [p].[ImagenUrl], [p].[NombreArticulo], [p].[Precio]
FROM [Products] AS [p]
WHERE [p].[Id] = @__data_Id_0
2025-08-16 13:23:51.374 -06:00 [INF] Accessing expired session, Key:b6d22df1-35ff-543a-666b-31a639717e32
2025-08-16 13:23:51.402 -06:00 [INF] ✅ Acción ejecutada: Cart/AddToCart | Hora: "2025-08-16T13:23:51.4025424-06:00"
2025-08-16 13:23:51.406 -06:00 [INF] Executing JsonResult, writing value of type '<>f__AnonymousType1`2[[System.Boolean, System.Private.CoreLib, Version=8.0.0.0, Culture=neutral, PublicKeyToken=7cec85d7bea7798e],[System.Int32, System.Private.CoreLib, Version=8.0.0.0, Culture=neutral, PublicKeyToken=7cec85d7bea7798e]]'.
2025-08-16 13:23:51.426 -06:00 [INF] Executed action PaginaBizu.Controllers.CartController.AddToCart (PaginaBizu) in 109.086ms
2025-08-16 13:23:51.429 -06:00 [INF] Executed endpoint 'PaginaBizu.Controllers.CartController.AddToCart (PaginaBizu)'
2025-08-16 13:23:51.432 -06:00 [INF] Session started; Key:b6d22df1-35ff-543a-666b-31a639717e32, Id:cc7b1c7e-5077-0a35-ae00-1fda86942f1f
2025-08-16 13:23:51.435 -06:00 [INF] Request finished HTTP/1.1 POST http://localhost:5116/Cart/AddToCart - 200 null application/json; charset=utf-8 134.8654ms
2025-08-16 13:23:52.869 -06:00 [INF] Request starting HTTP/1.1 GET http://localhost:5116/ - null null
2025-08-16 13:23:52.874 -06:00 [INF] Executing endpoint 'PaginaBizu.Controllers.HomeController.Index (PaginaBizu)'
2025-08-16 13:23:52.876 -06:00 [INF] Route matched with {action = "Index", controller = "Home", page = "", area = ""}. Executing controller action with signature Microsoft.AspNetCore.Mvc.IActionResult Index() on controller PaginaBizu.Controllers.HomeController (PaginaBizu).
2025-08-16 13:23:52.879 -06:00 [INF] ➡️ Acción ejecutándose: Home/Index | Usuario: hoshuacastillo48@gmail.com | IP: ::1 | Hora: "2025-08-16T13:23:52.8798613-06:00"
2025-08-16 13:23:52.881 -06:00 [INF] ✅ Acción ejecutada: Home/Index | Hora: "2025-08-16T13:23:52.8816031-06:00"
2025-08-16 13:23:52.884 -06:00 [INF] Executing ViewResult, running view Index.
2025-08-16 13:23:52.889 -06:00 [INF] Executed DbCommand (1ms) [Parameters=[@__p_0='?' (Size = 450)], CommandType='"Text"', CommandTimeout='30']
SELECT TOP(1) [a].[Id], [a].[AccessFailedCount], [a].[ConcurrencyStamp], [a].[Email], [a].[EmailConfirmed], [a].[LockoutEnabled], [a].[LockoutEnd], [a].[NormalizedEmail], [a].[NormalizedUserName], [a].[PasswordHash], [a].[PhoneNumber], [a].[PhoneNumberConfirmed], [a].[SecurityStamp], [a].[TwoFactorEnabled], [a].[UserName]
FROM [AspNetUsers] AS [a]
WHERE [a].[Id] = @__p_0
2025-08-16 13:23:52.898 -06:00 [INF] Executed DbCommand (1ms) [Parameters=[@__userId_0='?' (Size = 450)], CommandType='"Text"', CommandTimeout='30']
SELECT [a0].[Name]
FROM [AspNetUserRoles] AS [a]
INNER JOIN [AspNetRoles] AS [a0] ON [a].[RoleId] = [a0].[Id]
WHERE [a].[UserId] = @__userId_0
2025-08-16 13:23:52.903 -06:00 [INF] Executed ViewResult - view Index executed in 19.6136ms.
2025-08-16 13:23:52.908 -06:00 [INF] Executed action PaginaBizu.Controllers.HomeController.Index (PaginaBizu) in 29.0334ms
2025-08-16 13:23:52.912 -06:00 [INF] Executed endpoint 'PaginaBizu.Controllers.HomeController.Index (PaginaBizu)'
2025-08-16 13:23:52.914 -06:00 [INF] Request finished HTTP/1.1 GET http://localhost:5116/ - 200 null text/html; charset=utf-8 44.8792ms
2025-08-16 13:23:53.145 -06:00 [INF] Request starting HTTP/1.1 GET http://localhost:5116/css/tailwindcss - null null
2025-08-16 13:23:53.150 -06:00 [INF] Request finished HTTP/1.1 GET http://localhost:5116/css/tailwindcss - 404 0 null 5.4666ms
2025-08-16 13:23:53.157 -06:00 [INF] Request reached the end of the middleware pipeline without being handled by application code. Request path: GET http://localhost:5116/css/tailwindcss, Response status code: 404
2025-08-16 13:23:53.871 -06:00 [INF] Request starting HTTP/1.1 GET http://localhost:5116/Products - null null
2025-08-16 13:23:53.875 -06:00 [INF] Executing endpoint 'PaginaBizu.Controllers.ProductsController.Index (PaginaBizu)'
2025-08-16 13:23:53.878 -06:00 [INF] Route matched with {action = "Index", controller = "Products", page = "", area = ""}. Executing controller action with signature System.Threading.Tasks.Task`1[Microsoft.AspNetCore.Mvc.IActionResult] Index() on controller PaginaBizu.Controllers.ProductsController (PaginaBizu).
2025-08-16 13:23:53.881 -06:00 [INF] ➡️ Acción ejecutándose: Products/Index | Usuario: hoshuacastillo48@gmail.com | IP: ::1 | Hora: "2025-08-16T13:23:53.8817169-06:00"
2025-08-16 13:23:53.889 -06:00 [INF] Executed DbCommand (2ms) [Parameters=[], CommandType='"Text"', CommandTimeout='30']
SELECT [p].[Id], [p].[CantidadDisponible], [p].[Categoria], [p].[Descripcion], [p].[FechaCreacion], [p].[ImagenUrl], [p].[NombreArticulo], [p].[Precio]
FROM [Products] AS [p]
2025-08-16 13:23:53.894 -06:00 [INF] ✅ Acción ejecutada: Products/Index | Hora: "2025-08-16T13:23:53.8949113-06:00"
2025-08-16 13:23:53.898 -06:00 [INF] Executing ViewResult, running view Index.
2025-08-16 13:23:53.901 -06:00 [INF] Executed ViewResult - view Index executed in 2.716ms.
2025-08-16 13:23:53.904 -06:00 [INF] Executed action PaginaBizu.Controllers.ProductsController.Index (PaginaBizu) in 23.0739ms
2025-08-16 13:23:53.907 -06:00 [INF] Executed endpoint 'PaginaBizu.Controllers.ProductsController.Index (PaginaBizu)'
2025-08-16 13:23:53.910 -06:00 [INF] Request finished HTTP/1.1 GET http://localhost:5116/Products - 200 null text/html; charset=utf-8 38.907ms
2025-08-16 13:23:53.951 -06:00 [INF] Request starting HTTP/1.1 GET http://localhost:5116/imagenpulseraoro.jpg - null null
2025-08-16 13:23:53.953 -06:00 [INF] Request starting HTTP/1.1 GET http://localhost:5116/pulseraverde.jpg - null null
2025-08-16 13:23:53.961 -06:00 [INF] Request finished HTTP/1.1 GET http://localhost:5116/imagenpulseraoro.jpg - 404 0 null 9.3864ms
2025-08-16 13:23:53.965 -06:00 [INF] Request finished HTTP/1.1 GET http://localhost:5116/pulseraverde.jpg - 404 0 null 12.5084ms
2025-08-16 13:23:53.971 -06:00 [INF] Request reached the end of the middleware pipeline without being handled by application code. Request path: GET http://localhost:5116/imagenpulseraoro.jpg, Response status code: 404
2025-08-16 13:23:53.977 -06:00 [INF] Request reached the end of the middleware pipeline without being handled by application code. Request path: GET http://localhost:5116/pulseraverde.jpg, Response status code: 404
2025-08-16 13:23:54.154 -06:00 [INF] Request starting HTTP/1.1 GET http://localhost:5116/imagenpulserrojo.jpg - null null
2025-08-16 13:23:54.161 -06:00 [INF] Request finished HTTP/1.1 GET http://localhost:5116/imagenpulserrojo.jpg - 404 0 null 7.8902ms
2025-08-16 13:23:54.168 -06:00 [INF] Request reached the end of the middleware pipeline without being handled by application code. Request path: GET http://localhost:5116/imagenpulserrojo.jpg, Response status code: 404
2025-08-16 13:23:54.174 -06:00 [INF] Request starting HTTP/1.1 GET http://localhost:5116/Cart/CartCount - null null
2025-08-16 13:23:54.180 -06:00 [INF] Executing endpoint 'PaginaBizu.Controllers.CartController.CartCount (PaginaBizu)'
2025-08-16 13:23:54.182 -06:00 [INF] Route matched with {action = "CartCount", controller = "Cart", page = "", area = ""}. Executing controller action with signature Microsoft.AspNetCore.Mvc.IActionResult CartCount() on controller PaginaBizu.Controllers.CartController (PaginaBizu).
2025-08-16 13:23:54.186 -06:00 [INF] ➡️ Acción ejecutándose: Cart/CartCount | Usuario: hoshuacastillo48@gmail.com | IP: ::1 | Hora: "2025-08-16T13:23:54.1866723-06:00"
2025-08-16 13:23:54.196 -06:00 [INF] ✅ Acción ejecutada: Cart/CartCount | Hora: "2025-08-16T13:23:54.1969429-06:00"
2025-08-16 13:23:54.199 -06:00 [INF] Executing JsonResult, writing value of type 'System.Int32'.
2025-08-16 13:23:54.201 -06:00 [INF] Executed action PaginaBizu.Controllers.CartController.CartCount (PaginaBizu) in 15.3811ms
2025-08-16 13:23:54.203 -06:00 [INF] Request starting HTTP/1.1 GET http://localhost:5116/Cart/CartCount - null null
2025-08-16 13:23:54.203 -06:00 [INF] Executed endpoint 'PaginaBizu.Controllers.CartController.CartCount (PaginaBizu)'
2025-08-16 13:23:54.207 -06:00 [INF] Executing endpoint 'PaginaBizu.Controllers.CartController.CartCount (PaginaBizu)'
2025-08-16 13:23:54.208 -06:00 [INF] Request finished HTTP/1.1 GET http://localhost:5116/Cart/CartCount - 200 null application/json; charset=utf-8 34.2409ms
2025-08-16 13:23:54.211 -06:00 [INF] Route matched with {action = "CartCount", controller = "Cart", page = "", area = ""}. Executing controller action with signature Microsoft.AspNetCore.Mvc.IActionResult CartCount() on controller PaginaBizu.Controllers.CartController (PaginaBizu).
2025-08-16 13:23:54.218 -06:00 [INF] ➡️ Acción ejecutándose: Cart/CartCount | Usuario: hoshuacastillo48@gmail.com | IP: ::1 | Hora: "2025-08-16T13:23:54.2185129-06:00"
2025-08-16 13:23:54.221 -06:00 [INF] ✅ Acción ejecutada: Cart/CartCount | Hora: "2025-08-16T13:23:54.2219476-06:00"
2025-08-16 13:23:54.224 -06:00 [INF] Executing JsonResult, writing value of type 'System.Int32'.
2025-08-16 13:23:54.227 -06:00 [INF] Executed action PaginaBizu.Controllers.CartController.CartCount (PaginaBizu) in 8.9836ms
2025-08-16 13:23:54.230 -06:00 [INF] Executed endpoint 'PaginaBizu.Controllers.CartController.CartCount (PaginaBizu)'
2025-08-16 13:23:54.233 -06:00 [INF] Request finished HTTP/1.1 GET http://localhost:5116/Cart/CartCount - 200 null application/json; charset=utf-8 29.74ms
2025-08-16 13:23:55.207 -06:00 [INF] Request starting HTTP/1.1 POST http://localhost:5116/Cart/ComprarPrueba - application/x-www-form-urlencoded 225
2025-08-16 13:23:55.213 -06:00 [INF] Executing endpoint 'PaginaBizu.Controllers.CartController.ComprarPrueba (PaginaBizu)'
2025-08-16 13:23:55.215 -06:00 [INF] Route matched with {action = "ComprarPrueba", controller = "Cart", page = "", area = ""}. Executing controller action with signature Microsoft.AspNetCore.Mvc.IActionResult ComprarPrueba() on controller PaginaBizu.Controllers.CartController (PaginaBizu).
2025-08-16 13:23:55.219 -06:00 [INF] ➡️ Acción ejecutándose: Cart/ComprarPrueba | Usuario: hoshuacastillo48@gmail.com | IP: ::1 | Hora: "2025-08-16T13:23:55.2194234-06:00"
2025-08-16 13:23:55.233 -06:00 [INF] Executed DbCommand (3ms) [Parameters=[@__p_0='?' (DbType = Int32)], CommandType='"Text"', CommandTimeout='30']
SELECT TOP(1) [p].[Id], [p].[CantidadDisponible], [p].[Categoria], [p].[Descripcion], [p].[FechaCreacion], [p].[ImagenUrl], [p].[NombreArticulo], [p].[Precio]
FROM [Products] AS [p]
WHERE [p].[Id] = @__p_0
2025-08-16 13:23:55.243 -06:00 [INF] Executed DbCommand (2ms) [Parameters=[@p0='?' (Size = 4000), @p1='?' (DbType = DateTime2), @p2='?' (Precision = 18) (Scale = 2) (DbType = Decimal), @p3='?' (Size = 4000)], CommandType='"Text"', CommandTimeout='30']
SET IMPLICIT_TRANSACTIONS OFF;
SET NOCOUNT ON;
INSERT INTO [Orders] ([Estado], [Fecha], [Total], [UsuarioId])
OUTPUT INSERTED.[Id]
VALUES (@p0, @p1, @p2, @p3);
2025-08-16 13:23:55.250 -06:00 [INF] Executed DbCommand (3ms) [Parameters=[@p4='?' (DbType = Int32), @p5='?' (DbType = Int32), @p6='?' (Precision = 18) (Scale = 2) (DbType = Decimal), @p7='?' (DbType = Int32)], CommandType='"Text"', CommandTimeout='30']
SET IMPLICIT_TRANSACTIONS OFF;
SET NOCOUNT ON;
INSERT INTO [OrderDetails] ([Cantidad], [OrderId], [PrecioUnitario], [ProductId])
OUTPUT INSERTED.[Id]
VALUES (@p4, @p5, @p6, @p7);
2025-08-16 13:23:55.256 -06:00 [INF] ✅ Acción ejecutada: Cart/ComprarPrueba | Hora: "2025-08-16T13:23:55.2563778-06:00"
2025-08-16 13:23:55.258 -06:00 [INF] Executing RedirectResult, redirecting to /Products.
2025-08-16 13:23:55.261 -06:00 [INF] Executed action PaginaBizu.Controllers.CartController.ComprarPrueba (PaginaBizu) in 42.0565ms
2025-08-16 13:23:55.263 -06:00 [INF] Executed endpoint 'PaginaBizu.Controllers.CartController.ComprarPrueba (PaginaBizu)'
2025-08-16 13:23:55.264 -06:00 [INF] Request finished HTTP/1.1 POST http://localhost:5116/Cart/ComprarPrueba - 302 0 null 57.5917ms
2025-08-16 13:23:55.269 -06:00 [INF] Request starting HTTP/1.1 GET http://localhost:5116/Products - null null
2025-08-16 13:23:55.272 -06:00 [INF] Executing endpoint 'PaginaBizu.Controllers.ProductsController.Index (PaginaBizu)'
2025-08-16 13:23:55.274 -06:00 [INF] Route matched with {action = "Index", controller = "Products", page = "", area = ""}. Executing controller action with signature System.Threading.Tasks.Task`1[Microsoft.AspNetCore.Mvc.IActionResult] Index() on controller PaginaBizu.Controllers.ProductsController (PaginaBizu).
2025-08-16 13:23:55.276 -06:00 [INF] ➡️ Acción ejecutándose: Products/Index | Usuario: hoshuacastillo48@gmail.com | IP: ::1 | Hora: "2025-08-16T13:23:55.2766124-06:00"
2025-08-16 13:23:55.280 -06:00 [INF] Executed DbCommand (1ms) [Parameters=[], CommandType='"Text"', CommandTimeout='30']
SELECT [p].[Id], [p].[CantidadDisponible], [p].[Categoria], [p].[Descripcion], [p].[FechaCreacion], [p].[ImagenUrl], [p].[NombreArticulo], [p].[Precio]
FROM [Products] AS [p]
2025-08-16 13:23:55.283 -06:00 [INF] ✅ Acción ejecutada: Products/Index | Hora: "2025-08-16T13:23:55.2832360-06:00"
2025-08-16 13:23:55.284 -06:00 [INF] Executing ViewResult, running view Index.
2025-08-16 13:23:55.286 -06:00 [INF] Executed ViewResult - view Index executed in 2.1498ms.
2025-08-16 13:23:55.288 -06:00 [INF] Executed action PaginaBizu.Controllers.ProductsController.Index (PaginaBizu) in 11.9293ms
2025-08-16 13:23:55.290 -06:00 [INF] Executed endpoint 'PaginaBizu.Controllers.ProductsController.Index (PaginaBizu)'
2025-08-16 13:23:55.292 -06:00 [INF] Request finished HTTP/1.1 GET http://localhost:5116/Products - 200 null text/html; charset=utf-8 23.5191ms
2025-08-16 13:23:55.311 -06:00 [INF] Request starting HTTP/1.1 GET http://localhost:5116/imagenpulseraoro.jpg - null null
2025-08-16 13:23:55.312 -06:00 [INF] Request starting HTTP/1.1 GET http://localhost:5116/pulseraverde.jpg - null null
2025-08-16 13:23:55.319 -06:00 [INF] Request finished HTTP/1.1 GET http://localhost:5116/imagenpulseraoro.jpg - 404 0 null 8.6731ms
2025-08-16 13:23:55.328 -06:00 [INF] Request finished HTTP/1.1 GET http://localhost:5116/pulseraverde.jpg - 404 0 null 16.0815ms
2025-08-16 13:23:55.335 -06:00 [INF] Request reached the end of the middleware pipeline without being handled by application code. Request path: GET http://localhost:5116/imagenpulseraoro.jpg, Response status code: 404
2025-08-16 13:23:55.342 -06:00 [INF] Request reached the end of the middleware pipeline without being handled by application code. Request path: GET http://localhost:5116/pulseraverde.jpg, Response status code: 404
2025-08-16 13:23:55.534 -06:00 [INF] Request starting HTTP/1.1 GET http://localhost:5116/imagenpulserrojo.jpg - null null
2025-08-16 13:23:55.541 -06:00 [INF] Request finished HTTP/1.1 GET http://localhost:5116/imagenpulserrojo.jpg - 404 0 null 6.5722ms
2025-08-16 13:23:55.546 -06:00 [INF] Request reached the end of the middleware pipeline without being handled by application code. Request path: GET http://localhost:5116/imagenpulserrojo.jpg, Response status code: 404
2025-08-16 13:23:55.549 -06:00 [INF] Request starting HTTP/1.1 GET http://localhost:5116/Cart/CartCount - null null
2025-08-16 13:23:55.553 -06:00 [INF] Executing endpoint 'PaginaBizu.Controllers.CartController.CartCount (PaginaBizu)'
2025-08-16 13:23:55.556 -06:00 [INF] Route matched with {action = "CartCount", controller = "Cart", page = "", area = ""}. Executing controller action with signature Microsoft.AspNetCore.Mvc.IActionResult CartCount() on controller PaginaBizu.Controllers.CartController (PaginaBizu).
2025-08-16 13:23:55.559 -06:00 [INF] ➡️ Acción ejecutándose: Cart/CartCount | Usuario: hoshuacastillo48@gmail.com | IP: ::1 | Hora: "2025-08-16T13:23:55.5597015-06:00"
2025-08-16 13:23:55.562 -06:00 [INF] ✅ Acción ejecutada: Cart/CartCount | Hora: "2025-08-16T13:23:55.5622299-06:00"
2025-08-16 13:23:55.564 -06:00 [INF] Executing JsonResult, writing value of type 'System.Int32'.
2025-08-16 13:23:55.566 -06:00 [INF] Executed action PaginaBizu.Controllers.CartController.CartCount (PaginaBizu) in 6.4203ms
2025-08-16 13:23:55.567 -06:00 [INF] Request starting HTTP/1.1 GET http://localhost:5116/Cart/CartCount - null null
2025-08-16 13:23:55.568 -06:00 [INF] Executed endpoint 'PaginaBizu.Controllers.CartController.CartCount (PaginaBizu)'
2025-08-16 13:23:55.572 -06:00 [INF] Executing endpoint 'PaginaBizu.Controllers.CartController.CartCount (PaginaBizu)'
2025-08-16 13:23:55.573 -06:00 [INF] Request finished HTTP/1.1 GET http://localhost:5116/Cart/CartCount - 200 null application/json; charset=utf-8 24.1731ms
2025-08-16 13:23:55.575 -06:00 [INF] Route matched with {action = "CartCount", controller = "Cart", page = "", area = ""}. Executing controller action with signature Microsoft.AspNetCore.Mvc.IActionResult CartCount() on controller PaginaBizu.Controllers.CartController (PaginaBizu).
2025-08-16 13:23:55.582 -06:00 [INF] ➡️ Acción ejecutándose: Cart/CartCount | Usuario: hoshuacastillo48@gmail.com | IP: ::1 | Hora: "2025-08-16T13:23:55.5822306-06:00"
2025-08-16 13:23:55.585 -06:00 [INF] ✅ Acción ejecutada: Cart/CartCount | Hora: "2025-08-16T13:23:55.5850508-06:00"
2025-08-16 13:23:55.587 -06:00 [INF] Executing JsonResult, writing value of type 'System.Int32'.
2025-08-16 13:23:55.589 -06:00 [INF] Executed action PaginaBizu.Controllers.CartController.CartCount (PaginaBizu) in 7.1654ms
2025-08-16 13:23:55.591 -06:00 [INF] Executed endpoint 'PaginaBizu.Controllers.CartController.CartCount (PaginaBizu)'
2025-08-16 13:23:55.593 -06:00 [INF] Request finished HTTP/1.1 GET http://localhost:5116/Cart/CartCount - 200 null application/json; charset=utf-8 26.1367ms
2025-08-16 13:28:08.274 -06:00 [INF] Application is shutting down...
2025-08-16 13:29:37.506 -06:00 [INF] User profile is available. Using 'C:\Users\hoshu\AppData\Local\ASP.NET\DataProtection-Keys' as key repository and Windows DPAPI to encrypt keys at rest.
2025-08-16 13:29:37.961 -06:00 [WRN] No store type was specified for the decimal property 'Total' on entity type 'Order'. This will cause values to be silently truncated if they do not fit in the default precision and scale. Explicitly specify the SQL server column type that can accommodate all the values in 'OnModelCreating' using 'HasColumnType', specify precision and scale using 'HasPrecision', or configure a value converter using 'HasConversion'.
2025-08-16 13:29:37.964 -06:00 [WRN] No store type was specified for the decimal property 'PrecioUnitario' on entity type 'OrderDetail'. This will cause values to be silently truncated if they do not fit in the default precision and scale. Explicitly specify the SQL server column type that can accommodate all the values in 'OnModelCreating' using 'HasColumnType', specify precision and scale using 'HasPrecision', or configure a value converter using 'HasConversion'.
2025-08-16 13:29:37.967 -06:00 [WRN] No store type was specified for the decimal property 'Precio' on entity type 'Product'. This will cause values to be silently truncated if they do not fit in the default precision and scale. Explicitly specify the SQL server column type that can accommodate all the values in 'OnModelCreating' using 'HasColumnType', specify precision and scale using 'HasPrecision', or configure a value converter using 'HasConversion'.
2025-08-16 13:29:38.445 -06:00 [INF] Executed DbCommand (28ms) [Parameters=[@__normalizedName_0='?' (Size = 256)], CommandType='"Text"', CommandTimeout='30']
SELECT TOP(1) [a].[Id], [a].[ConcurrencyStamp], [a].[Name], [a].[NormalizedName]
FROM [AspNetRoles] AS [a]
WHERE [a].[NormalizedName] = @__normalizedName_0
2025-08-16 13:29:38.525 -06:00 [INF] Executed DbCommand (6ms) [Parameters=[@__normalizedEmail_0='?' (Size = 256)], CommandType='"Text"', CommandTimeout='30']
SELECT TOP(2) [a].[Id], [a].[AccessFailedCount], [a].[ConcurrencyStamp], [a].[Email], [a].[EmailConfirmed], [a].[LockoutEnabled], [a].[LockoutEnd], [a].[NormalizedEmail], [a].[NormalizedUserName], [a].[PasswordHash], [a].[PhoneNumber], [a].[PhoneNumberConfirmed], [a].[SecurityStamp], [a].[TwoFactorEnabled], [a].[UserName]
FROM [AspNetUsers] AS [a]
WHERE [a].[NormalizedEmail] = @__normalizedEmail_0
2025-08-16 13:29:38.567 -06:00 [INF] Executed DbCommand (3ms) [Parameters=[@__normalizedRoleName_0='?' (Size = 256)], CommandType='"Text"', CommandTimeout='30']
SELECT TOP(2) [a].[Id], [a].[ConcurrencyStamp], [a].[Name], [a].[NormalizedName]
FROM [AspNetRoles] AS [a]
WHERE [a].[NormalizedName] = @__normalizedRoleName_0
2025-08-16 13:29:38.599 -06:00 [INF] Executed DbCommand (3ms) [Parameters=[@__p_0='?' (Size = 450), @__p_1='?' (Size = 450)], CommandType='"Text"', CommandTimeout='30']
SELECT TOP(1) [a].[UserId], [a].[RoleId]
FROM [AspNetUserRoles] AS [a]
WHERE [a].[UserId] = @__p_0 AND [a].[RoleId] = @__p_1
2025-08-16 13:29:38.617 -06:00 [INF] Executed DbCommand (1ms) [Parameters=[@__normalizedEmail_0='?' (Size = 256)], CommandType='"Text"', CommandTimeout='30']
SELECT TOP(2) [a].[Id], [a].[AccessFailedCount], [a].[ConcurrencyStamp], [a].[Email], [a].[EmailConfirmed], [a].[LockoutEnabled], [a].[LockoutEnd], [a].[NormalizedEmail], [a].[NormalizedUserName], [a].[PasswordHash], [a].[PhoneNumber], [a].[PhoneNumberConfirmed], [a].[SecurityStamp], [a].[TwoFactorEnabled], [a].[UserName]
FROM [AspNetUsers] AS [a]
WHERE [a].[NormalizedEmail] = @__normalizedEmail_0
2025-08-16 13:29:38.629 -06:00 [INF] Executed DbCommand (1ms) [Parameters=[@__normalizedRoleName_0='?' (Size = 256)], CommandType='"Text"', CommandTimeout='30']
SELECT TOP(2) [a].[Id], [a].[ConcurrencyStamp], [a].[Name], [a].[NormalizedName]
FROM [AspNetRoles] AS [a]
WHERE [a].[NormalizedName] = @__normalizedRoleName_0
2025-08-16 13:29:38.635 -06:00 [INF] Executed DbCommand (1ms) [Parameters=[@__p_0='?' (Size = 450), @__p_1='?' (Size = 450)], CommandType='"Text"', CommandTimeout='30']
SELECT TOP(1) [a].[UserId], [a].[RoleId]
FROM [AspNetUserRoles] AS [a]
WHERE [a].[UserId] = @__p_0 AND [a].[RoleId] = @__p_1
2025-08-16 13:29:38.641 -06:00 [INF] Executed DbCommand (1ms) [Parameters=[@__normalizedEmail_0='?' (Size = 256)], CommandType='"Text"', CommandTimeout='30']
SELECT TOP(2) [a].[Id], [a].[AccessFailedCount], [a].[ConcurrencyStamp], [a].[Email], [a].[EmailConfirmed], [a].[LockoutEnabled], [a].[LockoutEnd], [a].[NormalizedEmail], [a].[NormalizedUserName], [a].[PasswordHash], [a].[PhoneNumber], [a].[PhoneNumberConfirmed], [a].[SecurityStamp], [a].[TwoFactorEnabled], [a].[UserName]
FROM [AspNetUsers] AS [a]
WHERE [a].[NormalizedEmail] = @__normalizedEmail_0
2025-08-16 13:29:38.645 -06:00 [INF] Executed DbCommand (1ms) [Parameters=[@__normalizedRoleName_0='?' (Size = 256)], CommandType='"Text"', CommandTimeout='30']
SELECT TOP(2) [a].[Id], [a].[ConcurrencyStamp], [a].[Name], [a].[NormalizedName]
FROM [AspNetRoles] AS [a]
WHERE [a].[NormalizedName] = @__normalizedRoleName_0
2025-08-16 13:29:38.650 -06:00 [INF] Executed DbCommand (1ms) [Parameters=[@__p_0='?' (Size = 450), @__p_1='?' (Size = 450)], CommandType='"Text"', CommandTimeout='30']
SELECT TOP(1) [a].[UserId], [a].[RoleId]
FROM [AspNetUserRoles] AS [a]
WHERE [a].[UserId] = @__p_0 AND [a].[RoleId] = @__p_1
2025-08-16 13:29:38.855 -06:00 [INF] Now listening on: http://localhost:5116
2025-08-16 13:29:38.859 -06:00 [INF] Application started. Press Ctrl+C to shut down.
2025-08-16 13:29:38.860 -06:00 [INF] Hosting environment: Development
2025-08-16 13:29:38.861 -06:00 [INF] Content root path: C:\Users\hoshu\OneDrive\Desktop\ProyectoAnalisisDeSistemas-master\ProyectoAnalisisDeSistemas-master\PaginaBizu
2025-08-16 13:29:42.056 -06:00 [INF] Request starting HTTP/1.1 GET http://localhost:5116/Products - null null
2025-08-16 13:29:42.107 -06:00 [WRN] Failed to determine the https port for redirect.
2025-08-16 13:29:42.148 -06:00 [INF] Executing endpoint 'PaginaBizu.Controllers.ProductsController.Index (PaginaBizu)'
2025-08-16 13:29:42.162 -06:00 [INF] Route matched with {action = "Index", controller = "Products", page = "", area = ""}. Executing controller action with signature System.Threading.Tasks.Task`1[Microsoft.AspNetCore.Mvc.IActionResult] Index() on controller PaginaBizu.Controllers.ProductsController (PaginaBizu).
2025-08-16 13:29:42.173 -06:00 [INF] ➡️ Acción ejecutándose: Products/Index | Usuario: hoshuacastillo48@gmail.com | IP: ::1 | Hora: "2025-08-16T13:29:42.1729487-06:00"
2025-08-16 13:29:42.242 -06:00 [INF] Executed DbCommand (3ms) [Parameters=[], CommandType='"Text"', CommandTimeout='30']
SELECT [p].[Id], [p].[CantidadDisponible], [p].[Categoria], [p].[Descripcion], [p].[FechaCreacion], [p].[ImagenUrl], [p].[NombreArticulo], [p].[Precio]
FROM [Products] AS [p]
2025-08-16 13:29:42.266 -06:00 [INF] ✅ Acción ejecutada: Products/Index | Hora: "2025-08-16T13:29:42.2669035-06:00"
2025-08-16 13:29:42.277 -06:00 [INF] Executing ViewResult, running view Index.
2025-08-16 13:29:42.350 -06:00 [INF] Executed ViewResult - view Index executed in 73.6193ms.
2025-08-16 13:29:42.355 -06:00 [INF] Executed action PaginaBizu.Controllers.ProductsController.Index (PaginaBizu) in 189.9381ms
2025-08-16 13:29:42.359 -06:00 [INF] Executed endpoint 'PaginaBizu.Controllers.ProductsController.Index (PaginaBizu)'
2025-08-16 13:29:42.381 -06:00 [INF] Request finished HTTP/1.1 GET http://localhost:5116/Products - 200 null text/html; charset=utf-8 325.4339ms
2025-08-16 13:29:42.409 -06:00 [INF] Request starting HTTP/1.1 GET http://localhost:5116/pulseraverde.jpg - null null
2025-08-16 13:29:42.409 -06:00 [INF] Request starting HTTP/1.1 GET http://localhost:5116/imagenpulseraoro.jpg - null null
2025-08-16 13:29:42.430 -06:00 [INF] Request finished HTTP/1.1 GET http://localhost:5116/imagenpulseraoro.jpg - 404 0 null 21.7155ms
2025-08-16 13:29:42.430 -06:00 [INF] Request finished HTTP/1.1 GET http://localhost:5116/pulseraverde.jpg - 404 0 null 21.7383ms
2025-08-16 13:29:42.438 -06:00 [INF] Request reached the end of the middleware pipeline without being handled by application code. Request path: GET http://localhost:5116/imagenpulseraoro.jpg, Response status code: 404
2025-08-16 13:29:42.441 -06:00 [INF] Request reached the end of the middleware pipeline without being handled by application code. Request path: GET http://localhost:5116/pulseraverde.jpg, Response status code: 404
2025-08-16 13:29:42.858 -06:00 [INF] Request starting HTTP/1.1 GET http://localhost:5116/imagenpulserrojo.jpg - null null
2025-08-16 13:29:42.884 -06:00 [INF] Request finished HTTP/1.1 GET http://localhost:5116/imagenpulserrojo.jpg - 404 0 null 25.4809ms
2025-08-16 13:29:42.894 -06:00 [INF] Request reached the end of the middleware pipeline without being handled by application code. Request path: GET http://localhost:5116/imagenpulserrojo.jpg, Response status code: 404
2025-08-16 13:29:42.907 -06:00 [INF] Request starting HTTP/1.1 GET http://localhost:5116/Cart/CartCount - null null
2025-08-16 13:29:42.915 -06:00 [INF] Executing endpoint 'PaginaBizu.Controllers.CartController.CartCount (PaginaBizu)'
2025-08-16 13:29:42.922 -06:00 [INF] Route matched with {action = "CartCount", controller = "Cart", page = "", area = ""}. Executing controller action with signature Microsoft.AspNetCore.Mvc.IActionResult CartCount() on controller PaginaBizu.Controllers.CartController (PaginaBizu).
2025-08-16 13:29:42.929 -06:00 [INF] ➡️ Acción ejecutándose: Cart/CartCount | Usuario: hoshuacastillo48@gmail.com | IP: ::1 | Hora: "2025-08-16T13:29:42.9292055-06:00"
2025-08-16 13:29:42.934 -06:00 [INF] Accessing expired session, Key:b6d22df1-35ff-543a-666b-31a639717e32
2025-08-16 13:29:42.939 -06:00 [INF] ✅ Acción ejecutada: Cart/CartCount | Hora: "2025-08-16T13:29:42.9396711-06:00"
2025-08-16 13:29:42.945 -06:00 [INF] Executing JsonResult, writing value of type 'System.Int32'.
2025-08-16 13:29:42.980 -06:00 [INF] Request starting HTTP/1.1 GET http://localhost:5116/Cart/CartCount - null null
2025-08-16 13:29:42.980 -06:00 [INF] Executed action PaginaBizu.Controllers.CartController.CartCount (PaginaBizu) in 52.1374ms
2025-08-16 13:29:42.989 -06:00 [INF] Executed endpoint 'PaginaBizu.Controllers.CartController.CartCount (PaginaBizu)'
2025-08-16 13:29:42.990 -06:00 [INF] Executing endpoint 'PaginaBizu.Controllers.CartController.CartCount (PaginaBizu)'
2025-08-16 13:29:42.991 -06:00 [INF] Request finished HTTP/1.1 GET http://localhost:5116/Cart/CartCount - 200 null application/json; charset=utf-8 84.5001ms
2025-08-16 13:29:42.993 -06:00 [INF] Route matched with {action = "CartCount", controller = "Cart", page = "", area = ""}. Executing controller action with signature Microsoft.AspNetCore.Mvc.IActionResult CartCount() on controller PaginaBizu.Controllers.CartController (PaginaBizu).
2025-08-16 13:29:43.002 -06:00 [INF] ➡️ Acción ejecutándose: Cart/CartCount | Usuario: hoshuacastillo48@gmail.com | IP: ::1 | Hora: "2025-08-16T13:29:43.0027160-06:00"
2025-08-16 13:29:43.006 -06:00 [INF] Accessing expired session, Key:b6d22df1-35ff-543a-666b-31a639717e32
2025-08-16 13:29:43.008 -06:00 [INF] ✅ Acción ejecutada: Cart/CartCount | Hora: "2025-08-16T13:29:43.0083768-06:00"
2025-08-16 13:29:43.010 -06:00 [INF] Executing JsonResult, writing value of type 'System.Int32'.
2025-08-16 13:29:43.012 -06:00 [INF] Executed action PaginaBizu.Controllers.CartController.CartCount (PaginaBizu) in 10.2867ms
2025-08-16 13:29:43.015 -06:00 [INF] Executed endpoint 'PaginaBizu.Controllers.CartController.CartCount (PaginaBizu)'
2025-08-16 13:29:43.016 -06:00 [INF] Request finished HTTP/1.1 GET http://localhost:5116/Cart/CartCount - 200 null application/json; charset=utf-8 36.3735ms
2025-08-16 13:29:46.931 -06:00 [INF] Request starting HTTP/1.1 GET http://localhost:5116/ - null null
2025-08-16 13:29:46.941 -06:00 [INF] Executing endpoint 'PaginaBizu.Controllers.HomeController.Index (PaginaBizu)'
2025-08-16 13:29:46.950 -06:00 [INF] Route matched with {action = "Index", controller = "Home", page = "", area = ""}. Executing controller action with signature Microsoft.AspNetCore.Mvc.IActionResult Index() on controller PaginaBizu.Controllers.HomeController (PaginaBizu).
2025-08-16 13:29:46.958 -06:00 [INF] ➡️ Acción ejecutándose: Home/Index | Usuario: hoshuacastillo48@gmail.com | IP: ::1 | Hora: "2025-08-16T13:29:46.9579107-06:00"
2025-08-16 13:29:46.963 -06:00 [INF] ✅ Acción ejecutada: Home/Index | Hora: "2025-08-16T13:29:46.9637309-06:00"
2025-08-16 13:29:46.970 -06:00 [INF] Executing ViewResult, running view Index.
2025-08-16 13:29:47.061 -06:00 [INF] Executed DbCommand (5ms) [Parameters=[@__p_0='?' (Size = 450)], CommandType='"Text"', CommandTimeout='30']
SELECT TOP(1) [a].[Id], [a].[AccessFailedCount], [a].[ConcurrencyStamp], [a].[Email], [a].[EmailConfirmed], [a].[LockoutEnabled], [a].[LockoutEnd], [a].[NormalizedEmail], [a].[NormalizedUserName], [a].[PasswordHash], [a].[PhoneNumber], [a].[PhoneNumberConfirmed], [a].[SecurityStamp], [a].[TwoFactorEnabled], [a].[UserName]
FROM [AspNetUsers] AS [a]
WHERE [a].[Id] = @__p_0
2025-08-16 13:29:47.135 -06:00 [INF] Executed DbCommand (5ms) [Parameters=[@__userId_0='?' (Size = 450)], CommandType='"Text"', CommandTimeout='30']
SELECT [a0].[Name]
FROM [AspNetUserRoles] AS [a]
INNER JOIN [AspNetRoles] AS [a0] ON [a].[RoleId] = [a0].[Id]
WHERE [a].[UserId] = @__userId_0
2025-08-16 13:29:47.166 -06:00 [INF] Executed ViewResult - view Index executed in 198.3903ms.
2025-08-16 13:29:47.176 -06:00 [INF] Executed action PaginaBizu.Controllers.HomeController.Index (PaginaBizu) in 220.5091ms
2025-08-16 13:29:47.183 -06:00 [INF] Executed endpoint 'PaginaBizu.Controllers.HomeController.Index (PaginaBizu)'
2025-08-16 13:29:47.190 -06:00 [INF] Request finished HTTP/1.1 GET http://localhost:5116/ - 200 null text/html; charset=utf-8 259.4755ms
2025-08-16 13:29:47.490 -06:00 [INF] Request starting HTTP/1.1 GET http://localhost:5116/images/bg.png - null null
2025-08-16 13:29:47.506 -06:00 [INF] Request finished HTTP/1.1 GET http://localhost:5116/images/bg.png - 404 0 null 16.6154ms
2025-08-16 13:29:47.517 -06:00 [INF] Request reached the end of the middleware pipeline without being handled by application code. Request path: GET http://localhost:5116/images/bg.png, Response status code: 404
2025-08-16 13:29:47.526 -06:00 [INF] Request starting HTTP/1.1 GET http://localhost:5116/css/tailwindcss - null null
2025-08-16 13:29:47.532 -06:00 [INF] Request finished HTTP/1.1 GET http://localhost:5116/css/tailwindcss - 404 0 null 5.3737ms
2025-08-16 13:29:47.539 -06:00 [INF] Request reached the end of the middleware pipeline without being handled by application code. Request path: GET http://localhost:5116/css/tailwindcss, Response status code: 404
2025-08-16 13:29:48.520 -06:00 [INF] Request starting HTTP/1.1 GET http://localhost:5116/Shop - null null
2025-08-16 13:29:48.525 -06:00 [INF] Executing endpoint 'PaginaBizu.Controllers.ShopController.Index (PaginaBizu)'
2025-08-16 13:29:48.530 -06:00 [INF] Route matched with {action = "Index", controller = "Shop", page = "", area = ""}. Executing controller action with signature Microsoft.AspNetCore.Mvc.IActionResult Index() on controller PaginaBizu.Controllers.ShopController (PaginaBizu).
2025-08-16 13:29:48.534 -06:00 [INF] ➡️ Acción ejecutándose: Shop/Index | Usuario: hoshuacastillo48@gmail.com | IP: ::1 | Hora: "2025-08-16T13:29:48.5346600-06:00"
2025-08-16 13:29:48.564 -06:00 [INF] Executed DbCommand (3ms) [Parameters=[], CommandType='"Text"', CommandTimeout='30']
SELECT [p].[Id], [p].[CantidadDisponible], [p].[Categoria], [p].[Descripcion], [p].[FechaCreacion], [p].[ImagenUrl], [p].[NombreArticulo], [p].[Precio]
FROM [Products] AS [p]
2025-08-16 13:29:48.571 -06:00 [INF] ✅ Acción ejecutada: Shop/Index | Hora: "2025-08-16T13:29:48.5715699-06:00"
2025-08-16 13:29:48.575 -06:00 [INF] Executing ViewResult, running view Index.
2025-08-16 13:29:48.588 -06:00 [INF] Executed ViewResult - view Index executed in 14.8223ms.
2025-08-16 13:29:48.593 -06:00 [INF] Executed action PaginaBizu.Controllers.ShopController.Index (PaginaBizu) in 58.8699ms
2025-08-16 13:29:48.595 -06:00 [INF] Executed endpoint 'PaginaBizu.Controllers.ShopController.Index (PaginaBizu)'
2025-08-16 13:29:48.599 -06:00 [INF] Request finished HTTP/1.1 GET http://localhost:5116/Shop - 200 null text/html; charset=utf-8 78.551ms
2025-08-16 13:29:48.855 -06:00 [INF] Request starting HTTP/1.1 GET http://localhost:5116/images/imagenpulserrojo.jpg - null null
2025-08-16 13:29:48.865 -06:00 [INF] Request finished HTTP/1.1 GET http://localhost:5116/images/imagenpulserrojo.jpg - 404 0 null 10.2167ms
2025-08-16 13:29:48.873 -06:00 [INF] Request reached the end of the middleware pipeline without being handled by application code. Request path: GET http://localhost:5116/images/imagenpulserrojo.jpg, Response status code: 404
2025-08-16 13:29:48.910 -06:00 [INF] Request starting HTTP/1.1 GET http://localhost:5116/Cart/CartCount - null null
2025-08-16 13:29:48.918 -06:00 [INF] Executing endpoint 'PaginaBizu.Controllers.CartController.CartCount (PaginaBizu)'
2025-08-16 13:29:48.923 -06:00 [INF] Route matched with {action = "CartCount", controller = "Cart", page = "", area = ""}. Executing controller action with signature Microsoft.AspNetCore.Mvc.IActionResult CartCount() on controller PaginaBizu.Controllers.CartController (PaginaBizu).
2025-08-16 13:29:48.929 -06:00 [INF] ➡️ Acción ejecutándose: Cart/CartCount | Usuario: hoshuacastillo48@gmail.com | IP: ::1 | Hora: "2025-08-16T13:29:48.9290072-06:00"
2025-08-16 13:29:48.932 -06:00 [INF] Accessing expired session, Key:b6d22df1-35ff-543a-666b-31a639717e32
2025-08-16 13:29:48.934 -06:00 [INF] ✅ Acción ejecutada: Cart/CartCount | Hora: "2025-08-16T13:29:48.9348023-06:00"
2025-08-16 13:29:48.941 -06:00 [INF] Executing JsonResult, writing value of type 'System.Int32'.
2025-08-16 13:29:48.943 -06:00 [INF] Executed action PaginaBizu.Controllers.CartController.CartCount (PaginaBizu) in 14.6814ms
2025-08-16 13:29:48.945 -06:00 [INF] Request starting HTTP/1.1 GET http://localhost:5116/Cart/CartCount - null null
2025-08-16 13:29:48.946 -06:00 [INF] Executed endpoint 'PaginaBizu.Controllers.CartController.CartCount (PaginaBizu)'
2025-08-16 13:29:48.954 -06:00 [INF] Executing endpoint 'PaginaBizu.Controllers.CartController.CartCount (PaginaBizu)'
2025-08-16 13:29:48.954 -06:00 [INF] Request finished HTTP/1.1 GET http://localhost:5116/Cart/CartCount - 200 null application/json; charset=utf-8 43.8974ms
2025-08-16 13:29:48.958 -06:00 [INF] Route matched with {action = "CartCount", controller = "Cart", page = "", area = ""}. Executing controller action with signature Microsoft.AspNetCore.Mvc.IActionResult CartCount() on controller PaginaBizu.Controllers.CartController (PaginaBizu).
2025-08-16 13:29:48.972 -06:00 [INF] ➡️ Acción ejecutándose: Cart/CartCount | Usuario: hoshuacastillo48@gmail.com | IP: ::1 | Hora: "2025-08-16T13:29:48.9727050-06:00"
2025-08-16 13:29:48.977 -06:00 [INF] Accessing expired session, Key:b6d22df1-35ff-543a-666b-31a639717e32
2025-08-16 13:29:48.981 -06:00 [INF] ✅ Acción ejecutada: Cart/CartCount | Hora: "2025-08-16T13:29:48.9811809-06:00"
2025-08-16 13:29:48.986 -06:00 [INF] Executing JsonResult, writing value of type 'System.Int32'.
2025-08-16 13:29:48.989 -06:00 [INF] Executed action PaginaBizu.Controllers.CartController.CartCount (PaginaBizu) in 17.3898ms
2025-08-16 13:29:48.992 -06:00 [INF] Executed endpoint 'PaginaBizu.Controllers.CartController.CartCount (PaginaBizu)'
2025-08-16 13:29:48.996 -06:00 [INF] Request finished HTTP/1.1 GET http://localhost:5116/Cart/CartCount - 200 null application/json; charset=utf-8 51.0496ms
2025-08-16 13:29:50.036 -06:00 [INF] Request starting HTTP/1.1 GET http://localhost:5116/Shop/Details/1 - null null
2025-08-16 13:29:50.040 -06:00 [INF] Executing endpoint 'PaginaBizu.Controllers.ShopController.Details (PaginaBizu)'
2025-08-16 13:29:50.058 -06:00 [INF] Route matched with {action = "Details", controller = "Shop", page = "", area = ""}. Executing controller action with signature Microsoft.AspNetCore.Mvc.IActionResult Details(Int32) on controller PaginaBizu.Controllers.ShopController (PaginaBizu).
2025-08-16 13:29:50.075 -06:00 [INF] ➡️ Acción ejecutándose: Shop/Details | Usuario: hoshuacastillo48@gmail.com | IP: ::1 | Hora: "2025-08-16T13:29:50.0751578-06:00"
2025-08-16 13:29:50.099 -06:00 [INF] Executed DbCommand (3ms) [Parameters=[@__id_0='?' (DbType = Int32)], CommandType='"Text"', CommandTimeout='30']
SELECT TOP(1) [p].[Id], [p].[CantidadDisponible], [p].[Categoria], [p].[Descripcion], [p].[FechaCreacion], [p].[ImagenUrl], [p].[NombreArticulo], [p].[Precio]
FROM [Products] AS [p]
WHERE [p].[Id] = @__id_0
2025-08-16 13:29:50.127 -06:00 [INF] Executed DbCommand (5ms) [Parameters=[@__id_0='?' (DbType = Int32)], CommandType='"Text"', CommandTimeout='30']
SELECT [c].[Id], [c].[Calificacion], [c].[Contenido], [c].[Fecha], [c].[ProductoId], [c].[UsuarioId]
FROM [Comentarios] AS [c]
WHERE [c].[ProductoId] = @__id_0
ORDER BY [c].[Fecha] DESC
2025-08-16 13:29:50.156 -06:00 [INF] ✅ Acción ejecutada: Shop/Details | Hora: "2025-08-16T13:29:50.1568953-06:00"
2025-08-16 13:29:50.163 -06:00 [INF] Executing ViewResult, running view Details.
2025-08-16 13:29:50.189 -06:00 [INF] Executed ViewResult - view Details executed in 28.5388ms.
2025-08-16 13:29:50.194 -06:00 [INF] Executed action PaginaBizu.Controllers.ShopController.Details (PaginaBizu) in 131.5112ms
2025-08-16 13:29:50.199 -06:00 [INF] Executed endpoint 'PaginaBizu.Controllers.ShopController.Details (PaginaBizu)'
2025-08-16 13:29:50.204 -06:00 [INF] Request finished HTTP/1.1 GET http://localhost:5116/Shop/Details/1 - 200 null text/html; charset=utf-8 167.8902ms
2025-08-16 13:29:51.883 -06:00 [INF] Request starting HTTP/1.1 POST http://localhost:5116/Cart/AddToCart - application/json 8
2025-08-16 13:29:51.890 -06:00 [INF] Executing endpoint 'PaginaBizu.Controllers.CartController.AddToCart (PaginaBizu)'
2025-08-16 13:29:51.897 -06:00 [INF] Route matched with {action = "AddToCart", controller = "Cart", page = "", area = ""}. Executing controller action with signature Microsoft.AspNetCore.Mvc.IActionResult AddToCart(AddToCartModel) on controller PaginaBizu.Controllers.CartController (PaginaBizu).
2025-08-16 13:29:51.942 -06:00 [INF] ➡️ Acción ejecutándose: Cart/AddToCart | Usuario: hoshuacastillo48@gmail.com | IP: ::1 | Hora: "2025-08-16T13:29:51.9422233-06:00"
2025-08-16 13:29:51.957 -06:00 [INF] Executed DbCommand (2ms) [Parameters=[@__data_Id_0='?' (DbType = Int32)], CommandType='"Text"', CommandTimeout='30']
SELECT TOP(1) [p].[Id], [p].[CantidadDisponible], [p].[Categoria], [p].[Descripcion], [p].[FechaCreacion], [p].[ImagenUrl], [p].[NombreArticulo], [p].[Precio]
FROM [Products] AS [p]
WHERE [p].[Id] = @__data_Id_0
2025-08-16 13:29:51.961 -06:00 [INF] Accessing expired session, Key:b6d22df1-35ff-543a-666b-31a639717e32
2025-08-16 13:29:51.985 -06:00 [INF] ✅ Acción ejecutada: Cart/AddToCart | Hora: "2025-08-16T13:29:51.9855946-06:00"
2025-08-16 13:29:51.988 -06:00 [INF] Executing JsonResult, writing value of type '<>f__AnonymousType1`2[[System.Boolean, System.Private.CoreLib, Version=8.0.0.0, Culture=neutral, PublicKeyToken=7cec85d7bea7798e],[System.Int32, System.Private.CoreLib, Version=8.0.0.0, Culture=neutral, PublicKeyToken=7cec85d7bea7798e]]'.
2025-08-16 13:29:52.005 -06:00 [INF] Executed action PaginaBizu.Controllers.CartController.AddToCart (PaginaBizu) in 103.8889ms
2025-08-16 13:29:52.008 -06:00 [INF] Executed endpoint 'PaginaBizu.Controllers.CartController.AddToCart (PaginaBizu)'
2025-08-16 13:29:52.010 -06:00 [INF] Session started; Key:b6d22df1-35ff-543a-666b-31a639717e32, Id:bdb2dbde-b8a1-5c73-d885-2476ae9df375
2025-08-16 13:29:52.012 -06:00 [INF] Request finished HTTP/1.1 POST http://localhost:5116/Cart/AddToCart - 200 null application/json; charset=utf-8 128.2752ms
2025-08-16 13:29:53.462 -06:00 [INF] Request starting HTTP/1.1 GET http://localhost:5116/ - null null
2025-08-16 13:29:53.469 -06:00 [INF] Executing endpoint 'PaginaBizu.Controllers.HomeController.Index (PaginaBizu)'
2025-08-16 13:29:53.473 -06:00 [INF] Route matched with {action = "Index", controller = "Home", page = "", area = ""}. Executing controller action with signature Microsoft.AspNetCore.Mvc.IActionResult Index() on controller PaginaBizu.Controllers.HomeController (PaginaBizu).
2025-08-16 13:29:53.479 -06:00 [INF] ➡️ Acción ejecutándose: Home/Index | Usuario: hoshuacastillo48@gmail.com | IP: ::1 | Hora: "2025-08-16T13:29:53.4797659-06:00"
2025-08-16 13:29:53.485 -06:00 [INF] ✅ Acción ejecutada: Home/Index | Hora: "2025-08-16T13:29:53.4849087-06:00"
2025-08-16 13:29:53.489 -06:00 [INF] Executing ViewResult, running view Index.
2025-08-16 13:29:53.498 -06:00 [INF] Executed DbCommand (1ms) [Parameters=[@__p_0='?' (Size = 450)], CommandType='"Text"', CommandTimeout='30']
SELECT TOP(1) [a].[Id], [a].[AccessFailedCount], [a].[ConcurrencyStamp], [a].[Email], [a].[EmailConfirmed], [a].[LockoutEnabled], [a].[LockoutEnd], [a].[NormalizedEmail], [a].[NormalizedUserName], [a].[PasswordHash], [a].[PhoneNumber], [a].[PhoneNumberConfirmed], [a].[SecurityStamp], [a].[TwoFactorEnabled], [a].[UserName]
FROM [AspNetUsers] AS [a]
WHERE [a].[Id] = @__p_0
2025-08-16 13:29:53.510 -06:00 [INF] Executed DbCommand (1ms) [Parameters=[@__userId_0='?' (Size = 450)], CommandType='"Text"', CommandTimeout='30']
SELECT [a0].[Name]
FROM [AspNetUserRoles] AS [a]
INNER JOIN [AspNetRoles] AS [a0] ON [a].[RoleId] = [a0].[Id]
WHERE [a].[UserId] = @__userId_0
2025-08-16 13:29:53.520 -06:00 [INF] Executed ViewResult - view Index executed in 30.539ms.
2025-08-16 13:29:53.525 -06:00 [INF] Executed action PaginaBizu.Controllers.HomeController.Index (PaginaBizu) in 45.9176ms
2025-08-16 13:29:53.531 -06:00 [INF] Executed endpoint 'PaginaBizu.Controllers.HomeController.Index (PaginaBizu)'
2025-08-16 13:29:53.536 -06:00 [INF] Request finished HTTP/1.1 GET http://localhost:5116/ - 200 null text/html; charset=utf-8 74.259ms
2025-08-16 13:29:53.823 -06:00 [INF] Request starting HTTP/1.1 GET http://localhost:5116/css/tailwindcss - null null
2025-08-16 13:29:53.829 -06:00 [INF] Request finished HTTP/1.1 GET http://localhost:5116/css/tailwindcss - 404 0 null 6.1469ms
2025-08-16 13:29:53.837 -06:00 [INF] Request reached the end of the middleware pipeline without being handled by application code. Request path: GET http://localhost:5116/css/tailwindcss, Response status code: 404
2025-08-16 13:29:54.809 -06:00 [INF] Request starting HTTP/1.1 GET http://localhost:5116/Shop - null null
2025-08-16 13:29:54.816 -06:00 [INF] Executing endpoint 'PaginaBizu.Controllers.ShopController.Index (PaginaBizu)'
2025-08-16 13:29:54.820 -06:00 [INF] Route matched with {action = "Index", controller = "Shop", page = "", area = ""}. Executing controller action with signature Microsoft.AspNetCore.Mvc.IActionResult Index() on controller PaginaBizu.Controllers.ShopController (PaginaBizu).
2025-08-16 13:29:54.824 -06:00 [INF] ➡️ Acción ejecutándose: Shop/Index | Usuario: hoshuacastillo48@gmail.com | IP: ::1 | Hora: "2025-08-16T13:29:54.8240947-06:00"
2025-08-16 13:29:54.827 -06:00 [INF] Executed DbCommand (1ms) [Parameters=[], CommandType='"Text"', CommandTimeout='30']
SELECT [p].[Id], [p].[CantidadDisponible], [p].[Categoria], [p].[Descripcion], [p].[FechaCreacion], [p].[ImagenUrl], [p].[NombreArticulo], [p].[Precio]
FROM [Products] AS [p]
2025-08-16 13:29:54.832 -06:00 [INF] ✅ Acción ejecutada: Shop/Index | Hora: "2025-08-16T13:29:54.8324707-06:00"
2025-08-16 13:29:54.838 -06:00 [INF] Executing ViewResult, running view Index.
2025-08-16 13:29:54.843 -06:00 [INF] Executed ViewResult - view Index executed in 5.1102ms.
2025-08-16 13:29:54.845 -06:00 [INF] Executed action PaginaBizu.Controllers.ShopController.Index (PaginaBizu) in 21.4572ms
2025-08-16 13:29:54.849 -06:00 [INF] Executed endpoint 'PaginaBizu.Controllers.ShopController.Index (PaginaBizu)'
2025-08-16 13:29:54.852 -06:00 [INF] Request finished HTTP/1.1 GET http://localhost:5116/Shop - 200 null text/html; charset=utf-8 43.2887ms
2025-08-16 13:29:54.884 -06:00 [INF] Request starting HTTP/1.1 GET http://localhost:5116/images/imagenpulserrojo.jpg - null null
2025-08-16 13:29:54.894 -06:00 [INF] Request finished HTTP/1.1 GET http://localhost:5116/images/imagenpulserrojo.jpg - 404 0 null 9.3062ms
2025-08-16 13:29:54.904 -06:00 [INF] Request reached the end of the middleware pipeline without being handled by application code. Request path: GET http://localhost:5116/images/imagenpulserrojo.jpg, Response status code: 404
2025-08-16 13:29:55.129 -06:00 [INF] Request starting HTTP/1.1 GET http://localhost:5116/Cart/CartCount - null null
2025-08-16 13:29:55.135 -06:00 [INF] Executing endpoint 'PaginaBizu.Controllers.CartController.CartCount (PaginaBizu)'
2025-08-16 13:29:55.139 -06:00 [INF] Route matched with {action = "CartCount", controller = "Cart", page = "", area = ""}. Executing controller action with signature Microsoft.AspNetCore.Mvc.IActionResult CartCount() on controller PaginaBizu.Controllers.CartController (PaginaBizu).
2025-08-16 13:29:55.143 -06:00 [INF] ➡️ Acción ejecutándose: Cart/CartCount | Usuario: hoshuacastillo48@gmail.com | IP: ::1 | Hora: "2025-08-16T13:29:55.1435467-06:00"
2025-08-16 13:29:55.155 -06:00 [INF] ✅ Acción ejecutada: Cart/CartCount | Hora: "2025-08-16T13:29:55.1551525-06:00"
2025-08-16 13:29:55.163 -06:00 [INF] Executing JsonResult, writing value of type 'System.Int32'.
2025-08-16 13:29:55.169 -06:00 [INF] Executed action PaginaBizu.Controllers.CartController.CartCount (PaginaBizu) in 26.1381ms
2025-08-16 13:29:55.171 -06:00 [INF] Request starting HTTP/1.1 GET http://localhost:5116/Cart/CartCount - null null
2025-08-16 13:29:55.173 -06:00 [INF] Executed endpoint 'PaginaBizu.Controllers.CartController.CartCount (PaginaBizu)'
2025-08-16 13:29:55.178 -06:00 [INF] Executing endpoint 'PaginaBizu.Controllers.CartController.CartCount (PaginaBizu)'
2025-08-16 13:29:55.182 -06:00 [INF] Request finished HTTP/1.1 GET http://localhost:5116/Cart/CartCount - 200 null application/json; charset=utf-8 52.4837ms
2025-08-16 13:29:55.184 -06:00 [INF] Route matched with {action = "CartCount", controller = "Cart", page = "", area = ""}. Executing controller action with signature Microsoft.AspNetCore.Mvc.IActionResult CartCount() on controller PaginaBizu.Controllers.CartController (PaginaBizu).
2025-08-16 13:29:55.204 -06:00 [INF] ➡️ Acción ejecutándose: Cart/CartCount | Usuario: hoshuacastillo48@gmail.com | IP: ::1 | Hora: "2025-08-16T13:29:55.2045181-06:00"
2025-08-16 13:29:55.211 -06:00 [INF] ✅ Acción ejecutada: Cart/CartCount | Hora: "2025-08-16T13:29:55.2111790-06:00"
2025-08-16 13:29:55.213 -06:00 [INF] Executing JsonResult, writing value of type 'System.Int32'.
2025-08-16 13:29:55.216 -06:00 [INF] Executed action PaginaBizu.Controllers.CartController.CartCount (PaginaBizu) in 12.233ms
2025-08-16 13:29:55.219 -06:00 [INF] Executed endpoint 'PaginaBizu.Controllers.CartController.CartCount (PaginaBizu)'
2025-08-16 13:29:55.223 -06:00 [INF] Request finished HTTP/1.1 GET http://localhost:5116/Cart/CartCount - 200 null application/json; charset=utf-8 51.7997ms
2025-08-16 13:29:56.383 -06:00 [INF] Request starting HTTP/1.1 GET http://localhost:5116/ - null null
2025-08-16 13:29:56.389 -06:00 [INF] Executing endpoint 'PaginaBizu.Controllers.HomeController.Index (PaginaBizu)'
2025-08-16 13:29:56.393 -06:00 [INF] Route matched with {action = "Index", controller = "Home", page = "", area = ""}. Executing controller action with signature Microsoft.AspNetCore.Mvc.IActionResult Index() on controller PaginaBizu.Controllers.HomeController (PaginaBizu).
2025-08-16 13:29:56.398 -06:00 [INF] ➡️ Acción ejecutándose: Home/Index | Usuario: hoshuacastillo48@gmail.com | IP: ::1 | Hora: "2025-08-16T13:29:56.3987902-06:00"
2025-08-16 13:29:56.402 -06:00 [INF] ✅ Acción ejecutada: Home/Index | Hora: "2025-08-16T13:29:56.4021806-06:00"
2025-08-16 13:29:56.406 -06:00 [INF] Executing ViewResult, running view Index.
2025-08-16 13:29:56.412 -06:00 [INF] Executed DbCommand (1ms) [Parameters=[@__p_0='?' (Size = 450)], CommandType='"Text"', CommandTimeout='30']
SELECT TOP(1) [a].[Id], [a].[AccessFailedCount], [a].[ConcurrencyStamp], [a].[Email], [a].[EmailConfirmed], [a].[LockoutEnabled], [a].[LockoutEnd], [a].[NormalizedEmail], [a].[NormalizedUserName], [a].[PasswordHash], [a].[PhoneNumber], [a].[PhoneNumberConfirmed], [a].[SecurityStamp], [a].[TwoFactorEnabled], [a].[UserName]
FROM [AspNetUsers] AS [a]
WHERE [a].[Id] = @__p_0
2025-08-16 13:29:56.424 -06:00 [INF] Executed DbCommand (1ms) [Parameters=[@__userId_0='?' (Size = 450)], CommandType='"Text"', CommandTimeout='30']
SELECT [a0].[Name]
FROM [AspNetUserRoles] AS [a]
INNER JOIN [AspNetRoles] AS [a0] ON [a].[RoleId] = [a0].[Id]
WHERE [a].[UserId] = @__userId_0
2025-08-16 13:29:56.437 -06:00 [INF] Executed ViewResult - view Index executed in 31.1876ms.
2025-08-16 13:29:56.443 -06:00 [INF] Executed action PaginaBizu.Controllers.HomeController.Index (PaginaBizu) in 44.3224ms
2025-08-16 13:29:56.448 -06:00 [INF] Executed endpoint 'PaginaBizu.Controllers.HomeController.Index (PaginaBizu)'
2025-08-16 13:29:56.452 -06:00 [INF] Request finished HTTP/1.1 GET http://localhost:5116/ - 200 null text/html; charset=utf-8 68.9987ms
2025-08-16 13:29:56.737 -06:00 [INF] Request starting HTTP/1.1 GET http://localhost:5116/css/tailwindcss - null null
2025-08-16 13:29:56.742 -06:00 [INF] Request finished HTTP/1.1 GET http://localhost:5116/css/tailwindcss - 404 0 null 5.3964ms
2025-08-16 13:29:56.748 -06:00 [INF] Request reached the end of the middleware pipeline without being handled by application code. Request path: GET http://localhost:5116/css/tailwindcss, Response status code: 404
2025-08-16 13:29:57.369 -06:00 [INF] Request starting HTTP/1.1 GET http://localhost:5116/Products - null null
2025-08-16 13:29:57.377 -06:00 [INF] Executing endpoint 'PaginaBizu.Controllers.ProductsController.Index (PaginaBizu)'
2025-08-16 13:29:57.380 -06:00 [INF] Route matched with {action = "Index", controller = "Products", page = "", area = ""}. Executing controller action with signature System.Threading.Tasks.Task`1[Microsoft.AspNetCore.Mvc.IActionResult] Index() on controller PaginaBizu.Controllers.ProductsController (PaginaBizu).
2025-08-16 13:29:57.386 -06:00 [INF] ➡️ Acción ejecutándose: Products/Index | Usuario: hoshuacastillo48@gmail.com | IP: ::1 | Hora: "2025-08-16T13:29:57.3864211-06:00"
2025-08-16 13:29:57.394 -06:00 [INF] Executed DbCommand (1ms) [Parameters=[], CommandType='"Text"', CommandTimeout='30']
SELECT [p].[Id], [p].[CantidadDisponible], [p].[Categoria], [p].[Descripcion], [p].[FechaCreacion], [p].[ImagenUrl], [p].[NombreArticulo], [p].[Precio]
FROM [Products] AS [p]
2025-08-16 13:29:57.401 -06:00 [INF] ✅ Acción ejecutada: Products/Index | Hora: "2025-08-16T13:29:57.4010553-06:00"
2025-08-16 13:29:57.407 -06:00 [INF] Executing ViewResult, running view Index.
2025-08-16 13:29:57.412 -06:00 [INF] Executed ViewResult - view Index executed in 4.4565ms.
2025-08-16 13:29:57.416 -06:00 [INF] Executed action PaginaBizu.Controllers.ProductsController.Index (PaginaBizu) in 29.9233ms
2025-08-16 13:29:57.423 -06:00 [INF] Executed endpoint 'PaginaBizu.Controllers.ProductsController.Index (PaginaBizu)'
2025-08-16 13:29:57.430 -06:00 [INF] Request finished HTTP/1.1 GET http://localhost:5116/Products - 200 null text/html; charset=utf-8 61.0037ms
2025-08-16 13:29:57.476 -06:00 [INF] Request starting HTTP/1.1 GET http://localhost:5116/imagenpulseraoro.jpg - null null
2025-08-16 13:29:57.478 -06:00 [INF] Request starting HTTP/1.1 GET http://localhost:5116/pulseraverde.jpg - null null
2025-08-16 13:29:57.488 -06:00 [INF] Request finished HTTP/1.1 GET http://localhost:5116/imagenpulseraoro.jpg - 404 0 null 12.2198ms
2025-08-16 13:29:57.495 -06:00 [INF] Request finished HTTP/1.1 GET http://localhost:5116/pulseraverde.jpg - 404 0 null 17.4441ms
2025-08-16 13:29:57.500 -06:00 [INF] Request reached the end of the middleware pipeline without being handled by application code. Request path: GET http://localhost:5116/imagenpulseraoro.jpg, Response status code: 404
2025-08-16 13:29:57.508 -06:00 [INF] Request reached the end of the middleware pipeline without being handled by application code. Request path: GET http://localhost:5116/pulseraverde.jpg, Response status code: 404
2025-08-16 13:29:57.691 -06:00 [INF] Request starting HTTP/1.1 GET http://localhost:5116/imagenpulserrojo.jpg - null null
2025-08-16 13:29:57.699 -06:00 [INF] Request finished HTTP/1.1 GET http://localhost:5116/imagenpulserrojo.jpg - 404 0 null 8.2005ms
2025-08-16 13:29:57.711 -06:00 [INF] Request reached the end of the middleware pipeline without being handled by application code. Request path: GET http://localhost:5116/imagenpulserrojo.jpg, Response status code: 404
2025-08-16 13:29:57.714 -06:00 [INF] Request starting HTTP/1.1 GET http://localhost:5116/Cart/CartCount - null null
2025-08-16 13:29:57.718 -06:00 [INF] Executing endpoint 'PaginaBizu.Controllers.CartController.CartCount (PaginaBizu)'
2025-08-16 13:29:57.722 -06:00 [INF] Route matched with {action = "CartCount", controller = "Cart", page = "", area = ""}. Executing controller action with signature Microsoft.AspNetCore.Mvc.IActionResult CartCount() on controller PaginaBizu.Controllers.CartController (PaginaBizu).
2025-08-16 13:29:57.726 -06:00 [INF] ➡️ Acción ejecutándose: Cart/CartCount | Usuario: hoshuacastillo48@gmail.com | IP: ::1 | Hora: "2025-08-16T13:29:57.7264937-06:00"
2025-08-16 13:29:57.729 -06:00 [INF] ✅ Acción ejecutada: Cart/CartCount | Hora: "2025-08-16T13:29:57.7295225-06:00"
2025-08-16 13:29:57.733 -06:00 [INF] Executing JsonResult, writing value of type 'System.Int32'.
2025-08-16 13:29:57.736 -06:00 [INF] Executed action PaginaBizu.Controllers.CartController.CartCount (PaginaBizu) in 9.9252ms
2025-08-16 13:29:57.738 -06:00 [INF] Request starting HTTP/1.1 GET http://localhost:5116/Cart/CartCount - null null
2025-08-16 13:29:57.738 -06:00 [INF] Executed endpoint 'PaginaBizu.Controllers.CartController.CartCount (PaginaBizu)'
2025-08-16 13:29:57.742 -06:00 [INF] Executing endpoint 'PaginaBizu.Controllers.CartController.CartCount (PaginaBizu)'
2025-08-16 13:29:57.743 -06:00 [INF] Request finished HTTP/1.1 GET http://localhost:5116/Cart/CartCount - 200 null application/json; charset=utf-8 29.2084ms
2025-08-16 13:29:57.745 -06:00 [INF] Route matched with {action = "CartCount", controller = "Cart", page = "", area = ""}. Executing controller action with signature Microsoft.AspNetCore.Mvc.IActionResult CartCount() on controller PaginaBizu.Controllers.CartController (PaginaBizu).
2025-08-16 13:29:57.756 -06:00 [INF] ➡️ Acción ejecutándose: Cart/CartCount | Usuario: hoshuacastillo48@gmail.com | IP: ::1 | Hora: "2025-08-16T13:29:57.7561122-06:00"
2025-08-16 13:29:57.759 -06:00 [INF] ✅ Acción ejecutada: Cart/CartCount | Hora: "2025-08-16T13:29:57.7592784-06:00"
2025-08-16 13:29:57.762 -06:00 [INF] Executing JsonResult, writing value of type 'System.Int32'.
2025-08-16 13:29:57.765 -06:00 [INF] Executed action PaginaBizu.Controllers.CartController.CartCount (PaginaBizu) in 9.2746ms
2025-08-16 13:29:57.768 -06:00 [INF] Executed endpoint 'PaginaBizu.Controllers.CartController.CartCount (PaginaBizu)'
2025-08-16 13:29:57.772 -06:00 [INF] Request finished HTTP/1.1 GET http://localhost:5116/Cart/CartCount - 200 null application/json; charset=utf-8 34.1553ms
2025-08-16 13:29:58.930 -06:00 [INF] Request starting HTTP/1.1 POST http://localhost:5116/Cart/ComprarPrueba - application/x-www-form-urlencoded 225
2025-08-16 13:29:58.941 -06:00 [INF] Executing endpoint 'PaginaBizu.Controllers.CartController.ComprarPrueba (PaginaBizu)'
2025-08-16 13:29:58.945 -06:00 [INF] Route matched with {action = "ComprarPrueba", controller = "Cart", page = "", area = ""}. Executing controller action with signature Microsoft.AspNetCore.Mvc.IActionResult ComprarPrueba() on controller PaginaBizu.Controllers.CartController (PaginaBizu).
2025-08-16 13:29:58.949 -06:00 [INF] ➡️ Acción ejecutándose: Cart/ComprarPrueba | Usuario: hoshuacastillo48@gmail.com | IP: ::1 | Hora: "2025-08-16T13:29:58.9497960-06:00"
2025-08-16 13:29:58.992 -06:00 [INF] Executed DbCommand (3ms) [Parameters=[@__p_0='?' (DbType = Int32)], CommandType='"Text"', CommandTimeout='30']
SELECT TOP(1) [p].[Id], [p].[CantidadDisponible], [p].[Categoria], [p].[Descripcion], [p].[FechaCreacion], [p].[ImagenUrl], [p].[NombreArticulo], [p].[Precio]
FROM [Products] AS [p]
WHERE [p].[Id] = @__p_0
2025-08-16 13:29:59.219 -06:00 [INF] Executed DbCommand (3ms) [Parameters=[@p0='?' (Size = 4000), @p1='?' (DbType = DateTime2), @p2='?' (Precision = 18) (Scale = 2) (DbType = Decimal), @p3='?' (Size = 4000)], CommandType='"Text"', CommandTimeout='30']
SET IMPLICIT_TRANSACTIONS OFF;
SET NOCOUNT ON;
INSERT INTO [Orders] ([Estado], [Fecha], [Total], [UsuarioId])
OUTPUT INSERTED.[Id]
VALUES (@p0, @p1, @p2, @p3);
2025-08-16 13:29:59.258 -06:00 [INF] Executed DbCommand (23ms) [Parameters=[@p4='?' (DbType = Int32), @p5='?' (DbType = Int32), @p6='?' (Precision = 18) (Scale = 2) (DbType = Decimal), @p7='?' (DbType = Int32)], CommandType='"Text"', CommandTimeout='30']
SET IMPLICIT_TRANSACTIONS OFF;
SET NOCOUNT ON;
INSERT INTO [OrderDetails] ([Cantidad], [OrderId], [PrecioUnitario], [ProductId])
OUTPUT INSERTED.[Id]
VALUES (@p4, @p5, @p6, @p7);
2025-08-16 13:29:59.292 -06:00 [INF] ✅ Acción ejecutada: Cart/ComprarPrueba | Hora: "2025-08-16T13:29:59.2922226-06:00"
2025-08-16 13:29:59.294 -06:00 [INF] Executing RedirectResult, redirecting to /Products.
2025-08-16 13:29:59.298 -06:00 [INF] Executed action PaginaBizu.Controllers.CartController.ComprarPrueba (PaginaBizu) in 348.8059ms
2025-08-16 13:29:59.299 -06:00 [INF] Executed endpoint 'PaginaBizu.Controllers.CartController.ComprarPrueba (PaginaBizu)'
2025-08-16 13:29:59.302 -06:00 [INF] Request finished HTTP/1.1 POST http://localhost:5116/Cart/ComprarPrueba - 302 0 null 371.4544ms
2025-08-16 13:29:59.307 -06:00 [INF] Request starting HTTP/1.1 GET http://localhost:5116/Products - null null
2025-08-16 13:29:59.311 -06:00 [INF] Executing endpoint 'PaginaBizu.Controllers.ProductsController.Index (PaginaBizu)'
2025-08-16 13:29:59.312 -06:00 [INF] Route matched with {action = "Index", controller = "Products", page = "", area = ""}. Executing controller action with signature System.Threading.Tasks.Task`1[Microsoft.AspNetCore.Mvc.IActionResult] Index() on controller PaginaBizu.Controllers.ProductsController (PaginaBizu).
2025-08-16 13:29:59.315 -06:00 [INF] ➡️ Acción ejecutándose: Products/Index | Usuario: hoshuacastillo48@gmail.com | IP: ::1 | Hora: "2025-08-16T13:29:59.3151776-06:00"
2025-08-16 13:29:59.322 -06:00 [INF] Executed DbCommand (1ms) [Parameters=[], CommandType='"Text"', CommandTimeout='30']
SELECT [p].[Id], [p].[CantidadDisponible], [p].[Categoria], [p].[Descripcion], [p].[FechaCreacion], [p].[ImagenUrl], [p].[NombreArticulo], [p].[Precio]
FROM [Products] AS [p]
2025-08-16 13:29:59.326 -06:00 [INF] ✅ Acción ejecutada: Products/Index | Hora: "2025-08-16T13:29:59.3262858-06:00"
2025-08-16 13:29:59.328 -06:00 [INF] Executing ViewResult, running view Index.
2025-08-16 13:29:59.332 -06:00 [INF] Executed ViewResult - view Index executed in 3.7382ms.
2025-08-16 13:29:59.337 -06:00 [INF] Executed action PaginaBizu.Controllers.ProductsController.Index (PaginaBizu) in 22.1845ms
2025-08-16 13:29:59.341 -06:00 [INF] Executed endpoint 'PaginaBizu.Controllers.ProductsController.Index (PaginaBizu)'
2025-08-16 13:29:59.343 -06:00 [INF] Request finished HTTP/1.1 GET http://localhost:5116/Products - 200 null text/html; charset=utf-8 35.7281ms
2025-08-16 13:29:59.366 -06:00 [INF] Request starting HTTP/1.1 GET http://localhost:5116/imagenpulseraoro.jpg - null null
2025-08-16 13:29:59.367 -06:00 [INF] Request starting HTTP/1.1 GET http://localhost:5116/pulseraverde.jpg - null null
2025-08-16 13:29:59.376 -06:00 [INF] Request finished HTTP/1.1 GET http://localhost:5116/imagenpulseraoro.jpg - 404 0 null 9.8685ms
2025-08-16 13:29:59.385 -06:00 [INF] Request finished HTTP/1.1 GET http://localhost:5116/pulseraverde.jpg - 404 0 null 17.3512ms
2025-08-16 13:29:59.391 -06:00 [INF] Request reached the end of the middleware pipeline without being handled by application code. Request path: GET http://localhost:5116/imagenpulseraoro.jpg, Response status code: 404
2025-08-16 13:29:59.401 -06:00 [INF] Request reached the end of the middleware pipeline without being handled by application code. Request path: GET http://localhost:5116/pulseraverde.jpg, Response status code: 404
2025-08-16 13:29:59.582 -06:00 [INF] Request starting HTTP/1.1 GET http://localhost:5116/imagenpulserrojo.jpg - null null
2025-08-16 13:29:59.590 -06:00 [INF] Request finished HTTP/1.1 GET http://localhost:5116/imagenpulserrojo.jpg - 404 0 null 7.6649ms
2025-08-16 13:29:59.598 -06:00 [INF] Request reached the end of the middleware pipeline without being handled by application code. Request path: GET http://localhost:5116/imagenpulserrojo.jpg, Response status code: 404
2025-08-16 13:29:59.604 -06:00 [INF] Request starting HTTP/1.1 GET http://localhost:5116/Cart/CartCount - null null
2025-08-16 13:29:59.610 -06:00 [INF] Executing endpoint 'PaginaBizu.Controllers.CartController.CartCount (PaginaBizu)'
2025-08-16 13:29:59.612 -06:00 [INF] Route matched with {action = "CartCount", controller = "Cart", page = "", area = ""}. Executing controller action with signature Microsoft.AspNetCore.Mvc.IActionResult CartCount() on controller PaginaBizu.Controllers.CartController (PaginaBizu).
2025-08-16 13:29:59.619 -06:00 [INF] ➡️ Acción ejecutándose: Cart/CartCount | Usuario: hoshuacastillo48@gmail.com | IP: ::1 | Hora: "2025-08-16T13:29:59.6191102-06:00"
2025-08-16 13:29:59.624 -06:00 [INF] ✅ Acción ejecutada: Cart/CartCount | Hora: "2025-08-16T13:29:59.6248865-06:00"
2025-08-16 13:29:59.626 -06:00 [INF] Executing JsonResult, writing value of type 'System.Int32'.
2025-08-16 13:29:59.629 -06:00 [INF] Executed action PaginaBizu.Controllers.CartController.CartCount (PaginaBizu) in 10.7834ms
2025-08-16 13:29:59.631 -06:00 [INF] Request starting HTTP/1.1 GET http://localhost:5116/Cart/CartCount - null null
2025-08-16 13:29:59.634 -06:00 [INF] Executed endpoint 'PaginaBizu.Controllers.CartController.CartCount (PaginaBizu)'
2025-08-16 13:29:59.639 -06:00 [INF] Executing endpoint 'PaginaBizu.Controllers.CartController.CartCount (PaginaBizu)'
2025-08-16 13:29:59.641 -06:00 [INF] Request finished HTTP/1.1 GET http://localhost:5116/Cart/CartCount - 200 null application/json; charset=utf-8 36.6543ms
2025-08-16 13:29:59.644 -06:00 [INF] Route matched with {action = "CartCount", controller = "Cart", page = "", area = ""}. Executing controller action with signature Microsoft.AspNetCore.Mvc.IActionResult CartCount() on controller PaginaBizu.Controllers.CartController (PaginaBizu).
2025-08-16 13:29:59.657 -06:00 [INF] ➡️ Acción ejecutándose: Cart/CartCount | Usuario: hoshuacastillo48@gmail.com | IP: ::1 | Hora: "2025-08-16T13:29:59.6570683-06:00"
2025-08-16 13:29:59.664 -06:00 [INF] ✅ Acción ejecutada: Cart/CartCount | Hora: "2025-08-16T13:29:59.6640462-06:00"
2025-08-16 13:29:59.667 -06:00 [INF] Executing JsonResult, writing value of type 'System.Int32'.
2025-08-16 13:29:59.669 -06:00 [INF] Executed action PaginaBizu.Controllers.CartController.CartCount (PaginaBizu) in 12.9247ms
2025-08-16 13:29:59.673 -06:00 [INF] Executed endpoint 'PaginaBizu.Controllers.CartController.CartCount (PaginaBizu)'
2025-08-16 13:29:59.675 -06:00 [INF] Request finished HTTP/1.1 GET http://localhost:5116/Cart/CartCount - 200 null application/json; charset=utf-8 44.095ms
2025-08-16 13:32:04.678 -06:00 [INF] Application is shutting down...
2025-08-16 13:53:59.509 -06:00 [INF] User profile is available. Using 'C:\Users\hoshu\AppData\Local\ASP.NET\DataProtection-Keys' as key repository and Windows DPAPI to encrypt keys at rest.
2025-08-16 13:54:00.013 -06:00 [WRN] No store type was specified for the decimal property 'Total' on entity type 'Order'. This will cause values to be silently truncated if they do not fit in the default precision and scale. Explicitly specify the SQL server column type that can accommodate all the values in 'OnModelCreating' using 'HasColumnType', specify precision and scale using 'HasPrecision', or configure a value converter using 'HasConversion'.
2025-08-16 13:54:00.020 -06:00 [WRN] No store type was specified for the decimal property 'PrecioUnitario' on entity type 'OrderDetail'. This will cause values to be silently truncated if they do not fit in the default precision and scale. Explicitly specify the SQL server column type that can accommodate all the values in 'OnModelCreating' using 'HasColumnType', specify precision and scale using 'HasPrecision', or configure a value converter using 'HasConversion'.
2025-08-16 13:54:00.024 -06:00 [WRN] No store type was specified for the decimal property 'Precio' on entity type 'Product'. This will cause values to be silently truncated if they do not fit in the default precision and scale. Explicitly specify the SQL server column type that can accommodate all the values in 'OnModelCreating' using 'HasColumnType', specify precision and scale using 'HasPrecision', or configure a value converter using 'HasConversion'.
2025-08-16 13:54:00.571 -06:00 [INF] Executed DbCommand (46ms) [Parameters=[@__normalizedName_0='?' (Size = 256)], CommandType='"Text"', CommandTimeout='30']
SELECT TOP(1) [a].[Id], [a].[ConcurrencyStamp], [a].[Name], [a].[NormalizedName]
FROM [AspNetRoles] AS [a]
WHERE [a].[NormalizedName] = @__normalizedName_0
2025-08-16 13:54:00.695 -06:00 [ERR] Failed executing DbCommand (16ms) [Parameters=[@__normalizedEmail_0='?' (Size = 256)], CommandType='"Text"', CommandTimeout='30']
SELECT TOP(2) [a].[Id], [a].[AccessFailedCount], [a].[Apellido], [a].[ConcurrencyStamp], [a].[Direccion], [a].[Email], [a].[EmailConfirmed], [a].[LockoutEnabled], [a].[LockoutEnd], [a].[Nombre], [a].[NormalizedEmail], [a].[NormalizedUserName], [a].[PasswordHash], [a].[PhoneNumber], [a].[PhoneNumberConfirmed], [a].[SecurityStamp], [a].[Telefono], [a].[TwoFactorEnabled], [a].[UserName]
FROM [AspNetUsers] AS [a]
WHERE [a].[NormalizedEmail] = @__normalizedEmail_0
2025-08-16 13:54:00.721 -06:00 [ERR] An exception occurred while iterating over the results of a query for context type 'PaginaBizu.Data.AppDbContext'.
Microsoft.Data.SqlClient.SqlException (0x80131904): Invalid column name 'Apellido'.
Invalid column name 'Direccion'.
Invalid column name 'Nombre'.
Invalid column name 'Telefono'.
   at Microsoft.Data.SqlClient.SqlCommand.<>c.<ExecuteDbDataReaderAsync>b__211_0(Task`1 result)
   at System.Threading.Tasks.ContinuationResultTaskFromResultTask`2.InnerInvoke()
   at System.Threading.ExecutionContext.RunInternal(ExecutionContext executionContext, ContextCallback callback, Object state)
--- End of stack trace from previous location ---
   at System.Threading.ExecutionContext.RunInternal(ExecutionContext executionContext, ContextCallback callback, Object state)
   at System.Threading.Tasks.Task.ExecuteWithThreadLocal(Task& currentTaskSlot, Thread threadPoolThread)
--- End of stack trace from previous location ---
   at Microsoft.EntityFrameworkCore.Storage.RelationalCommand.ExecuteReaderAsync(RelationalCommandParameterObject parameterObject, CancellationToken cancellationToken)
   at Microsoft.EntityFrameworkCore.Storage.RelationalCommand.ExecuteReaderAsync(RelationalCommandParameterObject parameterObject, CancellationToken cancellationToken)
   at Microsoft.EntityFrameworkCore.Query.Internal.SingleQueryingEnumerable`1.AsyncEnumerator.InitializeReaderAsync(AsyncEnumerator enumerator, CancellationToken cancellationToken)
   at Microsoft.EntityFrameworkCore.Storage.ExecutionStrategy.<>c__DisplayClass30_0`2.<<ExecuteAsync>b__0>d.MoveNext()
--- End of stack trace from previous location ---
   at Microsoft.EntityFrameworkCore.Storage.ExecutionStrategy.ExecuteImplementationAsync[TState,TResult](Func`4 operation, Func`4 verifySucceeded, TState state, CancellationToken cancellationToken)
   at Microsoft.EntityFrameworkCore.Storage.ExecutionStrategy.ExecuteImplementationAsync[TState,TResult](Func`4 operation, Func`4 verifySucceeded, TState state, CancellationToken cancellationToken)
   at Microsoft.EntityFrameworkCore.Storage.ExecutionStrategy.ExecuteAsync[TState,TResult](TState state, Func`4 operation, Func`4 verifySucceeded, CancellationToken cancellationToken)
   at Microsoft.EntityFrameworkCore.Query.Internal.SingleQueryingEnumerable`1.AsyncEnumerator.MoveNextAsync()
ClientConnectionId:d686265a-60ff-4787-b5a5-c57ef7c7272a
Error Number:207,State:1,Class:16
Microsoft.Data.SqlClient.SqlException (0x80131904): Invalid column name 'Apellido'.
Invalid column name 'Direccion'.
Invalid column name 'Nombre'.
Invalid column name 'Telefono'.
   at Microsoft.Data.SqlClient.SqlCommand.<>c.<ExecuteDbDataReaderAsync>b__211_0(Task`1 result)
   at System.Threading.Tasks.ContinuationResultTaskFromResultTask`2.InnerInvoke()
   at System.Threading.ExecutionContext.RunInternal(ExecutionContext executionContext, ContextCallback callback, Object state)
--- End of stack trace from previous location ---
   at System.Threading.ExecutionContext.RunInternal(ExecutionContext executionContext, ContextCallback callback, Object state)
   at System.Threading.Tasks.Task.ExecuteWithThreadLocal(Task& currentTaskSlot, Thread threadPoolThread)
--- End of stack trace from previous location ---
   at Microsoft.EntityFrameworkCore.Storage.RelationalCommand.ExecuteReaderAsync(RelationalCommandParameterObject parameterObject, CancellationToken cancellationToken)
   at Microsoft.EntityFrameworkCore.Storage.RelationalCommand.ExecuteReaderAsync(RelationalCommandParameterObject parameterObject, CancellationToken cancellationToken)
   at Microsoft.EntityFrameworkCore.Query.Internal.SingleQueryingEnumerable`1.AsyncEnumerator.InitializeReaderAsync(AsyncEnumerator enumerator, CancellationToken cancellationToken)
   at Microsoft.EntityFrameworkCore.Storage.ExecutionStrategy.<>c__DisplayClass30_0`2.<<ExecuteAsync>b__0>d.MoveNext()
--- End of stack trace from previous location ---
   at Microsoft.EntityFrameworkCore.Storage.ExecutionStrategy.ExecuteImplementationAsync[TState,TResult](Func`4 operation, Func`4 verifySucceeded, TState state, CancellationToken cancellationToken)
   at Microsoft.EntityFrameworkCore.Storage.ExecutionStrategy.ExecuteImplementationAsync[TState,TResult](Func`4 operation, Func`4 verifySucceeded, TState state, CancellationToken cancellationToken)
   at Microsoft.EntityFrameworkCore.Storage.ExecutionStrategy.ExecuteAsync[TState,TResult](TState state, Func`4 operation, Func`4 verifySucceeded, CancellationToken cancellationToken)
   at Microsoft.EntityFrameworkCore.Query.Internal.SingleQueryingEnumerable`1.AsyncEnumerator.MoveNextAsync()
ClientConnectionId:d686265a-60ff-4787-b5a5-c57ef7c7272a
Error Number:207,State:1,Class:16
2025-08-16 13:54:11.081 -06:00 [INF] User profile is available. Using 'C:\Users\hoshu\AppData\Local\ASP.NET\DataProtection-Keys' as key repository and Windows DPAPI to encrypt keys at rest.
2025-08-16 13:54:11.428 -06:00 [WRN] No store type was specified for the decimal property 'Total' on entity type 'Order'. This will cause values to be silently truncated if they do not fit in the default precision and scale. Explicitly specify the SQL server column type that can accommodate all the values in 'OnModelCreating' using 'HasColumnType', specify precision and scale using 'HasPrecision', or configure a value converter using 'HasConversion'.
2025-08-16 13:54:11.432 -06:00 [WRN] No store type was specified for the decimal property 'PrecioUnitario' on entity type 'OrderDetail'. This will cause values to be silently truncated if they do not fit in the default precision and scale. Explicitly specify the SQL server column type that can accommodate all the values in 'OnModelCreating' using 'HasColumnType', specify precision and scale using 'HasPrecision', or configure a value converter using 'HasConversion'.
2025-08-16 13:54:11.433 -06:00 [WRN] No store type was specified for the decimal property 'Precio' on entity type 'Product'. This will cause values to be silently truncated if they do not fit in the default precision and scale. Explicitly specify the SQL server column type that can accommodate all the values in 'OnModelCreating' using 'HasColumnType', specify precision and scale using 'HasPrecision', or configure a value converter using 'HasConversion'.
2025-08-16 13:54:11.845 -06:00 [INF] Executed DbCommand (27ms) [Parameters=[@__normalizedName_0='?' (Size = 256)], CommandType='"Text"', CommandTimeout='30']
SELECT TOP(1) [a].[Id], [a].[ConcurrencyStamp], [a].[Name], [a].[NormalizedName]
FROM [AspNetRoles] AS [a]
WHERE [a].[NormalizedName] = @__normalizedName_0
2025-08-16 13:54:11.922 -06:00 [ERR] Failed executing DbCommand (4ms) [Parameters=[@__normalizedEmail_0='?' (Size = 256)], CommandType='"Text"', CommandTimeout='30']
SELECT TOP(2) [a].[Id], [a].[AccessFailedCount], [a].[Apellido], [a].[ConcurrencyStamp], [a].[Direccion], [a].[Email], [a].[EmailConfirmed], [a].[LockoutEnabled], [a].[LockoutEnd], [a].[Nombre], [a].[NormalizedEmail], [a].[NormalizedUserName], [a].[PasswordHash], [a].[PhoneNumber], [a].[PhoneNumberConfirmed], [a].[SecurityStamp], [a].[Telefono], [a].[TwoFactorEnabled], [a].[UserName]
FROM [AspNetUsers] AS [a]
WHERE [a].[NormalizedEmail] = @__normalizedEmail_0
2025-08-16 13:54:11.936 -06:00 [ERR] An exception occurred while iterating over the results of a query for context type 'PaginaBizu.Data.AppDbContext'.
Microsoft.Data.SqlClient.SqlException (0x80131904): Invalid column name 'Apellido'.
Invalid column name 'Direccion'.
Invalid column name 'Nombre'.
Invalid column name 'Telefono'.
   at Microsoft.Data.SqlClient.SqlCommand.<>c.<ExecuteDbDataReaderAsync>b__211_0(Task`1 result)
   at System.Threading.Tasks.ContinuationResultTaskFromResultTask`2.InnerInvoke()
   at System.Threading.ExecutionContext.RunInternal(ExecutionContext executionContext, ContextCallback callback, Object state)
--- End of stack trace from previous location ---
   at System.Threading.ExecutionContext.RunInternal(ExecutionContext executionContext, ContextCallback callback, Object state)
   at System.Threading.Tasks.Task.ExecuteWithThreadLocal(Task& currentTaskSlot, Thread threadPoolThread)
--- End of stack trace from previous location ---
   at Microsoft.EntityFrameworkCore.Storage.RelationalCommand.ExecuteReaderAsync(RelationalCommandParameterObject parameterObject, CancellationToken cancellationToken)
   at Microsoft.EntityFrameworkCore.Storage.RelationalCommand.ExecuteReaderAsync(RelationalCommandParameterObject parameterObject, CancellationToken cancellationToken)
   at Microsoft.EntityFrameworkCore.Query.Internal.SingleQueryingEnumerable`1.AsyncEnumerator.InitializeReaderAsync(AsyncEnumerator enumerator, CancellationToken cancellationToken)
   at Microsoft.EntityFrameworkCore.Storage.ExecutionStrategy.<>c__DisplayClass30_0`2.<<ExecuteAsync>b__0>d.MoveNext()
--- End of stack trace from previous location ---
   at Microsoft.EntityFrameworkCore.Storage.ExecutionStrategy.ExecuteImplementationAsync[TState,TResult](Func`4 operation, Func`4 verifySucceeded, TState state, CancellationToken cancellationToken)
   at Microsoft.EntityFrameworkCore.Storage.ExecutionStrategy.ExecuteImplementationAsync[TState,TResult](Func`4 operation, Func`4 verifySucceeded, TState state, CancellationToken cancellationToken)
   at Microsoft.EntityFrameworkCore.Storage.ExecutionStrategy.ExecuteAsync[TState,TResult](TState state, Func`4 operation, Func`4 verifySucceeded, CancellationToken cancellationToken)
   at Microsoft.EntityFrameworkCore.Query.Internal.SingleQueryingEnumerable`1.AsyncEnumerator.MoveNextAsync()
ClientConnectionId:30558d78-31e9-455d-a8e3-52f865664878
Error Number:207,State:1,Class:16
Microsoft.Data.SqlClient.SqlException (0x80131904): Invalid column name 'Apellido'.
Invalid column name 'Direccion'.
Invalid column name 'Nombre'.
Invalid column name 'Telefono'.
   at Microsoft.Data.SqlClient.SqlCommand.<>c.<ExecuteDbDataReaderAsync>b__211_0(Task`1 result)
   at System.Threading.Tasks.ContinuationResultTaskFromResultTask`2.InnerInvoke()
   at System.Threading.ExecutionContext.RunInternal(ExecutionContext executionContext, ContextCallback callback, Object state)
--- End of stack trace from previous location ---
   at System.Threading.ExecutionContext.RunInternal(ExecutionContext executionContext, ContextCallback callback, Object state)
   at System.Threading.Tasks.Task.ExecuteWithThreadLocal(Task& currentTaskSlot, Thread threadPoolThread)
--- End of stack trace from previous location ---
   at Microsoft.EntityFrameworkCore.Storage.RelationalCommand.ExecuteReaderAsync(RelationalCommandParameterObject parameterObject, CancellationToken cancellationToken)
   at Microsoft.EntityFrameworkCore.Storage.RelationalCommand.ExecuteReaderAsync(RelationalCommandParameterObject parameterObject, CancellationToken cancellationToken)
   at Microsoft.EntityFrameworkCore.Query.Internal.SingleQueryingEnumerable`1.AsyncEnumerator.InitializeReaderAsync(AsyncEnumerator enumerator, CancellationToken cancellationToken)
   at Microsoft.EntityFrameworkCore.Storage.ExecutionStrategy.<>c__DisplayClass30_0`2.<<ExecuteAsync>b__0>d.MoveNext()
--- End of stack trace from previous location ---
   at Microsoft.EntityFrameworkCore.Storage.ExecutionStrategy.ExecuteImplementationAsync[TState,TResult](Func`4 operation, Func`4 verifySucceeded, TState state, CancellationToken cancellationToken)
   at Microsoft.EntityFrameworkCore.Storage.ExecutionStrategy.ExecuteImplementationAsync[TState,TResult](Func`4 operation, Func`4 verifySucceeded, TState state, CancellationToken cancellationToken)
   at Microsoft.EntityFrameworkCore.Storage.ExecutionStrategy.ExecuteAsync[TState,TResult](TState state, Func`4 operation, Func`4 verifySucceeded, CancellationToken cancellationToken)
   at Microsoft.EntityFrameworkCore.Query.Internal.SingleQueryingEnumerable`1.AsyncEnumerator.MoveNextAsync()
ClientConnectionId:30558d78-31e9-455d-a8e3-52f865664878
Error Number:207,State:1,Class:16
2025-08-16 13:54:46.980 -06:00 [WRN] No store type was specified for the decimal property 'Total' on entity type 'Order'. This will cause values to be silently truncated if they do not fit in the default precision and scale. Explicitly specify the SQL server column type that can accommodate all the values in 'OnModelCreating' using 'HasColumnType', specify precision and scale using 'HasPrecision', or configure a value converter using 'HasConversion'.
2025-08-16 13:54:47.011 -06:00 [WRN] No store type was specified for the decimal property 'PrecioUnitario' on entity type 'OrderDetail'. This will cause values to be silently truncated if they do not fit in the default precision and scale. Explicitly specify the SQL server column type that can accommodate all the values in 'OnModelCreating' using 'HasColumnType', specify precision and scale using 'HasPrecision', or configure a value converter using 'HasConversion'.
2025-08-16 13:54:47.014 -06:00 [WRN] No store type was specified for the decimal property 'Precio' on entity type 'Product'. This will cause values to be silently truncated if they do not fit in the default precision and scale. Explicitly specify the SQL server column type that can accommodate all the values in 'OnModelCreating' using 'HasColumnType', specify precision and scale using 'HasPrecision', or configure a value converter using 'HasConversion'.
2025-08-16 13:54:47.147 -06:00 [WRN] No store type was specified for the decimal property 'Total' on entity type 'Order'. This will cause values to be silently truncated if they do not fit in the default precision and scale. Explicitly specify the SQL server column type that can accommodate all the values in 'OnModelCreating' using 'HasColumnType', specify precision and scale using 'HasPrecision', or configure a value converter using 'HasConversion'.
2025-08-16 13:54:47.152 -06:00 [WRN] No store type was specified for the decimal property 'PrecioUnitario' on entity type 'OrderDetail'. This will cause values to be silently truncated if they do not fit in the default precision and scale. Explicitly specify the SQL server column type that can accommodate all the values in 'OnModelCreating' using 'HasColumnType', specify precision and scale using 'HasPrecision', or configure a value converter using 'HasConversion'.
2025-08-16 13:54:47.158 -06:00 [WRN] No store type was specified for the decimal property 'Precio' on entity type 'Product'. This will cause values to be silently truncated if they do not fit in the default precision and scale. Explicitly specify the SQL server column type that can accommodate all the values in 'OnModelCreating' using 'HasColumnType', specify precision and scale using 'HasPrecision', or configure a value converter using 'HasConversion'.
2025-08-16 13:55:10.672 -06:00 [WRN] No store type was specified for the decimal property 'Total' on entity type 'Order'. This will cause values to be silently truncated if they do not fit in the default precision and scale. Explicitly specify the SQL server column type that can accommodate all the values in 'OnModelCreating' using 'HasColumnType', specify precision and scale using 'HasPrecision', or configure a value converter using 'HasConversion'.
2025-08-16 13:55:10.705 -06:00 [WRN] No store type was specified for the decimal property 'PrecioUnitario' on entity type 'OrderDetail'. This will cause values to be silently truncated if they do not fit in the default precision and scale. Explicitly specify the SQL server column type that can accommodate all the values in 'OnModelCreating' using 'HasColumnType', specify precision and scale using 'HasPrecision', or configure a value converter using 'HasConversion'.
2025-08-16 13:55:10.712 -06:00 [WRN] No store type was specified for the decimal property 'Precio' on entity type 'Product'. This will cause values to be silently truncated if they do not fit in the default precision and scale. Explicitly specify the SQL server column type that can accommodate all the values in 'OnModelCreating' using 'HasColumnType', specify precision and scale using 'HasPrecision', or configure a value converter using 'HasConversion'.
2025-08-16 13:55:10.968 -06:00 [INF] Executed DbCommand (12ms) [Parameters=[], CommandType='"Text"', CommandTimeout='30']
SELECT 1
2025-08-16 13:55:10.988 -06:00 [INF] Executed DbCommand (9ms) [Parameters=[], CommandType='"Text"', CommandTimeout='30']
SELECT OBJECT_ID(N'[__EFMigrationsHistory]');
2025-08-16 13:55:10.999 -06:00 [INF] Executed DbCommand (2ms) [Parameters=[], CommandType='"Text"', CommandTimeout='30']
SELECT 1
2025-08-16 13:55:11.006 -06:00 [INF] Executed DbCommand (1ms) [Parameters=[], CommandType='"Text"', CommandTimeout='30']
SELECT OBJECT_ID(N'[__EFMigrationsHistory]');
2025-08-16 13:55:11.038 -06:00 [INF] Executed DbCommand (9ms) [Parameters=[], CommandType='"Text"', CommandTimeout='30']
SELECT [MigrationId], [ProductVersion]
FROM [__EFMigrationsHistory]
ORDER BY [MigrationId];
2025-08-16 13:55:11.062 -06:00 [INF] Applying migration '20250816195448_AddUserProperties'.
2025-08-16 13:55:11.242 -06:00 [INF] Executed DbCommand (73ms) [Parameters=[], CommandType='"Text"', CommandTimeout='30']
DECLARE @var0 sysname;
SELECT @var0 = [d].[name]
FROM [sys].[default_constraints] [d]
INNER JOIN [sys].[columns] [c] ON [d].[parent_column_id] = [c].[column_id] AND [d].[parent_object_id] = [c].[object_id]
WHERE ([d].[parent_object_id] = OBJECT_ID(N'[Orders]') AND [c].[name] = N'UsuarioId');
IF @var0 IS NOT NULL EXEC(N'ALTER TABLE [Orders] DROP CONSTRAINT [' + @var0 + '];');
ALTER TABLE [Orders] ALTER COLUMN [UsuarioId] nvarchar(450) NOT NULL;
2025-08-16 13:55:11.259 -06:00 [INF] Executed DbCommand (12ms) [Parameters=[], CommandType='"Text"', CommandTimeout='30']
ALTER TABLE [Orders] ADD [DireccionEnvio] nvarchar(200) NOT NULL DEFAULT N'';
2025-08-16 13:55:11.269 -06:00 [INF] Executed DbCommand (5ms) [Parameters=[], CommandType='"Text"', CommandTimeout='30']
ALTER TABLE [Orders] ADD [MetodoPago] nvarchar(50) NOT NULL DEFAULT N'';
2025-08-16 13:55:11.279 -06:00 [INF] Executed DbCommand (5ms) [Parameters=[], CommandType='"Text"', CommandTimeout='30']
ALTER TABLE [Orders] ADD [Notas] nvarchar(500) NOT NULL DEFAULT N'';
2025-08-16 13:55:11.296 -06:00 [INF] Executed DbCommand (12ms) [Parameters=[], CommandType='"Text"', CommandTimeout='30']
ALTER TABLE [AspNetUsers] ADD [Apellido] nvarchar(max) NOT NULL DEFAULT N'';
2025-08-16 13:55:11.314 -06:00 [INF] Executed DbCommand (13ms) [Parameters=[], CommandType='"Text"', CommandTimeout='30']
ALTER TABLE [AspNetUsers] ADD [Direccion] nvarchar(max) NOT NULL DEFAULT N'';
2025-08-16 13:55:11.327 -06:00 [INF] Executed DbCommand (7ms) [Parameters=[], CommandType='"Text"', CommandTimeout='30']
ALTER TABLE [AspNetUsers] ADD [Nombre] nvarchar(max) NOT NULL DEFAULT N'';
2025-08-16 13:55:11.339 -06:00 [INF] Executed DbCommand (7ms) [Parameters=[], CommandType='"Text"', CommandTimeout='30']
ALTER TABLE [AspNetUsers] ADD [Telefono] nvarchar(max) NOT NULL DEFAULT N'';
2025-08-16 13:55:11.378 -06:00 [INF] Executed DbCommand (35ms) [Parameters=[], CommandType='"Text"', CommandTimeout='30']
CREATE INDEX [IX_Orders_UsuarioId] ON [Orders] ([UsuarioId]);
2025-08-16 13:55:11.428 -06:00 [ERR] Failed executing DbCommand (31ms) [Parameters=[], CommandType='"Text"', CommandTimeout='30']
ALTER TABLE [Orders] ADD CONSTRAINT [FK_Orders_AspNetUsers_UsuarioId] FOREIGN KEY ([UsuarioId]) REFERENCES [AspNetUsers] ([Id]) ON DELETE CASCADE;
2025-08-16 13:55:24.229 -06:00 [WRN] No store type was specified for the decimal property 'Total' on entity type 'Order'. This will cause values to be silently truncated if they do not fit in the default precision and scale. Explicitly specify the SQL server column type that can accommodate all the values in 'OnModelCreating' using 'HasColumnType', specify precision and scale using 'HasPrecision', or configure a value converter using 'HasConversion'.
2025-08-16 13:55:24.287 -06:00 [WRN] No store type was specified for the decimal property 'PrecioUnitario' on entity type 'OrderDetail'. This will cause values to be silently truncated if they do not fit in the default precision and scale. Explicitly specify the SQL server column type that can accommodate all the values in 'OnModelCreating' using 'HasColumnType', specify precision and scale using 'HasPrecision', or configure a value converter using 'HasConversion'.
2025-08-16 13:55:24.296 -06:00 [WRN] No store type was specified for the decimal property 'Precio' on entity type 'Product'. This will cause values to be silently truncated if they do not fit in the default precision and scale. Explicitly specify the SQL server column type that can accommodate all the values in 'OnModelCreating' using 'HasColumnType', specify precision and scale using 'HasPrecision', or configure a value converter using 'HasConversion'.
2025-08-16 13:55:24.726 -06:00 [INF] Executed DbCommand (19ms) [Parameters=[], CommandType='"Text"', CommandTimeout='30']
SELECT 1
2025-08-16 13:55:24.763 -06:00 [INF] Executed DbCommand (18ms) [Parameters=[], CommandType='"Text"', CommandTimeout='30']
SELECT OBJECT_ID(N'[__EFMigrationsHistory]');
2025-08-16 13:55:24.795 -06:00 [INF] Executed DbCommand (2ms) [Parameters=[], CommandType='"Text"', CommandTimeout='30']
SELECT [MigrationId], [ProductVersion]
FROM [__EFMigrationsHistory]
ORDER BY [MigrationId];
2025-08-16 13:55:36.204 -06:00 [WRN] No store type was specified for the decimal property 'Total' on entity type 'Order'. This will cause values to be silently truncated if they do not fit in the default precision and scale. Explicitly specify the SQL server column type that can accommodate all the values in 'OnModelCreating' using 'HasColumnType', specify precision and scale using 'HasPrecision', or configure a value converter using 'HasConversion'.
2025-08-16 13:55:36.277 -06:00 [WRN] No store type was specified for the decimal property 'PrecioUnitario' on entity type 'OrderDetail'. This will cause values to be silently truncated if they do not fit in the default precision and scale. Explicitly specify the SQL server column type that can accommodate all the values in 'OnModelCreating' using 'HasColumnType', specify precision and scale using 'HasPrecision', or configure a value converter using 'HasConversion'.
2025-08-16 13:55:36.282 -06:00 [WRN] No store type was specified for the decimal property 'Precio' on entity type 'Product'. This will cause values to be silently truncated if they do not fit in the default precision and scale. Explicitly specify the SQL server column type that can accommodate all the values in 'OnModelCreating' using 'HasColumnType', specify precision and scale using 'HasPrecision', or configure a value converter using 'HasConversion'.
2025-08-16 13:55:36.464 -06:00 [WRN] No store type was specified for the decimal property 'Total' on entity type 'Order'. This will cause values to be silently truncated if they do not fit in the default precision and scale. Explicitly specify the SQL server column type that can accommodate all the values in 'OnModelCreating' using 'HasColumnType', specify precision and scale using 'HasPrecision', or configure a value converter using 'HasConversion'.
2025-08-16 13:55:36.467 -06:00 [WRN] No store type was specified for the decimal property 'PrecioUnitario' on entity type 'OrderDetail'. This will cause values to be silently truncated if they do not fit in the default precision and scale. Explicitly specify the SQL server column type that can accommodate all the values in 'OnModelCreating' using 'HasColumnType', specify precision and scale using 'HasPrecision', or configure a value converter using 'HasConversion'.
2025-08-16 13:55:36.470 -06:00 [WRN] No store type was specified for the decimal property 'Precio' on entity type 'Product'. This will cause values to be silently truncated if they do not fit in the default precision and scale. Explicitly specify the SQL server column type that can accommodate all the values in 'OnModelCreating' using 'HasColumnType', specify precision and scale using 'HasPrecision', or configure a value converter using 'HasConversion'.
2025-08-16 13:55:37.638 -06:00 [INF] Executed DbCommand (12ms) [Parameters=[], CommandType='"Text"', CommandTimeout='30']
SELECT 1
2025-08-16 13:55:37.659 -06:00 [INF] Executed DbCommand (10ms) [Parameters=[], CommandType='"Text"', CommandTimeout='30']
SELECT OBJECT_ID(N'[__EFMigrationsHistory]');
2025-08-16 13:55:37.677 -06:00 [INF] Executed DbCommand (9ms) [Parameters=[], CommandType='"Text"', CommandTimeout='30']
SELECT [MigrationId], [ProductVersion]
FROM [__EFMigrationsHistory]
ORDER BY [MigrationId];
2025-08-16 13:55:50.313 -06:00 [WRN] No store type was specified for the decimal property 'Total' on entity type 'Order'. This will cause values to be silently truncated if they do not fit in the default precision and scale. Explicitly specify the SQL server column type that can accommodate all the values in 'OnModelCreating' using 'HasColumnType', specify precision and scale using 'HasPrecision', or configure a value converter using 'HasConversion'.
2025-08-16 13:55:50.350 -06:00 [WRN] No store type was specified for the decimal property 'PrecioUnitario' on entity type 'OrderDetail'. This will cause values to be silently truncated if they do not fit in the default precision and scale. Explicitly specify the SQL server column type that can accommodate all the values in 'OnModelCreating' using 'HasColumnType', specify precision and scale using 'HasPrecision', or configure a value converter using 'HasConversion'.
2025-08-16 13:55:50.357 -06:00 [WRN] No store type was specified for the decimal property 'Precio' on entity type 'Product'. This will cause values to be silently truncated if they do not fit in the default precision and scale. Explicitly specify the SQL server column type that can accommodate all the values in 'OnModelCreating' using 'HasColumnType', specify precision and scale using 'HasPrecision', or configure a value converter using 'HasConversion'.
2025-08-16 13:55:50.583 -06:00 [WRN] No store type was specified for the decimal property 'Total' on entity type 'Order'. This will cause values to be silently truncated if they do not fit in the default precision and scale. Explicitly specify the SQL server column type that can accommodate all the values in 'OnModelCreating' using 'HasColumnType', specify precision and scale using 'HasPrecision', or configure a value converter using 'HasConversion'.
2025-08-16 13:55:50.586 -06:00 [WRN] No store type was specified for the decimal property 'PrecioUnitario' on entity type 'OrderDetail'. This will cause values to be silently truncated if they do not fit in the default precision and scale. Explicitly specify the SQL server column type that can accommodate all the values in 'OnModelCreating' using 'HasColumnType', specify precision and scale using 'HasPrecision', or configure a value converter using 'HasConversion'.
2025-08-16 13:55:50.589 -06:00 [WRN] No store type was specified for the decimal property 'Precio' on entity type 'Product'. This will cause values to be silently truncated if they do not fit in the default precision and scale. Explicitly specify the SQL server column type that can accommodate all the values in 'OnModelCreating' using 'HasColumnType', specify precision and scale using 'HasPrecision', or configure a value converter using 'HasConversion'.
2025-08-16 13:56:05.027 -06:00 [WRN] No store type was specified for the decimal property 'Total' on entity type 'Order'. This will cause values to be silently truncated if they do not fit in the default precision and scale. Explicitly specify the SQL server column type that can accommodate all the values in 'OnModelCreating' using 'HasColumnType', specify precision and scale using 'HasPrecision', or configure a value converter using 'HasConversion'.
2025-08-16 13:56:05.063 -06:00 [WRN] No store type was specified for the decimal property 'PrecioUnitario' on entity type 'OrderDetail'. This will cause values to be silently truncated if they do not fit in the default precision and scale. Explicitly specify the SQL server column type that can accommodate all the values in 'OnModelCreating' using 'HasColumnType', specify precision and scale using 'HasPrecision', or configure a value converter using 'HasConversion'.
2025-08-16 13:56:05.066 -06:00 [WRN] No store type was specified for the decimal property 'Precio' on entity type 'Product'. This will cause values to be silently truncated if they do not fit in the default precision and scale. Explicitly specify the SQL server column type that can accommodate all the values in 'OnModelCreating' using 'HasColumnType', specify precision and scale using 'HasPrecision', or configure a value converter using 'HasConversion'.
2025-08-16 13:56:05.448 -06:00 [INF] Executed DbCommand (17ms) [Parameters=[], CommandType='"Text"', CommandTimeout='30']
SELECT 1
2025-08-16 13:56:05.479 -06:00 [INF] Executed DbCommand (15ms) [Parameters=[], CommandType='"Text"', CommandTimeout='30']
SELECT OBJECT_ID(N'[__EFMigrationsHistory]');
2025-08-16 13:56:05.487 -06:00 [INF] Executed DbCommand (2ms) [Parameters=[], CommandType='"Text"', CommandTimeout='30']
SELECT 1
2025-08-16 13:56:05.491 -06:00 [INF] Executed DbCommand (1ms) [Parameters=[], CommandType='"Text"', CommandTimeout='30']
SELECT OBJECT_ID(N'[__EFMigrationsHistory]');
2025-08-16 13:56:05.508 -06:00 [INF] Executed DbCommand (3ms) [Parameters=[], CommandType='"Text"', CommandTimeout='30']
SELECT [MigrationId], [ProductVersion]
FROM [__EFMigrationsHistory]
ORDER BY [MigrationId];
2025-08-16 13:56:05.527 -06:00 [INF] Applying migration '20250816195551_AddUserPropertiesToIdentity'.
2025-08-16 13:56:05.706 -06:00 [INF] Executed DbCommand (103ms) [Parameters=[], CommandType='"Text"', CommandTimeout='30']
DECLARE @var0 sysname;
SELECT @var0 = [d].[name]
FROM [sys].[default_constraints] [d]
INNER JOIN [sys].[columns] [c] ON [d].[parent_column_id] = [c].[column_id] AND [d].[parent_object_id] = [c].[object_id]
WHERE ([d].[parent_object_id] = OBJECT_ID(N'[Orders]') AND [c].[name] = N'UsuarioId');
IF @var0 IS NOT NULL EXEC(N'ALTER TABLE [Orders] DROP CONSTRAINT [' + @var0 + '];');
ALTER TABLE [Orders] ALTER COLUMN [UsuarioId] nvarchar(450) NOT NULL;
2025-08-16 13:56:05.717 -06:00 [INF] Executed DbCommand (7ms) [Parameters=[], CommandType='"Text"', CommandTimeout='30']
ALTER TABLE [Orders] ADD [DireccionEnvio] nvarchar(200) NOT NULL DEFAULT N'';
2025-08-16 13:56:05.728 -06:00 [INF] Executed DbCommand (5ms) [Parameters=[], CommandType='"Text"', CommandTimeout='30']
ALTER TABLE [Orders] ADD [MetodoPago] nvarchar(50) NOT NULL DEFAULT N'';
2025-08-16 13:56:05.736 -06:00 [INF] Executed DbCommand (4ms) [Parameters=[], CommandType='"Text"', CommandTimeout='30']
ALTER TABLE [Orders] ADD [Notas] nvarchar(500) NOT NULL DEFAULT N'';
2025-08-16 13:56:05.747 -06:00 [INF] Executed DbCommand (7ms) [Parameters=[], CommandType='"Text"', CommandTimeout='30']
ALTER TABLE [AspNetUsers] ADD [Apellido] nvarchar(max) NOT NULL DEFAULT N'';
2025-08-16 13:56:05.756 -06:00 [INF] Executed DbCommand (5ms) [Parameters=[], CommandType='"Text"', CommandTimeout='30']
ALTER TABLE [AspNetUsers] ADD [Direccion] nvarchar(max) NOT NULL DEFAULT N'';
2025-08-16 13:56:05.764 -06:00 [INF] Executed DbCommand (5ms) [Parameters=[], CommandType='"Text"', CommandTimeout='30']
ALTER TABLE [AspNetUsers] ADD [Nombre] nvarchar(max) NOT NULL DEFAULT N'';
2025-08-16 13:56:05.773 -06:00 [INF] Executed DbCommand (6ms) [Parameters=[], CommandType='"Text"', CommandTimeout='30']
ALTER TABLE [AspNetUsers] ADD [Telefono] nvarchar(max) NOT NULL DEFAULT N'';
2025-08-16 13:56:05.781 -06:00 [INF] Executed DbCommand (5ms) [Parameters=[], CommandType='"Text"', CommandTimeout='30']
CREATE INDEX [IX_Orders_UsuarioId] ON [Orders] ([UsuarioId]);
2025-08-16 13:56:05.806 -06:00 [ERR] Failed executing DbCommand (21ms) [Parameters=[], CommandType='"Text"', CommandTimeout='30']
ALTER TABLE [Orders] ADD CONSTRAINT [FK_Orders_AspNetUsers_UsuarioId] FOREIGN KEY ([UsuarioId]) REFERENCES [AspNetUsers] ([Id]) ON DELETE CASCADE;
2025-08-16 13:56:44.252 -06:00 [WRN] No store type was specified for the decimal property 'Total' on entity type 'Order'. This will cause values to be silently truncated if they do not fit in the default precision and scale. Explicitly specify the SQL server column type that can accommodate all the values in 'OnModelCreating' using 'HasColumnType', specify precision and scale using 'HasPrecision', or configure a value converter using 'HasConversion'.
2025-08-16 13:56:44.282 -06:00 [WRN] No store type was specified for the decimal property 'PrecioUnitario' on entity type 'OrderDetail'. This will cause values to be silently truncated if they do not fit in the default precision and scale. Explicitly specify the SQL server column type that can accommodate all the values in 'OnModelCreating' using 'HasColumnType', specify precision and scale using 'HasPrecision', or configure a value converter using 'HasConversion'.
2025-08-16 13:56:44.284 -06:00 [WRN] No store type was specified for the decimal property 'Precio' on entity type 'Product'. This will cause values to be silently truncated if they do not fit in the default precision and scale. Explicitly specify the SQL server column type that can accommodate all the values in 'OnModelCreating' using 'HasColumnType', specify precision and scale using 'HasPrecision', or configure a value converter using 'HasConversion'.
2025-08-16 13:56:44.377 -06:00 [WRN] No store type was specified for the decimal property 'Total' on entity type 'Order'. This will cause values to be silently truncated if they do not fit in the default precision and scale. Explicitly specify the SQL server column type that can accommodate all the values in 'OnModelCreating' using 'HasColumnType', specify precision and scale using 'HasPrecision', or configure a value converter using 'HasConversion'.
2025-08-16 13:56:44.379 -06:00 [WRN] No store type was specified for the decimal property 'PrecioUnitario' on entity type 'OrderDetail'. This will cause values to be silently truncated if they do not fit in the default precision and scale. Explicitly specify the SQL server column type that can accommodate all the values in 'OnModelCreating' using 'HasColumnType', specify precision and scale using 'HasPrecision', or configure a value converter using 'HasConversion'.
2025-08-16 13:56:44.380 -06:00 [WRN] No store type was specified for the decimal property 'Precio' on entity type 'Product'. This will cause values to be silently truncated if they do not fit in the default precision and scale. Explicitly specify the SQL server column type that can accommodate all the values in 'OnModelCreating' using 'HasColumnType', specify precision and scale using 'HasPrecision', or configure a value converter using 'HasConversion'.
2025-08-16 13:56:55.168 -06:00 [WRN] No store type was specified for the decimal property 'Total' on entity type 'Order'. This will cause values to be silently truncated if they do not fit in the default precision and scale. Explicitly specify the SQL server column type that can accommodate all the values in 'OnModelCreating' using 'HasColumnType', specify precision and scale using 'HasPrecision', or configure a value converter using 'HasConversion'.
2025-08-16 13:56:55.199 -06:00 [WRN] No store type was specified for the decimal property 'PrecioUnitario' on entity type 'OrderDetail'. This will cause values to be silently truncated if they do not fit in the default precision and scale. Explicitly specify the SQL server column type that can accommodate all the values in 'OnModelCreating' using 'HasColumnType', specify precision and scale using 'HasPrecision', or configure a value converter using 'HasConversion'.
2025-08-16 13:56:55.201 -06:00 [WRN] No store type was specified for the decimal property 'Precio' on entity type 'Product'. This will cause values to be silently truncated if they do not fit in the default precision and scale. Explicitly specify the SQL server column type that can accommodate all the values in 'OnModelCreating' using 'HasColumnType', specify precision and scale using 'HasPrecision', or configure a value converter using 'HasConversion'.
2025-08-16 13:56:55.429 -06:00 [INF] Executed DbCommand (9ms) [Parameters=[], CommandType='"Text"', CommandTimeout='30']
SELECT 1
2025-08-16 13:56:55.461 -06:00 [INF] Executed DbCommand (17ms) [Parameters=[], CommandType='"Text"', CommandTimeout='30']
SELECT OBJECT_ID(N'[__EFMigrationsHistory]');
2025-08-16 13:56:55.469 -06:00 [INF] Executed DbCommand (2ms) [Parameters=[], CommandType='"Text"', CommandTimeout='30']
SELECT 1
2025-08-16 13:56:55.476 -06:00 [INF] Executed DbCommand (1ms) [Parameters=[], CommandType='"Text"', CommandTimeout='30']
SELECT OBJECT_ID(N'[__EFMigrationsHistory]');
2025-08-16 13:56:55.509 -06:00 [INF] Executed DbCommand (9ms) [Parameters=[], CommandType='"Text"', CommandTimeout='30']
SELECT [MigrationId], [ProductVersion]
FROM [__EFMigrationsHistory]
ORDER BY [MigrationId];
2025-08-16 13:56:55.533 -06:00 [INF] Applying migration '20250816195551_AddUserPropertiesToIdentity'.
2025-08-16 13:56:55.641 -06:00 [INF] Executed DbCommand (9ms) [Parameters=[], CommandType='"Text"', CommandTimeout='30']
DECLARE @var0 sysname;
SELECT @var0 = [d].[name]
FROM [sys].[default_constraints] [d]
INNER JOIN [sys].[columns] [c] ON [d].[parent_column_id] = [c].[column_id] AND [d].[parent_object_id] = [c].[object_id]
WHERE ([d].[parent_object_id] = OBJECT_ID(N'[Orders]') AND [c].[name] = N'UsuarioId');
IF @var0 IS NOT NULL EXEC(N'ALTER TABLE [Orders] DROP CONSTRAINT [' + @var0 + '];');
ALTER TABLE [Orders] ALTER COLUMN [UsuarioId] nvarchar(450) NOT NULL;
2025-08-16 13:56:55.649 -06:00 [INF] Executed DbCommand (3ms) [Parameters=[], CommandType='"Text"', CommandTimeout='30']
ALTER TABLE [Orders] ADD [DireccionEnvio] nvarchar(200) NOT NULL DEFAULT N'';
2025-08-16 13:56:55.656 -06:00 [INF] Executed DbCommand (4ms) [Parameters=[], CommandType='"Text"', CommandTimeout='30']
ALTER TABLE [Orders] ADD [MetodoPago] nvarchar(50) NOT NULL DEFAULT N'';
2025-08-16 13:56:55.664 -06:00 [INF] Executed DbCommand (4ms) [Parameters=[], CommandType='"Text"', CommandTimeout='30']
ALTER TABLE [Orders] ADD [Notas] nvarchar(500) NOT NULL DEFAULT N'';
2025-08-16 13:56:55.671 -06:00 [INF] Executed DbCommand (5ms) [Parameters=[], CommandType='"Text"', CommandTimeout='30']
ALTER TABLE [AspNetUsers] ADD [Apellido] nvarchar(max) NOT NULL DEFAULT N'';
2025-08-16 13:56:55.682 -06:00 [INF] Executed DbCommand (7ms) [Parameters=[], CommandType='"Text"', CommandTimeout='30']
ALTER TABLE [AspNetUsers] ADD [Direccion] nvarchar(max) NOT NULL DEFAULT N'';
2025-08-16 13:56:55.689 -06:00 [INF] Executed DbCommand (5ms) [Parameters=[], CommandType='"Text"', CommandTimeout='30']
ALTER TABLE [AspNetUsers] ADD [Nombre] nvarchar(max) NOT NULL DEFAULT N'';
2025-08-16 13:56:55.697 -06:00 [INF] Executed DbCommand (5ms) [Parameters=[], CommandType='"Text"', CommandTimeout='30']
ALTER TABLE [AspNetUsers] ADD [Telefono] nvarchar(max) NOT NULL DEFAULT N'';
2025-08-16 13:56:55.704 -06:00 [INF] Executed DbCommand (5ms) [Parameters=[], CommandType='"Text"', CommandTimeout='30']
CREATE INDEX [IX_Orders_UsuarioId] ON [Orders] ([UsuarioId]);
2025-08-16 13:56:55.724 -06:00 [ERR] Failed executing DbCommand (15ms) [Parameters=[], CommandType='"Text"', CommandTimeout='30']
ALTER TABLE [Orders] ADD CONSTRAINT [FK_Orders_AspNetUsers_UsuarioId] FOREIGN KEY ([UsuarioId]) REFERENCES [AspNetUsers] ([Id]) ON DELETE CASCADE;
2025-08-16 13:58:41.262 -06:00 [INF] Executed DbCommand (13ms) [Parameters=[], CommandType='"Text"', CommandTimeout='30']
SELECT 1
2025-08-16 13:58:41.329 -06:00 [INF] Executed DbCommand (10ms) [Parameters=[], CommandType='"Text"', CommandTimeout='30']
SELECT OBJECT_ID(N'[__EFMigrationsHistory]');
2025-08-16 13:58:41.346 -06:00 [INF] Executed DbCommand (8ms) [Parameters=[], CommandType='"Text"', CommandTimeout='30']
SELECT [MigrationId], [ProductVersion]
FROM [__EFMigrationsHistory]
ORDER BY [MigrationId];
2025-08-16 13:59:04.477 -06:00 [INF] Executed DbCommand (9ms) [Parameters=[], CommandType='"Text"', CommandTimeout='30']
SELECT 1
2025-08-16 13:59:04.523 -06:00 [INF] Executed DbCommand (8ms) [Parameters=[], CommandType='"Text"', CommandTimeout='30']
SELECT OBJECT_ID(N'[__EFMigrationsHistory]');
2025-08-16 13:59:04.527 -06:00 [INF] Executed DbCommand (1ms) [Parameters=[], CommandType='"Text"', CommandTimeout='30']
SELECT 1
2025-08-16 13:59:04.536 -06:00 [INF] Executed DbCommand (1ms) [Parameters=[], CommandType='"Text"', CommandTimeout='30']
SELECT OBJECT_ID(N'[__EFMigrationsHistory]');
2025-08-16 13:59:04.546 -06:00 [INF] Executed DbCommand (1ms) [Parameters=[], CommandType='"Text"', CommandTimeout='30']
SELECT [MigrationId], [ProductVersion]
FROM [__EFMigrationsHistory]
ORDER BY [MigrationId];
2025-08-16 13:59:04.559 -06:00 [INF] Applying migration '20250816195851_InitialMigration'.
2025-08-16 13:59:04.650 -06:00 [INF] Executed DbCommand (52ms) [Parameters=[], CommandType='"Text"', CommandTimeout='30']
DECLARE @var0 sysname;
SELECT @var0 = [d].[name]
FROM [sys].[default_constraints] [d]
INNER JOIN [sys].[columns] [c] ON [d].[parent_column_id] = [c].[column_id] AND [d].[parent_object_id] = [c].[object_id]
WHERE ([d].[parent_object_id] = OBJECT_ID(N'[Orders]') AND [c].[name] = N'UsuarioId');
IF @var0 IS NOT NULL EXEC(N'ALTER TABLE [Orders] DROP CONSTRAINT [' + @var0 + '];');
ALTER TABLE [Orders] ALTER COLUMN [UsuarioId] nvarchar(450) NOT NULL;
2025-08-16 13:59:04.659 -06:00 [INF] Executed DbCommand (5ms) [Parameters=[], CommandType='"Text"', CommandTimeout='30']
ALTER TABLE [Orders] ADD [DireccionEnvio] nvarchar(200) NOT NULL DEFAULT N'';
2025-08-16 13:59:04.668 -06:00 [INF] Executed DbCommand (7ms) [Parameters=[], CommandType='"Text"', CommandTimeout='30']
ALTER TABLE [Orders] ADD [MetodoPago] nvarchar(50) NOT NULL DEFAULT N'';
2025-08-16 13:59:04.676 -06:00 [INF] Executed DbCommand (5ms) [Parameters=[], CommandType='"Text"', CommandTimeout='30']
ALTER TABLE [Orders] ADD [Notas] nvarchar(500) NOT NULL DEFAULT N'';
2025-08-16 13:59:04.686 -06:00 [INF] Executed DbCommand (8ms) [Parameters=[], CommandType='"Text"', CommandTimeout='30']
ALTER TABLE [AspNetUsers] ADD [Apellido] nvarchar(max) NOT NULL DEFAULT N'';
2025-08-16 13:59:04.693 -06:00 [INF] Executed DbCommand (5ms) [Parameters=[], CommandType='"Text"', CommandTimeout='30']
ALTER TABLE [AspNetUsers] ADD [Direccion] nvarchar(max) NOT NULL DEFAULT N'';
2025-08-16 13:59:04.700 -06:00 [INF] Executed DbCommand (5ms) [Parameters=[], CommandType='"Text"', CommandTimeout='30']
ALTER TABLE [AspNetUsers] ADD [Nombre] nvarchar(max) NOT NULL DEFAULT N'';
2025-08-16 13:59:04.708 -06:00 [INF] Executed DbCommand (6ms) [Parameters=[], CommandType='"Text"', CommandTimeout='30']
ALTER TABLE [AspNetUsers] ADD [Telefono] nvarchar(max) NOT NULL DEFAULT N'';
2025-08-16 13:59:04.715 -06:00 [INF] Executed DbCommand (5ms) [Parameters=[], CommandType='"Text"', CommandTimeout='30']
CREATE INDEX [IX_Orders_UsuarioId] ON [Orders] ([UsuarioId]);
2025-08-16 13:59:04.740 -06:00 [ERR] Failed executing DbCommand (23ms) [Parameters=[], CommandType='"Text"', CommandTimeout='30']
ALTER TABLE [Orders] ADD CONSTRAINT [FK_Orders_AspNetUsers_UsuarioId] FOREIGN KEY ([UsuarioId]) REFERENCES [AspNetUsers] ([Id]) ON DELETE NO ACTION;
2025-08-16 14:00:19.743 -06:00 [INF] Executed DbCommand (10ms) [Parameters=[], CommandType='"Text"', CommandTimeout='30']
SELECT 1
2025-08-16 14:00:19.823 -06:00 [INF] Executed DbCommand (20ms) [Parameters=[], CommandType='"Text"', CommandTimeout='30']
SELECT OBJECT_ID(N'[__EFMigrationsHistory]');
2025-08-16 14:00:19.834 -06:00 [INF] Executed DbCommand (2ms) [Parameters=[], CommandType='"Text"', CommandTimeout='30']
SELECT 1
2025-08-16 14:00:19.842 -06:00 [INF] Executed DbCommand (1ms) [Parameters=[], CommandType='"Text"', CommandTimeout='30']
SELECT OBJECT_ID(N'[__EFMigrationsHistory]');
2025-08-16 14:00:19.865 -06:00 [INF] Executed DbCommand (2ms) [Parameters=[], CommandType='"Text"', CommandTimeout='30']
SELECT [MigrationId], [ProductVersion]
FROM [__EFMigrationsHistory]
ORDER BY [MigrationId];
2025-08-16 14:00:19.887 -06:00 [INF] Applying migration '20250816195851_InitialMigration'.
2025-08-16 14:00:20.013 -06:00 [INF] Executed DbCommand (35ms) [Parameters=[], CommandType='"Text"', CommandTimeout='30']
DECLARE @var0 sysname;
SELECT @var0 = [d].[name]
FROM [sys].[default_constraints] [d]
INNER JOIN [sys].[columns] [c] ON [d].[parent_column_id] = [c].[column_id] AND [d].[parent_object_id] = [c].[object_id]
WHERE ([d].[parent_object_id] = OBJECT_ID(N'[Orders]') AND [c].[name] = N'UsuarioId');
IF @var0 IS NOT NULL EXEC(N'ALTER TABLE [Orders] DROP CONSTRAINT [' + @var0 + '];');
ALTER TABLE [Orders] ALTER COLUMN [UsuarioId] nvarchar(450) NOT NULL;
2025-08-16 14:00:20.020 -06:00 [INF] Executed DbCommand (4ms) [Parameters=[], CommandType='"Text"', CommandTimeout='30']
ALTER TABLE [Orders] ADD [DireccionEnvio] nvarchar(200) NOT NULL DEFAULT N'';
2025-08-16 14:00:20.026 -06:00 [INF] Executed DbCommand (4ms) [Parameters=[], CommandType='"Text"', CommandTimeout='30']
ALTER TABLE [Orders] ADD [MetodoPago] nvarchar(50) NOT NULL DEFAULT N'';
2025-08-16 14:00:20.034 -06:00 [INF] Executed DbCommand (4ms) [Parameters=[], CommandType='"Text"', CommandTimeout='30']
ALTER TABLE [Orders] ADD [Notas] nvarchar(500) NOT NULL DEFAULT N'';
2025-08-16 14:00:20.046 -06:00 [INF] Executed DbCommand (9ms) [Parameters=[], CommandType='"Text"', CommandTimeout='30']
ALTER TABLE [AspNetUsers] ADD [Apellido] nvarchar(max) NOT NULL DEFAULT N'';
2025-08-16 14:00:20.054 -06:00 [INF] Executed DbCommand (5ms) [Parameters=[], CommandType='"Text"', CommandTimeout='30']
ALTER TABLE [AspNetUsers] ADD [Direccion] nvarchar(max) NOT NULL DEFAULT N'';
2025-08-16 14:00:20.063 -06:00 [INF] Executed DbCommand (6ms) [Parameters=[], CommandType='"Text"', CommandTimeout='30']
ALTER TABLE [AspNetUsers] ADD [Nombre] nvarchar(max) NOT NULL DEFAULT N'';
2025-08-16 14:00:20.072 -06:00 [INF] Executed DbCommand (5ms) [Parameters=[], CommandType='"Text"', CommandTimeout='30']
ALTER TABLE [AspNetUsers] ADD [Telefono] nvarchar(max) NOT NULL DEFAULT N'';
2025-08-16 14:00:20.082 -06:00 [INF] Executed DbCommand (5ms) [Parameters=[], CommandType='"Text"', CommandTimeout='30']
CREATE INDEX [IX_Orders_UsuarioId] ON [Orders] ([UsuarioId]);
2025-08-16 14:00:20.094 -06:00 [INF] Executed DbCommand (6ms) [Parameters=[], CommandType='"Text"', CommandTimeout='30']
ALTER TABLE [Orders] ADD CONSTRAINT [FK_Orders_AspNetUsers_UsuarioId] FOREIGN KEY ([UsuarioId]) REFERENCES [AspNetUsers] ([Id]) ON DELETE NO ACTION;
2025-08-16 14:00:20.099 -06:00 [INF] Executed DbCommand (2ms) [Parameters=[], CommandType='"Text"', CommandTimeout='30']
INSERT INTO [__EFMigrationsHistory] ([MigrationId], [ProductVersion])
VALUES (N'20250816195851_InitialMigration', N'8.0.11');
2025-08-16 14:00:29.575 -06:00 [INF] User profile is available. Using 'C:\Users\hoshu\AppData\Local\ASP.NET\DataProtection-Keys' as key repository and Windows DPAPI to encrypt keys at rest.
2025-08-16 14:00:30.250 -06:00 [INF] Executed DbCommand (30ms) [Parameters=[@__normalizedName_0='?' (Size = 256)], CommandType='"Text"', CommandTimeout='30']
SELECT TOP(1) [a].[Id], [a].[ConcurrencyStamp], [a].[Name], [a].[NormalizedName]
FROM [AspNetRoles] AS [a]
WHERE [a].[NormalizedName] = @__normalizedName_0
2025-08-16 14:00:30.319 -06:00 [INF] Executed DbCommand (6ms) [Parameters=[@__normalizedEmail_0='?' (Size = 256)], CommandType='"Text"', CommandTimeout='30']
SELECT TOP(2) [a].[Id], [a].[AccessFailedCount], [a].[Apellido], [a].[ConcurrencyStamp], [a].[Direccion], [a].[Email], [a].[EmailConfirmed], [a].[LockoutEnabled], [a].[LockoutEnd], [a].[Nombre], [a].[NormalizedEmail], [a].[NormalizedUserName], [a].[PasswordHash], [a].[PhoneNumber], [a].[PhoneNumberConfirmed], [a].[SecurityStamp], [a].[Telefono], [a].[TwoFactorEnabled], [a].[UserName]
FROM [AspNetUsers] AS [a]
WHERE [a].[NormalizedEmail] = @__normalizedEmail_0
2025-08-16 14:00:30.363 -06:00 [INF] Executed DbCommand (4ms) [Parameters=[@__normalizedRoleName_0='?' (Size = 256)], CommandType='"Text"', CommandTimeout='30']
SELECT TOP(2) [a].[Id], [a].[ConcurrencyStamp], [a].[Name], [a].[NormalizedName]
FROM [AspNetRoles] AS [a]
WHERE [a].[NormalizedName] = @__normalizedRoleName_0
2025-08-16 14:00:30.386 -06:00 [INF] Executed DbCommand (3ms) [Parameters=[@__p_0='?' (Size = 450), @__p_1='?' (Size = 450)], CommandType='"Text"', CommandTimeout='30']
SELECT TOP(1) [a].[UserId], [a].[RoleId]
FROM [AspNetUserRoles] AS [a]
WHERE [a].[UserId] = @__p_0 AND [a].[RoleId] = @__p_1
2025-08-16 14:00:30.399 -06:00 [INF] Executed DbCommand (1ms) [Parameters=[@__normalizedEmail_0='?' (Size = 256)], CommandType='"Text"', CommandTimeout='30']
SELECT TOP(2) [a].[Id], [a].[AccessFailedCount], [a].[Apellido], [a].[ConcurrencyStamp], [a].[Direccion], [a].[Email], [a].[EmailConfirmed], [a].[LockoutEnabled], [a].[LockoutEnd], [a].[Nombre], [a].[NormalizedEmail], [a].[NormalizedUserName], [a].[PasswordHash], [a].[PhoneNumber], [a].[PhoneNumberConfirmed], [a].[SecurityStamp], [a].[Telefono], [a].[TwoFactorEnabled], [a].[UserName]
FROM [AspNetUsers] AS [a]
WHERE [a].[NormalizedEmail] = @__normalizedEmail_0
2025-08-16 14:00:30.404 -06:00 [INF] Executed DbCommand (1ms) [Parameters=[@__normalizedRoleName_0='?' (Size = 256)], CommandType='"Text"', CommandTimeout='30']
SELECT TOP(2) [a].[Id], [a].[ConcurrencyStamp], [a].[Name], [a].[NormalizedName]
FROM [AspNetRoles] AS [a]
WHERE [a].[NormalizedName] = @__normalizedRoleName_0
2025-08-16 14:00:30.408 -06:00 [INF] Executed DbCommand (1ms) [Parameters=[@__p_0='?' (Size = 450), @__p_1='?' (Size = 450)], CommandType='"Text"', CommandTimeout='30']
SELECT TOP(1) [a].[UserId], [a].[RoleId]
FROM [AspNetUserRoles] AS [a]
WHERE [a].[UserId] = @__p_0 AND [a].[RoleId] = @__p_1
2025-08-16 14:00:30.415 -06:00 [INF] Executed DbCommand (1ms) [Parameters=[@__normalizedEmail_0='?' (Size = 256)], CommandType='"Text"', CommandTimeout='30']
SELECT TOP(2) [a].[Id], [a].[AccessFailedCount], [a].[Apellido], [a].[ConcurrencyStamp], [a].[Direccion], [a].[Email], [a].[EmailConfirmed], [a].[LockoutEnabled], [a].[LockoutEnd], [a].[Nombre], [a].[NormalizedEmail], [a].[NormalizedUserName], [a].[PasswordHash], [a].[PhoneNumber], [a].[PhoneNumberConfirmed], [a].[SecurityStamp], [a].[Telefono], [a].[TwoFactorEnabled], [a].[UserName]
FROM [AspNetUsers] AS [a]
WHERE [a].[NormalizedEmail] = @__normalizedEmail_0
2025-08-16 14:00:30.420 -06:00 [INF] Executed DbCommand (1ms) [Parameters=[@__normalizedRoleName_0='?' (Size = 256)], CommandType='"Text"', CommandTimeout='30']
SELECT TOP(2) [a].[Id], [a].[ConcurrencyStamp], [a].[Name], [a].[NormalizedName]
FROM [AspNetRoles] AS [a]
WHERE [a].[NormalizedName] = @__normalizedRoleName_0
2025-08-16 14:00:30.422 -06:00 [INF] Executed DbCommand (0ms) [Parameters=[@__p_0='?' (Size = 450), @__p_1='?' (Size = 450)], CommandType='"Text"', CommandTimeout='30']
SELECT TOP(1) [a].[UserId], [a].[RoleId]
FROM [AspNetUserRoles] AS [a]
WHERE [a].[UserId] = @__p_0 AND [a].[RoleId] = @__p_1
2025-08-16 14:00:30.594 -06:00 [INF] Now listening on: http://localhost:5116
2025-08-16 14:00:30.598 -06:00 [INF] Application started. Press Ctrl+C to shut down.
2025-08-16 14:00:30.600 -06:00 [INF] Hosting environment: Development
2025-08-16 14:00:30.601 -06:00 [INF] Content root path: C:\Users\hoshu\OneDrive\Desktop\ProyectoAnalisisDeSistemas-master\ProyectoAnalisisDeSistemas-master\PaginaBizu
2025-08-16 14:00:35.333 -06:00 [INF] Request starting HTTP/1.1 GET http://localhost:5116/Products - null null
2025-08-16 14:00:35.390 -06:00 [WRN] Failed to determine the https port for redirect.
2025-08-16 14:00:35.475 -06:00 [INF] Executed DbCommand (3ms) [Parameters=[@__p_0='?' (Size = 450)], CommandType='"Text"', CommandTimeout='30']
SELECT TOP(1) [a].[Id], [a].[AccessFailedCount], [a].[Apellido], [a].[ConcurrencyStamp], [a].[Direccion], [a].[Email], [a].[EmailConfirmed], [a].[LockoutEnabled], [a].[LockoutEnd], [a].[Nombre], [a].[NormalizedEmail], [a].[NormalizedUserName], [a].[PasswordHash], [a].[PhoneNumber], [a].[PhoneNumberConfirmed], [a].[SecurityStamp], [a].[Telefono], [a].[TwoFactorEnabled], [a].[UserName]
FROM [AspNetUsers] AS [a]
WHERE [a].[Id] = @__p_0
2025-08-16 14:00:35.507 -06:00 [INF] Executed DbCommand (3ms) [Parameters=[@__user_Id_0='?' (Size = 450)], CommandType='"Text"', CommandTimeout='30']
SELECT [a].[Id], [a].[ClaimType], [a].[ClaimValue], [a].[UserId]
FROM [AspNetUserClaims] AS [a]
WHERE [a].[UserId] = @__user_Id_0
2025-08-16 14:00:35.533 -06:00 [INF] Executed DbCommand (5ms) [Parameters=[@__userId_0='?' (Size = 450)], CommandType='"Text"', CommandTimeout='30']
SELECT [a0].[Name]
FROM [AspNetUserRoles] AS [a]
INNER JOIN [AspNetRoles] AS [a0] ON [a].[RoleId] = [a0].[Id]
WHERE [a].[UserId] = @__userId_0
2025-08-16 14:00:35.540 -06:00 [INF] Executed DbCommand (1ms) [Parameters=[@__normalizedName_0='?' (Size = 256)], CommandType='"Text"', CommandTimeout='30']
SELECT TOP(1) [a].[Id], [a].[ConcurrencyStamp], [a].[Name], [a].[NormalizedName]
FROM [AspNetRoles] AS [a]
WHERE [a].[NormalizedName] = @__normalizedName_0
2025-08-16 14:00:35.556 -06:00 [INF] Executed DbCommand (3ms) [Parameters=[@__role_Id_0='?' (Size = 450)], CommandType='"Text"', CommandTimeout='30']
SELECT [a].[ClaimType], [a].[ClaimValue]
FROM [AspNetRoleClaims] AS [a]
WHERE [a].[RoleId] = @__role_Id_0
2025-08-16 14:00:35.566 -06:00 [INF] Executing endpoint 'PaginaBizu.Controllers.ProductsController.Index (PaginaBizu)'
2025-08-16 14:00:35.582 -06:00 [INF] Route matched with {action = "Index", controller = "Products", page = "", area = ""}. Executing controller action with signature System.Threading.Tasks.Task`1[Microsoft.AspNetCore.Mvc.IActionResult] Index() on controller PaginaBizu.Controllers.ProductsController (PaginaBizu).
2025-08-16 14:00:35.600 -06:00 [INF] ➡️ Acción ejecutándose: Products/Index | Usuario: hoshuacastillo48@gmail.com | IP: ::1 | Hora: "2025-08-16T14:00:35.5997409-06:00"
2025-08-16 14:00:35.620 -06:00 [INF] Executed DbCommand (3ms) [Parameters=[], CommandType='"Text"', CommandTimeout='30']
SELECT [p].[Id], [p].[CantidadDisponible], [p].[Categoria], [p].[Descripcion], [p].[FechaCreacion], [p].[ImagenUrl], [p].[NombreArticulo], [p].[Precio]
FROM [Products] AS [p]
2025-08-16 14:00:35.665 -06:00 [INF] ✅ Acción ejecutada: Products/Index | Hora: "2025-08-16T14:00:35.6655897-06:00"
2025-08-16 14:00:35.674 -06:00 [INF] Executing ViewResult, running view Index.
2025-08-16 14:00:35.833 -06:00 [INF] Executed ViewResult - view Index executed in 156.9143ms.
2025-08-16 14:00:35.843 -06:00 [INF] Executed action PaginaBizu.Controllers.ProductsController.Index (PaginaBizu) in 256.4523ms
2025-08-16 14:00:35.848 -06:00 [INF] Executed endpoint 'PaginaBizu.Controllers.ProductsController.Index (PaginaBizu)'
2025-08-16 14:00:35.868 -06:00 [INF] Request finished HTTP/1.1 GET http://localhost:5116/Products - 200 null text/html; charset=utf-8 535.4677ms
2025-08-16 14:00:35.907 -06:00 [INF] Request starting HTTP/1.1 GET http://localhost:5116/pulseraverde.jpg - null null
2025-08-16 14:00:35.907 -06:00 [INF] Request starting HTTP/1.1 GET http://localhost:5116/imagenpulseraoro.jpg - null null
2025-08-16 14:00:35.927 -06:00 [INF] Request finished HTTP/1.1 GET http://localhost:5116/imagenpulseraoro.jpg - 404 0 null 20.1619ms
2025-08-16 14:00:35.927 -06:00 [INF] Request finished HTTP/1.1 GET http://localhost:5116/pulseraverde.jpg - 404 0 null 20.1668ms
2025-08-16 14:00:35.936 -06:00 [INF] Request reached the end of the middleware pipeline without being handled by application code. Request path: GET http://localhost:5116/imagenpulseraoro.jpg, Response status code: 404
2025-08-16 14:00:35.941 -06:00 [INF] Request reached the end of the middleware pipeline without being handled by application code. Request path: GET http://localhost:5116/pulseraverde.jpg, Response status code: 404
2025-08-16 14:00:36.339 -06:00 [INF] Request starting HTTP/1.1 GET http://localhost:5116/imagenpulserrojo.jpg - null null
2025-08-16 14:00:36.379 -06:00 [INF] Request finished HTTP/1.1 GET http://localhost:5116/imagenpulserrojo.jpg - 404 0 null 40.0664ms
2025-08-16 14:00:36.387 -06:00 [INF] Request reached the end of the middleware pipeline without being handled by application code. Request path: GET http://localhost:5116/imagenpulserrojo.jpg, Response status code: 404
2025-08-16 14:00:36.415 -06:00 [INF] Request starting HTTP/1.1 GET http://localhost:5116/Cart/CartCount - null null
2025-08-16 14:00:36.429 -06:00 [INF] Executing endpoint 'PaginaBizu.Controllers.CartController.CartCount (PaginaBizu)'
2025-08-16 14:00:36.437 -06:00 [INF] Route matched with {action = "CartCount", controller = "Cart", page = "", area = ""}. Executing controller action with signature Microsoft.AspNetCore.Mvc.IActionResult CartCount() on controller PaginaBizu.Controllers.CartController (PaginaBizu).
2025-08-16 14:00:36.443 -06:00 [INF] ➡️ Acción ejecutándose: Cart/CartCount | Usuario: hoshuacastillo48@gmail.com | IP: ::1 | Hora: "2025-08-16T14:00:36.4431267-06:00"
2025-08-16 14:00:36.450 -06:00 [INF] Accessing expired session, Key:b6d22df1-35ff-543a-666b-31a639717e32
2025-08-16 14:00:36.454 -06:00 [INF] ✅ Acción ejecutada: Cart/CartCount | Hora: "2025-08-16T14:00:36.4547477-06:00"
2025-08-16 14:00:36.460 -06:00 [INF] Executing JsonResult, writing value of type 'System.Int32'.
2025-08-16 14:00:36.510 -06:00 [INF] Request starting HTTP/1.1 GET http://localhost:5116/Cart/CartCount - null null
2025-08-16 14:00:36.510 -06:00 [INF] Executed action PaginaBizu.Controllers.CartController.CartCount (PaginaBizu) in 68.7765ms
2025-08-16 14:00:36.518 -06:00 [INF] Executed endpoint 'PaginaBizu.Controllers.CartController.CartCount (PaginaBizu)'
2025-08-16 14:00:36.519 -06:00 [INF] Executing endpoint 'PaginaBizu.Controllers.CartController.CartCount (PaginaBizu)'
2025-08-16 14:00:36.520 -06:00 [INF] Request finished HTTP/1.1 GET http://localhost:5116/Cart/CartCount - 200 null application/json; charset=utf-8 105.672ms
2025-08-16 14:00:36.523 -06:00 [INF] Route matched with {action = "CartCount", controller = "Cart", page = "", area = ""}. Executing controller action with signature Microsoft.AspNetCore.Mvc.IActionResult CartCount() on controller PaginaBizu.Controllers.CartController (PaginaBizu).
2025-08-16 14:00:36.532 -06:00 [INF] ➡️ Acción ejecutándose: Cart/CartCount | Usuario: hoshuacastillo48@gmail.com | IP: ::1 | Hora: "2025-08-16T14:00:36.5323114-06:00"
2025-08-16 14:00:36.535 -06:00 [INF] Accessing expired session, Key:b6d22df1-35ff-543a-666b-31a639717e32
2025-08-16 14:00:36.537 -06:00 [INF] ✅ Acción ejecutada: Cart/CartCount | Hora: "2025-08-16T14:00:36.5378061-06:00"
2025-08-16 14:00:36.540 -06:00 [INF] Executing JsonResult, writing value of type 'System.Int32'.
2025-08-16 14:00:36.543 -06:00 [INF] Executed action PaginaBizu.Controllers.CartController.CartCount (PaginaBizu) in 11.6083ms
2025-08-16 14:00:36.547 -06:00 [INF] Executed endpoint 'PaginaBizu.Controllers.CartController.CartCount (PaginaBizu)'
2025-08-16 14:00:36.549 -06:00 [INF] Request finished HTTP/1.1 GET http://localhost:5116/Cart/CartCount - 200 null application/json; charset=utf-8 38.684ms
2025-08-16 14:00:39.873 -06:00 [INF] Request starting HTTP/1.1 GET http://localhost:5116/Orders - null null
2025-08-16 14:00:39.885 -06:00 [INF] Executing endpoint 'PaginaBizu.Controllers.OrdersController.Index (PaginaBizu)'
2025-08-16 14:00:39.897 -06:00 [INF] Route matched with {action = "Index", controller = "Orders", page = "", area = ""}. Executing controller action with signature System.Threading.Tasks.Task`1[Microsoft.AspNetCore.Mvc.IActionResult] Index() on controller PaginaBizu.Controllers.OrdersController (PaginaBizu).
2025-08-16 14:00:39.904 -06:00 [INF] ➡️ Acción ejecutándose: Orders/Index | Usuario: hoshuacastillo48@gmail.com | IP: ::1 | Hora: "2025-08-16T14:00:39.9046248-06:00"
2025-08-16 14:00:40.083 -06:00 [INF] Executed DbCommand (12ms) [Parameters=[], CommandType='"Text"', CommandTimeout='30']
SELECT [o].[Id], [o].[DireccionEnvio], [o].[Estado], [o].[Fecha], [o].[MetodoPago], [o].[Notas], [o].[Total], [o].[UsuarioId], [t].[Id], [t].[Cantidad], [t].[OrderId], [t].[PrecioUnitario], [t].[ProductId], [t].[Id0], [t].[CantidadDisponible], [t].[Categoria], [t].[Descripcion], [t].[FechaCreacion], [t].[ImagenUrl], [t].[NombreArticulo], [t].[Precio]
FROM [Orders] AS [o]
LEFT JOIN (
    SELECT [o0].[Id], [o0].[Cantidad], [o0].[OrderId], [o0].[PrecioUnitario], [o0].[ProductId], [p].[Id] AS [Id0], [p].[CantidadDisponible], [p].[Categoria], [p].[Descripcion], [p].[FechaCreacion], [p].[ImagenUrl], [p].[NombreArticulo], [p].[Precio]
    FROM [OrderDetails] AS [o0]
    INNER JOIN [Products] AS [p] ON [o0].[ProductId] = [p].[Id]
) AS [t] ON [o].[Id] = [t].[OrderId]
ORDER BY [o].[Fecha] DESC, [o].[Id], [t].[Id]
2025-08-16 14:00:40.145 -06:00 [INF] ✅ Acción ejecutada: Orders/Index | Hora: "2025-08-16T14:00:40.1458601-06:00"
2025-08-16 14:00:40.150 -06:00 [INF] Executing ViewResult, running view Index.
2025-08-16 14:00:40.170 -06:00 [INF] Executed ViewResult - view Index executed in 20.8448ms.
2025-08-16 14:00:40.172 -06:00 [INF] Executed action PaginaBizu.Controllers.OrdersController.Index (PaginaBizu) in 268.4536ms
2025-08-16 14:00:40.176 -06:00 [INF] Executed endpoint 'PaginaBizu.Controllers.OrdersController.Index (PaginaBizu)'
2025-08-16 14:00:40.181 -06:00 [INF] Request finished HTTP/1.1 GET http://localhost:5116/Orders - 200 null text/html; charset=utf-8 307.3731ms
2025-08-16 14:00:40.431 -06:00 [INF] Request starting HTTP/1.1 GET http://localhost:5116/Cart/CartCount - null null
2025-08-16 14:00:40.437 -06:00 [INF] Executing endpoint 'PaginaBizu.Controllers.CartController.CartCount (PaginaBizu)'
2025-08-16 14:00:40.439 -06:00 [INF] Route matched with {action = "CartCount", controller = "Cart", page = "", area = ""}. Executing controller action with signature Microsoft.AspNetCore.Mvc.IActionResult CartCount() on controller PaginaBizu.Controllers.CartController (PaginaBizu).
2025-08-16 14:00:40.445 -06:00 [INF] ➡️ Acción ejecutándose: Cart/CartCount | Usuario: hoshuacastillo48@gmail.com | IP: ::1 | Hora: "2025-08-16T14:00:40.4457238-06:00"
2025-08-16 14:00:40.454 -06:00 [INF] Accessing expired session, Key:b6d22df1-35ff-543a-666b-31a639717e32
2025-08-16 14:00:40.459 -06:00 [INF] ✅ Acción ejecutada: Cart/CartCount | Hora: "2025-08-16T14:00:40.4592185-06:00"
2025-08-16 14:00:40.464 -06:00 [INF] Executing JsonResult, writing value of type 'System.Int32'.
2025-08-16 14:00:40.466 -06:00 [INF] Executed action PaginaBizu.Controllers.CartController.CartCount (PaginaBizu) in 21.0769ms
2025-08-16 14:00:40.468 -06:00 [INF] Request starting HTTP/1.1 GET http://localhost:5116/Cart/CartCount - null null
2025-08-16 14:00:40.468 -06:00 [INF] Executed endpoint 'PaginaBizu.Controllers.CartController.CartCount (PaginaBizu)'
2025-08-16 14:00:40.473 -06:00 [INF] Executing endpoint 'PaginaBizu.Controllers.CartController.CartCount (PaginaBizu)'
2025-08-16 14:00:40.473 -06:00 [INF] Request finished HTTP/1.1 GET http://localhost:5116/Cart/CartCount - 200 null application/json; charset=utf-8 41.9387ms
2025-08-16 14:00:40.475 -06:00 [INF] Route matched with {action = "CartCount", controller = "Cart", page = "", area = ""}. Executing controller action with signature Microsoft.AspNetCore.Mvc.IActionResult CartCount() on controller PaginaBizu.Controllers.CartController (PaginaBizu).
2025-08-16 14:00:40.485 -06:00 [INF] ➡️ Acción ejecutándose: Cart/CartCount | Usuario: hoshuacastillo48@gmail.com | IP: ::1 | Hora: "2025-08-16T14:00:40.4855027-06:00"
2025-08-16 14:00:40.489 -06:00 [INF] Accessing expired session, Key:b6d22df1-35ff-543a-666b-31a639717e32
2025-08-16 14:00:40.492 -06:00 [INF] ✅ Acción ejecutada: Cart/CartCount | Hora: "2025-08-16T14:00:40.4926923-06:00"
2025-08-16 14:00:40.496 -06:00 [INF] Executing JsonResult, writing value of type 'System.Int32'.
2025-08-16 14:00:40.500 -06:00 [INF] Executed action PaginaBizu.Controllers.CartController.CartCount (PaginaBizu) in 14.824ms
2025-08-16 14:00:40.502 -06:00 [INF] Executed endpoint 'PaginaBizu.Controllers.CartController.CartCount (PaginaBizu)'
2025-08-16 14:00:40.504 -06:00 [INF] Request finished HTTP/1.1 GET http://localhost:5116/Cart/CartCount - 200 null application/json; charset=utf-8 36.262ms
2025-08-16 14:00:45.961 -06:00 [INF] Request starting HTTP/1.1 GET http://localhost:5116/Orders/Edit/2011 - null null
2025-08-16 14:00:45.967 -06:00 [INF] Request finished HTTP/1.1 GET http://localhost:5116/Orders/Edit/2011 - 404 0 null 6.1578ms
2025-08-16 14:00:45.979 -06:00 [INF] Request reached the end of the middleware pipeline without being handled by application code. Request path: GET http://localhost:5116/Orders/Edit/2011, Response status code: 404
2025-08-16 14:01:52.601 -06:00 [INF] Application is shutting down...
2025-08-16 14:03:16.117 -06:00 [INF] User profile is available. Using 'C:\Users\hoshu\AppData\Local\ASP.NET\DataProtection-Keys' as key repository and Windows DPAPI to encrypt keys at rest.
2025-08-16 14:03:17.185 -06:00 [INF] Executed DbCommand (27ms) [Parameters=[@__normalizedName_0='?' (Size = 256)], CommandType='"Text"', CommandTimeout='30']
SELECT TOP(1) [a].[Id], [a].[ConcurrencyStamp], [a].[Name], [a].[NormalizedName]
FROM [AspNetRoles] AS [a]
WHERE [a].[NormalizedName] = @__normalizedName_0
2025-08-16 14:03:17.259 -06:00 [INF] Executed DbCommand (6ms) [Parameters=[@__normalizedEmail_0='?' (Size = 256)], CommandType='"Text"', CommandTimeout='30']
SELECT TOP(2) [a].[Id], [a].[AccessFailedCount], [a].[Apellido], [a].[ConcurrencyStamp], [a].[Direccion], [a].[Email], [a].[EmailConfirmed], [a].[LockoutEnabled], [a].[LockoutEnd], [a].[Nombre], [a].[NormalizedEmail], [a].[NormalizedUserName], [a].[PasswordHash], [a].[PhoneNumber], [a].[PhoneNumberConfirmed], [a].[SecurityStamp], [a].[Telefono], [a].[TwoFactorEnabled], [a].[UserName]
FROM [AspNetUsers] AS [a]
WHERE [a].[NormalizedEmail] = @__normalizedEmail_0
2025-08-16 14:03:17.303 -06:00 [INF] Executed DbCommand (4ms) [Parameters=[@__normalizedRoleName_0='?' (Size = 256)], CommandType='"Text"', CommandTimeout='30']
SELECT TOP(2) [a].[Id], [a].[ConcurrencyStamp], [a].[Name], [a].[NormalizedName]
FROM [AspNetRoles] AS [a]
WHERE [a].[NormalizedName] = @__normalizedRoleName_0
2025-08-16 14:03:17.328 -06:00 [INF] Executed DbCommand (2ms) [Parameters=[@__p_0='?' (Size = 450), @__p_1='?' (Size = 450)], CommandType='"Text"', CommandTimeout='30']
SELECT TOP(1) [a].[UserId], [a].[RoleId]
FROM [AspNetUserRoles] AS [a]
WHERE [a].[UserId] = @__p_0 AND [a].[RoleId] = @__p_1
2025-08-16 14:03:17.344 -06:00 [INF] Executed DbCommand (1ms) [Parameters=[@__normalizedEmail_0='?' (Size = 256)], CommandType='"Text"', CommandTimeout='30']
SELECT TOP(2) [a].[Id], [a].[AccessFailedCount], [a].[Apellido], [a].[ConcurrencyStamp], [a].[Direccion], [a].[Email], [a].[EmailConfirmed], [a].[LockoutEnabled], [a].[LockoutEnd], [a].[Nombre], [a].[NormalizedEmail], [a].[NormalizedUserName], [a].[PasswordHash], [a].[PhoneNumber], [a].[PhoneNumberConfirmed], [a].[SecurityStamp], [a].[Telefono], [a].[TwoFactorEnabled], [a].[UserName]
FROM [AspNetUsers] AS [a]
WHERE [a].[NormalizedEmail] = @__normalizedEmail_0
2025-08-16 14:03:17.354 -06:00 [INF] Executed DbCommand (1ms) [Parameters=[@__normalizedRoleName_0='?' (Size = 256)], CommandType='"Text"', CommandTimeout='30']
SELECT TOP(2) [a].[Id], [a].[ConcurrencyStamp], [a].[Name], [a].[NormalizedName]
FROM [AspNetRoles] AS [a]
WHERE [a].[NormalizedName] = @__normalizedRoleName_0
2025-08-16 14:03:17.359 -06:00 [INF] Executed DbCommand (1ms) [Parameters=[@__p_0='?' (Size = 450), @__p_1='?' (Size = 450)], CommandType='"Text"', CommandTimeout='30']
SELECT TOP(1) [a].[UserId], [a].[RoleId]
FROM [AspNetUserRoles] AS [a]
WHERE [a].[UserId] = @__p_0 AND [a].[RoleId] = @__p_1
2025-08-16 14:03:17.363 -06:00 [INF] Executed DbCommand (1ms) [Parameters=[@__normalizedEmail_0='?' (Size = 256)], CommandType='"Text"', CommandTimeout='30']
SELECT TOP(2) [a].[Id], [a].[AccessFailedCount], [a].[Apellido], [a].[ConcurrencyStamp], [a].[Direccion], [a].[Email], [a].[EmailConfirmed], [a].[LockoutEnabled], [a].[LockoutEnd], [a].[Nombre], [a].[NormalizedEmail], [a].[NormalizedUserName], [a].[PasswordHash], [a].[PhoneNumber], [a].[PhoneNumberConfirmed], [a].[SecurityStamp], [a].[Telefono], [a].[TwoFactorEnabled], [a].[UserName]
FROM [AspNetUsers] AS [a]
WHERE [a].[NormalizedEmail] = @__normalizedEmail_0
2025-08-16 14:03:17.369 -06:00 [INF] Executed DbCommand (1ms) [Parameters=[@__normalizedRoleName_0='?' (Size = 256)], CommandType='"Text"', CommandTimeout='30']
SELECT TOP(2) [a].[Id], [a].[ConcurrencyStamp], [a].[Name], [a].[NormalizedName]
FROM [AspNetRoles] AS [a]
WHERE [a].[NormalizedName] = @__normalizedRoleName_0
2025-08-16 14:03:17.372 -06:00 [INF] Executed DbCommand (1ms) [Parameters=[@__p_0='?' (Size = 450), @__p_1='?' (Size = 450)], CommandType='"Text"', CommandTimeout='30']
SELECT TOP(1) [a].[UserId], [a].[RoleId]
FROM [AspNetUserRoles] AS [a]
WHERE [a].[UserId] = @__p_0 AND [a].[RoleId] = @__p_1
2025-08-16 14:03:17.547 -06:00 [INF] Now listening on: http://localhost:5116
2025-08-16 14:03:17.551 -06:00 [INF] Application started. Press Ctrl+C to shut down.
2025-08-16 14:03:17.552 -06:00 [INF] Hosting environment: Development
2025-08-16 14:03:17.553 -06:00 [INF] Content root path: C:\Users\hoshu\OneDrive\Desktop\ProyectoAnalisisDeSistemas-master\ProyectoAnalisisDeSistemas-master\PaginaBizu
2025-08-16 14:03:21.774 -06:00 [INF] Request starting HTTP/1.1 GET http://localhost:5116/Orders/Edit/2011 - null null
2025-08-16 14:03:21.827 -06:00 [WRN] Failed to determine the https port for redirect.
2025-08-16 14:03:21.866 -06:00 [INF] Executing endpoint 'PaginaBizu.Controllers.OrdersController.Edit (PaginaBizu)'
2025-08-16 14:03:21.884 -06:00 [INF] Route matched with {action = "Edit", controller = "Orders", page = "", area = ""}. Executing controller action with signature System.Threading.Tasks.Task`1[Microsoft.AspNetCore.Mvc.IActionResult] Edit(System.Nullable`1[System.Int32]) on controller PaginaBizu.Controllers.OrdersController (PaginaBizu).
2025-08-16 14:03:21.901 -06:00 [INF] ➡️ Acción ejecutándose: Orders/Edit | Usuario: hoshuacastillo48@gmail.com | IP: ::1 | Hora: "2025-08-16T14:03:21.9007869-06:00"
2025-08-16 14:03:22.015 -06:00 [INF] Executed DbCommand (9ms) [Parameters=[@__id_0='?' (DbType = Int32)], CommandType='"Text"', CommandTimeout='30']
SELECT [t].[Id], [t].[DireccionEnvio], [t].[Estado], [t].[Fecha], [t].[MetodoPago], [t].[Notas], [t].[Total], [t].[UsuarioId], [t0].[Id], [t0].[Cantidad], [t0].[OrderId], [t0].[PrecioUnitario], [t0].[ProductId], [t0].[Id0], [t0].[CantidadDisponible], [t0].[Categoria], [t0].[Descripcion], [t0].[FechaCreacion], [t0].[ImagenUrl], [t0].[NombreArticulo], [t0].[Precio]
FROM (
    SELECT TOP(1) [o].[Id], [o].[DireccionEnvio], [o].[Estado], [o].[Fecha], [o].[MetodoPago], [o].[Notas], [o].[Total], [o].[UsuarioId]
    FROM [Orders] AS [o]
    WHERE [o].[Id] = @__id_0
) AS [t]
LEFT JOIN (
    SELECT [o0].[Id], [o0].[Cantidad], [o0].[OrderId], [o0].[PrecioUnitario], [o0].[ProductId], [p].[Id] AS [Id0], [p].[CantidadDisponible], [p].[Categoria], [p].[Descripcion], [p].[FechaCreacion], [p].[ImagenUrl], [p].[NombreArticulo], [p].[Precio]
    FROM [OrderDetails] AS [o0]
    INNER JOIN [Products] AS [p] ON [o0].[ProductId] = [p].[Id]
) AS [t0] ON [t].[Id] = [t0].[OrderId]
ORDER BY [t].[Id], [t0].[Id]
2025-08-16 14:03:22.061 -06:00 [INF] ✅ Acción ejecutada: Orders/Edit | Hora: "2025-08-16T14:03:22.0611952-06:00"
2025-08-16 14:03:22.071 -06:00 [INF] Executing ViewResult, running view Edit.
2025-08-16 14:03:22.148 -06:00 [INF] Executed ViewResult - view Edit executed in 75.8997ms.
2025-08-16 14:03:22.159 -06:00 [INF] Executed action PaginaBizu.Controllers.OrdersController.Edit (PaginaBizu) in 271.2441ms
2025-08-16 14:03:22.166 -06:00 [INF] Executed endpoint 'PaginaBizu.Controllers.OrdersController.Edit (PaginaBizu)'
2025-08-16 14:03:22.184 -06:00 [INF] Request finished HTTP/1.1 GET http://localhost:5116/Orders/Edit/2011 - 200 null text/html; charset=utf-8 410.6779ms
2025-08-16 14:03:22.693 -06:00 [INF] Request starting HTTP/1.1 GET http://localhost:5116/Cart/CartCount - null null
2025-08-16 14:03:22.709 -06:00 [INF] Executing endpoint 'PaginaBizu.Controllers.CartController.CartCount (PaginaBizu)'
2025-08-16 14:03:22.714 -06:00 [INF] Route matched with {action = "CartCount", controller = "Cart", page = "", area = ""}. Executing controller action with signature Microsoft.AspNetCore.Mvc.IActionResult CartCount() on controller PaginaBizu.Controllers.CartController (PaginaBizu).
2025-08-16 14:03:22.719 -06:00 [INF] ➡️ Acción ejecutándose: Cart/CartCount | Usuario: hoshuacastillo48@gmail.com | IP: ::1 | Hora: "2025-08-16T14:03:22.7196083-06:00"
2025-08-16 14:03:22.725 -06:00 [INF] Accessing expired session, Key:b6d22df1-35ff-543a-666b-31a639717e32
2025-08-16 14:03:22.731 -06:00 [INF] ✅ Acción ejecutada: Cart/CartCount | Hora: "2025-08-16T14:03:22.7317015-06:00"
2025-08-16 14:03:22.738 -06:00 [INF] Executing JsonResult, writing value of type 'System.Int32'.
2025-08-16 14:03:22.782 -06:00 [INF] Executed action PaginaBizu.Controllers.CartController.CartCount (PaginaBizu) in 63.4103ms
2025-08-16 14:03:22.782 -06:00 [INF] Request starting HTTP/1.1 GET http://localhost:5116/Cart/CartCount - null null
2025-08-16 14:03:22.786 -06:00 [INF] Executed endpoint 'PaginaBizu.Controllers.CartController.CartCount (PaginaBizu)'
2025-08-16 14:03:22.799 -06:00 [INF] Request finished HTTP/1.1 GET http://localhost:5116/Cart/CartCount - 200 null application/json; charset=utf-8 106.1026ms
2025-08-16 14:03:22.823 -06:00 [INF] Executing endpoint 'PaginaBizu.Controllers.CartController.CartCount (PaginaBizu)'
2025-08-16 14:03:22.828 -06:00 [INF] Route matched with {action = "CartCount", controller = "Cart", page = "", area = ""}. Executing controller action with signature Microsoft.AspNetCore.Mvc.IActionResult CartCount() on controller PaginaBizu.Controllers.CartController (PaginaBizu).
2025-08-16 14:03:22.832 -06:00 [INF] ➡️ Acción ejecutándose: Cart/CartCount | Usuario: hoshuacastillo48@gmail.com | IP: ::1 | Hora: "2025-08-16T14:03:22.8322509-06:00"
2025-08-16 14:03:22.835 -06:00 [INF] Accessing expired session, Key:b6d22df1-35ff-543a-666b-31a639717e32
2025-08-16 14:03:22.837 -06:00 [INF] ✅ Acción ejecutada: Cart/CartCount | Hora: "2025-08-16T14:03:22.8375174-06:00"
2025-08-16 14:03:22.841 -06:00 [INF] Executing JsonResult, writing value of type 'System.Int32'.
2025-08-16 14:03:22.843 -06:00 [INF] Executed action PaginaBizu.Controllers.CartController.CartCount (PaginaBizu) in 11.1558ms
2025-08-16 14:03:22.846 -06:00 [INF] Executed endpoint 'PaginaBizu.Controllers.CartController.CartCount (PaginaBizu)'
2025-08-16 14:03:22.848 -06:00 [INF] Request finished HTTP/1.1 GET http://localhost:5116/Cart/CartCount - 200 null application/json; charset=utf-8 65.8138ms
2025-08-16 14:03:27.590 -06:00 [INF] Request starting HTTP/1.1 POST http://localhost:5116/Orders/Edit/2011 - application/x-www-form-urlencoded 250
2025-08-16 14:03:27.601 -06:00 [INF] Executing endpoint 'PaginaBizu.Controllers.OrdersController.Edit (PaginaBizu)'
2025-08-16 14:03:27.644 -06:00 [INF] Route matched with {action = "Edit", controller = "Orders", page = "", area = ""}. Executing controller action with signature System.Threading.Tasks.Task`1[Microsoft.AspNetCore.Mvc.IActionResult] Edit(Int32, PaginaBizu.Models.Order) on controller PaginaBizu.Controllers.OrdersController (PaginaBizu).
2025-08-16 14:03:27.706 -06:00 [INF] ➡️ Acción ejecutándose: Orders/Edit | Usuario: hoshuacastillo48@gmail.com | IP: ::1 | Hora: "2025-08-16T14:03:27.7061196-06:00"
2025-08-16 14:03:27.721 -06:00 [INF] ✅ Acción ejecutada: Orders/Edit | Hora: "2025-08-16T14:03:27.7212436-06:00"
2025-08-16 14:03:27.729 -06:00 [INF] Executing ViewResult, running view Edit.
2025-08-16 14:03:27.746 -06:00 [INF] Executed ViewResult - view Edit executed in 17.7693ms.
2025-08-16 14:03:27.753 -06:00 [INF] Executed action PaginaBizu.Controllers.OrdersController.Edit (PaginaBizu) in 99.3542ms
2025-08-16 14:03:27.760 -06:00 [INF] Executed endpoint 'PaginaBizu.Controllers.OrdersController.Edit (PaginaBizu)'
2025-08-16 14:03:27.767 -06:00 [INF] Request finished HTTP/1.1 POST http://localhost:5116/Orders/Edit/2011 - 200 null text/html; charset=utf-8 177.4419ms
2025-08-16 14:03:28.017 -06:00 [INF] Request starting HTTP/1.1 GET http://localhost:5116/Cart/CartCount - null null
2025-08-16 14:03:28.023 -06:00 [INF] Executing endpoint 'PaginaBizu.Controllers.CartController.CartCount (PaginaBizu)'
2025-08-16 14:03:28.026 -06:00 [INF] Route matched with {action = "CartCount", controller = "Cart", page = "", area = ""}. Executing controller action with signature Microsoft.AspNetCore.Mvc.IActionResult CartCount() on controller PaginaBizu.Controllers.CartController (PaginaBizu).
2025-08-16 14:03:28.029 -06:00 [INF] ➡️ Acción ejecutándose: Cart/CartCount | Usuario: hoshuacastillo48@gmail.com | IP: ::1 | Hora: "2025-08-16T14:03:28.0293146-06:00"
2025-08-16 14:03:28.031 -06:00 [INF] Accessing expired session, Key:b6d22df1-35ff-543a-666b-31a639717e32
2025-08-16 14:03:28.033 -06:00 [INF] ✅ Acción ejecutada: Cart/CartCount | Hora: "2025-08-16T14:03:28.0330827-06:00"
2025-08-16 14:03:28.036 -06:00 [INF] Executing JsonResult, writing value of type 'System.Int32'.
2025-08-16 14:03:28.038 -06:00 [INF] Executed action PaginaBizu.Controllers.CartController.CartCount (PaginaBizu) in 8.8638ms
2025-08-16 14:03:28.039 -06:00 [INF] Request starting HTTP/1.1 GET http://localhost:5116/Cart/CartCount - null null
2025-08-16 14:03:28.039 -06:00 [INF] Executed endpoint 'PaginaBizu.Controllers.CartController.CartCount (PaginaBizu)'
2025-08-16 14:03:28.044 -06:00 [INF] Executing endpoint 'PaginaBizu.Controllers.CartController.CartCount (PaginaBizu)'
2025-08-16 14:03:28.044 -06:00 [INF] Request finished HTTP/1.1 GET http://localhost:5116/Cart/CartCount - 200 null application/json; charset=utf-8 26.7374ms
2025-08-16 14:03:28.046 -06:00 [INF] Route matched with {action = "CartCount", controller = "Cart", page = "", area = ""}. Executing controller action with signature Microsoft.AspNetCore.Mvc.IActionResult CartCount() on controller PaginaBizu.Controllers.CartController (PaginaBizu).
2025-08-16 14:03:28.055 -06:00 [INF] ➡️ Acción ejecutándose: Cart/CartCount | Usuario: hoshuacastillo48@gmail.com | IP: ::1 | Hora: "2025-08-16T14:03:28.0557888-06:00"
2025-08-16 14:03:28.059 -06:00 [INF] Accessing expired session, Key:b6d22df1-35ff-543a-666b-31a639717e32
2025-08-16 14:03:28.060 -06:00 [INF] ✅ Acción ejecutada: Cart/CartCount | Hora: "2025-08-16T14:03:28.0604204-06:00"
2025-08-16 14:03:28.064 -06:00 [INF] Executing JsonResult, writing value of type 'System.Int32'.
2025-08-16 14:03:28.068 -06:00 [INF] Executed action PaginaBizu.Controllers.CartController.CartCount (PaginaBizu) in 12.3447ms
2025-08-16 14:03:28.070 -06:00 [INF] Executed endpoint 'PaginaBizu.Controllers.CartController.CartCount (PaginaBizu)'
2025-08-16 14:03:28.072 -06:00 [INF] Request finished HTTP/1.1 GET http://localhost:5116/Cart/CartCount - 200 null application/json; charset=utf-8 33.1887ms
2025-08-16 14:03:30.690 -06:00 [INF] Request starting HTTP/1.1 POST http://localhost:5116/Orders/Edit/2011 - application/x-www-form-urlencoded 250
2025-08-16 14:03:30.702 -06:00 [INF] Executing endpoint 'PaginaBizu.Controllers.OrdersController.Edit (PaginaBizu)'
2025-08-16 14:03:30.703 -06:00 [INF] Route matched with {action = "Edit", controller = "Orders", page = "", area = ""}. Executing controller action with signature System.Threading.Tasks.Task`1[Microsoft.AspNetCore.Mvc.IActionResult] Edit(Int32, PaginaBizu.Models.Order) on controller PaginaBizu.Controllers.OrdersController (PaginaBizu).
2025-08-16 14:03:30.711 -06:00 [INF] ➡️ Acción ejecutándose: Orders/Edit | Usuario: hoshuacastillo48@gmail.com | IP: ::1 | Hora: "2025-08-16T14:03:30.7107381-06:00"
2025-08-16 14:03:30.719 -06:00 [INF] ✅ Acción ejecutada: Orders/Edit | Hora: "2025-08-16T14:03:30.7191000-06:00"
2025-08-16 14:03:30.722 -06:00 [INF] Executing ViewResult, running view Edit.
2025-08-16 14:03:30.730 -06:00 [INF] Executed ViewResult - view Edit executed in 7.1089ms.
2025-08-16 14:03:30.735 -06:00 [INF] Executed action PaginaBizu.Controllers.OrdersController.Edit (PaginaBizu) in 26.7372ms
2025-08-16 14:03:30.738 -06:00 [INF] Executed endpoint 'PaginaBizu.Controllers.OrdersController.Edit (PaginaBizu)'
2025-08-16 14:03:30.742 -06:00 [INF] Request finished HTTP/1.1 POST http://localhost:5116/Orders/Edit/2011 - 200 null text/html; charset=utf-8 51.8121ms
2025-08-16 14:03:30.970 -06:00 [INF] Request starting HTTP/1.1 GET http://localhost:5116/Cart/CartCount - null null
2025-08-16 14:03:30.975 -06:00 [INF] Executing endpoint 'PaginaBizu.Controllers.CartController.CartCount (PaginaBizu)'
2025-08-16 14:03:30.979 -06:00 [INF] Route matched with {action = "CartCount", controller = "Cart", page = "", area = ""}. Executing controller action with signature Microsoft.AspNetCore.Mvc.IActionResult CartCount() on controller PaginaBizu.Controllers.CartController (PaginaBizu).
2025-08-16 14:03:30.985 -06:00 [INF] ➡️ Acción ejecutándose: Cart/CartCount | Usuario: hoshuacastillo48@gmail.com | IP: ::1 | Hora: "2025-08-16T14:03:30.9851854-06:00"
2025-08-16 14:03:30.989 -06:00 [INF] Accessing expired session, Key:b6d22df1-35ff-543a-666b-31a639717e32
2025-08-16 14:03:30.992 -06:00 [INF] ✅ Acción ejecutada: Cart/CartCount | Hora: "2025-08-16T14:03:30.9922704-06:00"
2025-08-16 14:03:30.995 -06:00 [INF] Executing JsonResult, writing value of type 'System.Int32'.
2025-08-16 14:03:30.998 -06:00 [INF] Executed action PaginaBizu.Controllers.CartController.CartCount (PaginaBizu) in 13.3666ms
2025-08-16 14:03:30.999 -06:00 [INF] Request starting HTTP/1.1 GET http://localhost:5116/Cart/CartCount - null null
2025-08-16 14:03:31.004 -06:00 [INF] Executed endpoint 'PaginaBizu.Controllers.CartController.CartCount (PaginaBizu)'
2025-08-16 14:03:31.012 -06:00 [INF] Executing endpoint 'PaginaBizu.Controllers.CartController.CartCount (PaginaBizu)'
2025-08-16 14:03:31.013 -06:00 [INF] Request finished HTTP/1.1 GET http://localhost:5116/Cart/CartCount - 200 null application/json; charset=utf-8 42.8741ms
2025-08-16 14:03:31.015 -06:00 [INF] Route matched with {action = "CartCount", controller = "Cart", page = "", area = ""}. Executing controller action with signature Microsoft.AspNetCore.Mvc.IActionResult CartCount() on controller PaginaBizu.Controllers.CartController (PaginaBizu).
2025-08-16 14:03:31.029 -06:00 [INF] ➡️ Acción ejecutándose: Cart/CartCount | Usuario: hoshuacastillo48@gmail.com | IP: ::1 | Hora: "2025-08-16T14:03:31.0296769-06:00"
2025-08-16 14:03:31.033 -06:00 [INF] Accessing expired session, Key:b6d22df1-35ff-543a-666b-31a639717e32
2025-08-16 14:03:31.035 -06:00 [INF] ✅ Acción ejecutada: Cart/CartCount | Hora: "2025-08-16T14:03:31.0356730-06:00"
2025-08-16 14:03:31.037 -06:00 [INF] Executing JsonResult, writing value of type 'System.Int32'.
2025-08-16 14:03:31.045 -06:00 [INF] Executed action PaginaBizu.Controllers.CartController.CartCount (PaginaBizu) in 15.7241ms
2025-08-16 14:03:31.048 -06:00 [INF] Executed endpoint 'PaginaBizu.Controllers.CartController.CartCount (PaginaBizu)'
2025-08-16 14:03:31.051 -06:00 [INF] Request finished HTTP/1.1 GET http://localhost:5116/Cart/CartCount - 200 null application/json; charset=utf-8 51.5774ms
2025-08-16 14:03:34.290 -06:00 [INF] Request starting HTTP/1.1 GET http://localhost:5116/ - null null
2025-08-16 14:03:34.297 -06:00 [INF] Executing endpoint 'PaginaBizu.Controllers.HomeController.Index (PaginaBizu)'
2025-08-16 14:03:34.301 -06:00 [INF] Route matched with {action = "Index", controller = "Home", page = "", area = ""}. Executing controller action with signature Microsoft.AspNetCore.Mvc.IActionResult Index() on controller PaginaBizu.Controllers.HomeController (PaginaBizu).
2025-08-16 14:03:34.306 -06:00 [INF] ➡️ Acción ejecutándose: Home/Index | Usuario: hoshuacastillo48@gmail.com | IP: ::1 | Hora: "2025-08-16T14:03:34.3062091-06:00"
2025-08-16 14:03:34.310 -06:00 [INF] ✅ Acción ejecutada: Home/Index | Hora: "2025-08-16T14:03:34.3107621-06:00"
2025-08-16 14:03:34.316 -06:00 [INF] Executing ViewResult, running view Index.
2025-08-16 14:03:34.379 -06:00 [INF] Executed DbCommand (3ms) [Parameters=[@__p_0='?' (Size = 450)], CommandType='"Text"', CommandTimeout='30']
SELECT TOP(1) [a].[Id], [a].[AccessFailedCount], [a].[Apellido], [a].[ConcurrencyStamp], [a].[Direccion], [a].[Email], [a].[EmailConfirmed], [a].[LockoutEnabled], [a].[LockoutEnd], [a].[Nombre], [a].[NormalizedEmail], [a].[NormalizedUserName], [a].[PasswordHash], [a].[PhoneNumber], [a].[PhoneNumberConfirmed], [a].[SecurityStamp], [a].[Telefono], [a].[TwoFactorEnabled], [a].[UserName]
FROM [AspNetUsers] AS [a]
WHERE [a].[Id] = @__p_0
2025-08-16 14:03:34.413 -06:00 [INF] Executed DbCommand (4ms) [Parameters=[@__userId_0='?' (Size = 450)], CommandType='"Text"', CommandTimeout='30']
SELECT [a0].[Name]
FROM [AspNetUserRoles] AS [a]
INNER JOIN [AspNetRoles] AS [a0] ON [a].[RoleId] = [a0].[Id]
WHERE [a].[UserId] = @__userId_0
2025-08-16 14:03:34.431 -06:00 [INF] Executed ViewResult - view Index executed in 117.7995ms.
2025-08-16 14:03:34.438 -06:00 [INF] Executed action PaginaBizu.Controllers.HomeController.Index (PaginaBizu) in 133.4514ms
2025-08-16 14:03:34.443 -06:00 [INF] Executed endpoint 'PaginaBizu.Controllers.HomeController.Index (PaginaBizu)'
2025-08-16 14:03:34.446 -06:00 [INF] Request finished HTTP/1.1 GET http://localhost:5116/ - 200 null text/html; charset=utf-8 155.2019ms
2025-08-16 14:03:34.655 -06:00 [INF] Request starting HTTP/1.1 GET http://localhost:5116/images/bg.png - null null
2025-08-16 14:03:34.662 -06:00 [INF] Request starting HTTP/1.1 GET http://localhost:5116/css/tailwindcss - null null
2025-08-16 14:03:34.671 -06:00 [INF] Request finished HTTP/1.1 GET http://localhost:5116/images/bg.png - 404 0 null 15.5862ms
2025-08-16 14:03:34.678 -06:00 [INF] Request finished HTTP/1.1 GET http://localhost:5116/css/tailwindcss - 404 0 null 16.0659ms
2025-08-16 14:03:34.688 -06:00 [INF] Request reached the end of the middleware pipeline without being handled by application code. Request path: GET http://localhost:5116/images/bg.png, Response status code: 404
2025-08-16 14:03:34.697 -06:00 [INF] Request reached the end of the middleware pipeline without being handled by application code. Request path: GET http://localhost:5116/css/tailwindcss, Response status code: 404
2025-08-16 14:03:35.822 -06:00 [INF] Request starting HTTP/1.1 GET http://localhost:5116/Products - null null
2025-08-16 14:03:35.831 -06:00 [INF] Executing endpoint 'PaginaBizu.Controllers.ProductsController.Index (PaginaBizu)'
2025-08-16 14:03:35.845 -06:00 [INF] Route matched with {action = "Index", controller = "Products", page = "", area = ""}. Executing controller action with signature System.Threading.Tasks.Task`1[Microsoft.AspNetCore.Mvc.IActionResult] Index() on controller PaginaBizu.Controllers.ProductsController (PaginaBizu).
2025-08-16 14:03:35.852 -06:00 [INF] ➡️ Acción ejecutándose: Products/Index | Usuario: hoshuacastillo48@gmail.com | IP: ::1 | Hora: "2025-08-16T14:03:35.8522100-06:00"
2025-08-16 14:03:35.874 -06:00 [INF] Executed DbCommand (3ms) [Parameters=[], CommandType='"Text"', CommandTimeout='30']
SELECT [p].[Id], [p].[CantidadDisponible], [p].[Categoria], [p].[Descripcion], [p].[FechaCreacion], [p].[ImagenUrl], [p].[NombreArticulo], [p].[Precio]
FROM [Products] AS [p]
2025-08-16 14:03:35.885 -06:00 [INF] ✅ Acción ejecutada: Products/Index | Hora: "2025-08-16T14:03:35.8854172-06:00"
2025-08-16 14:03:35.892 -06:00 [INF] Executing ViewResult, running view Index.
2025-08-16 14:03:35.944 -06:00 [INF] Executed ViewResult - view Index executed in 53.5092ms.
2025-08-16 14:03:35.950 -06:00 [INF] Executed action PaginaBizu.Controllers.ProductsController.Index (PaginaBizu) in 98.9229ms
2025-08-16 14:03:35.955 -06:00 [INF] Executed endpoint 'PaginaBizu.Controllers.ProductsController.Index (PaginaBizu)'
2025-08-16 14:03:35.959 -06:00 [INF] Request finished HTTP/1.1 GET http://localhost:5116/Products - 200 null text/html; charset=utf-8 136.5307ms
2025-08-16 14:03:35.993 -06:00 [INF] Request starting HTTP/1.1 GET http://localhost:5116/imagenpulseraoro.jpg - null null
2025-08-16 14:03:35.995 -06:00 [INF] Request starting HTTP/1.1 GET http://localhost:5116/pulseraverde.jpg - null null
2025-08-16 14:03:36.004 -06:00 [INF] Request finished HTTP/1.1 GET http://localhost:5116/imagenpulseraoro.jpg - 404 0 null 10.6515ms
2025-08-16 14:03:36.012 -06:00 [INF] Request finished HTTP/1.1 GET http://localhost:5116/pulseraverde.jpg - 404 0 null 17.3126ms
2025-08-16 14:03:36.020 -06:00 [INF] Request reached the end of the middleware pipeline without being handled by application code. Request path: GET http://localhost:5116/imagenpulseraoro.jpg, Response status code: 404
2025-08-16 14:03:36.027 -06:00 [INF] Request reached the end of the middleware pipeline without being handled by application code. Request path: GET http://localhost:5116/pulseraverde.jpg, Response status code: 404
2025-08-16 14:03:36.219 -06:00 [INF] Request starting HTTP/1.1 GET http://localhost:5116/imagenpulserrojo.jpg - null null
2025-08-16 14:03:36.227 -06:00 [INF] Request finished HTTP/1.1 GET http://localhost:5116/imagenpulserrojo.jpg - 404 0 null 7.2238ms
2025-08-16 14:03:36.235 -06:00 [INF] Request reached the end of the middleware pipeline without being handled by application code. Request path: GET http://localhost:5116/imagenpulserrojo.jpg, Response status code: 404
2025-08-16 14:03:36.238 -06:00 [INF] Request starting HTTP/1.1 GET http://localhost:5116/Cart/CartCount - null null
2025-08-16 14:03:36.242 -06:00 [INF] Executing endpoint 'PaginaBizu.Controllers.CartController.CartCount (PaginaBizu)'
2025-08-16 14:03:36.243 -06:00 [INF] Route matched with {action = "CartCount", controller = "Cart", page = "", area = ""}. Executing controller action with signature Microsoft.AspNetCore.Mvc.IActionResult CartCount() on controller PaginaBizu.Controllers.CartController (PaginaBizu).
2025-08-16 14:03:36.246 -06:00 [INF] ➡️ Acción ejecutándose: Cart/CartCount | Usuario: hoshuacastillo48@gmail.com | IP: ::1 | Hora: "2025-08-16T14:03:36.2469277-06:00"
2025-08-16 14:03:36.252 -06:00 [INF] Accessing expired session, Key:b6d22df1-35ff-543a-666b-31a639717e32
2025-08-16 14:03:36.253 -06:00 [INF] ✅ Acción ejecutada: Cart/CartCount | Hora: "2025-08-16T14:03:36.2538527-06:00"
2025-08-16 14:03:36.256 -06:00 [INF] Executing JsonResult, writing value of type 'System.Int32'.
2025-08-16 14:03:36.258 -06:00 [INF] Executed action PaginaBizu.Controllers.CartController.CartCount (PaginaBizu) in 11.3157ms
2025-08-16 14:03:36.259 -06:00 [INF] Request starting HTTP/1.1 GET http://localhost:5116/Cart/CartCount - null null
2025-08-16 14:03:36.260 -06:00 [INF] Executed endpoint 'PaginaBizu.Controllers.CartController.CartCount (PaginaBizu)'
2025-08-16 14:03:36.265 -06:00 [INF] Executing endpoint 'PaginaBizu.Controllers.CartController.CartCount (PaginaBizu)'
2025-08-16 14:03:36.266 -06:00 [INF] Request finished HTTP/1.1 GET http://localhost:5116/Cart/CartCount - 200 null application/json; charset=utf-8 28.3151ms
2025-08-16 14:03:36.268 -06:00 [INF] Route matched with {action = "CartCount", controller = "Cart", page = "", area = ""}. Executing controller action with signature Microsoft.AspNetCore.Mvc.IActionResult CartCount() on controller PaginaBizu.Controllers.CartController (PaginaBizu).
2025-08-16 14:03:36.275 -06:00 [INF] ➡️ Acción ejecutándose: Cart/CartCount | Usuario: hoshuacastillo48@gmail.com | IP: ::1 | Hora: "2025-08-16T14:03:36.2756818-06:00"
2025-08-16 14:03:36.278 -06:00 [INF] Accessing expired session, Key:b6d22df1-35ff-543a-666b-31a639717e32
2025-08-16 14:03:36.282 -06:00 [INF] ✅ Acción ejecutada: Cart/CartCount | Hora: "2025-08-16T14:03:36.2821350-06:00"
2025-08-16 14:03:36.285 -06:00 [INF] Executing JsonResult, writing value of type 'System.Int32'.
2025-08-16 14:03:36.287 -06:00 [INF] Executed action PaginaBizu.Controllers.CartController.CartCount (PaginaBizu) in 11.8514ms
2025-08-16 14:03:36.290 -06:00 [INF] Executed endpoint 'PaginaBizu.Controllers.CartController.CartCount (PaginaBizu)'
2025-08-16 14:03:36.293 -06:00 [INF] Request finished HTTP/1.1 GET http://localhost:5116/Cart/CartCount - 200 null application/json; charset=utf-8 34.1833ms
2025-08-16 14:03:37.541 -06:00 [INF] Request starting HTTP/1.1 GET http://localhost:5116/Orders - null null
2025-08-16 14:03:37.550 -06:00 [INF] Executing endpoint 'PaginaBizu.Controllers.OrdersController.Index (PaginaBizu)'
2025-08-16 14:03:37.560 -06:00 [INF] Route matched with {action = "Index", controller = "Orders", page = "", area = ""}. Executing controller action with signature System.Threading.Tasks.Task`1[Microsoft.AspNetCore.Mvc.IActionResult] Index() on controller PaginaBizu.Controllers.OrdersController (PaginaBizu).
2025-08-16 14:03:37.569 -06:00 [INF] ➡️ Acción ejecutándose: Orders/Index | Usuario: hoshuacastillo48@gmail.com | IP: ::1 | Hora: "2025-08-16T14:03:37.5692304-06:00"
2025-08-16 14:03:37.626 -06:00 [INF] Executed DbCommand (13ms) [Parameters=[], CommandType='"Text"', CommandTimeout='30']
SELECT [o].[Id], [o].[DireccionEnvio], [o].[Estado], [o].[Fecha], [o].[MetodoPago], [o].[Notas], [o].[Total], [o].[UsuarioId], [t].[Id], [t].[Cantidad], [t].[OrderId], [t].[PrecioUnitario], [t].[ProductId], [t].[Id0], [t].[CantidadDisponible], [t].[Categoria], [t].[Descripcion], [t].[FechaCreacion], [t].[ImagenUrl], [t].[NombreArticulo], [t].[Precio]
FROM [Orders] AS [o]
LEFT JOIN (
    SELECT [o0].[Id], [o0].[Cantidad], [o0].[OrderId], [o0].[PrecioUnitario], [o0].[ProductId], [p].[Id] AS [Id0], [p].[CantidadDisponible], [p].[Categoria], [p].[Descripcion], [p].[FechaCreacion], [p].[ImagenUrl], [p].[NombreArticulo], [p].[Precio]
    FROM [OrderDetails] AS [o0]
    INNER JOIN [Products] AS [p] ON [o0].[ProductId] = [p].[Id]
) AS [t] ON [o].[Id] = [t].[OrderId]
ORDER BY [o].[Fecha] DESC, [o].[Id], [t].[Id]
2025-08-16 14:03:37.638 -06:00 [INF] ✅ Acción ejecutada: Orders/Index | Hora: "2025-08-16T14:03:37.6389059-06:00"
2025-08-16 14:03:37.643 -06:00 [INF] Executing ViewResult, running view Index.
2025-08-16 14:03:37.664 -06:00 [INF] Executed ViewResult - view Index executed in 22.4484ms.
2025-08-16 14:03:37.671 -06:00 [INF] Executed action PaginaBizu.Controllers.OrdersController.Index (PaginaBizu) in 102.3478ms
2025-08-16 14:03:37.677 -06:00 [INF] Executed endpoint 'PaginaBizu.Controllers.OrdersController.Index (PaginaBizu)'
2025-08-16 14:03:37.683 -06:00 [INF] Request finished HTTP/1.1 GET http://localhost:5116/Orders - 200 null text/html; charset=utf-8 141.8161ms
2025-08-16 14:03:37.932 -06:00 [INF] Request starting HTTP/1.1 GET http://localhost:5116/Cart/CartCount - null null
2025-08-16 14:03:37.941 -06:00 [INF] Executing endpoint 'PaginaBizu.Controllers.CartController.CartCount (PaginaBizu)'
2025-08-16 14:03:37.943 -06:00 [INF] Route matched with {action = "CartCount", controller = "Cart", page = "", area = ""}. Executing controller action with signature Microsoft.AspNetCore.Mvc.IActionResult CartCount() on controller PaginaBizu.Controllers.CartController (PaginaBizu).
2025-08-16 14:03:37.951 -06:00 [INF] ➡️ Acción ejecutándose: Cart/CartCount | Usuario: hoshuacastillo48@gmail.com | IP: ::1 | Hora: "2025-08-16T14:03:37.9512623-06:00"
2025-08-16 14:03:37.958 -06:00 [INF] Accessing expired session, Key:b6d22df1-35ff-543a-666b-31a639717e32
2025-08-16 14:03:37.961 -06:00 [INF] ✅ Acción ejecutada: Cart/CartCount | Hora: "2025-08-16T14:03:37.9618842-06:00"
2025-08-16 14:03:37.966 -06:00 [INF] Executing JsonResult, writing value of type 'System.Int32'.
2025-08-16 14:03:37.968 -06:00 [INF] Executed action PaginaBizu.Controllers.CartController.CartCount (PaginaBizu) in 17.3224ms
2025-08-16 14:03:37.970 -06:00 [INF] Request starting HTTP/1.1 GET http://localhost:5116/Cart/CartCount - null null
2025-08-16 14:03:37.970 -06:00 [INF] Executed endpoint 'PaginaBizu.Controllers.CartController.CartCount (PaginaBizu)'
2025-08-16 14:03:37.975 -06:00 [INF] Executing endpoint 'PaginaBizu.Controllers.CartController.CartCount (PaginaBizu)'
2025-08-16 14:03:37.977 -06:00 [INF] Request finished HTTP/1.1 GET http://localhost:5116/Cart/CartCount - 200 null application/json; charset=utf-8 45.6944ms
2025-08-16 14:03:37.981 -06:00 [INF] Route matched with {action = "CartCount", controller = "Cart", page = "", area = ""}. Executing controller action with signature Microsoft.AspNetCore.Mvc.IActionResult CartCount() on controller PaginaBizu.Controllers.CartController (PaginaBizu).
2025-08-16 14:03:37.993 -06:00 [INF] ➡️ Acción ejecutándose: Cart/CartCount | Usuario: hoshuacastillo48@gmail.com | IP: ::1 | Hora: "2025-08-16T14:03:37.9933656-06:00"
2025-08-16 14:03:38.001 -06:00 [INF] Accessing expired session, Key:b6d22df1-35ff-543a-666b-31a639717e32
2025-08-16 14:03:38.004 -06:00 [INF] ✅ Acción ejecutada: Cart/CartCount | Hora: "2025-08-16T14:03:38.0046118-06:00"
2025-08-16 14:03:38.008 -06:00 [INF] Executing JsonResult, writing value of type 'System.Int32'.
2025-08-16 14:03:38.011 -06:00 [INF] Executed action PaginaBizu.Controllers.CartController.CartCount (PaginaBizu) in 17.8084ms
2025-08-16 14:03:38.013 -06:00 [INF] Executed endpoint 'PaginaBizu.Controllers.CartController.CartCount (PaginaBizu)'
2025-08-16 14:03:38.017 -06:00 [INF] Request finished HTTP/1.1 GET http://localhost:5116/Cart/CartCount - 200 null application/json; charset=utf-8 46.8241ms
2025-08-16 14:03:41.132 -06:00 [INF] Request starting HTTP/1.1 GET http://localhost:5116/Orders/Edit/2011 - null null
2025-08-16 14:03:41.141 -06:00 [INF] Executing endpoint 'PaginaBizu.Controllers.OrdersController.Edit (PaginaBizu)'
2025-08-16 14:03:41.147 -06:00 [INF] Route matched with {action = "Edit", controller = "Orders", page = "", area = ""}. Executing controller action with signature System.Threading.Tasks.Task`1[Microsoft.AspNetCore.Mvc.IActionResult] Edit(System.Nullable`1[System.Int32]) on controller PaginaBizu.Controllers.OrdersController (PaginaBizu).
2025-08-16 14:03:41.155 -06:00 [INF] ➡️ Acción ejecutándose: Orders/Edit | Usuario: hoshuacastillo48@gmail.com | IP: ::1 | Hora: "2025-08-16T14:03:41.1550826-06:00"
2025-08-16 14:03:41.166 -06:00 [INF] Executed DbCommand (2ms) [Parameters=[@__id_0='?' (DbType = Int32)], CommandType='"Text"', CommandTimeout='30']
SELECT [t].[Id], [t].[DireccionEnvio], [t].[Estado], [t].[Fecha], [t].[MetodoPago], [t].[Notas], [t].[Total], [t].[UsuarioId], [t0].[Id], [t0].[Cantidad], [t0].[OrderId], [t0].[PrecioUnitario], [t0].[ProductId], [t0].[Id0], [t0].[CantidadDisponible], [t0].[Categoria], [t0].[Descripcion], [t0].[FechaCreacion], [t0].[ImagenUrl], [t0].[NombreArticulo], [t0].[Precio]
FROM (
    SELECT TOP(1) [o].[Id], [o].[DireccionEnvio], [o].[Estado], [o].[Fecha], [o].[MetodoPago], [o].[Notas], [o].[Total], [o].[UsuarioId]
    FROM [Orders] AS [o]
    WHERE [o].[Id] = @__id_0
) AS [t]
LEFT JOIN (
    SELECT [o0].[Id], [o0].[Cantidad], [o0].[OrderId], [o0].[PrecioUnitario], [o0].[ProductId], [p].[Id] AS [Id0], [p].[CantidadDisponible], [p].[Categoria], [p].[Descripcion], [p].[FechaCreacion], [p].[ImagenUrl], [p].[NombreArticulo], [p].[Precio]
    FROM [OrderDetails] AS [o0]
    INNER JOIN [Products] AS [p] ON [o0].[ProductId] = [p].[Id]
) AS [t0] ON [t].[Id] = [t0].[OrderId]
ORDER BY [t].[Id], [t0].[Id]
2025-08-16 14:03:41.175 -06:00 [INF] ✅ Acción ejecutada: Orders/Edit | Hora: "2025-08-16T14:03:41.1758484-06:00"
2025-08-16 14:03:41.181 -06:00 [INF] Executing ViewResult, running view Edit.
2025-08-16 14:03:41.191 -06:00 [INF] Executed ViewResult - view Edit executed in 9.4689ms.
2025-08-16 14:03:41.199 -06:00 [INF] Executed action PaginaBizu.Controllers.OrdersController.Edit (PaginaBizu) in 44.7051ms
2025-08-16 14:03:41.205 -06:00 [INF] Executed endpoint 'PaginaBizu.Controllers.OrdersController.Edit (PaginaBizu)'
2025-08-16 14:03:41.212 -06:00 [INF] Request finished HTTP/1.1 GET http://localhost:5116/Orders/Edit/2011 - 200 null text/html; charset=utf-8 80.0935ms
2025-08-16 14:03:41.486 -06:00 [INF] Request starting HTTP/1.1 GET http://localhost:5116/Cart/CartCount - null null
2025-08-16 14:03:41.495 -06:00 [INF] Executing endpoint 'PaginaBizu.Controllers.CartController.CartCount (PaginaBizu)'
2025-08-16 14:03:41.504 -06:00 [INF] Route matched with {action = "CartCount", controller = "Cart", page = "", area = ""}. Executing controller action with signature Microsoft.AspNetCore.Mvc.IActionResult CartCount() on controller PaginaBizu.Controllers.CartController (PaginaBizu).
2025-08-16 14:03:41.510 -06:00 [INF] ➡️ Acción ejecutándose: Cart/CartCount | Usuario: hoshuacastillo48@gmail.com | IP: ::1 | Hora: "2025-08-16T14:03:41.5106650-06:00"
2025-08-16 14:03:41.516 -06:00 [INF] Accessing expired session, Key:b6d22df1-35ff-543a-666b-31a639717e32
2025-08-16 14:03:41.519 -06:00 [INF] ✅ Acción ejecutada: Cart/CartCount | Hora: "2025-08-16T14:03:41.5196127-06:00"
2025-08-16 14:03:41.521 -06:00 [INF] Executing JsonResult, writing value of type 'System.Int32'.
2025-08-16 14:03:41.526 -06:00 [INF] Executed action PaginaBizu.Controllers.CartController.CartCount (PaginaBizu) in 15.9987ms
2025-08-16 14:03:41.529 -06:00 [INF] Request starting HTTP/1.1 GET http://localhost:5116/Cart/CartCount - null null
2025-08-16 14:03:41.531 -06:00 [INF] Executed endpoint 'PaginaBizu.Controllers.CartController.CartCount (PaginaBizu)'
2025-08-16 14:03:41.536 -06:00 [INF] Executing endpoint 'PaginaBizu.Controllers.CartController.CartCount (PaginaBizu)'
2025-08-16 14:03:41.538 -06:00 [INF] Request finished HTTP/1.1 GET http://localhost:5116/Cart/CartCount - 200 null application/json; charset=utf-8 51.9694ms
2025-08-16 14:03:41.542 -06:00 [INF] Route matched with {action = "CartCount", controller = "Cart", page = "", area = ""}. Executing controller action with signature Microsoft.AspNetCore.Mvc.IActionResult CartCount() on controller PaginaBizu.Controllers.CartController (PaginaBizu).
2025-08-16 14:03:41.554 -06:00 [INF] ➡️ Acción ejecutándose: Cart/CartCount | Usuario: hoshuacastillo48@gmail.com | IP: ::1 | Hora: "2025-08-16T14:03:41.5547935-06:00"
2025-08-16 14:03:41.561 -06:00 [INF] Accessing expired session, Key:b6d22df1-35ff-543a-666b-31a639717e32
2025-08-16 14:03:41.563 -06:00 [INF] ✅ Acción ejecutada: Cart/CartCount | Hora: "2025-08-16T14:03:41.5636967-06:00"
2025-08-16 14:03:41.566 -06:00 [INF] Executing JsonResult, writing value of type 'System.Int32'.
2025-08-16 14:03:41.569 -06:00 [INF] Executed action PaginaBizu.Controllers.CartController.CartCount (PaginaBizu) in 15.2588ms
2025-08-16 14:03:41.572 -06:00 [INF] Executed endpoint 'PaginaBizu.Controllers.CartController.CartCount (PaginaBizu)'
2025-08-16 14:03:41.574 -06:00 [INF] Request finished HTTP/1.1 GET http://localhost:5116/Cart/CartCount - 200 null application/json; charset=utf-8 45.022ms
2025-08-16 14:03:43.522 -06:00 [INF] Request starting HTTP/1.1 POST http://localhost:5116/Orders/Edit/2011 - application/x-www-form-urlencoded 250
2025-08-16 14:03:43.527 -06:00 [INF] Executing endpoint 'PaginaBizu.Controllers.OrdersController.Edit (PaginaBizu)'
2025-08-16 14:03:43.529 -06:00 [INF] Route matched with {action = "Edit", controller = "Orders", page = "", area = ""}. Executing controller action with signature System.Threading.Tasks.Task`1[Microsoft.AspNetCore.Mvc.IActionResult] Edit(Int32, PaginaBizu.Models.Order) on controller PaginaBizu.Controllers.OrdersController (PaginaBizu).
2025-08-16 14:03:43.535 -06:00 [INF] ➡️ Acción ejecutándose: Orders/Edit | Usuario: hoshuacastillo48@gmail.com | IP: ::1 | Hora: "2025-08-16T14:03:43.5349708-06:00"
2025-08-16 14:03:43.539 -06:00 [INF] ✅ Acción ejecutada: Orders/Edit | Hora: "2025-08-16T14:03:43.5395584-06:00"
2025-08-16 14:03:43.542 -06:00 [INF] Executing ViewResult, running view Edit.
2025-08-16 14:03:43.547 -06:00 [INF] Executed ViewResult - view Edit executed in 4.9994ms.
2025-08-16 14:03:43.552 -06:00 [INF] Executed action PaginaBizu.Controllers.OrdersController.Edit (PaginaBizu) in 19.0311ms
2025-08-16 14:03:43.557 -06:00 [INF] Executed endpoint 'PaginaBizu.Controllers.OrdersController.Edit (PaginaBizu)'
2025-08-16 14:03:43.563 -06:00 [INF] Request finished HTTP/1.1 POST http://localhost:5116/Orders/Edit/2011 - 200 null text/html; charset=utf-8 41.2745ms
2025-08-16 14:03:43.793 -06:00 [INF] Request starting HTTP/1.1 GET http://localhost:5116/Cart/CartCount - null null
2025-08-16 14:03:43.802 -06:00 [INF] Executing endpoint 'PaginaBizu.Controllers.CartController.CartCount (PaginaBizu)'
2025-08-16 14:03:43.805 -06:00 [INF] Route matched with {action = "CartCount", controller = "Cart", page = "", area = ""}. Executing controller action with signature Microsoft.AspNetCore.Mvc.IActionResult CartCount() on controller PaginaBizu.Controllers.CartController (PaginaBizu).
2025-08-16 14:03:43.814 -06:00 [INF] ➡️ Acción ejecutándose: Cart/CartCount | Usuario: hoshuacastillo48@gmail.com | IP: ::1 | Hora: "2025-08-16T14:03:43.8141586-06:00"
2025-08-16 14:03:43.819 -06:00 [INF] Accessing expired session, Key:b6d22df1-35ff-543a-666b-31a639717e32
2025-08-16 14:03:43.821 -06:00 [INF] ✅ Acción ejecutada: Cart/CartCount | Hora: "2025-08-16T14:03:43.8219246-06:00"
2025-08-16 14:03:43.825 -06:00 [INF] Executing JsonResult, writing value of type 'System.Int32'.
2025-08-16 14:03:43.829 -06:00 [INF] Executed action PaginaBizu.Controllers.CartController.CartCount (PaginaBizu) in 14.9812ms
2025-08-16 14:03:43.831 -06:00 [INF] Request starting HTTP/1.1 GET http://localhost:5116/Cart/CartCount - null null
2025-08-16 14:03:43.831 -06:00 [INF] Executed endpoint 'PaginaBizu.Controllers.CartController.CartCount (PaginaBizu)'
2025-08-16 14:03:43.837 -06:00 [INF] Executing endpoint 'PaginaBizu.Controllers.CartController.CartCount (PaginaBizu)'
2025-08-16 14:03:43.839 -06:00 [INF] Request finished HTTP/1.1 GET http://localhost:5116/Cart/CartCount - 200 null application/json; charset=utf-8 45.4439ms
2025-08-16 14:03:43.842 -06:00 [INF] Route matched with {action = "CartCount", controller = "Cart", page = "", area = ""}. Executing controller action with signature Microsoft.AspNetCore.Mvc.IActionResult CartCount() on controller PaginaBizu.Controllers.CartController (PaginaBizu).
2025-08-16 14:03:43.860 -06:00 [INF] ➡️ Acción ejecutándose: Cart/CartCount | Usuario: hoshuacastillo48@gmail.com | IP: ::1 | Hora: "2025-08-16T14:03:43.8606109-06:00"
2025-08-16 14:03:43.866 -06:00 [INF] Accessing expired session, Key:b6d22df1-35ff-543a-666b-31a639717e32
2025-08-16 14:03:43.868 -06:00 [INF] ✅ Acción ejecutada: Cart/CartCount | Hora: "2025-08-16T14:03:43.8682421-06:00"
2025-08-16 14:03:43.870 -06:00 [INF] Executing JsonResult, writing value of type 'System.Int32'.
2025-08-16 14:03:43.873 -06:00 [INF] Executed action PaginaBizu.Controllers.CartController.CartCount (PaginaBizu) in 12.6008ms
2025-08-16 14:03:43.878 -06:00 [INF] Executed endpoint 'PaginaBizu.Controllers.CartController.CartCount (PaginaBizu)'
2025-08-16 14:03:43.881 -06:00 [INF] Request finished HTTP/1.1 GET http://localhost:5116/Cart/CartCount - 200 null application/json; charset=utf-8 49.7474ms
2025-08-16 14:03:46.718 -06:00 [INF] Request starting HTTP/1.1 GET http://localhost:5116/ - null null
2025-08-16 14:03:46.726 -06:00 [INF] Executing endpoint 'PaginaBizu.Controllers.HomeController.Index (PaginaBizu)'
2025-08-16 14:03:46.727 -06:00 [INF] Route matched with {action = "Index", controller = "Home", page = "", area = ""}. Executing controller action with signature Microsoft.AspNetCore.Mvc.IActionResult Index() on controller PaginaBizu.Controllers.HomeController (PaginaBizu).
2025-08-16 14:03:46.734 -06:00 [INF] ➡️ Acción ejecutándose: Home/Index | Usuario: hoshuacastillo48@gmail.com | IP: ::1 | Hora: "2025-08-16T14:03:46.7340513-06:00"
2025-08-16 14:03:46.737 -06:00 [INF] ✅ Acción ejecutada: Home/Index | Hora: "2025-08-16T14:03:46.7371608-06:00"
2025-08-16 14:03:46.740 -06:00 [INF] Executing ViewResult, running view Index.
2025-08-16 14:03:46.756 -06:00 [INF] Executed DbCommand (9ms) [Parameters=[@__p_0='?' (Size = 450)], CommandType='"Text"', CommandTimeout='30']
SELECT TOP(1) [a].[Id], [a].[AccessFailedCount], [a].[Apellido], [a].[ConcurrencyStamp], [a].[Direccion], [a].[Email], [a].[EmailConfirmed], [a].[LockoutEnabled], [a].[LockoutEnd], [a].[Nombre], [a].[NormalizedEmail], [a].[NormalizedUserName], [a].[PasswordHash], [a].[PhoneNumber], [a].[PhoneNumberConfirmed], [a].[SecurityStamp], [a].[Telefono], [a].[TwoFactorEnabled], [a].[UserName]
FROM [AspNetUsers] AS [a]
WHERE [a].[Id] = @__p_0
2025-08-16 14:03:46.777 -06:00 [INF] Executed DbCommand (5ms) [Parameters=[@__userId_0='?' (Size = 450)], CommandType='"Text"', CommandTimeout='30']
SELECT [a0].[Name]
FROM [AspNetUserRoles] AS [a]
INNER JOIN [AspNetRoles] AS [a0] ON [a].[RoleId] = [a0].[Id]
WHERE [a].[UserId] = @__userId_0
2025-08-16 14:03:46.788 -06:00 [INF] Executed ViewResult - view Index executed in 48.1762ms.
2025-08-16 14:03:46.792 -06:00 [INF] Executed action PaginaBizu.Controllers.HomeController.Index (PaginaBizu) in 58.4393ms
2025-08-16 14:03:46.797 -06:00 [INF] Executed endpoint 'PaginaBizu.Controllers.HomeController.Index (PaginaBizu)'
2025-08-16 14:03:46.802 -06:00 [INF] Request finished HTTP/1.1 GET http://localhost:5116/ - 200 null text/html; charset=utf-8 83.7531ms
2025-08-16 14:03:47.044 -06:00 [INF] Request starting HTTP/1.1 GET http://localhost:5116/css/tailwindcss - null null
2025-08-16 14:03:47.051 -06:00 [INF] Request finished HTTP/1.1 GET http://localhost:5116/css/tailwindcss - 404 0 null 6.8337ms
2025-08-16 14:03:47.060 -06:00 [INF] Request reached the end of the middleware pipeline without being handled by application code. Request path: GET http://localhost:5116/css/tailwindcss, Response status code: 404
2025-08-16 14:03:48.351 -06:00 [INF] Request starting HTTP/1.1 GET http://localhost:5116/Products - null null
2025-08-16 14:03:48.359 -06:00 [INF] Executing endpoint 'PaginaBizu.Controllers.ProductsController.Index (PaginaBizu)'
2025-08-16 14:03:48.365 -06:00 [INF] Route matched with {action = "Index", controller = "Products", page = "", area = ""}. Executing controller action with signature System.Threading.Tasks.Task`1[Microsoft.AspNetCore.Mvc.IActionResult] Index() on controller PaginaBizu.Controllers.ProductsController (PaginaBizu).
2025-08-16 14:03:48.372 -06:00 [INF] ➡️ Acción ejecutándose: Products/Index | Usuario: hoshuacastillo48@gmail.com | IP: ::1 | Hora: "2025-08-16T14:03:48.3724399-06:00"
2025-08-16 14:03:48.383 -06:00 [INF] Executed DbCommand (4ms) [Parameters=[], CommandType='"Text"', CommandTimeout='30']
SELECT [p].[Id], [p].[CantidadDisponible], [p].[Categoria], [p].[Descripcion], [p].[FechaCreacion], [p].[ImagenUrl], [p].[NombreArticulo], [p].[Precio]
FROM [Products] AS [p]
2025-08-16 14:03:48.387 -06:00 [INF] ✅ Acción ejecutada: Products/Index | Hora: "2025-08-16T14:03:48.3874311-06:00"
2025-08-16 14:03:48.391 -06:00 [INF] Executing ViewResult, running view Index.
2025-08-16 14:03:48.402 -06:00 [INF] Executed ViewResult - view Index executed in 10.8976ms.
2025-08-16 14:03:48.408 -06:00 [INF] Executed action PaginaBizu.Controllers.ProductsController.Index (PaginaBizu) in 36.3328ms
2025-08-16 14:03:48.416 -06:00 [INF] Executed endpoint 'PaginaBizu.Controllers.ProductsController.Index (PaginaBizu)'
2025-08-16 14:03:48.422 -06:00 [INF] Request finished HTTP/1.1 GET http://localhost:5116/Products - 200 null text/html; charset=utf-8 70.9352ms
2025-08-16 14:03:48.462 -06:00 [INF] Request starting HTTP/1.1 GET http://localhost:5116/imagenpulseraoro.jpg - null null
2025-08-16 14:03:48.473 -06:00 [INF] Request starting HTTP/1.1 GET http://localhost:5116/pulseraverde.jpg - null null
2025-08-16 14:03:48.474 -06:00 [INF] Request finished HTTP/1.1 GET http://localhost:5116/imagenpulseraoro.jpg - 404 0 null 11.8039ms
2025-08-16 14:03:48.482 -06:00 [INF] Request finished HTTP/1.1 GET http://localhost:5116/pulseraverde.jpg - 404 0 null 8.7506ms
2025-08-16 14:03:48.486 -06:00 [INF] Request reached the end of the middleware pipeline without being handled by application code. Request path: GET http://localhost:5116/imagenpulseraoro.jpg, Response status code: 404
2025-08-16 14:03:48.494 -06:00 [INF] Request reached the end of the middleware pipeline without being handled by application code. Request path: GET http://localhost:5116/pulseraverde.jpg, Response status code: 404
2025-08-16 14:03:48.670 -06:00 [INF] Request starting HTTP/1.1 GET http://localhost:5116/imagenpulserrojo.jpg - null null
2025-08-16 14:03:48.679 -06:00 [INF] Request finished HTTP/1.1 GET http://localhost:5116/imagenpulserrojo.jpg - 404 0 null 9.2813ms
2025-08-16 14:03:48.691 -06:00 [INF] Request reached the end of the middleware pipeline without being handled by application code. Request path: GET http://localhost:5116/imagenpulserrojo.jpg, Response status code: 404
2025-08-16 14:03:48.697 -06:00 [INF] Request starting HTTP/1.1 GET http://localhost:5116/Cart/CartCount - null null
2025-08-16 14:03:48.705 -06:00 [INF] Executing endpoint 'PaginaBizu.Controllers.CartController.CartCount (PaginaBizu)'
2025-08-16 14:03:48.709 -06:00 [INF] Route matched with {action = "CartCount", controller = "Cart", page = "", area = ""}. Executing controller action with signature Microsoft.AspNetCore.Mvc.IActionResult CartCount() on controller PaginaBizu.Controllers.CartController (PaginaBizu).
2025-08-16 14:03:48.713 -06:00 [INF] ➡️ Acción ejecutándose: Cart/CartCount | Usuario: hoshuacastillo48@gmail.com | IP: ::1 | Hora: "2025-08-16T14:03:48.7139327-06:00"
2025-08-16 14:03:48.718 -06:00 [INF] Accessing expired session, Key:b6d22df1-35ff-543a-666b-31a639717e32
2025-08-16 14:03:48.720 -06:00 [INF] ✅ Acción ejecutada: Cart/CartCount | Hora: "2025-08-16T14:03:48.7201063-06:00"
2025-08-16 14:03:48.722 -06:00 [INF] Executing JsonResult, writing value of type 'System.Int32'.
2025-08-16 14:03:48.723 -06:00 [INF] Executed action PaginaBizu.Controllers.CartController.CartCount (PaginaBizu) in 9.5854ms
2025-08-16 14:03:48.724 -06:00 [INF] Request starting HTTP/1.1 GET http://localhost:5116/Cart/CartCount - null null
2025-08-16 14:03:48.725 -06:00 [INF] Executed endpoint 'PaginaBizu.Controllers.CartController.CartCount (PaginaBizu)'
2025-08-16 14:03:48.730 -06:00 [INF] Executing endpoint 'PaginaBizu.Controllers.CartController.CartCount (PaginaBizu)'
2025-08-16 14:03:48.733 -06:00 [INF] Request finished HTTP/1.1 GET http://localhost:5116/Cart/CartCount - 200 null application/json; charset=utf-8 36.1413ms
2025-08-16 14:03:48.735 -06:00 [INF] Route matched with {action = "CartCount", controller = "Cart", page = "", area = ""}. Executing controller action with signature Microsoft.AspNetCore.Mvc.IActionResult CartCount() on controller PaginaBizu.Controllers.CartController (PaginaBizu).
2025-08-16 14:03:48.746 -06:00 [INF] ➡️ Acción ejecutándose: Cart/CartCount | Usuario: hoshuacastillo48@gmail.com | IP: ::1 | Hora: "2025-08-16T14:03:48.7464577-06:00"
2025-08-16 14:03:48.753 -06:00 [INF] Accessing expired session, Key:b6d22df1-35ff-543a-666b-31a639717e32
2025-08-16 14:03:48.755 -06:00 [INF] ✅ Acción ejecutada: Cart/CartCount | Hora: "2025-08-16T14:03:48.7556808-06:00"
2025-08-16 14:03:48.759 -06:00 [INF] Executing JsonResult, writing value of type 'System.Int32'.
2025-08-16 14:03:48.763 -06:00 [INF] Executed action PaginaBizu.Controllers.CartController.CartCount (PaginaBizu) in 16.7334ms
2025-08-16 14:03:48.767 -06:00 [INF] Executed endpoint 'PaginaBizu.Controllers.CartController.CartCount (PaginaBizu)'
2025-08-16 14:03:48.770 -06:00 [INF] Request finished HTTP/1.1 GET http://localhost:5116/Cart/CartCount - 200 null application/json; charset=utf-8 45.8907ms
2025-08-16 14:03:50.239 -06:00 [INF] Request starting HTTP/1.1 GET http://localhost:5116/Orders - null null
2025-08-16 14:03:50.245 -06:00 [INF] Executing endpoint 'PaginaBizu.Controllers.OrdersController.Index (PaginaBizu)'
2025-08-16 14:03:50.246 -06:00 [INF] Route matched with {action = "Index", controller = "Orders", page = "", area = ""}. Executing controller action with signature System.Threading.Tasks.Task`1[Microsoft.AspNetCore.Mvc.IActionResult] Index() on controller PaginaBizu.Controllers.OrdersController (PaginaBizu).
2025-08-16 14:03:50.251 -06:00 [INF] ➡️ Acción ejecutándose: Orders/Index | Usuario: hoshuacastillo48@gmail.com | IP: ::1 | Hora: "2025-08-16T14:03:50.2509270-06:00"
2025-08-16 14:03:50.274 -06:00 [INF] Executed DbCommand (16ms) [Parameters=[], CommandType='"Text"', CommandTimeout='30']
SELECT [o].[Id], [o].[DireccionEnvio], [o].[Estado], [o].[Fecha], [o].[MetodoPago], [o].[Notas], [o].[Total], [o].[UsuarioId], [t].[Id], [t].[Cantidad], [t].[OrderId], [t].[PrecioUnitario], [t].[ProductId], [t].[Id0], [t].[CantidadDisponible], [t].[Categoria], [t].[Descripcion], [t].[FechaCreacion], [t].[ImagenUrl], [t].[NombreArticulo], [t].[Precio]
FROM [Orders] AS [o]
LEFT JOIN (
    SELECT [o0].[Id], [o0].[Cantidad], [o0].[OrderId], [o0].[PrecioUnitario], [o0].[ProductId], [p].[Id] AS [Id0], [p].[CantidadDisponible], [p].[Categoria], [p].[Descripcion], [p].[FechaCreacion], [p].[ImagenUrl], [p].[NombreArticulo], [p].[Precio]
    FROM [OrderDetails] AS [o0]
    INNER JOIN [Products] AS [p] ON [o0].[ProductId] = [p].[Id]
) AS [t] ON [o].[Id] = [t].[OrderId]
ORDER BY [o].[Fecha] DESC, [o].[Id], [t].[Id]
2025-08-16 14:03:50.283 -06:00 [INF] ✅ Acción ejecutada: Orders/Index | Hora: "2025-08-16T14:03:50.2837973-06:00"
2025-08-16 14:03:50.286 -06:00 [INF] Executing ViewResult, running view Index.
2025-08-16 14:03:50.292 -06:00 [INF] Executed ViewResult - view Index executed in 5.3873ms.
2025-08-16 14:03:50.296 -06:00 [INF] Executed action PaginaBizu.Controllers.OrdersController.Index (PaginaBizu) in 45.5043ms
2025-08-16 14:03:50.300 -06:00 [INF] Executed endpoint 'PaginaBizu.Controllers.OrdersController.Index (PaginaBizu)'
2025-08-16 14:03:50.304 -06:00 [INF] Request finished HTTP/1.1 GET http://localhost:5116/Orders - 200 null text/html; charset=utf-8 64.8464ms
2025-08-16 14:03:50.561 -06:00 [INF] Request starting HTTP/1.1 GET http://localhost:5116/Cart/CartCount - null null
2025-08-16 14:03:50.568 -06:00 [INF] Executing endpoint 'PaginaBizu.Controllers.CartController.CartCount (PaginaBizu)'
2025-08-16 14:03:50.572 -06:00 [INF] Route matched with {action = "CartCount", controller = "Cart", page = "", area = ""}. Executing controller action with signature Microsoft.AspNetCore.Mvc.IActionResult CartCount() on controller PaginaBizu.Controllers.CartController (PaginaBizu).
2025-08-16 14:03:50.578 -06:00 [INF] ➡️ Acción ejecutándose: Cart/CartCount | Usuario: hoshuacastillo48@gmail.com | IP: ::1 | Hora: "2025-08-16T14:03:50.5788689-06:00"
2025-08-16 14:03:50.585 -06:00 [INF] Accessing expired session, Key:b6d22df1-35ff-543a-666b-31a639717e32
2025-08-16 14:03:50.587 -06:00 [INF] ✅ Acción ejecutada: Cart/CartCount | Hora: "2025-08-16T14:03:50.5876420-06:00"
2025-08-16 14:03:50.592 -06:00 [INF] Executing JsonResult, writing value of type 'System.Int32'.
2025-08-16 14:03:50.597 -06:00 [INF] Executed action PaginaBizu.Controllers.CartController.CartCount (PaginaBizu) in 18.2267ms
2025-08-16 14:03:50.599 -06:00 [INF] Request starting HTTP/1.1 GET http://localhost:5116/Cart/CartCount - null null
2025-08-16 14:03:50.600 -06:00 [INF] Executed endpoint 'PaginaBizu.Controllers.CartController.CartCount (PaginaBizu)'
2025-08-16 14:03:50.605 -06:00 [INF] Executing endpoint 'PaginaBizu.Controllers.CartController.CartCount (PaginaBizu)'
2025-08-16 14:03:50.607 -06:00 [INF] Request finished HTTP/1.1 GET http://localhost:5116/Cart/CartCount - 200 null application/json; charset=utf-8 45.6672ms
2025-08-16 14:03:50.611 -06:00 [INF] Route matched with {action = "CartCount", controller = "Cart", page = "", area = ""}. Executing controller action with signature Microsoft.AspNetCore.Mvc.IActionResult CartCount() on controller PaginaBizu.Controllers.CartController (PaginaBizu).
2025-08-16 14:03:50.627 -06:00 [INF] ➡️ Acción ejecutándose: Cart/CartCount | Usuario: hoshuacastillo48@gmail.com | IP: ::1 | Hora: "2025-08-16T14:03:50.6270650-06:00"
2025-08-16 14:03:50.632 -06:00 [INF] Accessing expired session, Key:b6d22df1-35ff-543a-666b-31a639717e32
2025-08-16 14:03:50.635 -06:00 [INF] ✅ Acción ejecutada: Cart/CartCount | Hora: "2025-08-16T14:03:50.6355113-06:00"
2025-08-16 14:03:50.637 -06:00 [INF] Executing JsonResult, writing value of type 'System.Int32'.
2025-08-16 14:03:50.641 -06:00 [INF] Executed action PaginaBizu.Controllers.CartController.CartCount (PaginaBizu) in 14.2258ms
2025-08-16 14:03:50.644 -06:00 [INF] Executed endpoint 'PaginaBizu.Controllers.CartController.CartCount (PaginaBizu)'
2025-08-16 14:03:50.646 -06:00 [INF] Request finished HTTP/1.1 GET http://localhost:5116/Cart/CartCount - 200 null application/json; charset=utf-8 47.2374ms
2025-08-16 14:04:20.104 -06:00 [INF] Request starting HTTP/1.1 GET http://localhost:5116/Orders/CrearPedidoPrueba - null null
2025-08-16 14:04:20.111 -06:00 [INF] Request finished HTTP/1.1 GET http://localhost:5116/Orders/CrearPedidoPrueba - 404 0 null 6.6397ms
2025-08-16 14:04:20.118 -06:00 [INF] Request reached the end of the middleware pipeline without being handled by application code. Request path: GET http://localhost:5116/Orders/CrearPedidoPrueba, Response status code: 404
2025-08-16 14:04:34.249 -06:00 [INF] Request starting HTTP/1.1 GET http://localhost:5116/Orders - null null
2025-08-16 14:04:34.258 -06:00 [INF] Executing endpoint 'PaginaBizu.Controllers.OrdersController.Index (PaginaBizu)'
2025-08-16 14:04:34.261 -06:00 [INF] Route matched with {action = "Index", controller = "Orders", page = "", area = ""}. Executing controller action with signature System.Threading.Tasks.Task`1[Microsoft.AspNetCore.Mvc.IActionResult] Index() on controller PaginaBizu.Controllers.OrdersController (PaginaBizu).
2025-08-16 14:04:34.268 -06:00 [INF] ➡️ Acción ejecutándose: Orders/Index | Usuario: hoshuacastillo48@gmail.com | IP: ::1 | Hora: "2025-08-16T14:04:34.2688999-06:00"
2025-08-16 14:04:34.278 -06:00 [INF] Executed DbCommand (2ms) [Parameters=[], CommandType='"Text"', CommandTimeout='30']
SELECT [o].[Id], [o].[DireccionEnvio], [o].[Estado], [o].[Fecha], [o].[MetodoPago], [o].[Notas], [o].[Total], [o].[UsuarioId], [t].[Id], [t].[Cantidad], [t].[OrderId], [t].[PrecioUnitario], [t].[ProductId], [t].[Id0], [t].[CantidadDisponible], [t].[Categoria], [t].[Descripcion], [t].[FechaCreacion], [t].[ImagenUrl], [t].[NombreArticulo], [t].[Precio]
FROM [Orders] AS [o]
LEFT JOIN (
    SELECT [o0].[Id], [o0].[Cantidad], [o0].[OrderId], [o0].[PrecioUnitario], [o0].[ProductId], [p].[Id] AS [Id0], [p].[CantidadDisponible], [p].[Categoria], [p].[Descripcion], [p].[FechaCreacion], [p].[ImagenUrl], [p].[NombreArticulo], [p].[Precio]
    FROM [OrderDetails] AS [o0]
    INNER JOIN [Products] AS [p] ON [o0].[ProductId] = [p].[Id]
) AS [t] ON [o].[Id] = [t].[OrderId]
ORDER BY [o].[Fecha] DESC, [o].[Id], [t].[Id]
2025-08-16 14:04:34.287 -06:00 [INF] ✅ Acción ejecutada: Orders/Index | Hora: "2025-08-16T14:04:34.2875492-06:00"
2025-08-16 14:04:34.290 -06:00 [INF] Executing ViewResult, running view Index.
2025-08-16 14:04:34.295 -06:00 [INF] Executed ViewResult - view Index executed in 4.6193ms.
2025-08-16 14:04:34.298 -06:00 [INF] Executed action PaginaBizu.Controllers.OrdersController.Index (PaginaBizu) in 29.1831ms
2025-08-16 14:04:34.301 -06:00 [INF] Executed endpoint 'PaginaBizu.Controllers.OrdersController.Index (PaginaBizu)'
2025-08-16 14:04:34.303 -06:00 [INF] Request finished HTTP/1.1 GET http://localhost:5116/Orders - 200 null text/html; charset=utf-8 54.3232ms
2025-08-16 14:04:34.562 -06:00 [INF] Request starting HTTP/1.1 GET http://localhost:5116/Cart/CartCount - null null
2025-08-16 14:04:34.569 -06:00 [INF] Executing endpoint 'PaginaBizu.Controllers.CartController.CartCount (PaginaBizu)'
2025-08-16 14:04:34.572 -06:00 [INF] Route matched with {action = "CartCount", controller = "Cart", page = "", area = ""}. Executing controller action with signature Microsoft.AspNetCore.Mvc.IActionResult CartCount() on controller PaginaBizu.Controllers.CartController (PaginaBizu).
2025-08-16 14:04:34.578 -06:00 [INF] ➡️ Acción ejecutándose: Cart/CartCount | Usuario: hoshuacastillo48@gmail.com | IP: ::1 | Hora: "2025-08-16T14:04:34.5789031-06:00"
2025-08-16 14:04:34.582 -06:00 [INF] Accessing expired session, Key:b6d22df1-35ff-543a-666b-31a639717e32
2025-08-16 14:04:34.584 -06:00 [INF] ✅ Acción ejecutada: Cart/CartCount | Hora: "2025-08-16T14:04:34.5841305-06:00"
2025-08-16 14:04:34.587 -06:00 [INF] Executing JsonResult, writing value of type 'System.Int32'.
2025-08-16 14:04:34.591 -06:00 [INF] Executed action PaginaBizu.Controllers.CartController.CartCount (PaginaBizu) in 12.4435ms
2025-08-16 14:04:34.594 -06:00 [INF] Request starting HTTP/1.1 GET http://localhost:5116/Cart/CartCount - null null
2025-08-16 14:04:34.595 -06:00 [INF] Executed endpoint 'PaginaBizu.Controllers.CartController.CartCount (PaginaBizu)'
2025-08-16 14:04:34.602 -06:00 [INF] Executing endpoint 'PaginaBizu.Controllers.CartController.CartCount (PaginaBizu)'
2025-08-16 14:04:34.604 -06:00 [INF] Request finished HTTP/1.1 GET http://localhost:5116/Cart/CartCount - 200 null application/json; charset=utf-8 41.8057ms
2025-08-16 14:04:34.606 -06:00 [INF] Route matched with {action = "CartCount", controller = "Cart", page = "", area = ""}. Executing controller action with signature Microsoft.AspNetCore.Mvc.IActionResult CartCount() on controller PaginaBizu.Controllers.CartController (PaginaBizu).
2025-08-16 14:04:34.622 -06:00 [INF] ➡️ Acción ejecutándose: Cart/CartCount | Usuario: hoshuacastillo48@gmail.com | IP: ::1 | Hora: "2025-08-16T14:04:34.6228396-06:00"
2025-08-16 14:04:34.626 -06:00 [INF] Accessing expired session, Key:b6d22df1-35ff-543a-666b-31a639717e32
2025-08-16 14:04:34.629 -06:00 [INF] ✅ Acción ejecutada: Cart/CartCount | Hora: "2025-08-16T14:04:34.6295923-06:00"
2025-08-16 14:04:34.633 -06:00 [INF] Executing JsonResult, writing value of type 'System.Int32'.
2025-08-16 14:04:34.636 -06:00 [INF] Executed action PaginaBizu.Controllers.CartController.CartCount (PaginaBizu) in 13.4725ms
2025-08-16 14:04:34.638 -06:00 [INF] Executed endpoint 'PaginaBizu.Controllers.CartController.CartCount (PaginaBizu)'
2025-08-16 14:04:34.639 -06:00 [INF] Request finished HTTP/1.1 GET http://localhost:5116/Cart/CartCount - 200 null application/json; charset=utf-8 45.784ms
2025-08-16 14:04:35.881 -06:00 [INF] Request starting HTTP/1.1 GET http://localhost:5116/ - null null
2025-08-16 14:04:35.885 -06:00 [INF] Executing endpoint 'PaginaBizu.Controllers.HomeController.Index (PaginaBizu)'
2025-08-16 14:04:35.888 -06:00 [INF] Route matched with {action = "Index", controller = "Home", page = "", area = ""}. Executing controller action with signature Microsoft.AspNetCore.Mvc.IActionResult Index() on controller PaginaBizu.Controllers.HomeController (PaginaBizu).
2025-08-16 14:04:35.894 -06:00 [INF] ➡️ Acción ejecutándose: Home/Index | Usuario: hoshuacastillo48@gmail.com | IP: ::1 | Hora: "2025-08-16T14:04:35.8944847-06:00"
2025-08-16 14:04:35.896 -06:00 [INF] ✅ Acción ejecutada: Home/Index | Hora: "2025-08-16T14:04:35.8968074-06:00"
2025-08-16 14:04:35.900 -06:00 [INF] Executing ViewResult, running view Index.
2025-08-16 14:04:35.907 -06:00 [INF] Executed DbCommand (1ms) [Parameters=[@__p_0='?' (Size = 450)], CommandType='"Text"', CommandTimeout='30']
SELECT TOP(1) [a].[Id], [a].[AccessFailedCount], [a].[Apellido], [a].[ConcurrencyStamp], [a].[Direccion], [a].[Email], [a].[EmailConfirmed], [a].[LockoutEnabled], [a].[LockoutEnd], [a].[Nombre], [a].[NormalizedEmail], [a].[NormalizedUserName], [a].[PasswordHash], [a].[PhoneNumber], [a].[PhoneNumberConfirmed], [a].[SecurityStamp], [a].[Telefono], [a].[TwoFactorEnabled], [a].[UserName]
FROM [AspNetUsers] AS [a]
WHERE [a].[Id] = @__p_0
2025-08-16 14:04:35.910 -06:00 [INF] Executed DbCommand (1ms) [Parameters=[@__userId_0='?' (Size = 450)], CommandType='"Text"', CommandTimeout='30']
SELECT [a0].[Name]
FROM [AspNetUserRoles] AS [a]
INNER JOIN [AspNetRoles] AS [a0] ON [a].[RoleId] = [a0].[Id]
WHERE [a].[UserId] = @__userId_0
2025-08-16 14:04:35.915 -06:00 [INF] Executed ViewResult - view Index executed in 14.5812ms.
2025-08-16 14:04:35.919 -06:00 [INF] Executed action PaginaBizu.Controllers.HomeController.Index (PaginaBizu) in 25.4693ms
2025-08-16 14:04:35.923 -06:00 [INF] Executed endpoint 'PaginaBizu.Controllers.HomeController.Index (PaginaBizu)'
2025-08-16 14:04:35.926 -06:00 [INF] Request finished HTTP/1.1 GET http://localhost:5116/ - 200 null text/html; charset=utf-8 44.6086ms
2025-08-16 14:04:36.201 -06:00 [INF] Request starting HTTP/1.1 GET http://localhost:5116/css/tailwindcss - null null
2025-08-16 14:04:36.209 -06:00 [INF] Request finished HTTP/1.1 GET http://localhost:5116/css/tailwindcss - 404 0 null 7.1663ms
2025-08-16 14:04:36.219 -06:00 [INF] Request reached the end of the middleware pipeline without being handled by application code. Request path: GET http://localhost:5116/css/tailwindcss, Response status code: 404
2025-08-16 14:04:37.085 -06:00 [INF] Request starting HTTP/1.1 GET http://localhost:5116/Shop - null null
2025-08-16 14:04:37.091 -06:00 [INF] Executing endpoint 'PaginaBizu.Controllers.ShopController.Index (PaginaBizu)'
2025-08-16 14:04:37.096 -06:00 [INF] Route matched with {action = "Index", controller = "Shop", page = "", area = ""}. Executing controller action with signature Microsoft.AspNetCore.Mvc.IActionResult Index() on controller PaginaBizu.Controllers.ShopController (PaginaBizu).
2025-08-16 14:04:37.103 -06:00 [INF] ➡️ Acción ejecutándose: Shop/Index | Usuario: hoshuacastillo48@gmail.com | IP: ::1 | Hora: "2025-08-16T14:04:37.1037894-06:00"
2025-08-16 14:04:37.135 -06:00 [INF] Executed DbCommand (4ms) [Parameters=[], CommandType='"Text"', CommandTimeout='30']
SELECT [p].[Id], [p].[CantidadDisponible], [p].[Categoria], [p].[Descripcion], [p].[FechaCreacion], [p].[ImagenUrl], [p].[NombreArticulo], [p].[Precio]
FROM [Products] AS [p]
2025-08-16 14:04:37.152 -06:00 [INF] ✅ Acción ejecutada: Shop/Index | Hora: "2025-08-16T14:04:37.1525461-06:00"
2025-08-16 14:04:37.161 -06:00 [INF] Executing ViewResult, running view Index.
2025-08-16 14:04:37.189 -06:00 [INF] Executed ViewResult - view Index executed in 28.5128ms.
2025-08-16 14:04:37.197 -06:00 [INF] Executed action PaginaBizu.Controllers.ShopController.Index (PaginaBizu) in 93.9281ms
2025-08-16 14:04:37.207 -06:00 [INF] Executed endpoint 'PaginaBizu.Controllers.ShopController.Index (PaginaBizu)'
2025-08-16 14:04:37.213 -06:00 [INF] Request finished HTTP/1.1 GET http://localhost:5116/Shop - 200 null text/html; charset=utf-8 127.7357ms
2025-08-16 14:04:37.469 -06:00 [INF] Request starting HTTP/1.1 GET http://localhost:5116/images/imagenpulserrojo.jpg - null null
2025-08-16 14:04:37.476 -06:00 [INF] Request finished HTTP/1.1 GET http://localhost:5116/images/imagenpulserrojo.jpg - 404 0 null 6.5744ms
2025-08-16 14:04:37.484 -06:00 [INF] Request reached the end of the middleware pipeline without being handled by application code. Request path: GET http://localhost:5116/images/imagenpulserrojo.jpg, Response status code: 404
2025-08-16 14:04:37.489 -06:00 [INF] Request starting HTTP/1.1 GET http://localhost:5116/Cart/CartCount - null null
2025-08-16 14:04:37.496 -06:00 [INF] Executing endpoint 'PaginaBizu.Controllers.CartController.CartCount (PaginaBizu)'
2025-08-16 14:04:37.499 -06:00 [INF] Route matched with {action = "CartCount", controller = "Cart", page = "", area = ""}. Executing controller action with signature Microsoft.AspNetCore.Mvc.IActionResult CartCount() on controller PaginaBizu.Controllers.CartController (PaginaBizu).
2025-08-16 14:04:37.504 -06:00 [INF] ➡️ Acción ejecutándose: Cart/CartCount | Usuario: hoshuacastillo48@gmail.com | IP: ::1 | Hora: "2025-08-16T14:04:37.5047225-06:00"
2025-08-16 14:04:37.509 -06:00 [INF] Accessing expired session, Key:b6d22df1-35ff-543a-666b-31a639717e32
2025-08-16 14:04:37.512 -06:00 [INF] ✅ Acción ejecutada: Cart/CartCount | Hora: "2025-08-16T14:04:37.5128702-06:00"
2025-08-16 14:04:37.518 -06:00 [INF] Executing JsonResult, writing value of type 'System.Int32'.
2025-08-16 14:04:37.521 -06:00 [INF] Executed action PaginaBizu.Controllers.CartController.CartCount (PaginaBizu) in 16.9927ms
2025-08-16 14:04:37.522 -06:00 [INF] Request starting HTTP/1.1 GET http://localhost:5116/Cart/CartCount - null null
2025-08-16 14:04:37.525 -06:00 [INF] Executed endpoint 'PaginaBizu.Controllers.CartController.CartCount (PaginaBizu)'
2025-08-16 14:04:37.532 -06:00 [INF] Executing endpoint 'PaginaBizu.Controllers.CartController.CartCount (PaginaBizu)'
2025-08-16 14:04:37.534 -06:00 [INF] Request finished HTTP/1.1 GET http://localhost:5116/Cart/CartCount - 200 null application/json; charset=utf-8 44.5914ms
2025-08-16 14:04:37.537 -06:00 [INF] Route matched with {action = "CartCount", controller = "Cart", page = "", area = ""}. Executing controller action with signature Microsoft.AspNetCore.Mvc.IActionResult CartCount() on controller PaginaBizu.Controllers.CartController (PaginaBizu).
2025-08-16 14:04:37.653 -06:00 [INF] ➡️ Acción ejecutándose: Cart/CartCount | Usuario: hoshuacastillo48@gmail.com | IP: ::1 | Hora: "2025-08-16T14:04:37.6538754-06:00"
2025-08-16 14:04:37.699 -06:00 [INF] Accessing expired session, Key:b6d22df1-35ff-543a-666b-31a639717e32
2025-08-16 14:04:37.701 -06:00 [INF] ✅ Acción ejecutada: Cart/CartCount | Hora: "2025-08-16T14:04:37.7017445-06:00"
2025-08-16 14:04:37.704 -06:00 [INF] Executing JsonResult, writing value of type 'System.Int32'.
2025-08-16 14:04:37.706 -06:00 [INF] Executed action PaginaBizu.Controllers.CartController.CartCount (PaginaBizu) in 52.9511ms
2025-08-16 14:04:37.709 -06:00 [INF] Executed endpoint 'PaginaBizu.Controllers.CartController.CartCount (PaginaBizu)'
2025-08-16 14:04:37.713 -06:00 [INF] Request finished HTTP/1.1 GET http://localhost:5116/Cart/CartCount - 200 null application/json; charset=utf-8 190.6422ms
2025-08-16 14:04:38.446 -06:00 [INF] Request starting HTTP/1.1 GET http://localhost:5116/Shop/Details/1 - null null
2025-08-16 14:04:38.456 -06:00 [INF] Executing endpoint 'PaginaBizu.Controllers.ShopController.Details (PaginaBizu)'
2025-08-16 14:04:38.463 -06:00 [INF] Route matched with {action = "Details", controller = "Shop", page = "", area = ""}. Executing controller action with signature Microsoft.AspNetCore.Mvc.IActionResult Details(Int32) on controller PaginaBizu.Controllers.ShopController (PaginaBizu).
2025-08-16 14:04:38.472 -06:00 [INF] ➡️ Acción ejecutándose: Shop/Details | Usuario: hoshuacastillo48@gmail.com | IP: ::1 | Hora: "2025-08-16T14:04:38.4722978-06:00"
2025-08-16 14:04:38.490 -06:00 [INF] Executed DbCommand (2ms) [Parameters=[@__id_0='?' (DbType = Int32)], CommandType='"Text"', CommandTimeout='30']
SELECT TOP(1) [p].[Id], [p].[CantidadDisponible], [p].[Categoria], [p].[Descripcion], [p].[FechaCreacion], [p].[ImagenUrl], [p].[NombreArticulo], [p].[Precio]
FROM [Products] AS [p]
WHERE [p].[Id] = @__id_0
2025-08-16 14:04:38.509 -06:00 [INF] Executed DbCommand (4ms) [Parameters=[@__id_0='?' (DbType = Int32)], CommandType='"Text"', CommandTimeout='30']
SELECT [c].[Id], [c].[Calificacion], [c].[Contenido], [c].[Fecha], [c].[ProductoId], [c].[UsuarioId]
FROM [Comentarios] AS [c]
WHERE [c].[ProductoId] = @__id_0
ORDER BY [c].[Fecha] DESC
2025-08-16 14:04:38.537 -06:00 [INF] ✅ Acción ejecutada: Shop/Details | Hora: "2025-08-16T14:04:38.5377097-06:00"
2025-08-16 14:04:38.546 -06:00 [INF] Executing ViewResult, running view Details.
2025-08-16 14:04:38.572 -06:00 [INF] Executed ViewResult - view Details executed in 27.943ms.
2025-08-16 14:04:38.578 -06:00 [INF] Executed action PaginaBizu.Controllers.ShopController.Details (PaginaBizu) in 106.6636ms
2025-08-16 14:04:38.584 -06:00 [INF] Executed endpoint 'PaginaBizu.Controllers.ShopController.Details (PaginaBizu)'
2025-08-16 14:04:38.590 -06:00 [INF] Request finished HTTP/1.1 GET http://localhost:5116/Shop/Details/1 - 200 null text/html; charset=utf-8 143.9743ms
2025-08-16 14:04:40.172 -06:00 [INF] Request starting HTTP/1.1 POST http://localhost:5116/Cart/AddToCart - application/json 8
2025-08-16 14:04:40.181 -06:00 [INF] Executing endpoint 'PaginaBizu.Controllers.CartController.AddToCart (PaginaBizu)'
2025-08-16 14:04:40.191 -06:00 [INF] Route matched with {action = "AddToCart", controller = "Cart", page = "", area = ""}. Executing controller action with signature Microsoft.AspNetCore.Mvc.IActionResult AddToCart(AddToCartModel) on controller PaginaBizu.Controllers.CartController (PaginaBizu).
2025-08-16 14:04:40.262 -06:00 [INF] ➡️ Acción ejecutándose: Cart/AddToCart | Usuario: hoshuacastillo48@gmail.com | IP: ::1 | Hora: "2025-08-16T14:04:40.2624343-06:00"
2025-08-16 14:04:40.281 -06:00 [INF] Executed DbCommand (3ms) [Parameters=[@__data_Id_0='?' (DbType = Int32)], CommandType='"Text"', CommandTimeout='30']
SELECT TOP(1) [p].[Id], [p].[CantidadDisponible], [p].[Categoria], [p].[Descripcion], [p].[FechaCreacion], [p].[ImagenUrl], [p].[NombreArticulo], [p].[Precio]
FROM [Products] AS [p]
WHERE [p].[Id] = @__data_Id_0
2025-08-16 14:04:40.288 -06:00 [INF] Accessing expired session, Key:b6d22df1-35ff-543a-666b-31a639717e32
2025-08-16 14:04:40.322 -06:00 [INF] ✅ Acción ejecutada: Cart/AddToCart | Hora: "2025-08-16T14:04:40.3222190-06:00"
2025-08-16 14:04:40.325 -06:00 [INF] Executing JsonResult, writing value of type '<>f__AnonymousType1`2[[System.Boolean, System.Private.CoreLib, Version=8.0.0.0, Culture=neutral, PublicKeyToken=7cec85d7bea7798e],[System.Int32, System.Private.CoreLib, Version=8.0.0.0, Culture=neutral, PublicKeyToken=7cec85d7bea7798e]]'.
2025-08-16 14:04:40.341 -06:00 [INF] Executed action PaginaBizu.Controllers.CartController.AddToCart (PaginaBizu) in 137.0905ms
2025-08-16 14:04:40.343 -06:00 [INF] Executed endpoint 'PaginaBizu.Controllers.CartController.AddToCart (PaginaBizu)'
2025-08-16 14:04:40.350 -06:00 [INF] Session started; Key:b6d22df1-35ff-543a-666b-31a639717e32, Id:0311d579-9d77-11a8-da48-37992f405a86
2025-08-16 14:04:40.352 -06:00 [INF] Request finished HTTP/1.1 POST http://localhost:5116/Cart/AddToCart - 200 null application/json; charset=utf-8 180.7486ms
2025-08-16 14:04:41.596 -06:00 [INF] Request starting HTTP/1.1 GET http://localhost:5116/ - null null
2025-08-16 14:04:41.600 -06:00 [INF] Executing endpoint 'PaginaBizu.Controllers.HomeController.Index (PaginaBizu)'
2025-08-16 14:04:41.602 -06:00 [INF] Route matched with {action = "Index", controller = "Home", page = "", area = ""}. Executing controller action with signature Microsoft.AspNetCore.Mvc.IActionResult Index() on controller PaginaBizu.Controllers.HomeController (PaginaBizu).
2025-08-16 14:04:41.606 -06:00 [INF] ➡️ Acción ejecutándose: Home/Index | Usuario: hoshuacastillo48@gmail.com | IP: ::1 | Hora: "2025-08-16T14:04:41.6066202-06:00"
2025-08-16 14:04:41.611 -06:00 [INF] ✅ Acción ejecutada: Home/Index | Hora: "2025-08-16T14:04:41.6115705-06:00"
2025-08-16 14:04:41.613 -06:00 [INF] Executing ViewResult, running view Index.
2025-08-16 14:04:41.619 -06:00 [INF] Executed DbCommand (1ms) [Parameters=[@__p_0='?' (Size = 450)], CommandType='"Text"', CommandTimeout='30']
SELECT TOP(1) [a].[Id], [a].[AccessFailedCount], [a].[Apellido], [a].[ConcurrencyStamp], [a].[Direccion], [a].[Email], [a].[EmailConfirmed], [a].[LockoutEnabled], [a].[LockoutEnd], [a].[Nombre], [a].[NormalizedEmail], [a].[NormalizedUserName], [a].[PasswordHash], [a].[PhoneNumber], [a].[PhoneNumberConfirmed], [a].[SecurityStamp], [a].[Telefono], [a].[TwoFactorEnabled], [a].[UserName]
FROM [AspNetUsers] AS [a]
WHERE [a].[Id] = @__p_0
2025-08-16 14:04:41.626 -06:00 [INF] Executed DbCommand (1ms) [Parameters=[@__userId_0='?' (Size = 450)], CommandType='"Text"', CommandTimeout='30']
SELECT [a0].[Name]
FROM [AspNetUserRoles] AS [a]
INNER JOIN [AspNetRoles] AS [a0] ON [a].[RoleId] = [a0].[Id]
WHERE [a].[UserId] = @__userId_0
2025-08-16 14:04:41.636 -06:00 [INF] Executed ViewResult - view Index executed in 23.6155ms.
2025-08-16 14:04:41.642 -06:00 [INF] Executed action PaginaBizu.Controllers.HomeController.Index (PaginaBizu) in 35.9176ms
2025-08-16 14:04:41.646 -06:00 [INF] Executed endpoint 'PaginaBizu.Controllers.HomeController.Index (PaginaBizu)'
2025-08-16 14:04:41.650 -06:00 [INF] Request finished HTTP/1.1 GET http://localhost:5116/ - 200 null text/html; charset=utf-8 54.4793ms
2025-08-16 14:04:41.945 -06:00 [INF] Request starting HTTP/1.1 GET http://localhost:5116/css/tailwindcss - null null
2025-08-16 14:04:41.952 -06:00 [INF] Request finished HTTP/1.1 GET http://localhost:5116/css/tailwindcss - 404 0 null 7.0511ms
2025-08-16 14:04:41.959 -06:00 [INF] Request reached the end of the middleware pipeline without being handled by application code. Request path: GET http://localhost:5116/css/tailwindcss, Response status code: 404
2025-08-16 14:04:43.153 -06:00 [INF] Request starting HTTP/1.1 GET http://localhost:5116/Products - null null
2025-08-16 14:04:43.157 -06:00 [INF] Executing endpoint 'PaginaBizu.Controllers.ProductsController.Index (PaginaBizu)'
2025-08-16 14:04:43.158 -06:00 [INF] Route matched with {action = "Index", controller = "Products", page = "", area = ""}. Executing controller action with signature System.Threading.Tasks.Task`1[Microsoft.AspNetCore.Mvc.IActionResult] Index() on controller PaginaBizu.Controllers.ProductsController (PaginaBizu).
2025-08-16 14:04:43.162 -06:00 [INF] ➡️ Acción ejecutándose: Products/Index | Usuario: hoshuacastillo48@gmail.com | IP: ::1 | Hora: "2025-08-16T14:04:43.1624305-06:00"
2025-08-16 14:04:43.171 -06:00 [INF] Executed DbCommand (2ms) [Parameters=[], CommandType='"Text"', CommandTimeout='30']
SELECT [p].[Id], [p].[CantidadDisponible], [p].[Categoria], [p].[Descripcion], [p].[FechaCreacion], [p].[ImagenUrl], [p].[NombreArticulo], [p].[Precio]
FROM [Products] AS [p]
2025-08-16 14:04:43.174 -06:00 [INF] ✅ Acción ejecutada: Products/Index | Hora: "2025-08-16T14:04:43.1749160-06:00"
2025-08-16 14:04:43.178 -06:00 [INF] Executing ViewResult, running view Index.
2025-08-16 14:04:43.183 -06:00 [INF] Executed ViewResult - view Index executed in 5.6114ms.
2025-08-16 14:04:43.188 -06:00 [INF] Executed action PaginaBizu.Controllers.ProductsController.Index (PaginaBizu) in 26.5629ms
2025-08-16 14:04:43.193 -06:00 [INF] Executed endpoint 'PaginaBizu.Controllers.ProductsController.Index (PaginaBizu)'
2025-08-16 14:04:43.197 -06:00 [INF] Request finished HTTP/1.1 GET http://localhost:5116/Products - 200 null text/html; charset=utf-8 44.0391ms
2025-08-16 14:04:43.233 -06:00 [INF] Request starting HTTP/1.1 GET http://localhost:5116/pulseraverde.jpg - null null
2025-08-16 14:04:43.233 -06:00 [INF] Request starting HTTP/1.1 GET http://localhost:5116/imagenpulseraoro.jpg - null null
2025-08-16 14:04:43.242 -06:00 [INF] Request finished HTTP/1.1 GET http://localhost:5116/pulseraverde.jpg - 404 0 null 8.982ms
2025-08-16 14:04:43.254 -06:00 [INF] Request finished HTTP/1.1 GET http://localhost:5116/imagenpulseraoro.jpg - 404 0 null 21.1905ms
2025-08-16 14:04:43.262 -06:00 [INF] Request reached the end of the middleware pipeline without being handled by application code. Request path: GET http://localhost:5116/pulseraverde.jpg, Response status code: 404
2025-08-16 14:04:43.276 -06:00 [INF] Request reached the end of the middleware pipeline without being handled by application code. Request path: GET http://localhost:5116/imagenpulseraoro.jpg, Response status code: 404
2025-08-16 14:04:43.600 -06:00 [INF] Request starting HTTP/1.1 GET http://localhost:5116/imagenpulserrojo.jpg - null null
2025-08-16 14:04:43.607 -06:00 [INF] Request finished HTTP/1.1 GET http://localhost:5116/imagenpulserrojo.jpg - 404 0 null 7.5026ms
2025-08-16 14:04:43.613 -06:00 [INF] Request reached the end of the middleware pipeline without being handled by application code. Request path: GET http://localhost:5116/imagenpulserrojo.jpg, Response status code: 404
2025-08-16 14:04:43.619 -06:00 [INF] Request starting HTTP/1.1 GET http://localhost:5116/Cart/CartCount - null null
2025-08-16 14:04:43.623 -06:00 [INF] Executing endpoint 'PaginaBizu.Controllers.CartController.CartCount (PaginaBizu)'
2025-08-16 14:04:43.625 -06:00 [INF] Route matched with {action = "CartCount", controller = "Cart", page = "", area = ""}. Executing controller action with signature Microsoft.AspNetCore.Mvc.IActionResult CartCount() on controller PaginaBizu.Controllers.CartController (PaginaBizu).
2025-08-16 14:04:43.627 -06:00 [INF] ➡️ Acción ejecutándose: Cart/CartCount | Usuario: hoshuacastillo48@gmail.com | IP: ::1 | Hora: "2025-08-16T14:04:43.6278520-06:00"
2025-08-16 14:04:43.636 -06:00 [INF] ✅ Acción ejecutada: Cart/CartCount | Hora: "2025-08-16T14:04:43.6364983-06:00"
2025-08-16 14:04:43.638 -06:00 [INF] Executing JsonResult, writing value of type 'System.Int32'.
2025-08-16 14:04:43.640 -06:00 [INF] Executed action PaginaBizu.Controllers.CartController.CartCount (PaginaBizu) in 13.0637ms
2025-08-16 14:04:43.642 -06:00 [INF] Request starting HTTP/1.1 GET http://localhost:5116/Cart/CartCount - null null
2025-08-16 14:04:43.642 -06:00 [INF] Executed endpoint 'PaginaBizu.Controllers.CartController.CartCount (PaginaBizu)'
2025-08-16 14:04:43.646 -06:00 [INF] Executing endpoint 'PaginaBizu.Controllers.CartController.CartCount (PaginaBizu)'
2025-08-16 14:04:43.647 -06:00 [INF] Request finished HTTP/1.1 GET http://localhost:5116/Cart/CartCount - 200 null application/json; charset=utf-8 28.0895ms
2025-08-16 14:04:43.649 -06:00 [INF] Route matched with {action = "CartCount", controller = "Cart", page = "", area = ""}. Executing controller action with signature Microsoft.AspNetCore.Mvc.IActionResult CartCount() on controller PaginaBizu.Controllers.CartController (PaginaBizu).
2025-08-16 14:04:43.658 -06:00 [INF] ➡️ Acción ejecutándose: Cart/CartCount | Usuario: hoshuacastillo48@gmail.com | IP: ::1 | Hora: "2025-08-16T14:04:43.6583586-06:00"
2025-08-16 14:04:43.661 -06:00 [INF] ✅ Acción ejecutada: Cart/CartCount | Hora: "2025-08-16T14:04:43.6619007-06:00"
2025-08-16 14:04:43.664 -06:00 [INF] Executing JsonResult, writing value of type 'System.Int32'.
2025-08-16 14:04:43.668 -06:00 [INF] Executed action PaginaBizu.Controllers.CartController.CartCount (PaginaBizu) in 10.5821ms
2025-08-16 14:04:43.671 -06:00 [INF] Executed endpoint 'PaginaBizu.Controllers.CartController.CartCount (PaginaBizu)'
2025-08-16 14:04:43.674 -06:00 [INF] Request finished HTTP/1.1 GET http://localhost:5116/Cart/CartCount - 200 null application/json; charset=utf-8 31.8875ms
2025-08-16 14:04:44.460 -06:00 [INF] Request starting HTTP/1.1 POST http://localhost:5116/Cart/ComprarPrueba - application/x-www-form-urlencoded 225
2025-08-16 14:04:44.470 -06:00 [INF] Executing endpoint 'PaginaBizu.Controllers.CartController.ComprarPrueba (PaginaBizu)'
2025-08-16 14:04:44.475 -06:00 [INF] Route matched with {action = "ComprarPrueba", controller = "Cart", page = "", area = ""}. Executing controller action with signature System.Threading.Tasks.Task`1[Microsoft.AspNetCore.Mvc.IActionResult] ComprarPrueba() on controller PaginaBizu.Controllers.CartController (PaginaBizu).
2025-08-16 14:04:44.479 -06:00 [INF] ➡️ Acción ejecutándose: Cart/ComprarPrueba | Usuario: hoshuacastillo48@gmail.com | IP: ::1 | Hora: "2025-08-16T14:04:44.4795076-06:00"
2025-08-16 14:04:44.497 -06:00 [WRN] The query uses the 'First'/'FirstOrDefault' operator without 'OrderBy' and filter operators. This may lead to unpredictable results.
2025-08-16 14:04:44.507 -06:00 [INF] Executed DbCommand (2ms) [Parameters=[], CommandType='"Text"', CommandTimeout='30']
SELECT TOP(1) [p].[Id], [p].[CantidadDisponible], [p].[Categoria], [p].[Descripcion], [p].[FechaCreacion], [p].[ImagenUrl], [p].[NombreArticulo], [p].[Precio]
FROM [Products] AS [p]
2025-08-16 14:04:44.715 -06:00 [INF] Executed DbCommand (18ms) [Parameters=[@p0='?' (Size = 200), @p1='?' (Size = 4000), @p2='?' (DbType = DateTime2), @p3='?' (Size = 50), @p4='?' (Size = 500), @p5='?' (Precision = 18) (Scale = 2) (DbType = Decimal), @p6='?' (Size = 450)], CommandType='"Text"', CommandTimeout='30']
SET IMPLICIT_TRANSACTIONS OFF;
SET NOCOUNT ON;
INSERT INTO [Orders] ([DireccionEnvio], [Estado], [Fecha], [MetodoPago], [Notas], [Total], [UsuarioId])
OUTPUT INSERTED.[Id]
VALUES (@p0, @p1, @p2, @p3, @p4, @p5, @p6);
2025-08-16 14:04:44.750 -06:00 [ERR] An exception occurred in the database while saving changes for context type 'PaginaBizu.Data.AppDbContext'.
Microsoft.EntityFrameworkCore.DbUpdateException: An error occurred while saving the entity changes. See the inner exception for details.
 ---> Microsoft.Data.SqlClient.SqlException (0x80131904): Cannot insert the value NULL into column 'DireccionEnvio', table 'Bizuteria.dbo.Orders'; column does not allow nulls. INSERT fails.
   at Microsoft.Data.SqlClient.SqlConnection.OnError(SqlException exception, Boolean breakConnection, Action`1 wrapCloseInAction)
   at Microsoft.Data.SqlClient.SqlInternalConnection.OnError(SqlException exception, Boolean breakConnection, Action`1 wrapCloseInAction)
   at Microsoft.Data.SqlClient.TdsParser.ThrowExceptionAndWarning(TdsParserStateObject stateObj, Boolean callerHasConnectionLock, Boolean asyncClose)
   at Microsoft.Data.SqlClient.TdsParser.TryRun(RunBehavior runBehavior, SqlCommand cmdHandler, SqlDataReader dataStream, BulkCopySimpleResultSet bulkCopyHandler, TdsParserStateObject stateObj, Boolean& dataReady)
   at Microsoft.Data.SqlClient.SqlDataReader.TryHasMoreRows(Boolean& moreRows)
   at Microsoft.Data.SqlClient.SqlDataReader.TryReadInternal(Boolean setTimeout, Boolean& more)
   at Microsoft.Data.SqlClient.SqlDataReader.Read()
   at Microsoft.EntityFrameworkCore.Storage.RelationalDataReader.Read()
   at Microsoft.EntityFrameworkCore.Update.AffectedCountModificationCommandBatch.ConsumeResultSet(Int32 startCommandIndex, RelationalDataReader reader)
ClientConnectionId:14fb6d3f-bba1-406c-b107-5c3a3b3cce53
Error Number:515,State:2,Class:16
   --- End of inner exception stack trace ---
   at Microsoft.EntityFrameworkCore.Update.AffectedCountModificationCommandBatch.ConsumeResultSet(Int32 startCommandIndex, RelationalDataReader reader)
   at Microsoft.EntityFrameworkCore.Update.AffectedCountModificationCommandBatch.Consume(RelationalDataReader reader)
   at Microsoft.EntityFrameworkCore.Update.ReaderModificationCommandBatch.Execute(IRelationalConnection connection)
   at Microsoft.EntityFrameworkCore.SqlServer.Update.Internal.SqlServerModificationCommandBatch.Execute(IRelationalConnection connection)
   at Microsoft.EntityFrameworkCore.Update.Internal.BatchExecutor.Execute(IEnumerable`1 commandBatches, IRelationalConnection connection)
   at Microsoft.EntityFrameworkCore.Storage.RelationalDatabase.SaveChanges(IList`1 entries)
   at Microsoft.EntityFrameworkCore.ChangeTracking.Internal.StateManager.SaveChanges(IList`1 entriesToSave)
   at Microsoft.EntityFrameworkCore.ChangeTracking.Internal.StateManager.SaveChanges(StateManager stateManager, Boolean acceptAllChangesOnSuccess)
   at Microsoft.EntityFrameworkCore.ChangeTracking.Internal.StateManager.<>c.<SaveChanges>b__112_0(DbContext _, ValueTuple`2 t)
   at Microsoft.EntityFrameworkCore.Storage.ExecutionStrategy.<>c__DisplayClass28_0`2.<Execute>b__0(DbContext context, TState state)
   at Microsoft.EntityFrameworkCore.Storage.ExecutionStrategy.ExecuteImplementation[TState,TResult](Func`3 operation, Func`3 verifySucceeded, TState state)
   at Microsoft.EntityFrameworkCore.Storage.ExecutionStrategy.Execute[TState,TResult](TState state, Func`3 operation, Func`3 verifySucceeded)
   at Microsoft.EntityFrameworkCore.ChangeTracking.Internal.StateManager.SaveChanges(Boolean acceptAllChangesOnSuccess)
   at Microsoft.EntityFrameworkCore.DbContext.SaveChanges(Boolean acceptAllChangesOnSuccess)
Microsoft.EntityFrameworkCore.DbUpdateException: An error occurred while saving the entity changes. See the inner exception for details.
 ---> Microsoft.Data.SqlClient.SqlException (0x80131904): Cannot insert the value NULL into column 'DireccionEnvio', table 'Bizuteria.dbo.Orders'; column does not allow nulls. INSERT fails.
   at Microsoft.Data.SqlClient.SqlConnection.OnError(SqlException exception, Boolean breakConnection, Action`1 wrapCloseInAction)
   at Microsoft.Data.SqlClient.SqlInternalConnection.OnError(SqlException exception, Boolean breakConnection, Action`1 wrapCloseInAction)
   at Microsoft.Data.SqlClient.TdsParser.ThrowExceptionAndWarning(TdsParserStateObject stateObj, Boolean callerHasConnectionLock, Boolean asyncClose)
   at Microsoft.Data.SqlClient.TdsParser.TryRun(RunBehavior runBehavior, SqlCommand cmdHandler, SqlDataReader dataStream, BulkCopySimpleResultSet bulkCopyHandler, TdsParserStateObject stateObj, Boolean& dataReady)
   at Microsoft.Data.SqlClient.SqlDataReader.TryHasMoreRows(Boolean& moreRows)
   at Microsoft.Data.SqlClient.SqlDataReader.TryReadInternal(Boolean setTimeout, Boolean& more)
   at Microsoft.Data.SqlClient.SqlDataReader.Read()
   at Microsoft.EntityFrameworkCore.Storage.RelationalDataReader.Read()
   at Microsoft.EntityFrameworkCore.Update.AffectedCountModificationCommandBatch.ConsumeResultSet(Int32 startCommandIndex, RelationalDataReader reader)
ClientConnectionId:14fb6d3f-bba1-406c-b107-5c3a3b3cce53
Error Number:515,State:2,Class:16
   --- End of inner exception stack trace ---
   at Microsoft.EntityFrameworkCore.Update.AffectedCountModificationCommandBatch.ConsumeResultSet(Int32 startCommandIndex, RelationalDataReader reader)
   at Microsoft.EntityFrameworkCore.Update.AffectedCountModificationCommandBatch.Consume(RelationalDataReader reader)
   at Microsoft.EntityFrameworkCore.Update.ReaderModificationCommandBatch.Execute(IRelationalConnection connection)
   at Microsoft.EntityFrameworkCore.SqlServer.Update.Internal.SqlServerModificationCommandBatch.Execute(IRelationalConnection connection)
   at Microsoft.EntityFrameworkCore.Update.Internal.BatchExecutor.Execute(IEnumerable`1 commandBatches, IRelationalConnection connection)
   at Microsoft.EntityFrameworkCore.Storage.RelationalDatabase.SaveChanges(IList`1 entries)
   at Microsoft.EntityFrameworkCore.ChangeTracking.Internal.StateManager.SaveChanges(IList`1 entriesToSave)
   at Microsoft.EntityFrameworkCore.ChangeTracking.Internal.StateManager.SaveChanges(StateManager stateManager, Boolean acceptAllChangesOnSuccess)
   at Microsoft.EntityFrameworkCore.ChangeTracking.Internal.StateManager.<>c.<SaveChanges>b__112_0(DbContext _, ValueTuple`2 t)
   at Microsoft.EntityFrameworkCore.Storage.ExecutionStrategy.<>c__DisplayClass28_0`2.<Execute>b__0(DbContext context, TState state)
   at Microsoft.EntityFrameworkCore.Storage.ExecutionStrategy.ExecuteImplementation[TState,TResult](Func`3 operation, Func`3 verifySucceeded, TState state)
   at Microsoft.EntityFrameworkCore.Storage.ExecutionStrategy.Execute[TState,TResult](TState state, Func`3 operation, Func`3 verifySucceeded)
   at Microsoft.EntityFrameworkCore.ChangeTracking.Internal.StateManager.SaveChanges(Boolean acceptAllChangesOnSuccess)
   at Microsoft.EntityFrameworkCore.DbContext.SaveChanges(Boolean acceptAllChangesOnSuccess)
2025-08-16 14:04:44.779 -06:00 [INF] ✅ Acción ejecutada: Cart/ComprarPrueba | Hora: "2025-08-16T14:04:44.7794498-06:00"
2025-08-16 14:04:44.782 -06:00 [INF] Executing RedirectResult, redirecting to /Products.
2025-08-16 14:04:44.790 -06:00 [INF] Executed action PaginaBizu.Controllers.CartController.ComprarPrueba (PaginaBizu) in 310.6223ms
2025-08-16 14:04:44.791 -06:00 [INF] Executed endpoint 'PaginaBizu.Controllers.CartController.ComprarPrueba (PaginaBizu)'
2025-08-16 14:04:44.792 -06:00 [INF] Request finished HTTP/1.1 POST http://localhost:5116/Cart/ComprarPrueba - 302 0 null 332.5933ms
2025-08-16 14:04:44.799 -06:00 [INF] Request starting HTTP/1.1 GET http://localhost:5116/Products - null null
2025-08-16 14:04:44.804 -06:00 [INF] Executing endpoint 'PaginaBizu.Controllers.ProductsController.Index (PaginaBizu)'
2025-08-16 14:04:44.805 -06:00 [INF] Route matched with {action = "Index", controller = "Products", page = "", area = ""}. Executing controller action with signature System.Threading.Tasks.Task`1[Microsoft.AspNetCore.Mvc.IActionResult] Index() on controller PaginaBizu.Controllers.ProductsController (PaginaBizu).
2025-08-16 14:04:44.807 -06:00 [INF] ➡️ Acción ejecutándose: Products/Index | Usuario: hoshuacastillo48@gmail.com | IP: ::1 | Hora: "2025-08-16T14:04:44.8071993-06:00"
2025-08-16 14:04:44.810 -06:00 [INF] Executed DbCommand (1ms) [Parameters=[], CommandType='"Text"', CommandTimeout='30']
SELECT [p].[Id], [p].[CantidadDisponible], [p].[Categoria], [p].[Descripcion], [p].[FechaCreacion], [p].[ImagenUrl], [p].[NombreArticulo], [p].[Precio]
FROM [Products] AS [p]
2025-08-16 14:04:44.812 -06:00 [INF] ✅ Acción ejecutada: Products/Index | Hora: "2025-08-16T14:04:44.8123360-06:00"
2025-08-16 14:04:44.815 -06:00 [INF] Executing ViewResult, running view Index.
2025-08-16 14:04:44.819 -06:00 [INF] Executed ViewResult - view Index executed in 4.6966ms.
2025-08-16 14:04:44.823 -06:00 [INF] Executed action PaginaBizu.Controllers.ProductsController.Index (PaginaBizu) in 15.9385ms
2025-08-16 14:04:44.826 -06:00 [INF] Executed endpoint 'PaginaBizu.Controllers.ProductsController.Index (PaginaBizu)'
2025-08-16 14:04:44.828 -06:00 [INF] Request finished HTTP/1.1 GET http://localhost:5116/Products - 200 null text/html; charset=utf-8 29.6751ms
2025-08-16 14:04:44.867 -06:00 [INF] Request starting HTTP/1.1 GET http://localhost:5116/imagenpulseraoro.jpg - null null
2025-08-16 14:04:44.868 -06:00 [INF] Request starting HTTP/1.1 GET http://localhost:5116/pulseraverde.jpg - null null
2025-08-16 14:04:44.876 -06:00 [INF] Request finished HTTP/1.1 GET http://localhost:5116/imagenpulseraoro.jpg - 404 0 null 8.535ms
2025-08-16 14:04:44.884 -06:00 [INF] Request finished HTTP/1.1 GET http://localhost:5116/pulseraverde.jpg - 404 0 null 15.7012ms
2025-08-16 14:04:44.894 -06:00 [INF] Request reached the end of the middleware pipeline without being handled by application code. Request path: GET http://localhost:5116/imagenpulseraoro.jpg, Response status code: 404
2025-08-16 14:04:44.903 -06:00 [INF] Request reached the end of the middleware pipeline without being handled by application code. Request path: GET http://localhost:5116/pulseraverde.jpg, Response status code: 404
2025-08-16 14:04:45.074 -06:00 [INF] Request starting HTTP/1.1 GET http://localhost:5116/imagenpulserrojo.jpg - null null
2025-08-16 14:04:45.081 -06:00 [INF] Request finished HTTP/1.1 GET http://localhost:5116/imagenpulserrojo.jpg - 404 0 null 6.1731ms
2025-08-16 14:04:45.086 -06:00 [INF] Request reached the end of the middleware pipeline without being handled by application code. Request path: GET http://localhost:5116/imagenpulserrojo.jpg, Response status code: 404
2025-08-16 14:04:45.090 -06:00 [INF] Request starting HTTP/1.1 GET http://localhost:5116/Cart/CartCount - null null
2025-08-16 14:04:45.096 -06:00 [INF] Executing endpoint 'PaginaBizu.Controllers.CartController.CartCount (PaginaBizu)'
2025-08-16 14:04:45.098 -06:00 [INF] Route matched with {action = "CartCount", controller = "Cart", page = "", area = ""}. Executing controller action with signature Microsoft.AspNetCore.Mvc.IActionResult CartCount() on controller PaginaBizu.Controllers.CartController (PaginaBizu).
2025-08-16 14:04:45.103 -06:00 [INF] ➡️ Acción ejecutándose: Cart/CartCount | Usuario: hoshuacastillo48@gmail.com | IP: ::1 | Hora: "2025-08-16T14:04:45.1035329-06:00"
2025-08-16 14:04:45.106 -06:00 [INF] ✅ Acción ejecutada: Cart/CartCount | Hora: "2025-08-16T14:04:45.1062970-06:00"
2025-08-16 14:04:45.109 -06:00 [INF] Executing JsonResult, writing value of type 'System.Int32'.
2025-08-16 14:04:45.111 -06:00 [INF] Executed action PaginaBizu.Controllers.CartController.CartCount (PaginaBizu) in 8.3351ms
2025-08-16 14:04:45.113 -06:00 [INF] Request starting HTTP/1.1 GET http://localhost:5116/Cart/CartCount - null null
2025-08-16 14:04:45.114 -06:00 [INF] Executed endpoint 'PaginaBizu.Controllers.CartController.CartCount (PaginaBizu)'
2025-08-16 14:04:45.119 -06:00 [INF] Executing endpoint 'PaginaBizu.Controllers.CartController.CartCount (PaginaBizu)'
2025-08-16 14:04:45.121 -06:00 [INF] Request finished HTTP/1.1 GET http://localhost:5116/Cart/CartCount - 200 null application/json; charset=utf-8 30.3029ms
2025-08-16 14:04:45.122 -06:00 [INF] Route matched with {action = "CartCount", controller = "Cart", page = "", area = ""}. Executing controller action with signature Microsoft.AspNetCore.Mvc.IActionResult CartCount() on controller PaginaBizu.Controllers.CartController (PaginaBizu).
2025-08-16 14:04:45.130 -06:00 [INF] ➡️ Acción ejecutándose: Cart/CartCount | Usuario: hoshuacastillo48@gmail.com | IP: ::1 | Hora: "2025-08-16T14:04:45.1302016-06:00"
2025-08-16 14:04:45.134 -06:00 [INF] ✅ Acción ejecutada: Cart/CartCount | Hora: "2025-08-16T14:04:45.1346194-06:00"
2025-08-16 14:04:45.139 -06:00 [INF] Executing JsonResult, writing value of type 'System.Int32'.
2025-08-16 14:04:45.141 -06:00 [INF] Executed action PaginaBizu.Controllers.CartController.CartCount (PaginaBizu) in 11.2563ms
2025-08-16 14:04:45.145 -06:00 [INF] Executed endpoint 'PaginaBizu.Controllers.CartController.CartCount (PaginaBizu)'
2025-08-16 14:04:45.147 -06:00 [INF] Request finished HTTP/1.1 GET http://localhost:5116/Cart/CartCount - 200 null application/json; charset=utf-8 34.6568ms
2025-08-16 14:08:03.148 -06:00 [INF] Application is shutting down...
2025-08-16 14:10:35.319 -06:00 [INF] User profile is available. Using 'C:\Users\hoshu\AppData\Local\ASP.NET\DataProtection-Keys' as key repository and Windows DPAPI to encrypt keys at rest.
2025-08-16 14:10:36.693 -06:00 [INF] Executed DbCommand (39ms) [Parameters=[@__normalizedName_0='?' (Size = 256)], CommandType='"Text"', CommandTimeout='30']
SELECT TOP(1) [a].[Id], [a].[ConcurrencyStamp], [a].[Name], [a].[NormalizedName]
FROM [AspNetRoles] AS [a]
WHERE [a].[NormalizedName] = @__normalizedName_0
2025-08-16 14:10:36.790 -06:00 [INF] Executed DbCommand (7ms) [Parameters=[@__normalizedEmail_0='?' (Size = 256)], CommandType='"Text"', CommandTimeout='30']
SELECT TOP(2) [a].[Id], [a].[AccessFailedCount], [a].[Apellido], [a].[ConcurrencyStamp], [a].[Direccion], [a].[Email], [a].[EmailConfirmed], [a].[LockoutEnabled], [a].[LockoutEnd], [a].[Nombre], [a].[NormalizedEmail], [a].[NormalizedUserName], [a].[PasswordHash], [a].[PhoneNumber], [a].[PhoneNumberConfirmed], [a].[SecurityStamp], [a].[Telefono], [a].[TwoFactorEnabled], [a].[UserName]
FROM [AspNetUsers] AS [a]
WHERE [a].[NormalizedEmail] = @__normalizedEmail_0
2025-08-16 14:10:36.840 -06:00 [INF] Executed DbCommand (3ms) [Parameters=[@__normalizedRoleName_0='?' (Size = 256)], CommandType='"Text"', CommandTimeout='30']
SELECT TOP(2) [a].[Id], [a].[ConcurrencyStamp], [a].[Name], [a].[NormalizedName]
FROM [AspNetRoles] AS [a]
WHERE [a].[NormalizedName] = @__normalizedRoleName_0
2025-08-16 14:10:36.869 -06:00 [INF] Executed DbCommand (3ms) [Parameters=[@__p_0='?' (Size = 450), @__p_1='?' (Size = 450)], CommandType='"Text"', CommandTimeout='30']
SELECT TOP(1) [a].[UserId], [a].[RoleId]
FROM [AspNetUserRoles] AS [a]
WHERE [a].[UserId] = @__p_0 AND [a].[RoleId] = @__p_1
2025-08-16 14:10:36.885 -06:00 [INF] Executed DbCommand (1ms) [Parameters=[@__normalizedEmail_0='?' (Size = 256)], CommandType='"Text"', CommandTimeout='30']
SELECT TOP(2) [a].[Id], [a].[AccessFailedCount], [a].[Apellido], [a].[ConcurrencyStamp], [a].[Direccion], [a].[Email], [a].[EmailConfirmed], [a].[LockoutEnabled], [a].[LockoutEnd], [a].[Nombre], [a].[NormalizedEmail], [a].[NormalizedUserName], [a].[PasswordHash], [a].[PhoneNumber], [a].[PhoneNumberConfirmed], [a].[SecurityStamp], [a].[Telefono], [a].[TwoFactorEnabled], [a].[UserName]
FROM [AspNetUsers] AS [a]
WHERE [a].[NormalizedEmail] = @__normalizedEmail_0
2025-08-16 14:10:36.892 -06:00 [INF] Executed DbCommand (1ms) [Parameters=[@__normalizedRoleName_0='?' (Size = 256)], CommandType='"Text"', CommandTimeout='30']
SELECT TOP(2) [a].[Id], [a].[ConcurrencyStamp], [a].[Name], [a].[NormalizedName]
FROM [AspNetRoles] AS [a]
WHERE [a].[NormalizedName] = @__normalizedRoleName_0
2025-08-16 14:10:36.897 -06:00 [INF] Executed DbCommand (1ms) [Parameters=[@__p_0='?' (Size = 450), @__p_1='?' (Size = 450)], CommandType='"Text"', CommandTimeout='30']
SELECT TOP(1) [a].[UserId], [a].[RoleId]
FROM [AspNetUserRoles] AS [a]
WHERE [a].[UserId] = @__p_0 AND [a].[RoleId] = @__p_1
2025-08-16 14:10:36.901 -06:00 [INF] Executed DbCommand (1ms) [Parameters=[@__normalizedEmail_0='?' (Size = 256)], CommandType='"Text"', CommandTimeout='30']
SELECT TOP(2) [a].[Id], [a].[AccessFailedCount], [a].[Apellido], [a].[ConcurrencyStamp], [a].[Direccion], [a].[Email], [a].[EmailConfirmed], [a].[LockoutEnabled], [a].[LockoutEnd], [a].[Nombre], [a].[NormalizedEmail], [a].[NormalizedUserName], [a].[PasswordHash], [a].[PhoneNumber], [a].[PhoneNumberConfirmed], [a].[SecurityStamp], [a].[Telefono], [a].[TwoFactorEnabled], [a].[UserName]
FROM [AspNetUsers] AS [a]
WHERE [a].[NormalizedEmail] = @__normalizedEmail_0
2025-08-16 14:10:36.905 -06:00 [INF] Executed DbCommand (1ms) [Parameters=[@__normalizedRoleName_0='?' (Size = 256)], CommandType='"Text"', CommandTimeout='30']
SELECT TOP(2) [a].[Id], [a].[ConcurrencyStamp], [a].[Name], [a].[NormalizedName]
FROM [AspNetRoles] AS [a]
WHERE [a].[NormalizedName] = @__normalizedRoleName_0
2025-08-16 14:10:36.910 -06:00 [INF] Executed DbCommand (1ms) [Parameters=[@__p_0='?' (Size = 450), @__p_1='?' (Size = 450)], CommandType='"Text"', CommandTimeout='30']
SELECT TOP(1) [a].[UserId], [a].[RoleId]
FROM [AspNetUserRoles] AS [a]
WHERE [a].[UserId] = @__p_0 AND [a].[RoleId] = @__p_1
2025-08-16 14:10:37.150 -06:00 [INF] Now listening on: http://localhost:5116
2025-08-16 14:10:37.154 -06:00 [INF] Application started. Press Ctrl+C to shut down.
2025-08-16 14:10:37.155 -06:00 [INF] Hosting environment: Development
2025-08-16 14:10:37.156 -06:00 [INF] Content root path: C:\Users\hoshu\OneDrive\Desktop\ProyectoAnalisisDeSistemas-master\ProyectoAnalisisDeSistemas-master\PaginaBizu
2025-08-16 14:10:40.806 -06:00 [INF] Request starting HTTP/1.1 GET http://localhost:5116/Products - null null
2025-08-16 14:10:40.852 -06:00 [WRN] Failed to determine the https port for redirect.
2025-08-16 14:10:40.896 -06:00 [INF] Executing endpoint 'PaginaBizu.Controllers.ProductsController.Index (PaginaBizu)'
2025-08-16 14:10:40.910 -06:00 [INF] Route matched with {action = "Index", controller = "Products", page = "", area = ""}. Executing controller action with signature System.Threading.Tasks.Task`1[Microsoft.AspNetCore.Mvc.IActionResult] Index() on controller PaginaBizu.Controllers.ProductsController (PaginaBizu).
2025-08-16 14:10:40.919 -06:00 [INF] ➡️ Acción ejecutándose: Products/Index | Usuario: hoshuacastillo48@gmail.com | IP: ::1 | Hora: "2025-08-16T14:10:40.9193081-06:00"
2025-08-16 14:10:40.983 -06:00 [INF] Executed DbCommand (3ms) [Parameters=[], CommandType='"Text"', CommandTimeout='30']
SELECT [p].[Id], [p].[CantidadDisponible], [p].[Categoria], [p].[Descripcion], [p].[FechaCreacion], [p].[ImagenUrl], [p].[NombreArticulo], [p].[Precio]
FROM [Products] AS [p]
2025-08-16 14:10:41.012 -06:00 [INF] ✅ Acción ejecutada: Products/Index | Hora: "2025-08-16T14:10:41.0124756-06:00"
2025-08-16 14:10:41.019 -06:00 [INF] Executing ViewResult, running view Index.
2025-08-16 14:10:41.085 -06:00 [INF] Executed ViewResult - view Index executed in 66.7321ms.
2025-08-16 14:10:41.089 -06:00 [INF] Executed action PaginaBizu.Controllers.ProductsController.Index (PaginaBizu) in 175.505ms
2025-08-16 14:10:41.093 -06:00 [INF] Executed endpoint 'PaginaBizu.Controllers.ProductsController.Index (PaginaBizu)'
2025-08-16 14:10:41.118 -06:00 [INF] Request finished HTTP/1.1 GET http://localhost:5116/Products - 200 null text/html; charset=utf-8 312.4628ms
2025-08-16 14:10:41.145 -06:00 [INF] Request starting HTTP/1.1 GET http://localhost:5116/imagenpulseraoro.jpg - null null
2025-08-16 14:10:41.145 -06:00 [INF] Request starting HTTP/1.1 GET http://localhost:5116/pulseraverde.jpg - null null
2025-08-16 14:10:41.162 -06:00 [INF] Request finished HTTP/1.1 GET http://localhost:5116/imagenpulseraoro.jpg - 404 0 null 17.0499ms
2025-08-16 14:10:41.162 -06:00 [INF] Request finished HTTP/1.1 GET http://localhost:5116/pulseraverde.jpg - 404 0 null 17.0498ms
2025-08-16 14:10:41.168 -06:00 [INF] Request reached the end of the middleware pipeline without being handled by application code. Request path: GET http://localhost:5116/imagenpulseraoro.jpg, Response status code: 404
2025-08-16 14:10:41.171 -06:00 [INF] Request reached the end of the middleware pipeline without being handled by application code. Request path: GET http://localhost:5116/pulseraverde.jpg, Response status code: 404
2025-08-16 14:10:41.571 -06:00 [INF] Request starting HTTP/1.1 GET http://localhost:5116/imagenpulserrojo.jpg - null null
2025-08-16 14:10:41.597 -06:00 [INF] Request finished HTTP/1.1 GET http://localhost:5116/imagenpulserrojo.jpg - 404 0 null 25.9305ms
2025-08-16 14:10:41.603 -06:00 [INF] Request reached the end of the middleware pipeline without being handled by application code. Request path: GET http://localhost:5116/imagenpulserrojo.jpg, Response status code: 404
2025-08-16 14:10:41.626 -06:00 [INF] Request starting HTTP/1.1 GET http://localhost:5116/Cart/CartCount - null null
2025-08-16 14:10:41.634 -06:00 [INF] Executing endpoint 'PaginaBizu.Controllers.CartController.CartCount (PaginaBizu)'
2025-08-16 14:10:41.641 -06:00 [INF] Route matched with {action = "CartCount", controller = "Cart", page = "", area = ""}. Executing controller action with signature Microsoft.AspNetCore.Mvc.IActionResult CartCount() on controller PaginaBizu.Controllers.CartController (PaginaBizu).
2025-08-16 14:10:41.646 -06:00 [INF] ➡️ Acción ejecutándose: Cart/CartCount | Usuario: hoshuacastillo48@gmail.com | IP: ::1 | Hora: "2025-08-16T14:10:41.6463150-06:00"
2025-08-16 14:10:41.649 -06:00 [INF] Accessing expired session, Key:b6d22df1-35ff-543a-666b-31a639717e32
2025-08-16 14:10:41.653 -06:00 [INF] ✅ Acción ejecutada: Cart/CartCount | Hora: "2025-08-16T14:10:41.6538629-06:00"
2025-08-16 14:10:41.661 -06:00 [INF] Executing JsonResult, writing value of type 'System.Int32'.
2025-08-16 14:10:41.690 -06:00 [INF] Request starting HTTP/1.1 GET http://localhost:5116/Cart/CartCount - null null
2025-08-16 14:10:41.690 -06:00 [INF] Executed action PaginaBizu.Controllers.CartController.CartCount (PaginaBizu) in 45.113ms
2025-08-16 14:10:41.697 -06:00 [INF] Executing endpoint 'PaginaBizu.Controllers.CartController.CartCount (PaginaBizu)'
2025-08-16 14:10:41.697 -06:00 [INF] Executed endpoint 'PaginaBizu.Controllers.CartController.CartCount (PaginaBizu)'
2025-08-16 14:10:41.700 -06:00 [INF] Route matched with {action = "CartCount", controller = "Cart", page = "", area = ""}. Executing controller action with signature Microsoft.AspNetCore.Mvc.IActionResult CartCount() on controller PaginaBizu.Controllers.CartController (PaginaBizu).
2025-08-16 14:10:41.701 -06:00 [INF] Request finished HTTP/1.1 GET http://localhost:5116/Cart/CartCount - 200 null application/json; charset=utf-8 75.0371ms
2025-08-16 14:10:41.705 -06:00 [INF] ➡️ Acción ejecutándose: Cart/CartCount | Usuario: hoshuacastillo48@gmail.com | IP: ::1 | Hora: "2025-08-16T14:10:41.7057173-06:00"
2025-08-16 14:10:41.714 -06:00 [INF] Accessing expired session, Key:b6d22df1-35ff-543a-666b-31a639717e32
2025-08-16 14:10:41.715 -06:00 [INF] ✅ Acción ejecutada: Cart/CartCount | Hora: "2025-08-16T14:10:41.7156659-06:00"
2025-08-16 14:10:41.718 -06:00 [INF] Executing JsonResult, writing value of type 'System.Int32'.
2025-08-16 14:10:41.720 -06:00 [INF] Executed action PaginaBizu.Controllers.CartController.CartCount (PaginaBizu) in 14.3913ms
2025-08-16 14:10:41.722 -06:00 [INF] Executed endpoint 'PaginaBizu.Controllers.CartController.CartCount (PaginaBizu)'
2025-08-16 14:10:41.725 -06:00 [INF] Request finished HTTP/1.1 GET http://localhost:5116/Cart/CartCount - 200 null application/json; charset=utf-8 34.9758ms
2025-08-16 14:10:45.181 -06:00 [INF] Request starting HTTP/1.1 GET http://localhost:5116/Orders - null null
2025-08-16 14:10:45.198 -06:00 [INF] Executing endpoint 'PaginaBizu.Controllers.OrdersController.Index (PaginaBizu)'
2025-08-16 14:10:45.215 -06:00 [INF] Route matched with {action = "Index", controller = "Orders", page = "", area = ""}. Executing controller action with signature System.Threading.Tasks.Task`1[Microsoft.AspNetCore.Mvc.IActionResult] Index() on controller PaginaBizu.Controllers.OrdersController (PaginaBizu).
2025-08-16 14:10:45.224 -06:00 [INF] ➡️ Acción ejecutándose: Orders/Index | Usuario: hoshuacastillo48@gmail.com | IP: ::1 | Hora: "2025-08-16T14:10:45.2239371-06:00"
2025-08-16 14:10:45.438 -06:00 [INF] Executed DbCommand (12ms) [Parameters=[], CommandType='"Text"', CommandTimeout='30']
SELECT [o].[Id], [o].[DireccionEnvio], [o].[Estado], [o].[Fecha], [o].[MetodoPago], [o].[Notas], [o].[Total], [o].[UsuarioId], [t].[Id], [t].[Cantidad], [t].[OrderId], [t].[PrecioUnitario], [t].[ProductId], [t].[Id0], [t].[CantidadDisponible], [t].[Categoria], [t].[Descripcion], [t].[FechaCreacion], [t].[ImagenUrl], [t].[NombreArticulo], [t].[Precio]
FROM [Orders] AS [o]
LEFT JOIN (
    SELECT [o0].[Id], [o0].[Cantidad], [o0].[OrderId], [o0].[PrecioUnitario], [o0].[ProductId], [p].[Id] AS [Id0], [p].[CantidadDisponible], [p].[Categoria], [p].[Descripcion], [p].[FechaCreacion], [p].[ImagenUrl], [p].[NombreArticulo], [p].[Precio]
    FROM [OrderDetails] AS [o0]
    INNER JOIN [Products] AS [p] ON [o0].[ProductId] = [p].[Id]
) AS [t] ON [o].[Id] = [t].[OrderId]
ORDER BY [o].[Fecha] DESC, [o].[Id], [t].[Id]
2025-08-16 14:10:45.494 -06:00 [INF] ✅ Acción ejecutada: Orders/Index | Hora: "2025-08-16T14:10:45.4942077-06:00"
2025-08-16 14:10:45.499 -06:00 [INF] Executing ViewResult, running view Index.
2025-08-16 14:10:45.526 -06:00 [INF] Executed ViewResult - view Index executed in 28.4932ms.
2025-08-16 14:10:45.531 -06:00 [INF] Executed action PaginaBizu.Controllers.OrdersController.Index (PaginaBizu) in 308.3712ms
2025-08-16 14:10:45.535 -06:00 [INF] Executed endpoint 'PaginaBizu.Controllers.OrdersController.Index (PaginaBizu)'
2025-08-16 14:10:45.540 -06:00 [INF] Request finished HTTP/1.1 GET http://localhost:5116/Orders - 200 null text/html; charset=utf-8 358.4308ms
2025-08-16 14:10:45.876 -06:00 [INF] Request starting HTTP/1.1 GET http://localhost:5116/Cart/CartCount - null null
2025-08-16 14:10:45.884 -06:00 [INF] Executing endpoint 'PaginaBizu.Controllers.CartController.CartCount (PaginaBizu)'
2025-08-16 14:10:45.887 -06:00 [INF] Route matched with {action = "CartCount", controller = "Cart", page = "", area = ""}. Executing controller action with signature Microsoft.AspNetCore.Mvc.IActionResult CartCount() on controller PaginaBizu.Controllers.CartController (PaginaBizu).
2025-08-16 14:10:45.892 -06:00 [INF] ➡️ Acción ejecutándose: Cart/CartCount | Usuario: hoshuacastillo48@gmail.com | IP: ::1 | Hora: "2025-08-16T14:10:45.8919842-06:00"
2025-08-16 14:10:45.895 -06:00 [INF] Accessing expired session, Key:b6d22df1-35ff-543a-666b-31a639717e32
2025-08-16 14:10:45.896 -06:00 [INF] ✅ Acción ejecutada: Cart/CartCount | Hora: "2025-08-16T14:10:45.8969038-06:00"
2025-08-16 14:10:45.899 -06:00 [INF] Executing JsonResult, writing value of type 'System.Int32'.
2025-08-16 14:10:45.901 -06:00 [INF] Executed action PaginaBizu.Controllers.CartController.CartCount (PaginaBizu) in 9.2676ms
2025-08-16 14:10:45.902 -06:00 [INF] Request starting HTTP/1.1 GET http://localhost:5116/Cart/CartCount - null null
2025-08-16 14:10:45.903 -06:00 [INF] Executed endpoint 'PaginaBizu.Controllers.CartController.CartCount (PaginaBizu)'
2025-08-16 14:10:45.909 -06:00 [INF] Executing endpoint 'PaginaBizu.Controllers.CartController.CartCount (PaginaBizu)'
2025-08-16 14:10:45.910 -06:00 [INF] Request finished HTTP/1.1 GET http://localhost:5116/Cart/CartCount - 200 null application/json; charset=utf-8 33.63ms
2025-08-16 14:10:45.912 -06:00 [INF] Route matched with {action = "CartCount", controller = "Cart", page = "", area = ""}. Executing controller action with signature Microsoft.AspNetCore.Mvc.IActionResult CartCount() on controller PaginaBizu.Controllers.CartController (PaginaBizu).
2025-08-16 14:10:45.920 -06:00 [INF] ➡️ Acción ejecutándose: Cart/CartCount | Usuario: hoshuacastillo48@gmail.com | IP: ::1 | Hora: "2025-08-16T14:10:45.9202687-06:00"
2025-08-16 14:10:45.923 -06:00 [INF] Accessing expired session, Key:b6d22df1-35ff-543a-666b-31a639717e32
2025-08-16 14:10:45.925 -06:00 [INF] ✅ Acción ejecutada: Cart/CartCount | Hora: "2025-08-16T14:10:45.9252192-06:00"
2025-08-16 14:10:45.928 -06:00 [INF] Executing JsonResult, writing value of type 'System.Int32'.
2025-08-16 14:10:45.930 -06:00 [INF] Executed action PaginaBizu.Controllers.CartController.CartCount (PaginaBizu) in 10.4292ms
2025-08-16 14:10:45.932 -06:00 [INF] Executed endpoint 'PaginaBizu.Controllers.CartController.CartCount (PaginaBizu)'
2025-08-16 14:10:45.935 -06:00 [INF] Request finished HTTP/1.1 GET http://localhost:5116/Cart/CartCount - 200 null application/json; charset=utf-8 32.5112ms
2025-08-16 14:10:46.855 -06:00 [INF] Request starting HTTP/1.1 GET http://localhost:5116/Orders/CrearPedidoPrueba - null null
2025-08-16 14:10:46.866 -06:00 [INF] Request finished HTTP/1.1 GET http://localhost:5116/Orders/CrearPedidoPrueba - 404 0 null 11.3249ms
2025-08-16 14:10:46.883 -06:00 [INF] Request reached the end of the middleware pipeline without being handled by application code. Request path: GET http://localhost:5116/Orders/CrearPedidoPrueba, Response status code: 404
2025-08-16 14:11:17.657 -06:00 [INF] Request starting HTTP/1.1 GET http://localhost:5116/Orders - null null
2025-08-16 14:11:17.666 -06:00 [INF] Executing endpoint 'PaginaBizu.Controllers.OrdersController.Index (PaginaBizu)'
2025-08-16 14:11:17.669 -06:00 [INF] Route matched with {action = "Index", controller = "Orders", page = "", area = ""}. Executing controller action with signature System.Threading.Tasks.Task`1[Microsoft.AspNetCore.Mvc.IActionResult] Index() on controller PaginaBizu.Controllers.OrdersController (PaginaBizu).
2025-08-16 14:11:17.673 -06:00 [INF] ➡️ Acción ejecutándose: Orders/Index | Usuario: hoshuacastillo48@gmail.com | IP: ::1 | Hora: "2025-08-16T14:11:17.6737302-06:00"
2025-08-16 14:11:17.688 -06:00 [INF] Executed DbCommand (7ms) [Parameters=[], CommandType='"Text"', CommandTimeout='30']
SELECT [o].[Id], [o].[DireccionEnvio], [o].[Estado], [o].[Fecha], [o].[MetodoPago], [o].[Notas], [o].[Total], [o].[UsuarioId], [t].[Id], [t].[Cantidad], [t].[OrderId], [t].[PrecioUnitario], [t].[ProductId], [t].[Id0], [t].[CantidadDisponible], [t].[Categoria], [t].[Descripcion], [t].[FechaCreacion], [t].[ImagenUrl], [t].[NombreArticulo], [t].[Precio]
FROM [Orders] AS [o]
LEFT JOIN (
    SELECT [o0].[Id], [o0].[Cantidad], [o0].[OrderId], [o0].[PrecioUnitario], [o0].[ProductId], [p].[Id] AS [Id0], [p].[CantidadDisponible], [p].[Categoria], [p].[Descripcion], [p].[FechaCreacion], [p].[ImagenUrl], [p].[NombreArticulo], [p].[Precio]
    FROM [OrderDetails] AS [o0]
    INNER JOIN [Products] AS [p] ON [o0].[ProductId] = [p].[Id]
) AS [t] ON [o].[Id] = [t].[OrderId]
ORDER BY [o].[Fecha] DESC, [o].[Id], [t].[Id]
2025-08-16 14:11:17.713 -06:00 [INF] ✅ Acción ejecutada: Orders/Index | Hora: "2025-08-16T14:11:17.7138697-06:00"
2025-08-16 14:11:17.719 -06:00 [INF] Executing ViewResult, running view Index.
2025-08-16 14:11:17.734 -06:00 [INF] Executed ViewResult - view Index executed in 16.4907ms.
2025-08-16 14:11:17.737 -06:00 [INF] Executed action PaginaBizu.Controllers.OrdersController.Index (PaginaBizu) in 63.6597ms
2025-08-16 14:11:17.745 -06:00 [INF] Executed endpoint 'PaginaBizu.Controllers.OrdersController.Index (PaginaBizu)'
2025-08-16 14:11:17.771 -06:00 [INF] Request finished HTTP/1.1 GET http://localhost:5116/Orders - 200 null text/html; charset=utf-8 114.2374ms
2025-08-16 14:11:18.373 -06:00 [INF] Request starting HTTP/1.1 GET http://localhost:5116/Cart/CartCount - null null
2025-08-16 14:11:18.382 -06:00 [INF] Executing endpoint 'PaginaBizu.Controllers.CartController.CartCount (PaginaBizu)'
2025-08-16 14:11:18.384 -06:00 [INF] Route matched with {action = "CartCount", controller = "Cart", page = "", area = ""}. Executing controller action with signature Microsoft.AspNetCore.Mvc.IActionResult CartCount() on controller PaginaBizu.Controllers.CartController (PaginaBizu).
2025-08-16 14:11:18.389 -06:00 [INF] ➡️ Acción ejecutándose: Cart/CartCount | Usuario: hoshuacastillo48@gmail.com | IP: ::1 | Hora: "2025-08-16T14:11:18.3894281-06:00"
2025-08-16 14:11:18.394 -06:00 [INF] Accessing expired session, Key:b6d22df1-35ff-543a-666b-31a639717e32
2025-08-16 14:11:18.398 -06:00 [INF] ✅ Acción ejecutada: Cart/CartCount | Hora: "2025-08-16T14:11:18.3981337-06:00"
2025-08-16 14:11:18.402 -06:00 [INF] Executing JsonResult, writing value of type 'System.Int32'.
2025-08-16 14:11:18.406 -06:00 [INF] Executed action PaginaBizu.Controllers.CartController.CartCount (PaginaBizu) in 17.1227ms
2025-08-16 14:11:18.408 -06:00 [INF] Request starting HTTP/1.1 GET http://localhost:5116/Cart/CartCount - null null
2025-08-16 14:11:18.409 -06:00 [INF] Executed endpoint 'PaginaBizu.Controllers.CartController.CartCount (PaginaBizu)'
2025-08-16 14:11:18.416 -06:00 [INF] Executing endpoint 'PaginaBizu.Controllers.CartController.CartCount (PaginaBizu)'
2025-08-16 14:11:18.418 -06:00 [INF] Request finished HTTP/1.1 GET http://localhost:5116/Cart/CartCount - 200 null application/json; charset=utf-8 44.9924ms
2025-08-16 14:11:18.420 -06:00 [INF] Route matched with {action = "CartCount", controller = "Cart", page = "", area = ""}. Executing controller action with signature Microsoft.AspNetCore.Mvc.IActionResult CartCount() on controller PaginaBizu.Controllers.CartController (PaginaBizu).
2025-08-16 14:11:18.432 -06:00 [INF] ➡️ Acción ejecutándose: Cart/CartCount | Usuario: hoshuacastillo48@gmail.com | IP: ::1 | Hora: "2025-08-16T14:11:18.4319454-06:00"
2025-08-16 14:11:18.437 -06:00 [INF] Accessing expired session, Key:b6d22df1-35ff-543a-666b-31a639717e32
2025-08-16 14:11:18.439 -06:00 [INF] ✅ Acción ejecutada: Cart/CartCount | Hora: "2025-08-16T14:11:18.4398521-06:00"
2025-08-16 14:11:18.443 -06:00 [INF] Executing JsonResult, writing value of type 'System.Int32'.
2025-08-16 14:11:18.447 -06:00 [INF] Executed action PaginaBizu.Controllers.CartController.CartCount (PaginaBizu) in 15.4954ms
2025-08-16 14:11:18.451 -06:00 [INF] Executed endpoint 'PaginaBizu.Controllers.CartController.CartCount (PaginaBizu)'
2025-08-16 14:11:18.454 -06:00 [INF] Request finished HTTP/1.1 GET http://localhost:5116/Cart/CartCount - 200 null application/json; charset=utf-8 45.9926ms
2025-08-16 14:11:19.851 -06:00 [INF] Request starting HTTP/1.1 GET http://localhost:5116/Orders/Edit/2011 - null null
2025-08-16 14:11:19.862 -06:00 [INF] Executing endpoint 'PaginaBizu.Controllers.OrdersController.Edit (PaginaBizu)'
2025-08-16 14:11:19.871 -06:00 [INF] Route matched with {action = "Edit", controller = "Orders", page = "", area = ""}. Executing controller action with signature System.Threading.Tasks.Task`1[Microsoft.AspNetCore.Mvc.IActionResult] Edit(System.Nullable`1[System.Int32]) on controller PaginaBizu.Controllers.OrdersController (PaginaBizu).
2025-08-16 14:11:19.882 -06:00 [INF] ➡️ Acción ejecutándose: Orders/Edit | Usuario: hoshuacastillo48@gmail.com | IP: ::1 | Hora: "2025-08-16T14:11:19.8829795-06:00"
2025-08-16 14:11:19.913 -06:00 [INF] Executed DbCommand (10ms) [Parameters=[@__id_0='?' (DbType = Int32)], CommandType='"Text"', CommandTimeout='30']
SELECT [t].[Id], [t].[DireccionEnvio], [t].[Estado], [t].[Fecha], [t].[MetodoPago], [t].[Notas], [t].[Total], [t].[UsuarioId], [t0].[Id], [t0].[Cantidad], [t0].[OrderId], [t0].[PrecioUnitario], [t0].[ProductId], [t0].[Id0], [t0].[CantidadDisponible], [t0].[Categoria], [t0].[Descripcion], [t0].[FechaCreacion], [t0].[ImagenUrl], [t0].[NombreArticulo], [t0].[Precio]
FROM (
    SELECT TOP(1) [o].[Id], [o].[DireccionEnvio], [o].[Estado], [o].[Fecha], [o].[MetodoPago], [o].[Notas], [o].[Total], [o].[UsuarioId]
    FROM [Orders] AS [o]
    WHERE [o].[Id] = @__id_0
) AS [t]
LEFT JOIN (
    SELECT [o0].[Id], [o0].[Cantidad], [o0].[OrderId], [o0].[PrecioUnitario], [o0].[ProductId], [p].[Id] AS [Id0], [p].[CantidadDisponible], [p].[Categoria], [p].[Descripcion], [p].[FechaCreacion], [p].[ImagenUrl], [p].[NombreArticulo], [p].[Precio]
    FROM [OrderDetails] AS [o0]
    INNER JOIN [Products] AS [p] ON [o0].[ProductId] = [p].[Id]
) AS [t0] ON [t].[Id] = [t0].[OrderId]
ORDER BY [t].[Id], [t0].[Id]
2025-08-16 14:11:19.918 -06:00 [INF] ✅ Acción ejecutada: Orders/Edit | Hora: "2025-08-16T14:11:19.9183582-06:00"
2025-08-16 14:11:19.920 -06:00 [INF] Executing ViewResult, running view Edit.
2025-08-16 14:11:19.947 -06:00 [INF] Executed ViewResult - view Edit executed in 27.8519ms.
2025-08-16 14:11:19.951 -06:00 [INF] Executed action PaginaBizu.Controllers.OrdersController.Edit (PaginaBizu) in 73.7849ms
2025-08-16 14:11:19.956 -06:00 [INF] Executed endpoint 'PaginaBizu.Controllers.OrdersController.Edit (PaginaBizu)'
2025-08-16 14:11:19.959 -06:00 [INF] Request finished HTTP/1.1 GET http://localhost:5116/Orders/Edit/2011 - 200 null text/html; charset=utf-8 107.8765ms
2025-08-16 14:11:20.230 -06:00 [INF] Request starting HTTP/1.1 GET http://localhost:5116/Cart/CartCount - null null
2025-08-16 14:11:20.237 -06:00 [INF] Executing endpoint 'PaginaBizu.Controllers.CartController.CartCount (PaginaBizu)'
2025-08-16 14:11:20.240 -06:00 [INF] Route matched with {action = "CartCount", controller = "Cart", page = "", area = ""}. Executing controller action with signature Microsoft.AspNetCore.Mvc.IActionResult CartCount() on controller PaginaBizu.Controllers.CartController (PaginaBizu).
2025-08-16 14:11:20.243 -06:00 [INF] ➡️ Acción ejecutándose: Cart/CartCount | Usuario: hoshuacastillo48@gmail.com | IP: ::1 | Hora: "2025-08-16T14:11:20.2438767-06:00"
2025-08-16 14:11:20.247 -06:00 [INF] Accessing expired session, Key:b6d22df1-35ff-543a-666b-31a639717e32
2025-08-16 14:11:20.249 -06:00 [INF] ✅ Acción ejecutada: Cart/CartCount | Hora: "2025-08-16T14:11:20.2490507-06:00"
2025-08-16 14:11:20.251 -06:00 [INF] Executing JsonResult, writing value of type 'System.Int32'.
2025-08-16 14:11:20.252 -06:00 [INF] Executed action PaginaBizu.Controllers.CartController.CartCount (PaginaBizu) in 8.8963ms
2025-08-16 14:11:20.253 -06:00 [INF] Request starting HTTP/1.1 GET http://localhost:5116/Cart/CartCount - null null
2025-08-16 14:11:20.254 -06:00 [INF] Executed endpoint 'PaginaBizu.Controllers.CartController.CartCount (PaginaBizu)'
2025-08-16 14:11:20.261 -06:00 [INF] Executing endpoint 'PaginaBizu.Controllers.CartController.CartCount (PaginaBizu)'
2025-08-16 14:11:20.262 -06:00 [INF] Request finished HTTP/1.1 GET http://localhost:5116/Cart/CartCount - 200 null application/json; charset=utf-8 32.2333ms
2025-08-16 14:11:20.265 -06:00 [INF] Route matched with {action = "CartCount", controller = "Cart", page = "", area = ""}. Executing controller action with signature Microsoft.AspNetCore.Mvc.IActionResult CartCount() on controller PaginaBizu.Controllers.CartController (PaginaBizu).
2025-08-16 14:11:20.274 -06:00 [INF] ➡️ Acción ejecutándose: Cart/CartCount | Usuario: hoshuacastillo48@gmail.com | IP: ::1 | Hora: "2025-08-16T14:11:20.2740149-06:00"
2025-08-16 14:11:20.277 -06:00 [INF] Accessing expired session, Key:b6d22df1-35ff-543a-666b-31a639717e32
2025-08-16 14:11:20.279 -06:00 [INF] ✅ Acción ejecutada: Cart/CartCount | Hora: "2025-08-16T14:11:20.2791648-06:00"
2025-08-16 14:11:20.281 -06:00 [INF] Executing JsonResult, writing value of type 'System.Int32'.
2025-08-16 14:11:20.283 -06:00 [INF] Executed action PaginaBizu.Controllers.CartController.CartCount (PaginaBizu) in 9.3013ms
2025-08-16 14:11:20.285 -06:00 [INF] Executed endpoint 'PaginaBizu.Controllers.CartController.CartCount (PaginaBizu)'
2025-08-16 14:11:20.287 -06:00 [INF] Request finished HTTP/1.1 GET http://localhost:5116/Cart/CartCount - 200 null application/json; charset=utf-8 33.8043ms
2025-08-16 14:11:21.985 -06:00 [INF] Request starting HTTP/1.1 POST http://localhost:5116/Orders/Edit/2011 - application/x-www-form-urlencoded 250
2025-08-16 14:11:21.994 -06:00 [INF] Executing endpoint 'PaginaBizu.Controllers.OrdersController.Edit (PaginaBizu)'
2025-08-16 14:11:22.027 -06:00 [INF] Route matched with {action = "Edit", controller = "Orders", page = "", area = ""}. Executing controller action with signature System.Threading.Tasks.Task`1[Microsoft.AspNetCore.Mvc.IActionResult] Edit(Int32, PaginaBizu.Models.Order) on controller PaginaBizu.Controllers.OrdersController (PaginaBizu).
2025-08-16 14:11:22.070 -06:00 [INF] ➡️ Acción ejecutándose: Orders/Edit | Usuario: hoshuacastillo48@gmail.com | IP: ::1 | Hora: "2025-08-16T14:11:22.0708312-06:00"
2025-08-16 14:11:22.098 -06:00 [INF] Executed DbCommand (3ms) [Parameters=[@__p_0='?' (DbType = Int32)], CommandType='"Text"', CommandTimeout='30']
SELECT TOP(1) [o].[Id], [o].[DireccionEnvio], [o].[Estado], [o].[Fecha], [o].[MetodoPago], [o].[Notas], [o].[Total], [o].[UsuarioId]
FROM [Orders] AS [o]
WHERE [o].[Id] = @__p_0
2025-08-16 14:11:22.107 -06:00 [INF] ✅ Acción ejecutada: Orders/Edit | Hora: "2025-08-16T14:11:22.1072774-06:00"
2025-08-16 14:11:22.113 -06:00 [INF] Executing ViewResult, running view Edit.
2025-08-16 14:11:22.121 -06:00 [INF] Executed ViewResult - view Edit executed in 7.9988ms.
2025-08-16 14:11:22.127 -06:00 [INF] Executed action PaginaBizu.Controllers.OrdersController.Edit (PaginaBizu) in 93.9494ms
2025-08-16 14:11:22.132 -06:00 [INF] Executed endpoint 'PaginaBizu.Controllers.OrdersController.Edit (PaginaBizu)'
2025-08-16 14:11:22.137 -06:00 [INF] Request finished HTTP/1.1 POST http://localhost:5116/Orders/Edit/2011 - 200 null text/html; charset=utf-8 152.6676ms
2025-08-16 14:11:22.364 -06:00 [INF] Request starting HTTP/1.1 GET http://localhost:5116/Cart/CartCount - null null
2025-08-16 14:11:22.371 -06:00 [INF] Executing endpoint 'PaginaBizu.Controllers.CartController.CartCount (PaginaBizu)'
2025-08-16 14:11:22.374 -06:00 [INF] Route matched with {action = "CartCount", controller = "Cart", page = "", area = ""}. Executing controller action with signature Microsoft.AspNetCore.Mvc.IActionResult CartCount() on controller PaginaBizu.Controllers.CartController (PaginaBizu).
2025-08-16 14:11:22.380 -06:00 [INF] ➡️ Acción ejecutándose: Cart/CartCount | Usuario: hoshuacastillo48@gmail.com | IP: ::1 | Hora: "2025-08-16T14:11:22.3800498-06:00"
2025-08-16 14:11:22.384 -06:00 [INF] Accessing expired session, Key:b6d22df1-35ff-543a-666b-31a639717e32
2025-08-16 14:11:22.385 -06:00 [INF] ✅ Acción ejecutada: Cart/CartCount | Hora: "2025-08-16T14:11:22.3859457-06:00"
2025-08-16 14:11:22.387 -06:00 [INF] Executing JsonResult, writing value of type 'System.Int32'.
2025-08-16 14:11:22.390 -06:00 [INF] Executed action PaginaBizu.Controllers.CartController.CartCount (PaginaBizu) in 10.7375ms
2025-08-16 14:11:22.392 -06:00 [INF] Request starting HTTP/1.1 GET http://localhost:5116/Cart/CartCount - null null
2025-08-16 14:11:22.395 -06:00 [INF] Executed endpoint 'PaginaBizu.Controllers.CartController.CartCount (PaginaBizu)'
2025-08-16 14:11:22.401 -06:00 [INF] Executing endpoint 'PaginaBizu.Controllers.CartController.CartCount (PaginaBizu)'
2025-08-16 14:11:22.403 -06:00 [INF] Request finished HTTP/1.1 GET http://localhost:5116/Cart/CartCount - 200 null application/json; charset=utf-8 39.3765ms
2025-08-16 14:11:22.405 -06:00 [INF] Route matched with {action = "CartCount", controller = "Cart", page = "", area = ""}. Executing controller action with signature Microsoft.AspNetCore.Mvc.IActionResult CartCount() on controller PaginaBizu.Controllers.CartController (PaginaBizu).
2025-08-16 14:11:22.414 -06:00 [INF] ➡️ Acción ejecutándose: Cart/CartCount | Usuario: hoshuacastillo48@gmail.com | IP: ::1 | Hora: "2025-08-16T14:11:22.4146306-06:00"
2025-08-16 14:11:22.417 -06:00 [INF] Accessing expired session, Key:b6d22df1-35ff-543a-666b-31a639717e32
2025-08-16 14:11:22.419 -06:00 [INF] ✅ Acción ejecutada: Cart/CartCount | Hora: "2025-08-16T14:11:22.4195332-06:00"
2025-08-16 14:11:22.424 -06:00 [INF] Executing JsonResult, writing value of type 'System.Int32'.
2025-08-16 14:11:22.427 -06:00 [INF] Executed action PaginaBizu.Controllers.CartController.CartCount (PaginaBizu) in 13.2632ms
2025-08-16 14:11:22.430 -06:00 [INF] Executed endpoint 'PaginaBizu.Controllers.CartController.CartCount (PaginaBizu)'
2025-08-16 14:11:22.432 -06:00 [INF] Request finished HTTP/1.1 GET http://localhost:5116/Cart/CartCount - 200 null application/json; charset=utf-8 39.796ms
2025-08-16 14:11:23.625 -06:00 [INF] Request starting HTTP/1.1 GET http://localhost:5116/Orders - null null
2025-08-16 14:11:23.630 -06:00 [INF] Executing endpoint 'PaginaBizu.Controllers.OrdersController.Index (PaginaBizu)'
2025-08-16 14:11:23.631 -06:00 [INF] Route matched with {action = "Index", controller = "Orders", page = "", area = ""}. Executing controller action with signature System.Threading.Tasks.Task`1[Microsoft.AspNetCore.Mvc.IActionResult] Index() on controller PaginaBizu.Controllers.OrdersController (PaginaBizu).
2025-08-16 14:11:23.634 -06:00 [INF] ➡️ Acción ejecutándose: Orders/Index | Usuario: hoshuacastillo48@gmail.com | IP: ::1 | Hora: "2025-08-16T14:11:23.6346651-06:00"
2025-08-16 14:11:23.647 -06:00 [INF] Executed DbCommand (2ms) [Parameters=[], CommandType='"Text"', CommandTimeout='30']
SELECT [o].[Id], [o].[DireccionEnvio], [o].[Estado], [o].[Fecha], [o].[MetodoPago], [o].[Notas], [o].[Total], [o].[UsuarioId], [t].[Id], [t].[Cantidad], [t].[OrderId], [t].[PrecioUnitario], [t].[ProductId], [t].[Id0], [t].[CantidadDisponible], [t].[Categoria], [t].[Descripcion], [t].[FechaCreacion], [t].[ImagenUrl], [t].[NombreArticulo], [t].[Precio]
FROM [Orders] AS [o]
LEFT JOIN (
    SELECT [o0].[Id], [o0].[Cantidad], [o0].[OrderId], [o0].[PrecioUnitario], [o0].[ProductId], [p].[Id] AS [Id0], [p].[CantidadDisponible], [p].[Categoria], [p].[Descripcion], [p].[FechaCreacion], [p].[ImagenUrl], [p].[NombreArticulo], [p].[Precio]
    FROM [OrderDetails] AS [o0]
    INNER JOIN [Products] AS [p] ON [o0].[ProductId] = [p].[Id]
) AS [t] ON [o].[Id] = [t].[OrderId]
ORDER BY [o].[Fecha] DESC, [o].[Id], [t].[Id]
2025-08-16 14:11:23.655 -06:00 [INF] ✅ Acción ejecutada: Orders/Index | Hora: "2025-08-16T14:11:23.6558374-06:00"
2025-08-16 14:11:23.665 -06:00 [INF] Executing ViewResult, running view Index.
2025-08-16 14:11:23.668 -06:00 [INF] Executed ViewResult - view Index executed in 3.763ms.
2025-08-16 14:11:23.670 -06:00 [INF] Executed action PaginaBizu.Controllers.OrdersController.Index (PaginaBizu) in 36.0987ms
2025-08-16 14:11:23.676 -06:00 [INF] Executed endpoint 'PaginaBizu.Controllers.OrdersController.Index (PaginaBizu)'
2025-08-16 14:11:23.682 -06:00 [INF] Request finished HTTP/1.1 GET http://localhost:5116/Orders - 200 null text/html; charset=utf-8 57.1752ms
2025-08-16 14:11:23.926 -06:00 [INF] Request starting HTTP/1.1 GET http://localhost:5116/Cart/CartCount - null null
2025-08-16 14:11:23.932 -06:00 [INF] Executing endpoint 'PaginaBizu.Controllers.CartController.CartCount (PaginaBizu)'
2025-08-16 14:11:23.934 -06:00 [INF] Route matched with {action = "CartCount", controller = "Cart", page = "", area = ""}. Executing controller action with signature Microsoft.AspNetCore.Mvc.IActionResult CartCount() on controller PaginaBizu.Controllers.CartController (PaginaBizu).
2025-08-16 14:11:23.939 -06:00 [INF] ➡️ Acción ejecutándose: Cart/CartCount | Usuario: hoshuacastillo48@gmail.com | IP: ::1 | Hora: "2025-08-16T14:11:23.9395036-06:00"
2025-08-16 14:11:23.944 -06:00 [INF] Accessing expired session, Key:b6d22df1-35ff-543a-666b-31a639717e32
2025-08-16 14:11:23.946 -06:00 [INF] ✅ Acción ejecutada: Cart/CartCount | Hora: "2025-08-16T14:11:23.9466401-06:00"
2025-08-16 14:11:23.950 -06:00 [INF] Executing JsonResult, writing value of type 'System.Int32'.
2025-08-16 14:11:23.953 -06:00 [INF] Executed action PaginaBizu.Controllers.CartController.CartCount (PaginaBizu) in 14.2074ms
2025-08-16 14:11:23.955 -06:00 [INF] Request starting HTTP/1.1 GET http://localhost:5116/Cart/CartCount - null null
2025-08-16 14:11:23.957 -06:00 [INF] Executed endpoint 'PaginaBizu.Controllers.CartController.CartCount (PaginaBizu)'
2025-08-16 14:11:23.963 -06:00 [INF] Executing endpoint 'PaginaBizu.Controllers.CartController.CartCount (PaginaBizu)'
2025-08-16 14:11:23.964 -06:00 [INF] Request finished HTTP/1.1 GET http://localhost:5116/Cart/CartCount - 200 null application/json; charset=utf-8 37.8473ms
2025-08-16 14:11:23.966 -06:00 [INF] Route matched with {action = "CartCount", controller = "Cart", page = "", area = ""}. Executing controller action with signature Microsoft.AspNetCore.Mvc.IActionResult CartCount() on controller PaginaBizu.Controllers.CartController (PaginaBizu).
2025-08-16 14:11:23.977 -06:00 [INF] ➡️ Acción ejecutándose: Cart/CartCount | Usuario: hoshuacastillo48@gmail.com | IP: ::1 | Hora: "2025-08-16T14:11:23.9774623-06:00"
2025-08-16 14:11:23.981 -06:00 [INF] Accessing expired session, Key:b6d22df1-35ff-543a-666b-31a639717e32
2025-08-16 14:11:23.983 -06:00 [INF] ✅ Acción ejecutada: Cart/CartCount | Hora: "2025-08-16T14:11:23.9832800-06:00"
2025-08-16 14:11:23.986 -06:00 [INF] Executing JsonResult, writing value of type 'System.Int32'.
2025-08-16 14:11:23.989 -06:00 [INF] Executed action PaginaBizu.Controllers.CartController.CartCount (PaginaBizu) in 11.6698ms
2025-08-16 14:11:23.992 -06:00 [INF] Executed endpoint 'PaginaBizu.Controllers.CartController.CartCount (PaginaBizu)'
2025-08-16 14:11:23.994 -06:00 [INF] Request finished HTTP/1.1 GET http://localhost:5116/Cart/CartCount - 200 null application/json; charset=utf-8 39.6633ms
2025-08-16 14:11:53.744 -06:00 [INF] Request starting HTTP/1.1 GET http://localhost:5116/ - null null
2025-08-16 14:11:53.753 -06:00 [INF] Executing endpoint 'PaginaBizu.Controllers.HomeController.Index (PaginaBizu)'
2025-08-16 14:11:53.756 -06:00 [INF] Route matched with {action = "Index", controller = "Home", page = "", area = ""}. Executing controller action with signature Microsoft.AspNetCore.Mvc.IActionResult Index() on controller PaginaBizu.Controllers.HomeController (PaginaBizu).
2025-08-16 14:11:53.762 -06:00 [INF] ➡️ Acción ejecutándose: Home/Index | Usuario: hoshuacastillo48@gmail.com | IP: ::1 | Hora: "2025-08-16T14:11:53.7623396-06:00"
2025-08-16 14:11:53.765 -06:00 [INF] ✅ Acción ejecutada: Home/Index | Hora: "2025-08-16T14:11:53.7655387-06:00"
2025-08-16 14:11:53.768 -06:00 [INF] Executing ViewResult, running view Index.
2025-08-16 14:11:53.792 -06:00 [INF] Executed DbCommand (6ms) [Parameters=[@__p_0='?' (Size = 450)], CommandType='"Text"', CommandTimeout='30']
SELECT TOP(1) [a].[Id], [a].[AccessFailedCount], [a].[Apellido], [a].[ConcurrencyStamp], [a].[Direccion], [a].[Email], [a].[EmailConfirmed], [a].[LockoutEnabled], [a].[LockoutEnd], [a].[Nombre], [a].[NormalizedEmail], [a].[NormalizedUserName], [a].[PasswordHash], [a].[PhoneNumber], [a].[PhoneNumberConfirmed], [a].[SecurityStamp], [a].[Telefono], [a].[TwoFactorEnabled], [a].[UserName]
FROM [AspNetUsers] AS [a]
WHERE [a].[Id] = @__p_0
2025-08-16 14:11:53.812 -06:00 [INF] Executed DbCommand (5ms) [Parameters=[@__userId_0='?' (Size = 450)], CommandType='"Text"', CommandTimeout='30']
SELECT [a0].[Name]
FROM [AspNetUserRoles] AS [a]
INNER JOIN [AspNetRoles] AS [a0] ON [a].[RoleId] = [a0].[Id]
WHERE [a].[UserId] = @__userId_0
2025-08-16 14:11:53.820 -06:00 [INF] Executed ViewResult - view Index executed in 53.3258ms.
2025-08-16 14:11:53.824 -06:00 [INF] Executed action PaginaBizu.Controllers.HomeController.Index (PaginaBizu) in 62.3704ms
2025-08-16 14:11:53.830 -06:00 [INF] Executed endpoint 'PaginaBizu.Controllers.HomeController.Index (PaginaBizu)'
2025-08-16 14:11:53.833 -06:00 [INF] Request finished HTTP/1.1 GET http://localhost:5116/ - 200 null text/html; charset=utf-8 89.1191ms
2025-08-16 14:11:54.068 -06:00 [INF] Request starting HTTP/1.1 GET http://localhost:5116/images/bg.png - null null
2025-08-16 14:11:54.075 -06:00 [INF] Request finished HTTP/1.1 GET http://localhost:5116/images/bg.png - 404 0 null 7.0592ms
2025-08-16 14:11:54.088 -06:00 [INF] Request reached the end of the middleware pipeline without being handled by application code. Request path: GET http://localhost:5116/images/bg.png, Response status code: 404
2025-08-16 14:11:54.093 -06:00 [INF] Request starting HTTP/1.1 GET http://localhost:5116/css/tailwindcss - null null
2025-08-16 14:11:54.100 -06:00 [INF] Request finished HTTP/1.1 GET http://localhost:5116/css/tailwindcss - 404 0 null 7.74ms
2025-08-16 14:11:54.107 -06:00 [INF] Request reached the end of the middleware pipeline without being handled by application code. Request path: GET http://localhost:5116/css/tailwindcss, Response status code: 404
2025-08-16 14:11:55.630 -06:00 [INF] Request starting HTTP/1.1 GET http://localhost:5116/Shop - null null
2025-08-16 14:11:55.635 -06:00 [INF] Executing endpoint 'PaginaBizu.Controllers.ShopController.Index (PaginaBizu)'
2025-08-16 14:11:55.640 -06:00 [INF] Route matched with {action = "Index", controller = "Shop", page = "", area = ""}. Executing controller action with signature Microsoft.AspNetCore.Mvc.IActionResult Index() on controller PaginaBizu.Controllers.ShopController (PaginaBizu).
2025-08-16 14:11:55.643 -06:00 [INF] ➡️ Acción ejecutándose: Shop/Index | Usuario: hoshuacastillo48@gmail.com | IP: ::1 | Hora: "2025-08-16T14:11:55.6439745-06:00"
2025-08-16 14:11:55.657 -06:00 [INF] Executed DbCommand (3ms) [Parameters=[], CommandType='"Text"', CommandTimeout='30']
SELECT [p].[Id], [p].[CantidadDisponible], [p].[Categoria], [p].[Descripcion], [p].[FechaCreacion], [p].[ImagenUrl], [p].[NombreArticulo], [p].[Precio]
FROM [Products] AS [p]
2025-08-16 14:11:55.666 -06:00 [INF] ✅ Acción ejecutada: Shop/Index | Hora: "2025-08-16T14:11:55.6660042-06:00"
2025-08-16 14:11:55.667 -06:00 [INF] Executing ViewResult, running view Index.
2025-08-16 14:11:55.674 -06:00 [INF] Executed ViewResult - view Index executed in 7.0747ms.
2025-08-16 14:11:55.678 -06:00 [INF] Executed action PaginaBizu.Controllers.ShopController.Index (PaginaBizu) in 35.2091ms
2025-08-16 14:11:55.681 -06:00 [INF] Executed endpoint 'PaginaBizu.Controllers.ShopController.Index (PaginaBizu)'
2025-08-16 14:11:55.683 -06:00 [INF] Request finished HTTP/1.1 GET http://localhost:5116/Shop - 200 null text/html; charset=utf-8 52.767ms
2025-08-16 14:11:55.923 -06:00 [INF] Request starting HTTP/1.1 GET http://localhost:5116/images/imagenpulserrojo.jpg - null null
2025-08-16 14:11:55.931 -06:00 [INF] Request finished HTTP/1.1 GET http://localhost:5116/images/imagenpulserrojo.jpg - 404 0 null 8.3009ms
2025-08-16 14:11:55.943 -06:00 [INF] Request reached the end of the middleware pipeline without being handled by application code. Request path: GET http://localhost:5116/images/imagenpulserrojo.jpg, Response status code: 404
2025-08-16 14:11:55.949 -06:00 [INF] Request starting HTTP/1.1 GET http://localhost:5116/Cart/CartCount - null null
2025-08-16 14:11:55.956 -06:00 [INF] Executing endpoint 'PaginaBizu.Controllers.CartController.CartCount (PaginaBizu)'
2025-08-16 14:11:55.960 -06:00 [INF] Route matched with {action = "CartCount", controller = "Cart", page = "", area = ""}. Executing controller action with signature Microsoft.AspNetCore.Mvc.IActionResult CartCount() on controller PaginaBizu.Controllers.CartController (PaginaBizu).
2025-08-16 14:11:55.966 -06:00 [INF] ➡️ Acción ejecutándose: Cart/CartCount | Usuario: hoshuacastillo48@gmail.com | IP: ::1 | Hora: "2025-08-16T14:11:55.9661484-06:00"
2025-08-16 14:11:55.969 -06:00 [INF] Accessing expired session, Key:b6d22df1-35ff-543a-666b-31a639717e32
2025-08-16 14:11:55.970 -06:00 [INF] ✅ Acción ejecutada: Cart/CartCount | Hora: "2025-08-16T14:11:55.9708810-06:00"
2025-08-16 14:11:55.973 -06:00 [INF] Executing JsonResult, writing value of type 'System.Int32'.
2025-08-16 14:11:55.975 -06:00 [INF] Executed action PaginaBizu.Controllers.CartController.CartCount (PaginaBizu) in 9.3115ms
2025-08-16 14:11:55.977 -06:00 [INF] Request starting HTTP/1.1 GET http://localhost:5116/Cart/CartCount - null null
2025-08-16 14:11:55.978 -06:00 [INF] Executed endpoint 'PaginaBizu.Controllers.CartController.CartCount (PaginaBizu)'
2025-08-16 14:11:55.982 -06:00 [INF] Executing endpoint 'PaginaBizu.Controllers.CartController.CartCount (PaginaBizu)'
2025-08-16 14:11:55.983 -06:00 [INF] Request finished HTTP/1.1 GET http://localhost:5116/Cart/CartCount - 200 null application/json; charset=utf-8 34.1164ms
2025-08-16 14:11:55.985 -06:00 [INF] Route matched with {action = "CartCount", controller = "Cart", page = "", area = ""}. Executing controller action with signature Microsoft.AspNetCore.Mvc.IActionResult CartCount() on controller PaginaBizu.Controllers.CartController (PaginaBizu).
2025-08-16 14:11:55.994 -06:00 [INF] ➡️ Acción ejecutándose: Cart/CartCount | Usuario: hoshuacastillo48@gmail.com | IP: ::1 | Hora: "2025-08-16T14:11:55.9940840-06:00"
2025-08-16 14:11:55.998 -06:00 [INF] Accessing expired session, Key:b6d22df1-35ff-543a-666b-31a639717e32
2025-08-16 14:11:55.999 -06:00 [INF] ✅ Acción ejecutada: Cart/CartCount | Hora: "2025-08-16T14:11:55.9999474-06:00"
2025-08-16 14:11:56.001 -06:00 [INF] Executing JsonResult, writing value of type 'System.Int32'.
2025-08-16 14:11:56.004 -06:00 [INF] Executed action PaginaBizu.Controllers.CartController.CartCount (PaginaBizu) in 10.2612ms
2025-08-16 14:11:56.006 -06:00 [INF] Executed endpoint 'PaginaBizu.Controllers.CartController.CartCount (PaginaBizu)'
2025-08-16 14:11:56.009 -06:00 [INF] Request finished HTTP/1.1 GET http://localhost:5116/Cart/CartCount - 200 null application/json; charset=utf-8 31.7242ms
2025-08-16 14:11:56.927 -06:00 [INF] Request starting HTTP/1.1 GET http://localhost:5116/Shop/Details/1 - null null
2025-08-16 14:11:56.932 -06:00 [INF] Executing endpoint 'PaginaBizu.Controllers.ShopController.Details (PaginaBizu)'
2025-08-16 14:11:56.936 -06:00 [INF] Route matched with {action = "Details", controller = "Shop", page = "", area = ""}. Executing controller action with signature Microsoft.AspNetCore.Mvc.IActionResult Details(Int32) on controller PaginaBizu.Controllers.ShopController (PaginaBizu).
2025-08-16 14:11:56.938 -06:00 [INF] ➡️ Acción ejecutándose: Shop/Details | Usuario: hoshuacastillo48@gmail.com | IP: ::1 | Hora: "2025-08-16T14:11:56.9388761-06:00"
2025-08-16 14:11:56.951 -06:00 [INF] Executed DbCommand (2ms) [Parameters=[@__id_0='?' (DbType = Int32)], CommandType='"Text"', CommandTimeout='30']
SELECT TOP(1) [p].[Id], [p].[CantidadDisponible], [p].[Categoria], [p].[Descripcion], [p].[FechaCreacion], [p].[ImagenUrl], [p].[NombreArticulo], [p].[Precio]
FROM [Products] AS [p]
WHERE [p].[Id] = @__id_0
2025-08-16 14:11:56.963 -06:00 [INF] Executed DbCommand (4ms) [Parameters=[@__id_0='?' (DbType = Int32)], CommandType='"Text"', CommandTimeout='30']
SELECT [c].[Id], [c].[Calificacion], [c].[Contenido], [c].[Fecha], [c].[ProductoId], [c].[UsuarioId]
FROM [Comentarios] AS [c]
WHERE [c].[ProductoId] = @__id_0
ORDER BY [c].[Fecha] DESC
2025-08-16 14:11:56.971 -06:00 [INF] ✅ Acción ejecutada: Shop/Details | Hora: "2025-08-16T14:11:56.9713104-06:00"
2025-08-16 14:11:56.976 -06:00 [INF] Executing ViewResult, running view Details.
2025-08-16 14:11:56.986 -06:00 [INF] Executed ViewResult - view Details executed in 10.6134ms.
2025-08-16 14:11:56.987 -06:00 [INF] Executed action PaginaBizu.Controllers.ShopController.Details (PaginaBizu) in 49.6249ms
2025-08-16 14:11:56.990 -06:00 [INF] Executed endpoint 'PaginaBizu.Controllers.ShopController.Details (PaginaBizu)'
2025-08-16 14:11:56.993 -06:00 [INF] Request finished HTTP/1.1 GET http://localhost:5116/Shop/Details/1 - 200 null text/html; charset=utf-8 66.0004ms
2025-08-16 14:11:58.784 -06:00 [INF] Request starting HTTP/1.1 POST http://localhost:5116/Cart/AddToCart - application/json 8
2025-08-16 14:11:58.792 -06:00 [INF] Executing endpoint 'PaginaBizu.Controllers.CartController.AddToCart (PaginaBizu)'
2025-08-16 14:11:58.799 -06:00 [INF] Route matched with {action = "AddToCart", controller = "Cart", page = "", area = ""}. Executing controller action with signature Microsoft.AspNetCore.Mvc.IActionResult AddToCart(AddToCartModel) on controller PaginaBizu.Controllers.CartController (PaginaBizu).
2025-08-16 14:11:58.836 -06:00 [INF] ➡️ Acción ejecutándose: Cart/AddToCart | Usuario: hoshuacastillo48@gmail.com | IP: ::1 | Hora: "2025-08-16T14:11:58.8360435-06:00"
2025-08-16 14:11:58.861 -06:00 [INF] Executed DbCommand (3ms) [Parameters=[@__data_Id_0='?' (DbType = Int32)], CommandType='"Text"', CommandTimeout='30']
SELECT TOP(1) [p].[Id], [p].[CantidadDisponible], [p].[Categoria], [p].[Descripcion], [p].[FechaCreacion], [p].[ImagenUrl], [p].[NombreArticulo], [p].[Precio]
FROM [Products] AS [p]
WHERE [p].[Id] = @__data_Id_0
2025-08-16 14:11:58.869 -06:00 [INF] Accessing expired session, Key:b6d22df1-35ff-543a-666b-31a639717e32
2025-08-16 14:11:58.914 -06:00 [INF] ✅ Acción ejecutada: Cart/AddToCart | Hora: "2025-08-16T14:11:58.9146839-06:00"
2025-08-16 14:11:58.919 -06:00 [INF] Executing JsonResult, writing value of type '<>f__AnonymousType1`2[[System.Boolean, System.Private.CoreLib, Version=8.0.0.0, Culture=neutral, PublicKeyToken=7cec85d7bea7798e],[System.Int32, System.Private.CoreLib, Version=8.0.0.0, Culture=neutral, PublicKeyToken=7cec85d7bea7798e]]'.
2025-08-16 14:11:58.944 -06:00 [INF] Executed action PaginaBizu.Controllers.CartController.AddToCart (PaginaBizu) in 140.1435ms
2025-08-16 14:11:58.947 -06:00 [INF] Executed endpoint 'PaginaBizu.Controllers.CartController.AddToCart (PaginaBizu)'
2025-08-16 14:11:58.957 -06:00 [INF] Session started; Key:b6d22df1-35ff-543a-666b-31a639717e32, Id:d4388c54-d685-305b-636e-3c87b36ea79b
2025-08-16 14:11:58.961 -06:00 [INF] Request finished HTTP/1.1 POST http://localhost:5116/Cart/AddToCart - 200 null application/json; charset=utf-8 176.6912ms
2025-08-16 14:12:01.369 -06:00 [INF] Request starting HTTP/1.1 GET http://localhost:5116/ - null null
2025-08-16 14:12:01.376 -06:00 [INF] Executing endpoint 'PaginaBizu.Controllers.HomeController.Index (PaginaBizu)'
2025-08-16 14:12:01.378 -06:00 [INF] Route matched with {action = "Index", controller = "Home", page = "", area = ""}. Executing controller action with signature Microsoft.AspNetCore.Mvc.IActionResult Index() on controller PaginaBizu.Controllers.HomeController (PaginaBizu).
2025-08-16 14:12:01.383 -06:00 [INF] ➡️ Acción ejecutándose: Home/Index | Usuario: hoshuacastillo48@gmail.com | IP: ::1 | Hora: "2025-08-16T14:12:01.3833353-06:00"
2025-08-16 14:12:01.386 -06:00 [INF] ✅ Acción ejecutada: Home/Index | Hora: "2025-08-16T14:12:01.3863016-06:00"
2025-08-16 14:12:01.389 -06:00 [INF] Executing ViewResult, running view Index.
2025-08-16 14:12:01.395 -06:00 [INF] Executed DbCommand (1ms) [Parameters=[@__p_0='?' (Size = 450)], CommandType='"Text"', CommandTimeout='30']
SELECT TOP(1) [a].[Id], [a].[AccessFailedCount], [a].[Apellido], [a].[ConcurrencyStamp], [a].[Direccion], [a].[Email], [a].[EmailConfirmed], [a].[LockoutEnabled], [a].[LockoutEnd], [a].[Nombre], [a].[NormalizedEmail], [a].[NormalizedUserName], [a].[PasswordHash], [a].[PhoneNumber], [a].[PhoneNumberConfirmed], [a].[SecurityStamp], [a].[Telefono], [a].[TwoFactorEnabled], [a].[UserName]
FROM [AspNetUsers] AS [a]
WHERE [a].[Id] = @__p_0
2025-08-16 14:12:01.402 -06:00 [INF] Executed DbCommand (1ms) [Parameters=[@__userId_0='?' (Size = 450)], CommandType='"Text"', CommandTimeout='30']
SELECT [a0].[Name]
FROM [AspNetUserRoles] AS [a]
INNER JOIN [AspNetRoles] AS [a0] ON [a].[RoleId] = [a0].[Id]
WHERE [a].[UserId] = @__userId_0
2025-08-16 14:12:01.412 -06:00 [INF] Executed ViewResult - view Index executed in 23.2297ms.
2025-08-16 14:12:01.415 -06:00 [INF] Executed action PaginaBizu.Controllers.HomeController.Index (PaginaBizu) in 32.2331ms
2025-08-16 14:12:01.419 -06:00 [INF] Executed endpoint 'PaginaBizu.Controllers.HomeController.Index (PaginaBizu)'
2025-08-16 14:12:01.423 -06:00 [INF] Request finished HTTP/1.1 GET http://localhost:5116/ - 200 null text/html; charset=utf-8 54.5475ms
2025-08-16 14:12:01.695 -06:00 [INF] Request starting HTTP/1.1 GET http://localhost:5116/css/tailwindcss - null null
2025-08-16 14:12:01.700 -06:00 [INF] Request finished HTTP/1.1 GET http://localhost:5116/css/tailwindcss - 404 0 null 4.833ms
2025-08-16 14:12:01.705 -06:00 [INF] Request reached the end of the middleware pipeline without being handled by application code. Request path: GET http://localhost:5116/css/tailwindcss, Response status code: 404
2025-08-16 14:12:03.172 -06:00 [INF] Request starting HTTP/1.1 GET http://localhost:5116/Products - null null
2025-08-16 14:12:03.179 -06:00 [INF] Executing endpoint 'PaginaBizu.Controllers.ProductsController.Index (PaginaBizu)'
2025-08-16 14:12:03.185 -06:00 [INF] Route matched with {action = "Index", controller = "Products", page = "", area = ""}. Executing controller action with signature System.Threading.Tasks.Task`1[Microsoft.AspNetCore.Mvc.IActionResult] Index() on controller PaginaBizu.Controllers.ProductsController (PaginaBizu).
2025-08-16 14:12:03.194 -06:00 [INF] ➡️ Acción ejecutándose: Products/Index | Usuario: hoshuacastillo48@gmail.com | IP: ::1 | Hora: "2025-08-16T14:12:03.1943498-06:00"
2025-08-16 14:12:03.204 -06:00 [INF] Executed DbCommand (1ms) [Parameters=[], CommandType='"Text"', CommandTimeout='30']
SELECT [p].[Id], [p].[CantidadDisponible], [p].[Categoria], [p].[Descripcion], [p].[FechaCreacion], [p].[ImagenUrl], [p].[NombreArticulo], [p].[Precio]
FROM [Products] AS [p]
2025-08-16 14:12:03.211 -06:00 [INF] ✅ Acción ejecutada: Products/Index | Hora: "2025-08-16T14:12:03.2113371-06:00"
2025-08-16 14:12:03.216 -06:00 [INF] Executing ViewResult, running view Index.
2025-08-16 14:12:03.225 -06:00 [INF] Executed ViewResult - view Index executed in 8.6667ms.
2025-08-16 14:12:03.234 -06:00 [INF] Executed action PaginaBizu.Controllers.ProductsController.Index (PaginaBizu) in 40.4746ms
2025-08-16 14:12:03.242 -06:00 [INF] Executed endpoint 'PaginaBizu.Controllers.ProductsController.Index (PaginaBizu)'
2025-08-16 14:12:03.250 -06:00 [INF] Request finished HTTP/1.1 GET http://localhost:5116/Products - 200 null text/html; charset=utf-8 78.0567ms
2025-08-16 14:12:03.300 -06:00 [INF] Request starting HTTP/1.1 GET http://localhost:5116/imagenpulseraoro.jpg - null null
2025-08-16 14:12:03.302 -06:00 [INF] Request starting HTTP/1.1 GET http://localhost:5116/pulseraverde.jpg - null null
2025-08-16 14:12:03.308 -06:00 [INF] Request finished HTTP/1.1 GET http://localhost:5116/imagenpulseraoro.jpg - 404 0 null 8.167ms
2025-08-16 14:12:03.317 -06:00 [INF] Request finished HTTP/1.1 GET http://localhost:5116/pulseraverde.jpg - 404 0 null 14.7741ms
2025-08-16 14:12:03.322 -06:00 [INF] Request reached the end of the middleware pipeline without being handled by application code. Request path: GET http://localhost:5116/imagenpulseraoro.jpg, Response status code: 404
2025-08-16 14:12:03.330 -06:00 [INF] Request reached the end of the middleware pipeline without being handled by application code. Request path: GET http://localhost:5116/pulseraverde.jpg, Response status code: 404
2025-08-16 14:12:03.517 -06:00 [INF] Request starting HTTP/1.1 GET http://localhost:5116/imagenpulserrojo.jpg - null null
2025-08-16 14:12:03.528 -06:00 [INF] Request finished HTTP/1.1 GET http://localhost:5116/imagenpulserrojo.jpg - 404 0 null 10.5063ms
2025-08-16 14:12:03.535 -06:00 [INF] Request reached the end of the middleware pipeline without being handled by application code. Request path: GET http://localhost:5116/imagenpulserrojo.jpg, Response status code: 404
2025-08-16 14:12:03.538 -06:00 [INF] Request starting HTTP/1.1 GET http://localhost:5116/Cart/CartCount - null null
2025-08-16 14:12:03.545 -06:00 [INF] Executing endpoint 'PaginaBizu.Controllers.CartController.CartCount (PaginaBizu)'
2025-08-16 14:12:03.548 -06:00 [INF] Route matched with {action = "CartCount", controller = "Cart", page = "", area = ""}. Executing controller action with signature Microsoft.AspNetCore.Mvc.IActionResult CartCount() on controller PaginaBizu.Controllers.CartController (PaginaBizu).
2025-08-16 14:12:03.551 -06:00 [INF] ➡️ Acción ejecutándose: Cart/CartCount | Usuario: hoshuacastillo48@gmail.com | IP: ::1 | Hora: "2025-08-16T14:12:03.5517913-06:00"
2025-08-16 14:12:03.559 -06:00 [INF] ✅ Acción ejecutada: Cart/CartCount | Hora: "2025-08-16T14:12:03.5595511-06:00"
2025-08-16 14:12:03.563 -06:00 [INF] Executing JsonResult, writing value of type 'System.Int32'.
2025-08-16 14:12:03.566 -06:00 [INF] Executed action PaginaBizu.Controllers.CartController.CartCount (PaginaBizu) in 14.5008ms
2025-08-16 14:12:03.567 -06:00 [INF] Request starting HTTP/1.1 GET http://localhost:5116/Cart/CartCount - null null
2025-08-16 14:12:03.568 -06:00 [INF] Executed endpoint 'PaginaBizu.Controllers.CartController.CartCount (PaginaBizu)'
2025-08-16 14:12:03.573 -06:00 [INF] Executing endpoint 'PaginaBizu.Controllers.CartController.CartCount (PaginaBizu)'
2025-08-16 14:12:03.574 -06:00 [INF] Request finished HTTP/1.1 GET http://localhost:5116/Cart/CartCount - 200 null application/json; charset=utf-8 36.8946ms
2025-08-16 14:12:03.577 -06:00 [INF] Route matched with {action = "CartCount", controller = "Cart", page = "", area = ""}. Executing controller action with signature Microsoft.AspNetCore.Mvc.IActionResult CartCount() on controller PaginaBizu.Controllers.CartController (PaginaBizu).
2025-08-16 14:12:03.584 -06:00 [INF] ➡️ Acción ejecutándose: Cart/CartCount | Usuario: hoshuacastillo48@gmail.com | IP: ::1 | Hora: "2025-08-16T14:12:03.5846183-06:00"
2025-08-16 14:12:03.588 -06:00 [INF] ✅ Acción ejecutada: Cart/CartCount | Hora: "2025-08-16T14:12:03.5880770-06:00"
2025-08-16 14:12:03.590 -06:00 [INF] Executing JsonResult, writing value of type 'System.Int32'.
2025-08-16 14:12:03.593 -06:00 [INF] Executed action PaginaBizu.Controllers.CartController.CartCount (PaginaBizu) in 9.2205ms
2025-08-16 14:12:03.596 -06:00 [INF] Executed endpoint 'PaginaBizu.Controllers.CartController.CartCount (PaginaBizu)'
2025-08-16 14:12:03.597 -06:00 [INF] Request finished HTTP/1.1 GET http://localhost:5116/Cart/CartCount - 200 null application/json; charset=utf-8 29.9082ms
2025-08-16 14:12:04.653 -06:00 [INF] Request starting HTTP/1.1 POST http://localhost:5116/Cart/ComprarPrueba - application/x-www-form-urlencoded 225
2025-08-16 14:12:04.661 -06:00 [INF] Executing endpoint 'PaginaBizu.Controllers.CartController.ComprarPrueba (PaginaBizu)'
2025-08-16 14:12:04.669 -06:00 [INF] Route matched with {action = "ComprarPrueba", controller = "Cart", page = "", area = ""}. Executing controller action with signature System.Threading.Tasks.Task`1[Microsoft.AspNetCore.Mvc.IActionResult] ComprarPrueba() on controller PaginaBizu.Controllers.CartController (PaginaBizu).
2025-08-16 14:12:04.676 -06:00 [INF] ➡️ Acción ejecutándose: Cart/ComprarPrueba | Usuario: hoshuacastillo48@gmail.com | IP: ::1 | Hora: "2025-08-16T14:12:04.6760078-06:00"
2025-08-16 14:12:04.698 -06:00 [WRN] The query uses the 'First'/'FirstOrDefault' operator without 'OrderBy' and filter operators. This may lead to unpredictable results.
2025-08-16 14:12:04.713 -06:00 [INF] Executed DbCommand (3ms) [Parameters=[], CommandType='"Text"', CommandTimeout='30']
SELECT TOP(1) [p].[Id], [p].[CantidadDisponible], [p].[Categoria], [p].[Descripcion], [p].[FechaCreacion], [p].[ImagenUrl], [p].[NombreArticulo], [p].[Precio]
FROM [Products] AS [p]
2025-08-16 14:12:04.902 -06:00 [INF] Executed DbCommand (6ms) [Parameters=[@p0='?' (Size = 200), @p1='?' (Size = 4000), @p2='?' (DbType = DateTime2), @p3='?' (Size = 50), @p4='?' (Size = 500), @p5='?' (Precision = 18) (Scale = 2) (DbType = Decimal), @p6='?' (Size = 450)], CommandType='"Text"', CommandTimeout='30']
SET IMPLICIT_TRANSACTIONS OFF;
SET NOCOUNT ON;
INSERT INTO [Orders] ([DireccionEnvio], [Estado], [Fecha], [MetodoPago], [Notas], [Total], [UsuarioId])
OUTPUT INSERTED.[Id]
VALUES (@p0, @p1, @p2, @p3, @p4, @p5, @p6);
2025-08-16 14:12:04.934 -06:00 [ERR] An exception occurred in the database while saving changes for context type 'PaginaBizu.Data.AppDbContext'.
Microsoft.EntityFrameworkCore.DbUpdateException: An error occurred while saving the entity changes. See the inner exception for details.
 ---> Microsoft.Data.SqlClient.SqlException (0x80131904): Cannot insert the value NULL into column 'DireccionEnvio', table 'Bizuteria.dbo.Orders'; column does not allow nulls. INSERT fails.
   at Microsoft.Data.SqlClient.SqlConnection.OnError(SqlException exception, Boolean breakConnection, Action`1 wrapCloseInAction)
   at Microsoft.Data.SqlClient.SqlInternalConnection.OnError(SqlException exception, Boolean breakConnection, Action`1 wrapCloseInAction)
   at Microsoft.Data.SqlClient.TdsParser.ThrowExceptionAndWarning(TdsParserStateObject stateObj, Boolean callerHasConnectionLock, Boolean asyncClose)
   at Microsoft.Data.SqlClient.TdsParser.TryRun(RunBehavior runBehavior, SqlCommand cmdHandler, SqlDataReader dataStream, BulkCopySimpleResultSet bulkCopyHandler, TdsParserStateObject stateObj, Boolean& dataReady)
   at Microsoft.Data.SqlClient.SqlDataReader.TryHasMoreRows(Boolean& moreRows)
   at Microsoft.Data.SqlClient.SqlDataReader.TryReadInternal(Boolean setTimeout, Boolean& more)
   at Microsoft.Data.SqlClient.SqlDataReader.Read()
   at Microsoft.EntityFrameworkCore.Storage.RelationalDataReader.Read()
   at Microsoft.EntityFrameworkCore.Update.AffectedCountModificationCommandBatch.ConsumeResultSet(Int32 startCommandIndex, RelationalDataReader reader)
ClientConnectionId:3392206f-df88-44c7-99ef-b8be8622c1cf
Error Number:515,State:2,Class:16
   --- End of inner exception stack trace ---
   at Microsoft.EntityFrameworkCore.Update.AffectedCountModificationCommandBatch.ConsumeResultSet(Int32 startCommandIndex, RelationalDataReader reader)
   at Microsoft.EntityFrameworkCore.Update.AffectedCountModificationCommandBatch.Consume(RelationalDataReader reader)
   at Microsoft.EntityFrameworkCore.Update.ReaderModificationCommandBatch.Execute(IRelationalConnection connection)
   at Microsoft.EntityFrameworkCore.SqlServer.Update.Internal.SqlServerModificationCommandBatch.Execute(IRelationalConnection connection)
   at Microsoft.EntityFrameworkCore.Update.Internal.BatchExecutor.Execute(IEnumerable`1 commandBatches, IRelationalConnection connection)
   at Microsoft.EntityFrameworkCore.Storage.RelationalDatabase.SaveChanges(IList`1 entries)
   at Microsoft.EntityFrameworkCore.ChangeTracking.Internal.StateManager.SaveChanges(IList`1 entriesToSave)
   at Microsoft.EntityFrameworkCore.ChangeTracking.Internal.StateManager.SaveChanges(StateManager stateManager, Boolean acceptAllChangesOnSuccess)
   at Microsoft.EntityFrameworkCore.ChangeTracking.Internal.StateManager.<>c.<SaveChanges>b__112_0(DbContext _, ValueTuple`2 t)
   at Microsoft.EntityFrameworkCore.Storage.ExecutionStrategy.<>c__DisplayClass28_0`2.<Execute>b__0(DbContext context, TState state)
   at Microsoft.EntityFrameworkCore.Storage.ExecutionStrategy.ExecuteImplementation[TState,TResult](Func`3 operation, Func`3 verifySucceeded, TState state)
   at Microsoft.EntityFrameworkCore.Storage.ExecutionStrategy.Execute[TState,TResult](TState state, Func`3 operation, Func`3 verifySucceeded)
   at Microsoft.EntityFrameworkCore.ChangeTracking.Internal.StateManager.SaveChanges(Boolean acceptAllChangesOnSuccess)
   at Microsoft.EntityFrameworkCore.DbContext.SaveChanges(Boolean acceptAllChangesOnSuccess)
Microsoft.EntityFrameworkCore.DbUpdateException: An error occurred while saving the entity changes. See the inner exception for details.
 ---> Microsoft.Data.SqlClient.SqlException (0x80131904): Cannot insert the value NULL into column 'DireccionEnvio', table 'Bizuteria.dbo.Orders'; column does not allow nulls. INSERT fails.
   at Microsoft.Data.SqlClient.SqlConnection.OnError(SqlException exception, Boolean breakConnection, Action`1 wrapCloseInAction)
   at Microsoft.Data.SqlClient.SqlInternalConnection.OnError(SqlException exception, Boolean breakConnection, Action`1 wrapCloseInAction)
   at Microsoft.Data.SqlClient.TdsParser.ThrowExceptionAndWarning(TdsParserStateObject stateObj, Boolean callerHasConnectionLock, Boolean asyncClose)
   at Microsoft.Data.SqlClient.TdsParser.TryRun(RunBehavior runBehavior, SqlCommand cmdHandler, SqlDataReader dataStream, BulkCopySimpleResultSet bulkCopyHandler, TdsParserStateObject stateObj, Boolean& dataReady)
   at Microsoft.Data.SqlClient.SqlDataReader.TryHasMoreRows(Boolean& moreRows)
   at Microsoft.Data.SqlClient.SqlDataReader.TryReadInternal(Boolean setTimeout, Boolean& more)
   at Microsoft.Data.SqlClient.SqlDataReader.Read()
   at Microsoft.EntityFrameworkCore.Storage.RelationalDataReader.Read()
   at Microsoft.EntityFrameworkCore.Update.AffectedCountModificationCommandBatch.ConsumeResultSet(Int32 startCommandIndex, RelationalDataReader reader)
ClientConnectionId:3392206f-df88-44c7-99ef-b8be8622c1cf
Error Number:515,State:2,Class:16
   --- End of inner exception stack trace ---
   at Microsoft.EntityFrameworkCore.Update.AffectedCountModificationCommandBatch.ConsumeResultSet(Int32 startCommandIndex, RelationalDataReader reader)
   at Microsoft.EntityFrameworkCore.Update.AffectedCountModificationCommandBatch.Consume(RelationalDataReader reader)
   at Microsoft.EntityFrameworkCore.Update.ReaderModificationCommandBatch.Execute(IRelationalConnection connection)
   at Microsoft.EntityFrameworkCore.SqlServer.Update.Internal.SqlServerModificationCommandBatch.Execute(IRelationalConnection connection)
   at Microsoft.EntityFrameworkCore.Update.Internal.BatchExecutor.Execute(IEnumerable`1 commandBatches, IRelationalConnection connection)
   at Microsoft.EntityFrameworkCore.Storage.RelationalDatabase.SaveChanges(IList`1 entries)
   at Microsoft.EntityFrameworkCore.ChangeTracking.Internal.StateManager.SaveChanges(IList`1 entriesToSave)
   at Microsoft.EntityFrameworkCore.ChangeTracking.Internal.StateManager.SaveChanges(StateManager stateManager, Boolean acceptAllChangesOnSuccess)
   at Microsoft.EntityFrameworkCore.ChangeTracking.Internal.StateManager.<>c.<SaveChanges>b__112_0(DbContext _, ValueTuple`2 t)
   at Microsoft.EntityFrameworkCore.Storage.ExecutionStrategy.<>c__DisplayClass28_0`2.<Execute>b__0(DbContext context, TState state)
   at Microsoft.EntityFrameworkCore.Storage.ExecutionStrategy.ExecuteImplementation[TState,TResult](Func`3 operation, Func`3 verifySucceeded, TState state)
   at Microsoft.EntityFrameworkCore.Storage.ExecutionStrategy.Execute[TState,TResult](TState state, Func`3 operation, Func`3 verifySucceeded)
   at Microsoft.EntityFrameworkCore.ChangeTracking.Internal.StateManager.SaveChanges(Boolean acceptAllChangesOnSuccess)
   at Microsoft.EntityFrameworkCore.DbContext.SaveChanges(Boolean acceptAllChangesOnSuccess)
2025-08-16 14:12:04.953 -06:00 [INF] ✅ Acción ejecutada: Cart/ComprarPrueba | Hora: "2025-08-16T14:12:04.9531538-06:00"
2025-08-16 14:12:04.955 -06:00 [INF] Executing RedirectResult, redirecting to /Products.
2025-08-16 14:12:04.961 -06:00 [INF] Executed action PaginaBizu.Controllers.CartController.ComprarPrueba (PaginaBizu) in 285.6195ms
2025-08-16 14:12:04.962 -06:00 [INF] Executed endpoint 'PaginaBizu.Controllers.CartController.ComprarPrueba (PaginaBizu)'
2025-08-16 14:12:04.963 -06:00 [INF] Request finished HTTP/1.1 POST http://localhost:5116/Cart/ComprarPrueba - 302 0 null 310.4092ms
2025-08-16 14:12:04.969 -06:00 [INF] Request starting HTTP/1.1 GET http://localhost:5116/Products - null null
2025-08-16 14:12:04.971 -06:00 [INF] Executing endpoint 'PaginaBizu.Controllers.ProductsController.Index (PaginaBizu)'
2025-08-16 14:12:04.973 -06:00 [INF] Route matched with {action = "Index", controller = "Products", page = "", area = ""}. Executing controller action with signature System.Threading.Tasks.Task`1[Microsoft.AspNetCore.Mvc.IActionResult] Index() on controller PaginaBizu.Controllers.ProductsController (PaginaBizu).
2025-08-16 14:12:04.976 -06:00 [INF] ➡️ Acción ejecutándose: Products/Index | Usuario: hoshuacastillo48@gmail.com | IP: ::1 | Hora: "2025-08-16T14:12:04.9764353-06:00"
2025-08-16 14:12:04.981 -06:00 [INF] Executed DbCommand (1ms) [Parameters=[], CommandType='"Text"', CommandTimeout='30']
SELECT [p].[Id], [p].[CantidadDisponible], [p].[Categoria], [p].[Descripcion], [p].[FechaCreacion], [p].[ImagenUrl], [p].[NombreArticulo], [p].[Precio]
FROM [Products] AS [p]
2025-08-16 14:12:04.984 -06:00 [INF] ✅ Acción ejecutada: Products/Index | Hora: "2025-08-16T14:12:04.9847658-06:00"
2025-08-16 14:12:04.986 -06:00 [INF] Executing ViewResult, running view Index.
2025-08-16 14:12:04.990 -06:00 [INF] Executed ViewResult - view Index executed in 3.8478ms.
2025-08-16 14:12:04.994 -06:00 [INF] Executed action PaginaBizu.Controllers.ProductsController.Index (PaginaBizu) in 18.2938ms
2025-08-16 14:12:04.996 -06:00 [INF] Executed endpoint 'PaginaBizu.Controllers.ProductsController.Index (PaginaBizu)'
2025-08-16 14:12:04.999 -06:00 [INF] Request finished HTTP/1.1 GET http://localhost:5116/Products - 200 null text/html; charset=utf-8 30.4428ms
2025-08-16 14:12:05.031 -06:00 [INF] Request starting HTTP/1.1 GET http://localhost:5116/imagenpulseraoro.jpg - null null
2025-08-16 14:12:05.033 -06:00 [INF] Request starting HTTP/1.1 GET http://localhost:5116/pulseraverde.jpg - null null
2025-08-16 14:12:05.039 -06:00 [INF] Request finished HTTP/1.1 GET http://localhost:5116/imagenpulseraoro.jpg - 404 0 null 7.603ms
2025-08-16 14:12:05.046 -06:00 [INF] Request finished HTTP/1.1 GET http://localhost:5116/pulseraverde.jpg - 404 0 null 13.796ms
2025-08-16 14:12:05.054 -06:00 [INF] Request reached the end of the middleware pipeline without being handled by application code. Request path: GET http://localhost:5116/imagenpulseraoro.jpg, Response status code: 404
2025-08-16 14:12:05.063 -06:00 [INF] Request reached the end of the middleware pipeline without being handled by application code. Request path: GET http://localhost:5116/pulseraverde.jpg, Response status code: 404
2025-08-16 14:12:05.226 -06:00 [INF] Request starting HTTP/1.1 GET http://localhost:5116/imagenpulserrojo.jpg - null null
2025-08-16 14:12:05.236 -06:00 [INF] Request finished HTTP/1.1 GET http://localhost:5116/imagenpulserrojo.jpg - 404 0 null 9.4144ms
2025-08-16 14:12:05.245 -06:00 [INF] Request reached the end of the middleware pipeline without being handled by application code. Request path: GET http://localhost:5116/imagenpulserrojo.jpg, Response status code: 404
2025-08-16 14:12:05.250 -06:00 [INF] Request starting HTTP/1.1 GET http://localhost:5116/Cart/CartCount - null null
2025-08-16 14:12:05.258 -06:00 [INF] Executing endpoint 'PaginaBizu.Controllers.CartController.CartCount (PaginaBizu)'
2025-08-16 14:12:05.261 -06:00 [INF] Route matched with {action = "CartCount", controller = "Cart", page = "", area = ""}. Executing controller action with signature Microsoft.AspNetCore.Mvc.IActionResult CartCount() on controller PaginaBizu.Controllers.CartController (PaginaBizu).
2025-08-16 14:12:05.272 -06:00 [INF] ➡️ Acción ejecutándose: Cart/CartCount | Usuario: hoshuacastillo48@gmail.com | IP: ::1 | Hora: "2025-08-16T14:12:05.2723981-06:00"
2025-08-16 14:12:05.277 -06:00 [INF] ✅ Acción ejecutada: Cart/CartCount | Hora: "2025-08-16T14:12:05.2771789-06:00"
2025-08-16 14:12:05.279 -06:00 [INF] Executing JsonResult, writing value of type 'System.Int32'.
2025-08-16 14:12:05.281 -06:00 [INF] Executed action PaginaBizu.Controllers.CartController.CartCount (PaginaBizu) in 9.2849ms
2025-08-16 14:12:05.283 -06:00 [INF] Request starting HTTP/1.1 GET http://localhost:5116/Cart/CartCount - null null
2025-08-16 14:12:05.284 -06:00 [INF] Executed endpoint 'PaginaBizu.Controllers.CartController.CartCount (PaginaBizu)'
2025-08-16 14:12:05.289 -06:00 [INF] Executing endpoint 'PaginaBizu.Controllers.CartController.CartCount (PaginaBizu)'
2025-08-16 14:12:05.290 -06:00 [INF] Request finished HTTP/1.1 GET http://localhost:5116/Cart/CartCount - 200 null application/json; charset=utf-8 39.944ms
2025-08-16 14:12:05.294 -06:00 [INF] Route matched with {action = "CartCount", controller = "Cart", page = "", area = ""}. Executing controller action with signature Microsoft.AspNetCore.Mvc.IActionResult CartCount() on controller PaginaBizu.Controllers.CartController (PaginaBizu).
2025-08-16 14:12:05.306 -06:00 [INF] ➡️ Acción ejecutándose: Cart/CartCount | Usuario: hoshuacastillo48@gmail.com | IP: ::1 | Hora: "2025-08-16T14:12:05.3065044-06:00"
2025-08-16 14:12:05.311 -06:00 [INF] ✅ Acción ejecutada: Cart/CartCount | Hora: "2025-08-16T14:12:05.3117452-06:00"
2025-08-16 14:12:05.315 -06:00 [INF] Executing JsonResult, writing value of type 'System.Int32'.
2025-08-16 14:12:05.317 -06:00 [INF] Executed action PaginaBizu.Controllers.CartController.CartCount (PaginaBizu) in 11.5403ms
2025-08-16 14:12:05.321 -06:00 [INF] Executed endpoint 'PaginaBizu.Controllers.CartController.CartCount (PaginaBizu)'
2025-08-16 14:12:05.323 -06:00 [INF] Request finished HTTP/1.1 GET http://localhost:5116/Cart/CartCount - 200 null application/json; charset=utf-8 40.2376ms
2025-08-16 14:15:50.049 -06:00 [INF] Application is shutting down...
2025-08-16 14:18:52.752 -06:00 [INF] User profile is available. Using 'C:\Users\hoshu\AppData\Local\ASP.NET\DataProtection-Keys' as key repository and Windows DPAPI to encrypt keys at rest.
2025-08-16 14:18:53.336 -06:00 [WRN] No store type was specified for the decimal property 'Total' on entity type 'Order'. This will cause values to be silently truncated if they do not fit in the default precision and scale. Explicitly specify the SQL server column type that can accommodate all the values in 'OnModelCreating' using 'HasColumnType', specify precision and scale using 'HasPrecision', or configure a value converter using 'HasConversion'.
2025-08-16 14:18:53.342 -06:00 [WRN] No store type was specified for the decimal property 'PrecioUnitario' on entity type 'OrderDetail'. This will cause values to be silently truncated if they do not fit in the default precision and scale. Explicitly specify the SQL server column type that can accommodate all the values in 'OnModelCreating' using 'HasColumnType', specify precision and scale using 'HasPrecision', or configure a value converter using 'HasConversion'.
2025-08-16 14:18:53.347 -06:00 [WRN] No store type was specified for the decimal property 'Precio' on entity type 'Product'. This will cause values to be silently truncated if they do not fit in the default precision and scale. Explicitly specify the SQL server column type that can accommodate all the values in 'OnModelCreating' using 'HasColumnType', specify precision and scale using 'HasPrecision', or configure a value converter using 'HasConversion'.
2025-08-16 14:18:54.040 -06:00 [INF] Executed DbCommand (43ms) [Parameters=[@__normalizedName_0='?' (Size = 256)], CommandType='"Text"', CommandTimeout='30']
SELECT TOP(1) [a].[Id], [a].[ConcurrencyStamp], [a].[Name], [a].[NormalizedName]
FROM [AspNetRoles] AS [a]
WHERE [a].[NormalizedName] = @__normalizedName_0
2025-08-16 14:18:54.135 -06:00 [INF] Executed DbCommand (6ms) [Parameters=[@__normalizedEmail_0='?' (Size = 256)], CommandType='"Text"', CommandTimeout='30']
SELECT TOP(2) [a].[Id], [a].[AccessFailedCount], [a].[ConcurrencyStamp], [a].[Email], [a].[EmailConfirmed], [a].[LockoutEnabled], [a].[LockoutEnd], [a].[NormalizedEmail], [a].[NormalizedUserName], [a].[PasswordHash], [a].[PhoneNumber], [a].[PhoneNumberConfirmed], [a].[SecurityStamp], [a].[TwoFactorEnabled], [a].[UserName]
FROM [AspNetUsers] AS [a]
WHERE [a].[NormalizedEmail] = @__normalizedEmail_0
2025-08-16 14:18:54.181 -06:00 [INF] Executed DbCommand (3ms) [Parameters=[@__normalizedRoleName_0='?' (Size = 256)], CommandType='"Text"', CommandTimeout='30']
SELECT TOP(2) [a].[Id], [a].[ConcurrencyStamp], [a].[Name], [a].[NormalizedName]
FROM [AspNetRoles] AS [a]
WHERE [a].[NormalizedName] = @__normalizedRoleName_0
2025-08-16 14:18:54.217 -06:00 [INF] Executed DbCommand (3ms) [Parameters=[@__p_0='?' (Size = 450), @__p_1='?' (Size = 450)], CommandType='"Text"', CommandTimeout='30']
SELECT TOP(1) [a].[UserId], [a].[RoleId]
FROM [AspNetUserRoles] AS [a]
WHERE [a].[UserId] = @__p_0 AND [a].[RoleId] = @__p_1
2025-08-16 14:18:54.239 -06:00 [INF] Executed DbCommand (1ms) [Parameters=[@__normalizedEmail_0='?' (Size = 256)], CommandType='"Text"', CommandTimeout='30']
SELECT TOP(2) [a].[Id], [a].[AccessFailedCount], [a].[ConcurrencyStamp], [a].[Email], [a].[EmailConfirmed], [a].[LockoutEnabled], [a].[LockoutEnd], [a].[NormalizedEmail], [a].[NormalizedUserName], [a].[PasswordHash], [a].[PhoneNumber], [a].[PhoneNumberConfirmed], [a].[SecurityStamp], [a].[TwoFactorEnabled], [a].[UserName]
FROM [AspNetUsers] AS [a]
WHERE [a].[NormalizedEmail] = @__normalizedEmail_0
2025-08-16 14:18:54.247 -06:00 [INF] Executed DbCommand (1ms) [Parameters=[@__normalizedRoleName_0='?' (Size = 256)], CommandType='"Text"', CommandTimeout='30']
SELECT TOP(2) [a].[Id], [a].[ConcurrencyStamp], [a].[Name], [a].[NormalizedName]
FROM [AspNetRoles] AS [a]
WHERE [a].[NormalizedName] = @__normalizedRoleName_0
2025-08-16 14:18:54.255 -06:00 [INF] Executed DbCommand (1ms) [Parameters=[@__p_0='?' (Size = 450), @__p_1='?' (Size = 450)], CommandType='"Text"', CommandTimeout='30']
SELECT TOP(1) [a].[UserId], [a].[RoleId]
FROM [AspNetUserRoles] AS [a]
WHERE [a].[UserId] = @__p_0 AND [a].[RoleId] = @__p_1
2025-08-16 14:18:54.260 -06:00 [INF] Executed DbCommand (1ms) [Parameters=[@__normalizedEmail_0='?' (Size = 256)], CommandType='"Text"', CommandTimeout='30']
SELECT TOP(2) [a].[Id], [a].[AccessFailedCount], [a].[ConcurrencyStamp], [a].[Email], [a].[EmailConfirmed], [a].[LockoutEnabled], [a].[LockoutEnd], [a].[NormalizedEmail], [a].[NormalizedUserName], [a].[PasswordHash], [a].[PhoneNumber], [a].[PhoneNumberConfirmed], [a].[SecurityStamp], [a].[TwoFactorEnabled], [a].[UserName]
FROM [AspNetUsers] AS [a]
WHERE [a].[NormalizedEmail] = @__normalizedEmail_0
2025-08-16 14:18:54.269 -06:00 [INF] Executed DbCommand (2ms) [Parameters=[@__normalizedRoleName_0='?' (Size = 256)], CommandType='"Text"', CommandTimeout='30']
SELECT TOP(2) [a].[Id], [a].[ConcurrencyStamp], [a].[Name], [a].[NormalizedName]
FROM [AspNetRoles] AS [a]
WHERE [a].[NormalizedName] = @__normalizedRoleName_0
2025-08-16 14:18:54.275 -06:00 [INF] Executed DbCommand (1ms) [Parameters=[@__p_0='?' (Size = 450), @__p_1='?' (Size = 450)], CommandType='"Text"', CommandTimeout='30']
SELECT TOP(1) [a].[UserId], [a].[RoleId]
FROM [AspNetUserRoles] AS [a]
WHERE [a].[UserId] = @__p_0 AND [a].[RoleId] = @__p_1
2025-08-16 14:18:54.627 -06:00 [INF] Now listening on: http://localhost:5116
2025-08-16 14:18:54.698 -06:00 [INF] Application started. Press Ctrl+C to shut down.
2025-08-16 14:18:54.702 -06:00 [INF] Hosting environment: Development
2025-08-16 14:18:54.712 -06:00 [INF] Content root path: C:\Users\hoshu\OneDrive\Desktop\ProyectoAnalisisDeSistemas-master\ProyectoAnalisisDeSistemas-master\PaginaBizu
2025-08-16 14:18:55.784 -06:00 [INF] Request starting HTTP/1.1 GET http://localhost:5116/ - null null
2025-08-16 14:18:56.007 -06:00 [WRN] Failed to determine the https port for redirect.
2025-08-16 14:18:56.068 -06:00 [INF] Executing endpoint 'PaginaBizu.Controllers.HomeController.Index (PaginaBizu)'
2025-08-16 14:18:56.089 -06:00 [INF] Route matched with {action = "Index", controller = "Home", page = "", area = ""}. Executing controller action with signature Microsoft.AspNetCore.Mvc.IActionResult Index() on controller PaginaBizu.Controllers.HomeController (PaginaBizu).
2025-08-16 14:18:56.105 -06:00 [INF] ➡️ Acción ejecutándose: Home/Index | Usuario: hoshuacastillo48@gmail.com | IP: ::1 | Hora: "2025-08-16T14:18:56.1046177-06:00"
2025-08-16 14:18:56.112 -06:00 [INF] ✅ Acción ejecutada: Home/Index | Hora: "2025-08-16T14:18:56.1129007-06:00"
2025-08-16 14:18:56.131 -06:00 [INF] Executing ViewResult, running view Index.
2025-08-16 14:18:56.263 -06:00 [INF] Executed DbCommand (4ms) [Parameters=[@__p_0='?' (Size = 450)], CommandType='"Text"', CommandTimeout='30']
SELECT TOP(1) [a].[Id], [a].[AccessFailedCount], [a].[ConcurrencyStamp], [a].[Email], [a].[EmailConfirmed], [a].[LockoutEnabled], [a].[LockoutEnd], [a].[NormalizedEmail], [a].[NormalizedUserName], [a].[PasswordHash], [a].[PhoneNumber], [a].[PhoneNumberConfirmed], [a].[SecurityStamp], [a].[TwoFactorEnabled], [a].[UserName]
FROM [AspNetUsers] AS [a]
WHERE [a].[Id] = @__p_0
2025-08-16 14:18:56.322 -06:00 [INF] Executed DbCommand (5ms) [Parameters=[@__userId_0='?' (Size = 450)], CommandType='"Text"', CommandTimeout='30']
SELECT [a0].[Name]
FROM [AspNetUserRoles] AS [a]
INNER JOIN [AspNetRoles] AS [a0] ON [a].[RoleId] = [a0].[Id]
WHERE [a].[UserId] = @__userId_0
2025-08-16 14:18:56.375 -06:00 [INF] Executed ViewResult - view Index executed in 248.3042ms.
2025-08-16 14:18:56.385 -06:00 [INF] Executed action PaginaBizu.Controllers.HomeController.Index (PaginaBizu) in 287.9793ms
2025-08-16 14:18:56.390 -06:00 [INF] Executed endpoint 'PaginaBizu.Controllers.HomeController.Index (PaginaBizu)'
2025-08-16 14:18:56.405 -06:00 [INF] Request finished HTTP/1.1 GET http://localhost:5116/ - 200 null text/html; charset=utf-8 637.4669ms
2025-08-16 14:18:57.530 -06:00 [INF] Request starting HTTP/1.1 GET http://localhost:5116/css/tailwindcss - null null
2025-08-16 14:18:57.550 -06:00 [INF] Request finished HTTP/1.1 GET http://localhost:5116/css/tailwindcss - 404 0 null 19.7788ms
2025-08-16 14:18:57.560 -06:00 [INF] Request reached the end of the middleware pipeline without being handled by application code. Request path: GET http://localhost:5116/css/tailwindcss, Response status code: 404
2025-08-16 14:18:57.621 -06:00 [INF] Request starting HTTP/1.1 GET http://localhost:5116/_framework/aspnetcore-browser-refresh.js - null null
2025-08-16 14:18:57.628 -06:00 [INF] Request starting HTTP/1.1 GET http://localhost:5116/_vs/browserLink - null null
2025-08-16 14:18:57.630 -06:00 [INF] Request finished HTTP/1.1 GET http://localhost:5116/_framework/aspnetcore-browser-refresh.js - 200 16505 application/javascript; charset=utf-8 9.0804ms
2025-08-16 14:18:57.698 -06:00 [INF] Request finished HTTP/1.1 GET http://localhost:5116/_vs/browserLink - 200 null text/javascript; charset=UTF-8 69.0392ms
2025-08-16 14:19:14.147 -06:00 [INF] Request starting HTTP/1.1 GET http://localhost:5116/Products - null null
2025-08-16 14:19:14.187 -06:00 [INF] Executing endpoint 'PaginaBizu.Controllers.ProductsController.Index (PaginaBizu)'
2025-08-16 14:19:14.196 -06:00 [INF] Route matched with {action = "Index", controller = "Products", page = "", area = ""}. Executing controller action with signature System.Threading.Tasks.Task`1[Microsoft.AspNetCore.Mvc.IActionResult] Index() on controller PaginaBizu.Controllers.ProductsController (PaginaBizu).
2025-08-16 14:19:14.200 -06:00 [INF] ➡️ Acción ejecutándose: Products/Index | Usuario: hoshuacastillo48@gmail.com | IP: ::1 | Hora: "2025-08-16T14:19:14.2006681-06:00"
2025-08-16 14:19:14.240 -06:00 [INF] Executed DbCommand (3ms) [Parameters=[], CommandType='"Text"', CommandTimeout='30']
SELECT [p].[Id], [p].[CantidadDisponible], [p].[Categoria], [p].[Descripcion], [p].[FechaCreacion], [p].[ImagenUrl], [p].[NombreArticulo], [p].[Precio]
FROM [Products] AS [p]
2025-08-16 14:19:14.277 -06:00 [INF] ✅ Acción ejecutada: Products/Index | Hora: "2025-08-16T14:19:14.2779021-06:00"
2025-08-16 14:19:14.284 -06:00 [INF] Executing ViewResult, running view Index.
2025-08-16 14:19:14.343 -06:00 [INF] Executed ViewResult - view Index executed in 60.0875ms.
2025-08-16 14:19:14.348 -06:00 [INF] Executed action PaginaBizu.Controllers.ProductsController.Index (PaginaBizu) in 149.8649ms
2025-08-16 14:19:14.359 -06:00 [INF] Executed endpoint 'PaginaBizu.Controllers.ProductsController.Index (PaginaBizu)'
2025-08-16 14:19:14.365 -06:00 [INF] Request finished HTTP/1.1 GET http://localhost:5116/Products - 200 null text/html; charset=utf-8 217.3851ms
2025-08-16 14:19:14.395 -06:00 [INF] Request starting HTTP/1.1 GET http://localhost:5116/imagenpulseraoro.jpg - null null
2025-08-16 14:19:14.398 -06:00 [INF] Request starting HTTP/1.1 GET http://localhost:5116/pulseraverde.jpg - null null
2025-08-16 14:19:14.406 -06:00 [INF] Request finished HTTP/1.1 GET http://localhost:5116/imagenpulseraoro.jpg - 404 0 null 11.3559ms
2025-08-16 14:19:14.409 -06:00 [INF] Request finished HTTP/1.1 GET http://localhost:5116/pulseraverde.jpg - 404 0 null 11.085ms
2025-08-16 14:19:14.413 -06:00 [INF] Request reached the end of the middleware pipeline without being handled by application code. Request path: GET http://localhost:5116/imagenpulseraoro.jpg, Response status code: 404
2025-08-16 14:19:14.421 -06:00 [INF] Request reached the end of the middleware pipeline without being handled by application code. Request path: GET http://localhost:5116/pulseraverde.jpg, Response status code: 404
2025-08-16 14:19:14.693 -06:00 [INF] Request starting HTTP/1.1 GET http://localhost:5116/imagenpulserrojo.jpg - null null
2025-08-16 14:19:14.695 -06:00 [INF] Request starting HTTP/1.1 GET http://localhost:5116/_framework/aspnetcore-browser-refresh.js - null null
2025-08-16 14:19:14.699 -06:00 [INF] Request starting HTTP/1.1 GET http://localhost:5116/_vs/browserLink - null null
2025-08-16 14:19:14.708 -06:00 [INF] Request finished HTTP/1.1 GET http://localhost:5116/imagenpulserrojo.jpg - 404 0 null 14.8846ms
2025-08-16 14:19:14.714 -06:00 [INF] Request finished HTTP/1.1 GET http://localhost:5116/_framework/aspnetcore-browser-refresh.js - 200 16505 application/javascript; charset=utf-8 19.615ms
2025-08-16 14:19:14.731 -06:00 [INF] Request reached the end of the middleware pipeline without being handled by application code. Request path: GET http://localhost:5116/imagenpulserrojo.jpg, Response status code: 404
2025-08-16 14:19:14.732 -06:00 [INF] Request finished HTTP/1.1 GET http://localhost:5116/_vs/browserLink - 200 null text/javascript; charset=UTF-8 33.2738ms
2025-08-16 14:19:14.755 -06:00 [INF] Request starting HTTP/1.1 GET http://localhost:5116/Cart/CartCount - null null
2025-08-16 14:19:14.764 -06:00 [INF] Executing endpoint 'PaginaBizu.Controllers.CartController.CartCount (PaginaBizu)'
2025-08-16 14:19:14.769 -06:00 [INF] Route matched with {action = "CartCount", controller = "Cart", page = "", area = ""}. Executing controller action with signature Microsoft.AspNetCore.Mvc.IActionResult CartCount() on controller PaginaBizu.Controllers.CartController (PaginaBizu).
2025-08-16 14:19:14.773 -06:00 [INF] ➡️ Acción ejecutándose: Cart/CartCount | Usuario: hoshuacastillo48@gmail.com | IP: ::1 | Hora: "2025-08-16T14:19:14.7731551-06:00"
2025-08-16 14:19:14.778 -06:00 [INF] Accessing expired session, Key:b6d22df1-35ff-543a-666b-31a639717e32
2025-08-16 14:19:14.783 -06:00 [INF] ✅ Acción ejecutada: Cart/CartCount | Hora: "2025-08-16T14:19:14.7829896-06:00"
2025-08-16 14:19:14.787 -06:00 [INF] Executing JsonResult, writing value of type 'System.Int32'.
2025-08-16 14:19:14.797 -06:00 [INF] Executed action PaginaBizu.Controllers.CartController.CartCount (PaginaBizu) in 25.0949ms
2025-08-16 14:19:14.799 -06:00 [INF] Request starting HTTP/1.1 GET http://localhost:5116/Cart/CartCount - null null
2025-08-16 14:19:14.802 -06:00 [INF] Executed endpoint 'PaginaBizu.Controllers.CartController.CartCount (PaginaBizu)'
2025-08-16 14:19:14.810 -06:00 [INF] Executing endpoint 'PaginaBizu.Controllers.CartController.CartCount (PaginaBizu)'
2025-08-16 14:19:14.810 -06:00 [INF] Request finished HTTP/1.1 GET http://localhost:5116/Cart/CartCount - 200 null application/json; charset=utf-8 55.1646ms
2025-08-16 14:19:14.813 -06:00 [INF] Route matched with {action = "CartCount", controller = "Cart", page = "", area = ""}. Executing controller action with signature Microsoft.AspNetCore.Mvc.IActionResult CartCount() on controller PaginaBizu.Controllers.CartController (PaginaBizu).
2025-08-16 14:19:14.822 -06:00 [INF] ➡️ Acción ejecutándose: Cart/CartCount | Usuario: hoshuacastillo48@gmail.com | IP: ::1 | Hora: "2025-08-16T14:19:14.8228353-06:00"
2025-08-16 14:19:14.826 -06:00 [INF] Accessing expired session, Key:b6d22df1-35ff-543a-666b-31a639717e32
2025-08-16 14:19:14.827 -06:00 [INF] ✅ Acción ejecutada: Cart/CartCount | Hora: "2025-08-16T14:19:14.8279519-06:00"
2025-08-16 14:19:14.830 -06:00 [INF] Executing JsonResult, writing value of type 'System.Int32'.
2025-08-16 14:19:14.832 -06:00 [INF] Executed action PaginaBizu.Controllers.CartController.CartCount (PaginaBizu) in 9.8188ms
2025-08-16 14:19:14.835 -06:00 [INF] Executed endpoint 'PaginaBizu.Controllers.CartController.CartCount (PaginaBizu)'
2025-08-16 14:19:14.837 -06:00 [INF] Request finished HTTP/1.1 GET http://localhost:5116/Cart/CartCount - 200 null application/json; charset=utf-8 38.4309ms
2025-08-16 14:19:15.961 -06:00 [INF] Request starting HTTP/1.1 GET http://localhost:5116/Orders - null null
2025-08-16 14:19:15.973 -06:00 [INF] Executing endpoint 'PaginaBizu.Controllers.OrdersController.Index (PaginaBizu)'
2025-08-16 14:19:15.977 -06:00 [INF] Route matched with {action = "Index", controller = "Orders", page = "", area = ""}. Executing controller action with signature Microsoft.AspNetCore.Mvc.IActionResult Index() on controller PaginaBizu.Controllers.OrdersController (PaginaBizu).
2025-08-16 14:19:15.979 -06:00 [INF] ➡️ Acción ejecutándose: Orders/Index | Usuario: hoshuacastillo48@gmail.com | IP: ::1 | Hora: "2025-08-16T14:19:15.9798194-06:00"
2025-08-16 14:19:16.078 -06:00 [INF] Executed DbCommand (17ms) [Parameters=[], CommandType='"Text"', CommandTimeout='30']
SELECT [o].[Id], [o].[Estado], [o].[Fecha], [o].[Total], [o].[UsuarioId], [t].[Id], [t].[Cantidad], [t].[OrderId], [t].[PrecioUnitario], [t].[ProductId], [t].[Id0], [t].[CantidadDisponible], [t].[Categoria], [t].[Descripcion], [t].[FechaCreacion], [t].[ImagenUrl], [t].[NombreArticulo], [t].[Precio]
FROM [Orders] AS [o]
LEFT JOIN (
    SELECT [o0].[Id], [o0].[Cantidad], [o0].[OrderId], [o0].[PrecioUnitario], [o0].[ProductId], [p].[Id] AS [Id0], [p].[CantidadDisponible], [p].[Categoria], [p].[Descripcion], [p].[FechaCreacion], [p].[ImagenUrl], [p].[NombreArticulo], [p].[Precio]
    FROM [OrderDetails] AS [o0]
    INNER JOIN [Products] AS [p] ON [o0].[ProductId] = [p].[Id]
) AS [t] ON [o].[Id] = [t].[OrderId]
ORDER BY [o].[Fecha] DESC, [o].[Id], [t].[Id]
2025-08-16 14:19:16.113 -06:00 [INF] ✅ Acción ejecutada: Orders/Index | Hora: "2025-08-16T14:19:16.1131116-06:00"
2025-08-16 14:19:16.119 -06:00 [INF] Executing ViewResult, running view Index.
2025-08-16 14:19:16.125 -06:00 [INF] Executed ViewResult - view Index executed in 7.8652ms.
2025-08-16 14:19:16.131 -06:00 [INF] Executed action PaginaBizu.Controllers.OrdersController.Index (PaginaBizu) in 151.5213ms
2025-08-16 14:19:16.145 -06:00 [INF] Executed endpoint 'PaginaBizu.Controllers.OrdersController.Index (PaginaBizu)'
2025-08-16 14:19:16.149 -06:00 [INF] Request finished HTTP/1.1 GET http://localhost:5116/Orders - 200 null text/html; charset=utf-8 188.3137ms
2025-08-16 14:19:16.155 -06:00 [INF] Request starting HTTP/1.1 GET http://localhost:5116/_framework/aspnetcore-browser-refresh.js - null null
2025-08-16 14:19:16.160 -06:00 [INF] Request starting HTTP/1.1 GET http://localhost:5116/_vs/browserLink - null null
2025-08-16 14:19:16.169 -06:00 [INF] Request finished HTTP/1.1 GET http://localhost:5116/_framework/aspnetcore-browser-refresh.js - 200 16505 application/javascript; charset=utf-8 13.6692ms
2025-08-16 14:19:16.204 -06:00 [INF] Request finished HTTP/1.1 GET http://localhost:5116/_vs/browserLink - 200 null text/javascript; charset=UTF-8 44.0236ms
2025-08-16 14:19:16.378 -06:00 [INF] Request starting HTTP/1.1 GET http://localhost:5116/Cart/CartCount - null null
2025-08-16 14:19:16.388 -06:00 [INF] Executing endpoint 'PaginaBizu.Controllers.CartController.CartCount (PaginaBizu)'
2025-08-16 14:19:16.391 -06:00 [INF] Route matched with {action = "CartCount", controller = "Cart", page = "", area = ""}. Executing controller action with signature Microsoft.AspNetCore.Mvc.IActionResult CartCount() on controller PaginaBizu.Controllers.CartController (PaginaBizu).
2025-08-16 14:19:16.395 -06:00 [INF] ➡️ Acción ejecutándose: Cart/CartCount | Usuario: hoshuacastillo48@gmail.com | IP: ::1 | Hora: "2025-08-16T14:19:16.3955790-06:00"
2025-08-16 14:19:16.401 -06:00 [INF] Accessing expired session, Key:b6d22df1-35ff-543a-666b-31a639717e32
2025-08-16 14:19:16.403 -06:00 [INF] ✅ Acción ejecutada: Cart/CartCount | Hora: "2025-08-16T14:19:16.4038213-06:00"
2025-08-16 14:19:16.406 -06:00 [INF] Executing JsonResult, writing value of type 'System.Int32'.
2025-08-16 14:19:16.414 -06:00 [INF] Executed action PaginaBizu.Controllers.CartController.CartCount (PaginaBizu) in 18.8802ms
2025-08-16 14:19:16.415 -06:00 [INF] Request starting HTTP/1.1 GET http://localhost:5116/Cart/CartCount - null null
2025-08-16 14:19:16.417 -06:00 [INF] Executed endpoint 'PaginaBizu.Controllers.CartController.CartCount (PaginaBizu)'
2025-08-16 14:19:16.425 -06:00 [INF] Executing endpoint 'PaginaBizu.Controllers.CartController.CartCount (PaginaBizu)'
2025-08-16 14:19:16.426 -06:00 [INF] Request finished HTTP/1.1 GET http://localhost:5116/Cart/CartCount - 200 null application/json; charset=utf-8 48.2277ms
2025-08-16 14:19:16.428 -06:00 [INF] Route matched with {action = "CartCount", controller = "Cart", page = "", area = ""}. Executing controller action with signature Microsoft.AspNetCore.Mvc.IActionResult CartCount() on controller PaginaBizu.Controllers.CartController (PaginaBizu).
2025-08-16 14:19:16.439 -06:00 [INF] ➡️ Acción ejecutándose: Cart/CartCount | Usuario: hoshuacastillo48@gmail.com | IP: ::1 | Hora: "2025-08-16T14:19:16.4390159-06:00"
2025-08-16 14:19:16.443 -06:00 [INF] Accessing expired session, Key:b6d22df1-35ff-543a-666b-31a639717e32
2025-08-16 14:19:16.445 -06:00 [INF] ✅ Acción ejecutada: Cart/CartCount | Hora: "2025-08-16T14:19:16.4458880-06:00"
2025-08-16 14:19:16.448 -06:00 [INF] Executing JsonResult, writing value of type 'System.Int32'.
2025-08-16 14:19:16.451 -06:00 [INF] Executed action PaginaBizu.Controllers.CartController.CartCount (PaginaBizu) in 12.7041ms
2025-08-16 14:19:16.454 -06:00 [INF] Executed endpoint 'PaginaBizu.Controllers.CartController.CartCount (PaginaBizu)'
2025-08-16 14:19:16.458 -06:00 [INF] Request finished HTTP/1.1 GET http://localhost:5116/Cart/CartCount - 200 null application/json; charset=utf-8 43.2343ms
2025-08-16 14:19:17.360 -06:00 [INF] Request starting HTTP/1.1 GET http://localhost:5116/Orders/CrearPedidoPrueba - null null
2025-08-16 14:19:17.374 -06:00 [INF] Executing endpoint 'PaginaBizu.Controllers.OrdersController.CrearPedidoPrueba (PaginaBizu)'
2025-08-16 14:19:17.378 -06:00 [INF] Route matched with {action = "CrearPedidoPrueba", controller = "Orders", page = "", area = ""}. Executing controller action with signature Microsoft.AspNetCore.Mvc.IActionResult CrearPedidoPrueba() on controller PaginaBizu.Controllers.OrdersController (PaginaBizu).
2025-08-16 14:19:17.383 -06:00 [INF] ➡️ Acción ejecutándose: Orders/CrearPedidoPrueba | Usuario: hoshuacastillo48@gmail.com | IP: ::1 | Hora: "2025-08-16T14:19:17.3829801-06:00"
2025-08-16 14:19:17.507 -06:00 [INF] Executed DbCommand (12ms) [Parameters=[@p0='?' (Size = 4000), @p1='?' (DbType = DateTime2), @p2='?' (Precision = 18) (Scale = 2) (DbType = Decimal), @p3='?' (Size = 4000)], CommandType='"Text"', CommandTimeout='30']
SET IMPLICIT_TRANSACTIONS OFF;
SET NOCOUNT ON;
INSERT INTO [Orders] ([Estado], [Fecha], [Total], [UsuarioId])
OUTPUT INSERTED.[Id]
VALUES (@p0, @p1, @p2, @p3);
2025-08-16 14:19:17.552 -06:00 [ERR] An exception occurred in the database while saving changes for context type 'PaginaBizu.Data.AppDbContext'.
Microsoft.EntityFrameworkCore.DbUpdateException: An error occurred while saving the entity changes. See the inner exception for details.
 ---> Microsoft.Data.SqlClient.SqlException (0x80131904): The INSERT statement conflicted with the FOREIGN KEY constraint "FK_Orders_AspNetUsers_UsuarioId". The conflict occurred in database "Bizuteria", table "dbo.AspNetUsers", column 'Id'.
   at Microsoft.Data.SqlClient.SqlConnection.OnError(SqlException exception, Boolean breakConnection, Action`1 wrapCloseInAction)
   at Microsoft.Data.SqlClient.SqlInternalConnection.OnError(SqlException exception, Boolean breakConnection, Action`1 wrapCloseInAction)
   at Microsoft.Data.SqlClient.TdsParser.ThrowExceptionAndWarning(TdsParserStateObject stateObj, Boolean callerHasConnectionLock, Boolean asyncClose)
   at Microsoft.Data.SqlClient.TdsParser.TryRun(RunBehavior runBehavior, SqlCommand cmdHandler, SqlDataReader dataStream, BulkCopySimpleResultSet bulkCopyHandler, TdsParserStateObject stateObj, Boolean& dataReady)
   at Microsoft.Data.SqlClient.SqlDataReader.TryHasMoreRows(Boolean& moreRows)
   at Microsoft.Data.SqlClient.SqlDataReader.TryReadInternal(Boolean setTimeout, Boolean& more)
   at Microsoft.Data.SqlClient.SqlDataReader.Read()
   at Microsoft.EntityFrameworkCore.Storage.RelationalDataReader.Read()
   at Microsoft.EntityFrameworkCore.Update.AffectedCountModificationCommandBatch.ConsumeResultSet(Int32 startCommandIndex, RelationalDataReader reader)
ClientConnectionId:9ea3e17f-deb8-459a-9267-b5d608518953
Error Number:547,State:0,Class:16
   --- End of inner exception stack trace ---
   at Microsoft.EntityFrameworkCore.Update.AffectedCountModificationCommandBatch.ConsumeResultSet(Int32 startCommandIndex, RelationalDataReader reader)
   at Microsoft.EntityFrameworkCore.Update.AffectedCountModificationCommandBatch.Consume(RelationalDataReader reader)
   at Microsoft.EntityFrameworkCore.Update.ReaderModificationCommandBatch.Execute(IRelationalConnection connection)
   at Microsoft.EntityFrameworkCore.SqlServer.Update.Internal.SqlServerModificationCommandBatch.Execute(IRelationalConnection connection)
   at Microsoft.EntityFrameworkCore.Update.Internal.BatchExecutor.Execute(IEnumerable`1 commandBatches, IRelationalConnection connection)
   at Microsoft.EntityFrameworkCore.Storage.RelationalDatabase.SaveChanges(IList`1 entries)
   at Microsoft.EntityFrameworkCore.ChangeTracking.Internal.StateManager.SaveChanges(IList`1 entriesToSave)
   at Microsoft.EntityFrameworkCore.ChangeTracking.Internal.StateManager.SaveChanges(StateManager stateManager, Boolean acceptAllChangesOnSuccess)
   at Microsoft.EntityFrameworkCore.ChangeTracking.Internal.StateManager.<>c.<SaveChanges>b__112_0(DbContext _, ValueTuple`2 t)
   at Microsoft.EntityFrameworkCore.Storage.ExecutionStrategy.<>c__DisplayClass28_0`2.<Execute>b__0(DbContext context, TState state)
   at Microsoft.EntityFrameworkCore.Storage.ExecutionStrategy.ExecuteImplementation[TState,TResult](Func`3 operation, Func`3 verifySucceeded, TState state)
   at Microsoft.EntityFrameworkCore.Storage.ExecutionStrategy.Execute[TState,TResult](TState state, Func`3 operation, Func`3 verifySucceeded)
   at Microsoft.EntityFrameworkCore.ChangeTracking.Internal.StateManager.SaveChanges(Boolean acceptAllChangesOnSuccess)
   at Microsoft.EntityFrameworkCore.DbContext.SaveChanges(Boolean acceptAllChangesOnSuccess)
Microsoft.EntityFrameworkCore.DbUpdateException: An error occurred while saving the entity changes. See the inner exception for details.
 ---> Microsoft.Data.SqlClient.SqlException (0x80131904): The INSERT statement conflicted with the FOREIGN KEY constraint "FK_Orders_AspNetUsers_UsuarioId". The conflict occurred in database "Bizuteria", table "dbo.AspNetUsers", column 'Id'.
   at Microsoft.Data.SqlClient.SqlConnection.OnError(SqlException exception, Boolean breakConnection, Action`1 wrapCloseInAction)
   at Microsoft.Data.SqlClient.SqlInternalConnection.OnError(SqlException exception, Boolean breakConnection, Action`1 wrapCloseInAction)
   at Microsoft.Data.SqlClient.TdsParser.ThrowExceptionAndWarning(TdsParserStateObject stateObj, Boolean callerHasConnectionLock, Boolean asyncClose)
   at Microsoft.Data.SqlClient.TdsParser.TryRun(RunBehavior runBehavior, SqlCommand cmdHandler, SqlDataReader dataStream, BulkCopySimpleResultSet bulkCopyHandler, TdsParserStateObject stateObj, Boolean& dataReady)
   at Microsoft.Data.SqlClient.SqlDataReader.TryHasMoreRows(Boolean& moreRows)
   at Microsoft.Data.SqlClient.SqlDataReader.TryReadInternal(Boolean setTimeout, Boolean& more)
   at Microsoft.Data.SqlClient.SqlDataReader.Read()
   at Microsoft.EntityFrameworkCore.Storage.RelationalDataReader.Read()
   at Microsoft.EntityFrameworkCore.Update.AffectedCountModificationCommandBatch.ConsumeResultSet(Int32 startCommandIndex, RelationalDataReader reader)
ClientConnectionId:9ea3e17f-deb8-459a-9267-b5d608518953
Error Number:547,State:0,Class:16
   --- End of inner exception stack trace ---
   at Microsoft.EntityFrameworkCore.Update.AffectedCountModificationCommandBatch.ConsumeResultSet(Int32 startCommandIndex, RelationalDataReader reader)
   at Microsoft.EntityFrameworkCore.Update.AffectedCountModificationCommandBatch.Consume(RelationalDataReader reader)
   at Microsoft.EntityFrameworkCore.Update.ReaderModificationCommandBatch.Execute(IRelationalConnection connection)
   at Microsoft.EntityFrameworkCore.SqlServer.Update.Internal.SqlServerModificationCommandBatch.Execute(IRelationalConnection connection)
   at Microsoft.EntityFrameworkCore.Update.Internal.BatchExecutor.Execute(IEnumerable`1 commandBatches, IRelationalConnection connection)
   at Microsoft.EntityFrameworkCore.Storage.RelationalDatabase.SaveChanges(IList`1 entries)
   at Microsoft.EntityFrameworkCore.ChangeTracking.Internal.StateManager.SaveChanges(IList`1 entriesToSave)
   at Microsoft.EntityFrameworkCore.ChangeTracking.Internal.StateManager.SaveChanges(StateManager stateManager, Boolean acceptAllChangesOnSuccess)
   at Microsoft.EntityFrameworkCore.ChangeTracking.Internal.StateManager.<>c.<SaveChanges>b__112_0(DbContext _, ValueTuple`2 t)
   at Microsoft.EntityFrameworkCore.Storage.ExecutionStrategy.<>c__DisplayClass28_0`2.<Execute>b__0(DbContext context, TState state)
   at Microsoft.EntityFrameworkCore.Storage.ExecutionStrategy.ExecuteImplementation[TState,TResult](Func`3 operation, Func`3 verifySucceeded, TState state)
   at Microsoft.EntityFrameworkCore.Storage.ExecutionStrategy.Execute[TState,TResult](TState state, Func`3 operation, Func`3 verifySucceeded)
   at Microsoft.EntityFrameworkCore.ChangeTracking.Internal.StateManager.SaveChanges(Boolean acceptAllChangesOnSuccess)
   at Microsoft.EntityFrameworkCore.DbContext.SaveChanges(Boolean acceptAllChangesOnSuccess)
2025-08-16 14:22:08.136 -06:00 [INF] User profile is available. Using 'C:\Users\hoshu\AppData\Local\ASP.NET\DataProtection-Keys' as key repository and Windows DPAPI to encrypt keys at rest.
2025-08-16 14:22:08.610 -06:00 [WRN] No store type was specified for the decimal property 'Total' on entity type 'Order'. This will cause values to be silently truncated if they do not fit in the default precision and scale. Explicitly specify the SQL server column type that can accommodate all the values in 'OnModelCreating' using 'HasColumnType', specify precision and scale using 'HasPrecision', or configure a value converter using 'HasConversion'.
2025-08-16 14:22:08.615 -06:00 [WRN] No store type was specified for the decimal property 'PrecioUnitario' on entity type 'OrderDetail'. This will cause values to be silently truncated if they do not fit in the default precision and scale. Explicitly specify the SQL server column type that can accommodate all the values in 'OnModelCreating' using 'HasColumnType', specify precision and scale using 'HasPrecision', or configure a value converter using 'HasConversion'.
2025-08-16 14:22:08.617 -06:00 [WRN] No store type was specified for the decimal property 'Precio' on entity type 'Product'. This will cause values to be silently truncated if they do not fit in the default precision and scale. Explicitly specify the SQL server column type that can accommodate all the values in 'OnModelCreating' using 'HasColumnType', specify precision and scale using 'HasPrecision', or configure a value converter using 'HasConversion'.
2025-08-16 14:22:09.236 -06:00 [INF] Executed DbCommand (76ms) [Parameters=[@__normalizedName_0='?' (Size = 256)], CommandType='"Text"', CommandTimeout='30']
SELECT TOP(1) [a].[Id], [a].[ConcurrencyStamp], [a].[Name], [a].[NormalizedName]
FROM [AspNetRoles] AS [a]
WHERE [a].[NormalizedName] = @__normalizedName_0
2025-08-16 14:22:09.388 -06:00 [INF] Executed DbCommand (11ms) [Parameters=[@__normalizedEmail_0='?' (Size = 256)], CommandType='"Text"', CommandTimeout='30']
SELECT TOP(2) [a].[Id], [a].[AccessFailedCount], [a].[ConcurrencyStamp], [a].[Email], [a].[EmailConfirmed], [a].[LockoutEnabled], [a].[LockoutEnd], [a].[NormalizedEmail], [a].[NormalizedUserName], [a].[PasswordHash], [a].[PhoneNumber], [a].[PhoneNumberConfirmed], [a].[SecurityStamp], [a].[TwoFactorEnabled], [a].[UserName]
FROM [AspNetUsers] AS [a]
WHERE [a].[NormalizedEmail] = @__normalizedEmail_0
2025-08-16 14:22:09.459 -06:00 [INF] Executed DbCommand (4ms) [Parameters=[@__normalizedRoleName_0='?' (Size = 256)], CommandType='"Text"', CommandTimeout='30']
SELECT TOP(2) [a].[Id], [a].[ConcurrencyStamp], [a].[Name], [a].[NormalizedName]
FROM [AspNetRoles] AS [a]
WHERE [a].[NormalizedName] = @__normalizedRoleName_0
2025-08-16 14:22:09.518 -06:00 [INF] Executed DbCommand (3ms) [Parameters=[@__p_0='?' (Size = 450), @__p_1='?' (Size = 450)], CommandType='"Text"', CommandTimeout='30']
SELECT TOP(1) [a].[UserId], [a].[RoleId]
FROM [AspNetUserRoles] AS [a]
WHERE [a].[UserId] = @__p_0 AND [a].[RoleId] = @__p_1
2025-08-16 14:22:09.538 -06:00 [INF] Executed DbCommand (1ms) [Parameters=[@__normalizedEmail_0='?' (Size = 256)], CommandType='"Text"', CommandTimeout='30']
SELECT TOP(2) [a].[Id], [a].[AccessFailedCount], [a].[ConcurrencyStamp], [a].[Email], [a].[EmailConfirmed], [a].[LockoutEnabled], [a].[LockoutEnd], [a].[NormalizedEmail], [a].[NormalizedUserName], [a].[PasswordHash], [a].[PhoneNumber], [a].[PhoneNumberConfirmed], [a].[SecurityStamp], [a].[TwoFactorEnabled], [a].[UserName]
FROM [AspNetUsers] AS [a]
WHERE [a].[NormalizedEmail] = @__normalizedEmail_0
2025-08-16 14:22:09.549 -06:00 [INF] Executed DbCommand (1ms) [Parameters=[@__normalizedRoleName_0='?' (Size = 256)], CommandType='"Text"', CommandTimeout='30']
SELECT TOP(2) [a].[Id], [a].[ConcurrencyStamp], [a].[Name], [a].[NormalizedName]
FROM [AspNetRoles] AS [a]
WHERE [a].[NormalizedName] = @__normalizedRoleName_0
2025-08-16 14:22:09.556 -06:00 [INF] Executed DbCommand (1ms) [Parameters=[@__p_0='?' (Size = 450), @__p_1='?' (Size = 450)], CommandType='"Text"', CommandTimeout='30']
SELECT TOP(1) [a].[UserId], [a].[RoleId]
FROM [AspNetUserRoles] AS [a]
WHERE [a].[UserId] = @__p_0 AND [a].[RoleId] = @__p_1
2025-08-16 14:22:09.563 -06:00 [INF] Executed DbCommand (1ms) [Parameters=[@__normalizedEmail_0='?' (Size = 256)], CommandType='"Text"', CommandTimeout='30']
SELECT TOP(2) [a].[Id], [a].[AccessFailedCount], [a].[ConcurrencyStamp], [a].[Email], [a].[EmailConfirmed], [a].[LockoutEnabled], [a].[LockoutEnd], [a].[NormalizedEmail], [a].[NormalizedUserName], [a].[PasswordHash], [a].[PhoneNumber], [a].[PhoneNumberConfirmed], [a].[SecurityStamp], [a].[TwoFactorEnabled], [a].[UserName]
FROM [AspNetUsers] AS [a]
WHERE [a].[NormalizedEmail] = @__normalizedEmail_0
2025-08-16 14:22:09.569 -06:00 [INF] Executed DbCommand (1ms) [Parameters=[@__normalizedRoleName_0='?' (Size = 256)], CommandType='"Text"', CommandTimeout='30']
SELECT TOP(2) [a].[Id], [a].[ConcurrencyStamp], [a].[Name], [a].[NormalizedName]
FROM [AspNetRoles] AS [a]
WHERE [a].[NormalizedName] = @__normalizedRoleName_0
2025-08-16 14:22:09.575 -06:00 [INF] Executed DbCommand (1ms) [Parameters=[@__p_0='?' (Size = 450), @__p_1='?' (Size = 450)], CommandType='"Text"', CommandTimeout='30']
SELECT TOP(1) [a].[UserId], [a].[RoleId]
FROM [AspNetUserRoles] AS [a]
WHERE [a].[UserId] = @__p_0 AND [a].[RoleId] = @__p_1
2025-08-16 14:22:10.252 -06:00 [INF] Now listening on: http://localhost:5116
2025-08-16 14:22:10.262 -06:00 [INF] Application started. Press Ctrl+C to shut down.
2025-08-16 14:22:10.265 -06:00 [INF] Hosting environment: Development
2025-08-16 14:22:10.268 -06:00 [INF] Content root path: C:\Users\hoshu\OneDrive\Desktop\ProyectoAnalisisDeSistemas-master\ProyectoAnalisisDeSistemas-master\PaginaBizu
2025-08-16 14:22:15.140 -06:00 [INF] Request starting HTTP/1.1 GET http://localhost:5116/Products - null null
2025-08-16 14:22:15.241 -06:00 [WRN] Failed to determine the https port for redirect.
2025-08-16 14:22:15.343 -06:00 [INF] Executing endpoint 'PaginaBizu.Controllers.ProductsController.Index (PaginaBizu)'
2025-08-16 14:22:15.379 -06:00 [INF] Route matched with {action = "Index", controller = "Products", page = "", area = ""}. Executing controller action with signature System.Threading.Tasks.Task`1[Microsoft.AspNetCore.Mvc.IActionResult] Index() on controller PaginaBizu.Controllers.ProductsController (PaginaBizu).
2025-08-16 14:22:15.417 -06:00 [INF] ➡️ Acción ejecutándose: Products/Index | Usuario: hoshuacastillo48@gmail.com | IP: ::1 | Hora: "2025-08-16T14:22:15.4165127-06:00"
2025-08-16 14:22:15.660 -06:00 [INF] Executed DbCommand (9ms) [Parameters=[], CommandType='"Text"', CommandTimeout='30']
SELECT [p].[Id], [p].[CantidadDisponible], [p].[Categoria], [p].[Descripcion], [p].[FechaCreacion], [p].[ImagenUrl], [p].[NombreArticulo], [p].[Precio]
FROM [Products] AS [p]
2025-08-16 14:22:15.761 -06:00 [INF] ✅ Acción ejecutada: Products/Index | Hora: "2025-08-16T14:22:15.7606063-06:00"
2025-08-16 14:22:15.787 -06:00 [INF] Executing ViewResult, running view Index.
2025-08-16 14:22:16.020 -06:00 [INF] Executed ViewResult - view Index executed in 237.8625ms.
2025-08-16 14:22:16.031 -06:00 [INF] Executed action PaginaBizu.Controllers.ProductsController.Index (PaginaBizu) in 640.8546ms
2025-08-16 14:22:16.039 -06:00 [INF] Executed endpoint 'PaginaBizu.Controllers.ProductsController.Index (PaginaBizu)'
2025-08-16 14:22:16.067 -06:00 [INF] Request finished HTTP/1.1 GET http://localhost:5116/Products - 200 null text/html; charset=utf-8 931.0239ms
2025-08-16 14:22:16.290 -06:00 [INF] Request starting HTTP/1.1 GET http://localhost:5116/imagenpulseraoro.jpg - null null
2025-08-16 14:22:16.290 -06:00 [INF] Request starting HTTP/1.1 GET http://localhost:5116/pulseraverde.jpg - null null
2025-08-16 14:22:16.318 -06:00 [INF] Request finished HTTP/1.1 GET http://localhost:5116/imagenpulseraoro.jpg - 404 0 null 27.6435ms
2025-08-16 14:22:16.318 -06:00 [INF] Request finished HTTP/1.1 GET http://localhost:5116/pulseraverde.jpg - 404 0 null 27.7798ms
2025-08-16 14:22:16.333 -06:00 [INF] Request reached the end of the middleware pipeline without being handled by application code. Request path: GET http://localhost:5116/imagenpulseraoro.jpg, Response status code: 404
2025-08-16 14:22:16.341 -06:00 [INF] Request reached the end of the middleware pipeline without being handled by application code. Request path: GET http://localhost:5116/pulseraverde.jpg, Response status code: 404
2025-08-16 14:22:17.289 -06:00 [INF] Request starting HTTP/1.1 GET http://localhost:5116/imagenpulserrojo.jpg - null null
2025-08-16 14:22:17.462 -06:00 [INF] Request starting HTTP/1.1 GET http://localhost:5116/Cart/CartCount - null null
2025-08-16 14:22:17.649 -06:00 [INF] Request finished HTTP/1.1 GET http://localhost:5116/imagenpulserrojo.jpg - 404 0 null 360.6835ms
2025-08-16 14:22:17.649 -06:00 [INF] Executing endpoint 'PaginaBizu.Controllers.CartController.CartCount (PaginaBizu)'
2025-08-16 14:22:17.671 -06:00 [INF] Request reached the end of the middleware pipeline without being handled by application code. Request path: GET http://localhost:5116/imagenpulserrojo.jpg, Response status code: 404
2025-08-16 14:22:17.683 -06:00 [INF] Route matched with {action = "CartCount", controller = "Cart", page = "", area = ""}. Executing controller action with signature Microsoft.AspNetCore.Mvc.IActionResult CartCount() on controller PaginaBizu.Controllers.CartController (PaginaBizu).
2025-08-16 14:22:17.705 -06:00 [INF] ➡️ Acción ejecutándose: Cart/CartCount | Usuario: hoshuacastillo48@gmail.com | IP: ::1 | Hora: "2025-08-16T14:22:17.7055760-06:00"
2025-08-16 14:22:17.725 -06:00 [INF] Accessing expired session, Key:b6d22df1-35ff-543a-666b-31a639717e32
2025-08-16 14:22:17.743 -06:00 [INF] ✅ Acción ejecutada: Cart/CartCount | Hora: "2025-08-16T14:22:17.7433989-06:00"
2025-08-16 14:22:17.777 -06:00 [INF] Executing JsonResult, writing value of type 'System.Int32'.
2025-08-16 14:22:17.905 -06:00 [INF] Request starting HTTP/1.1 GET http://localhost:5116/Cart/CartCount - null null
2025-08-16 14:22:17.907 -06:00 [INF] Executed action PaginaBizu.Controllers.CartController.CartCount (PaginaBizu) in 204.7082ms
2025-08-16 14:22:17.917 -06:00 [INF] Executed endpoint 'PaginaBizu.Controllers.CartController.CartCount (PaginaBizu)'
2025-08-16 14:22:17.921 -06:00 [INF] Executing endpoint 'PaginaBizu.Controllers.CartController.CartCount (PaginaBizu)'
2025-08-16 14:22:17.923 -06:00 [INF] Request finished HTTP/1.1 GET http://localhost:5116/Cart/CartCount - 200 null application/json; charset=utf-8 460.4176ms
2025-08-16 14:22:17.929 -06:00 [INF] Route matched with {action = "CartCount", controller = "Cart", page = "", area = ""}. Executing controller action with signature Microsoft.AspNetCore.Mvc.IActionResult CartCount() on controller PaginaBizu.Controllers.CartController (PaginaBizu).
2025-08-16 14:22:17.950 -06:00 [INF] ➡️ Acción ejecutándose: Cart/CartCount | Usuario: hoshuacastillo48@gmail.com | IP: ::1 | Hora: "2025-08-16T14:22:17.9498707-06:00"
2025-08-16 14:22:17.956 -06:00 [INF] Accessing expired session, Key:b6d22df1-35ff-543a-666b-31a639717e32
2025-08-16 14:22:17.959 -06:00 [INF] ✅ Acción ejecutada: Cart/CartCount | Hora: "2025-08-16T14:22:17.9590395-06:00"
2025-08-16 14:22:17.964 -06:00 [INF] Executing JsonResult, writing value of type 'System.Int32'.
2025-08-16 14:22:17.969 -06:00 [INF] Executed action PaginaBizu.Controllers.CartController.CartCount (PaginaBizu) in 19.6749ms
2025-08-16 14:22:17.973 -06:00 [INF] Executed endpoint 'PaginaBizu.Controllers.CartController.CartCount (PaginaBizu)'
2025-08-16 14:22:17.977 -06:00 [INF] Request finished HTTP/1.1 GET http://localhost:5116/Cart/CartCount - 200 null application/json; charset=utf-8 71.6821ms
2025-08-16 14:22:18.846 -06:00 [INF] Request starting HTTP/1.1 GET http://localhost:5116/Orders - null null
2025-08-16 14:22:18.860 -06:00 [INF] Executing endpoint 'PaginaBizu.Controllers.OrdersController.Index (PaginaBizu)'
2025-08-16 14:22:18.865 -06:00 [INF] Route matched with {action = "Index", controller = "Orders", page = "", area = ""}. Executing controller action with signature Microsoft.AspNetCore.Mvc.IActionResult Index() on controller PaginaBizu.Controllers.OrdersController (PaginaBizu).
2025-08-16 14:22:18.872 -06:00 [INF] ➡️ Acción ejecutándose: Orders/Index | Usuario: hoshuacastillo48@gmail.com | IP: ::1 | Hora: "2025-08-16T14:22:18.8725374-06:00"
2025-08-16 14:22:19.262 -06:00 [INF] Executed DbCommand (36ms) [Parameters=[], CommandType='"Text"', CommandTimeout='30']
SELECT [o].[Id], [o].[Estado], [o].[Fecha], [o].[Total], [o].[UsuarioId], [t].[Id], [t].[Cantidad], [t].[OrderId], [t].[PrecioUnitario], [t].[ProductId], [t].[Id0], [t].[CantidadDisponible], [t].[Categoria], [t].[Descripcion], [t].[FechaCreacion], [t].[ImagenUrl], [t].[NombreArticulo], [t].[Precio]
FROM [Orders] AS [o]
LEFT JOIN (
    SELECT [o0].[Id], [o0].[Cantidad], [o0].[OrderId], [o0].[PrecioUnitario], [o0].[ProductId], [p].[Id] AS [Id0], [p].[CantidadDisponible], [p].[Categoria], [p].[Descripcion], [p].[FechaCreacion], [p].[ImagenUrl], [p].[NombreArticulo], [p].[Precio]
    FROM [OrderDetails] AS [o0]
    INNER JOIN [Products] AS [p] ON [o0].[ProductId] = [p].[Id]
) AS [t] ON [o].[Id] = [t].[OrderId]
ORDER BY [o].[Fecha] DESC, [o].[Id], [t].[Id]
2025-08-16 14:22:19.348 -06:00 [INF] ✅ Acción ejecutada: Orders/Index | Hora: "2025-08-16T14:22:19.3479725-06:00"
2025-08-16 14:22:19.356 -06:00 [INF] Executing ViewResult, running view Index.
2025-08-16 14:22:19.386 -06:00 [INF] Executed ViewResult - view Index executed in 32.8417ms.
2025-08-16 14:22:19.395 -06:00 [INF] Executed action PaginaBizu.Controllers.OrdersController.Index (PaginaBizu) in 523.895ms
2025-08-16 14:22:19.400 -06:00 [INF] Executed endpoint 'PaginaBizu.Controllers.OrdersController.Index (PaginaBizu)'
2025-08-16 14:22:19.405 -06:00 [INF] Request finished HTTP/1.1 GET http://localhost:5116/Orders - 200 null text/html; charset=utf-8 558.6277ms
2025-08-16 14:22:19.712 -06:00 [INF] Request starting HTTP/1.1 GET http://localhost:5116/Cart/CartCount - null null
2025-08-16 14:22:19.718 -06:00 [INF] Executing endpoint 'PaginaBizu.Controllers.CartController.CartCount (PaginaBizu)'
2025-08-16 14:22:19.721 -06:00 [INF] Route matched with {action = "CartCount", controller = "Cart", page = "", area = ""}. Executing controller action with signature Microsoft.AspNetCore.Mvc.IActionResult CartCount() on controller PaginaBizu.Controllers.CartController (PaginaBizu).
2025-08-16 14:22:19.726 -06:00 [INF] ➡️ Acción ejecutándose: Cart/CartCount | Usuario: hoshuacastillo48@gmail.com | IP: ::1 | Hora: "2025-08-16T14:22:19.7267892-06:00"
2025-08-16 14:22:19.734 -06:00 [INF] Accessing expired session, Key:b6d22df1-35ff-543a-666b-31a639717e32
2025-08-16 14:22:19.737 -06:00 [INF] ✅ Acción ejecutada: Cart/CartCount | Hora: "2025-08-16T14:22:19.7369755-06:00"
2025-08-16 14:22:19.742 -06:00 [INF] Executing JsonResult, writing value of type 'System.Int32'.
2025-08-16 14:22:19.745 -06:00 [INF] Executed action PaginaBizu.Controllers.CartController.CartCount (PaginaBizu) in 18.535ms
2025-08-16 14:22:19.746 -06:00 [INF] Request starting HTTP/1.1 GET http://localhost:5116/Cart/CartCount - null null
2025-08-16 14:22:19.748 -06:00 [INF] Executed endpoint 'PaginaBizu.Controllers.CartController.CartCount (PaginaBizu)'
2025-08-16 14:22:19.754 -06:00 [INF] Executing endpoint 'PaginaBizu.Controllers.CartController.CartCount (PaginaBizu)'
2025-08-16 14:22:19.755 -06:00 [INF] Request finished HTTP/1.1 GET http://localhost:5116/Cart/CartCount - 200 null application/json; charset=utf-8 42.8747ms
2025-08-16 14:22:19.757 -06:00 [INF] Route matched with {action = "CartCount", controller = "Cart", page = "", area = ""}. Executing controller action with signature Microsoft.AspNetCore.Mvc.IActionResult CartCount() on controller PaginaBizu.Controllers.CartController (PaginaBizu).
2025-08-16 14:22:19.768 -06:00 [INF] ➡️ Acción ejecutándose: Cart/CartCount | Usuario: hoshuacastillo48@gmail.com | IP: ::1 | Hora: "2025-08-16T14:22:19.7684450-06:00"
2025-08-16 14:22:19.772 -06:00 [INF] Accessing expired session, Key:b6d22df1-35ff-543a-666b-31a639717e32
2025-08-16 14:22:19.774 -06:00 [INF] ✅ Acción ejecutada: Cart/CartCount | Hora: "2025-08-16T14:22:19.7744620-06:00"
2025-08-16 14:22:19.777 -06:00 [INF] Executing JsonResult, writing value of type 'System.Int32'.
2025-08-16 14:22:19.782 -06:00 [INF] Executed action PaginaBizu.Controllers.CartController.CartCount (PaginaBizu) in 14.1279ms
2025-08-16 14:22:19.786 -06:00 [INF] Executed endpoint 'PaginaBizu.Controllers.CartController.CartCount (PaginaBizu)'
2025-08-16 14:22:19.788 -06:00 [INF] Request finished HTTP/1.1 GET http://localhost:5116/Cart/CartCount - 200 null application/json; charset=utf-8 42.1164ms
2025-08-16 14:22:21.285 -06:00 [INF] Request starting HTTP/1.1 GET http://localhost:5116/Orders/CrearPedidoPrueba - null null
2025-08-16 14:22:21.292 -06:00 [INF] Executing endpoint 'PaginaBizu.Controllers.OrdersController.CrearPedidoPrueba (PaginaBizu)'
2025-08-16 14:22:21.296 -06:00 [INF] Route matched with {action = "CrearPedidoPrueba", controller = "Orders", page = "", area = ""}. Executing controller action with signature Microsoft.AspNetCore.Mvc.IActionResult CrearPedidoPrueba() on controller PaginaBizu.Controllers.OrdersController (PaginaBizu).
2025-08-16 14:22:21.299 -06:00 [INF] ➡️ Acción ejecutándose: Orders/CrearPedidoPrueba | Usuario: hoshuacastillo48@gmail.com | IP: ::1 | Hora: "2025-08-16T14:22:21.2995212-06:00"
2025-08-16 14:22:21.567 -06:00 [INF] Executed DbCommand (38ms) [Parameters=[@p0='?' (Size = 4000), @p1='?' (DbType = DateTime2), @p2='?' (Precision = 18) (Scale = 2) (DbType = Decimal), @p3='?' (Size = 4000)], CommandType='"Text"', CommandTimeout='30']
SET IMPLICIT_TRANSACTIONS OFF;
SET NOCOUNT ON;
INSERT INTO [Orders] ([Estado], [Fecha], [Total], [UsuarioId])
OUTPUT INSERTED.[Id]
VALUES (@p0, @p1, @p2, @p3);
2025-08-16 14:22:21.602 -06:00 [ERR] An exception occurred in the database while saving changes for context type 'PaginaBizu.Data.AppDbContext'.
Microsoft.EntityFrameworkCore.DbUpdateException: An error occurred while saving the entity changes. See the inner exception for details.
 ---> Microsoft.Data.SqlClient.SqlException (0x80131904): The INSERT statement conflicted with the FOREIGN KEY constraint "FK_Orders_AspNetUsers_UsuarioId". The conflict occurred in database "Bizuteria", table "dbo.AspNetUsers", column 'Id'.
   at Microsoft.Data.SqlClient.SqlConnection.OnError(SqlException exception, Boolean breakConnection, Action`1 wrapCloseInAction)
   at Microsoft.Data.SqlClient.SqlInternalConnection.OnError(SqlException exception, Boolean breakConnection, Action`1 wrapCloseInAction)
   at Microsoft.Data.SqlClient.TdsParser.ThrowExceptionAndWarning(TdsParserStateObject stateObj, Boolean callerHasConnectionLock, Boolean asyncClose)
   at Microsoft.Data.SqlClient.TdsParser.TryRun(RunBehavior runBehavior, SqlCommand cmdHandler, SqlDataReader dataStream, BulkCopySimpleResultSet bulkCopyHandler, TdsParserStateObject stateObj, Boolean& dataReady)
   at Microsoft.Data.SqlClient.SqlDataReader.TryHasMoreRows(Boolean& moreRows)
   at Microsoft.Data.SqlClient.SqlDataReader.TryReadInternal(Boolean setTimeout, Boolean& more)
   at Microsoft.Data.SqlClient.SqlDataReader.Read()
   at Microsoft.EntityFrameworkCore.Storage.RelationalDataReader.Read()
   at Microsoft.EntityFrameworkCore.Update.AffectedCountModificationCommandBatch.ConsumeResultSet(Int32 startCommandIndex, RelationalDataReader reader)
ClientConnectionId:ee49a80d-f512-487d-a5ab-90d38f102dbc
Error Number:547,State:0,Class:16
   --- End of inner exception stack trace ---
   at Microsoft.EntityFrameworkCore.Update.AffectedCountModificationCommandBatch.ConsumeResultSet(Int32 startCommandIndex, RelationalDataReader reader)
   at Microsoft.EntityFrameworkCore.Update.AffectedCountModificationCommandBatch.Consume(RelationalDataReader reader)
   at Microsoft.EntityFrameworkCore.Update.ReaderModificationCommandBatch.Execute(IRelationalConnection connection)
   at Microsoft.EntityFrameworkCore.SqlServer.Update.Internal.SqlServerModificationCommandBatch.Execute(IRelationalConnection connection)
   at Microsoft.EntityFrameworkCore.Update.Internal.BatchExecutor.Execute(IEnumerable`1 commandBatches, IRelationalConnection connection)
   at Microsoft.EntityFrameworkCore.Storage.RelationalDatabase.SaveChanges(IList`1 entries)
   at Microsoft.EntityFrameworkCore.ChangeTracking.Internal.StateManager.SaveChanges(IList`1 entriesToSave)
   at Microsoft.EntityFrameworkCore.ChangeTracking.Internal.StateManager.SaveChanges(StateManager stateManager, Boolean acceptAllChangesOnSuccess)
   at Microsoft.EntityFrameworkCore.ChangeTracking.Internal.StateManager.<>c.<SaveChanges>b__112_0(DbContext _, ValueTuple`2 t)
   at Microsoft.EntityFrameworkCore.Storage.ExecutionStrategy.<>c__DisplayClass28_0`2.<Execute>b__0(DbContext context, TState state)
   at Microsoft.EntityFrameworkCore.Storage.ExecutionStrategy.ExecuteImplementation[TState,TResult](Func`3 operation, Func`3 verifySucceeded, TState state)
   at Microsoft.EntityFrameworkCore.Storage.ExecutionStrategy.Execute[TState,TResult](TState state, Func`3 operation, Func`3 verifySucceeded)
   at Microsoft.EntityFrameworkCore.ChangeTracking.Internal.StateManager.SaveChanges(Boolean acceptAllChangesOnSuccess)
   at Microsoft.EntityFrameworkCore.DbContext.SaveChanges(Boolean acceptAllChangesOnSuccess)
Microsoft.EntityFrameworkCore.DbUpdateException: An error occurred while saving the entity changes. See the inner exception for details.
 ---> Microsoft.Data.SqlClient.SqlException (0x80131904): The INSERT statement conflicted with the FOREIGN KEY constraint "FK_Orders_AspNetUsers_UsuarioId". The conflict occurred in database "Bizuteria", table "dbo.AspNetUsers", column 'Id'.
   at Microsoft.Data.SqlClient.SqlConnection.OnError(SqlException exception, Boolean breakConnection, Action`1 wrapCloseInAction)
   at Microsoft.Data.SqlClient.SqlInternalConnection.OnError(SqlException exception, Boolean breakConnection, Action`1 wrapCloseInAction)
   at Microsoft.Data.SqlClient.TdsParser.ThrowExceptionAndWarning(TdsParserStateObject stateObj, Boolean callerHasConnectionLock, Boolean asyncClose)
   at Microsoft.Data.SqlClient.TdsParser.TryRun(RunBehavior runBehavior, SqlCommand cmdHandler, SqlDataReader dataStream, BulkCopySimpleResultSet bulkCopyHandler, TdsParserStateObject stateObj, Boolean& dataReady)
   at Microsoft.Data.SqlClient.SqlDataReader.TryHasMoreRows(Boolean& moreRows)
   at Microsoft.Data.SqlClient.SqlDataReader.TryReadInternal(Boolean setTimeout, Boolean& more)
   at Microsoft.Data.SqlClient.SqlDataReader.Read()
   at Microsoft.EntityFrameworkCore.Storage.RelationalDataReader.Read()
   at Microsoft.EntityFrameworkCore.Update.AffectedCountModificationCommandBatch.ConsumeResultSet(Int32 startCommandIndex, RelationalDataReader reader)
ClientConnectionId:ee49a80d-f512-487d-a5ab-90d38f102dbc
Error Number:547,State:0,Class:16
   --- End of inner exception stack trace ---
   at Microsoft.EntityFrameworkCore.Update.AffectedCountModificationCommandBatch.ConsumeResultSet(Int32 startCommandIndex, RelationalDataReader reader)
   at Microsoft.EntityFrameworkCore.Update.AffectedCountModificationCommandBatch.Consume(RelationalDataReader reader)
   at Microsoft.EntityFrameworkCore.Update.ReaderModificationCommandBatch.Execute(IRelationalConnection connection)
   at Microsoft.EntityFrameworkCore.SqlServer.Update.Internal.SqlServerModificationCommandBatch.Execute(IRelationalConnection connection)
   at Microsoft.EntityFrameworkCore.Update.Internal.BatchExecutor.Execute(IEnumerable`1 commandBatches, IRelationalConnection connection)
   at Microsoft.EntityFrameworkCore.Storage.RelationalDatabase.SaveChanges(IList`1 entries)
   at Microsoft.EntityFrameworkCore.ChangeTracking.Internal.StateManager.SaveChanges(IList`1 entriesToSave)
   at Microsoft.EntityFrameworkCore.ChangeTracking.Internal.StateManager.SaveChanges(StateManager stateManager, Boolean acceptAllChangesOnSuccess)
   at Microsoft.EntityFrameworkCore.ChangeTracking.Internal.StateManager.<>c.<SaveChanges>b__112_0(DbContext _, ValueTuple`2 t)
   at Microsoft.EntityFrameworkCore.Storage.ExecutionStrategy.<>c__DisplayClass28_0`2.<Execute>b__0(DbContext context, TState state)
   at Microsoft.EntityFrameworkCore.Storage.ExecutionStrategy.ExecuteImplementation[TState,TResult](Func`3 operation, Func`3 verifySucceeded, TState state)
   at Microsoft.EntityFrameworkCore.Storage.ExecutionStrategy.Execute[TState,TResult](TState state, Func`3 operation, Func`3 verifySucceeded)
   at Microsoft.EntityFrameworkCore.ChangeTracking.Internal.StateManager.SaveChanges(Boolean acceptAllChangesOnSuccess)
   at Microsoft.EntityFrameworkCore.DbContext.SaveChanges(Boolean acceptAllChangesOnSuccess)
2025-08-16 14:22:21.627 -06:00 [INF] ✅ Acción ejecutada: Orders/CrearPedidoPrueba | Hora: "2025-08-16T14:22:21.6271091-06:00"
2025-08-16 14:22:21.632 -06:00 [INF] Executed action PaginaBizu.Controllers.OrdersController.CrearPedidoPrueba (PaginaBizu) in 333.4439ms
2025-08-16 14:22:21.638 -06:00 [INF] Executed endpoint 'PaginaBizu.Controllers.OrdersController.CrearPedidoPrueba (PaginaBizu)'
2025-08-16 14:22:21.643 -06:00 [ERR] An unhandled exception has occurred while executing the request.
Microsoft.EntityFrameworkCore.DbUpdateException: An error occurred while saving the entity changes. See the inner exception for details.
 ---> Microsoft.Data.SqlClient.SqlException (0x80131904): The INSERT statement conflicted with the FOREIGN KEY constraint "FK_Orders_AspNetUsers_UsuarioId". The conflict occurred in database "Bizuteria", table "dbo.AspNetUsers", column 'Id'.
   at Microsoft.Data.SqlClient.SqlConnection.OnError(SqlException exception, Boolean breakConnection, Action`1 wrapCloseInAction)
   at Microsoft.Data.SqlClient.SqlInternalConnection.OnError(SqlException exception, Boolean breakConnection, Action`1 wrapCloseInAction)
   at Microsoft.Data.SqlClient.TdsParser.ThrowExceptionAndWarning(TdsParserStateObject stateObj, Boolean callerHasConnectionLock, Boolean asyncClose)
   at Microsoft.Data.SqlClient.TdsParser.TryRun(RunBehavior runBehavior, SqlCommand cmdHandler, SqlDataReader dataStream, BulkCopySimpleResultSet bulkCopyHandler, TdsParserStateObject stateObj, Boolean& dataReady)
   at Microsoft.Data.SqlClient.SqlDataReader.TryHasMoreRows(Boolean& moreRows)
   at Microsoft.Data.SqlClient.SqlDataReader.TryReadInternal(Boolean setTimeout, Boolean& more)
   at Microsoft.Data.SqlClient.SqlDataReader.Read()
   at Microsoft.EntityFrameworkCore.Storage.RelationalDataReader.Read()
   at Microsoft.EntityFrameworkCore.Update.AffectedCountModificationCommandBatch.ConsumeResultSet(Int32 startCommandIndex, RelationalDataReader reader)
ClientConnectionId:ee49a80d-f512-487d-a5ab-90d38f102dbc
Error Number:547,State:0,Class:16
   --- End of inner exception stack trace ---
   at Microsoft.EntityFrameworkCore.Update.AffectedCountModificationCommandBatch.ConsumeResultSet(Int32 startCommandIndex, RelationalDataReader reader)
   at Microsoft.EntityFrameworkCore.Update.AffectedCountModificationCommandBatch.Consume(RelationalDataReader reader)
   at Microsoft.EntityFrameworkCore.Update.ReaderModificationCommandBatch.Execute(IRelationalConnection connection)
   at Microsoft.EntityFrameworkCore.SqlServer.Update.Internal.SqlServerModificationCommandBatch.Execute(IRelationalConnection connection)
   at Microsoft.EntityFrameworkCore.Update.Internal.BatchExecutor.Execute(IEnumerable`1 commandBatches, IRelationalConnection connection)
   at Microsoft.EntityFrameworkCore.Storage.RelationalDatabase.SaveChanges(IList`1 entries)
   at Microsoft.EntityFrameworkCore.ChangeTracking.Internal.StateManager.SaveChanges(IList`1 entriesToSave)
   at Microsoft.EntityFrameworkCore.ChangeTracking.Internal.StateManager.SaveChanges(StateManager stateManager, Boolean acceptAllChangesOnSuccess)
   at Microsoft.EntityFrameworkCore.ChangeTracking.Internal.StateManager.<>c.<SaveChanges>b__112_0(DbContext _, ValueTuple`2 t)
   at Microsoft.EntityFrameworkCore.Storage.ExecutionStrategy.<>c__DisplayClass28_0`2.<Execute>b__0(DbContext context, TState state)
   at Microsoft.EntityFrameworkCore.Storage.ExecutionStrategy.ExecuteImplementation[TState,TResult](Func`3 operation, Func`3 verifySucceeded, TState state)
   at Microsoft.EntityFrameworkCore.Storage.ExecutionStrategy.Execute[TState,TResult](TState state, Func`3 operation, Func`3 verifySucceeded)
   at Microsoft.EntityFrameworkCore.ChangeTracking.Internal.StateManager.SaveChanges(Boolean acceptAllChangesOnSuccess)
   at Microsoft.EntityFrameworkCore.DbContext.SaveChanges(Boolean acceptAllChangesOnSuccess)
   at Microsoft.EntityFrameworkCore.DbContext.SaveChanges()
   at PaginaBizu.Controllers.OrdersController.CrearPedidoPrueba() in C:\Users\hoshu\OneDrive\Desktop\ProyectoAnalisisDeSistemas-master\ProyectoAnalisisDeSistemas-master\PaginaBizu\Controllers\OrdersController.cs:line 108
   at lambda_method383(Closure, Object, Object[])
   at Microsoft.AspNetCore.Mvc.Infrastructure.ActionMethodExecutor.SyncActionResultExecutor.Execute(ActionContext actionContext, IActionResultTypeMapper mapper, ObjectMethodExecutor executor, Object controller, Object[] arguments)
   at Microsoft.AspNetCore.Mvc.Infrastructure.ControllerActionInvoker.InvokeActionMethodAsync()
   at Microsoft.AspNetCore.Mvc.Infrastructure.ControllerActionInvoker.Next(State& next, Scope& scope, Object& state, Boolean& isCompleted)
   at Microsoft.AspNetCore.Mvc.Infrastructure.ControllerActionInvoker.InvokeNextActionFilterAsync()
--- End of stack trace from previous location ---
   at Microsoft.AspNetCore.Mvc.Infrastructure.ControllerActionInvoker.Rethrow(ActionExecutedContextSealed context)
   at Microsoft.AspNetCore.Mvc.Infrastructure.ControllerActionInvoker.Next(State& next, Scope& scope, Object& state, Boolean& isCompleted)
   at Microsoft.AspNetCore.Mvc.Infrastructure.ControllerActionInvoker.InvokeInnerFilterAsync()
--- End of stack trace from previous location ---
   at Microsoft.AspNetCore.Mvc.Infrastructure.ResourceInvoker.<InvokeNextResourceFilter>g__Awaited|25_0(ResourceInvoker invoker, Task lastTask, State next, Scope scope, Object state, Boolean isCompleted)
   at Microsoft.AspNetCore.Mvc.Infrastructure.ResourceInvoker.Rethrow(ResourceExecutedContextSealed context)
   at Microsoft.AspNetCore.Mvc.Infrastructure.ResourceInvoker.Next(State& next, Scope& scope, Object& state, Boolean& isCompleted)
   at Microsoft.AspNetCore.Mvc.Infrastructure.ResourceInvoker.InvokeFilterPipelineAsync()
--- End of stack trace from previous location ---
   at Microsoft.AspNetCore.Mvc.Infrastructure.ResourceInvoker.<InvokeAsync>g__Logged|17_1(ResourceInvoker invoker)
   at Microsoft.AspNetCore.Mvc.Infrastructure.ResourceInvoker.<InvokeAsync>g__Logged|17_1(ResourceInvoker invoker)
   at Microsoft.AspNetCore.Routing.EndpointMiddleware.<Invoke>g__AwaitRequestTask|7_0(Endpoint endpoint, Task requestTask, ILogger logger)
   at Microsoft.AspNetCore.Authorization.AuthorizationMiddleware.Invoke(HttpContext context)
   at Microsoft.AspNetCore.Session.SessionMiddleware.Invoke(HttpContext context)
   at Microsoft.AspNetCore.Session.SessionMiddleware.Invoke(HttpContext context)
   at Microsoft.AspNetCore.Authentication.AuthenticationMiddleware.Invoke(HttpContext context)
   at Swashbuckle.AspNetCore.SwaggerUI.SwaggerUIMiddleware.Invoke(HttpContext httpContext)
   at Swashbuckle.AspNetCore.Swagger.SwaggerMiddleware.Invoke(HttpContext httpContext, ISwaggerProvider swaggerProvider)
   at Microsoft.AspNetCore.Diagnostics.DeveloperExceptionPageMiddlewareImpl.Invoke(HttpContext context)
2025-08-16 14:22:21.735 -06:00 [INF] Request finished HTTP/1.1 GET http://localhost:5116/Orders/CrearPedidoPrueba - 500 null text/html; charset=utf-8 449.6379ms
2025-08-16 14:23:29.499 -06:00 [INF] Application is shutting down...
2025-08-16 14:30:09.432 -06:00 [INF] User profile is available. Using 'C:\Users\hoshu\AppData\Local\ASP.NET\DataProtection-Keys' as key repository and Windows DPAPI to encrypt keys at rest.
2025-08-16 14:30:10.031 -06:00 [WRN] No store type was specified for the decimal property 'Total' on entity type 'Order'. This will cause values to be silently truncated if they do not fit in the default precision and scale. Explicitly specify the SQL server column type that can accommodate all the values in 'OnModelCreating' using 'HasColumnType', specify precision and scale using 'HasPrecision', or configure a value converter using 'HasConversion'.
2025-08-16 14:30:10.034 -06:00 [WRN] No store type was specified for the decimal property 'PrecioUnitario' on entity type 'OrderDetail'. This will cause values to be silently truncated if they do not fit in the default precision and scale. Explicitly specify the SQL server column type that can accommodate all the values in 'OnModelCreating' using 'HasColumnType', specify precision and scale using 'HasPrecision', or configure a value converter using 'HasConversion'.
2025-08-16 14:30:10.036 -06:00 [WRN] No store type was specified for the decimal property 'Precio' on entity type 'Product'. This will cause values to be silently truncated if they do not fit in the default precision and scale. Explicitly specify the SQL server column type that can accommodate all the values in 'OnModelCreating' using 'HasColumnType', specify precision and scale using 'HasPrecision', or configure a value converter using 'HasConversion'.
2025-08-16 14:30:10.448 -06:00 [INF] Executed DbCommand (27ms) [Parameters=[@__normalizedName_0='?' (Size = 256)], CommandType='"Text"', CommandTimeout='30']
SELECT TOP(1) [a].[Id], [a].[ConcurrencyStamp], [a].[Name], [a].[NormalizedName]
FROM [AspNetRoles] AS [a]
WHERE [a].[NormalizedName] = @__normalizedName_0
2025-08-16 14:30:10.530 -06:00 [INF] Executed DbCommand (6ms) [Parameters=[@__normalizedEmail_0='?' (Size = 256)], CommandType='"Text"', CommandTimeout='30']
SELECT TOP(2) [a].[Id], [a].[AccessFailedCount], [a].[ConcurrencyStamp], [a].[Email], [a].[EmailConfirmed], [a].[LockoutEnabled], [a].[LockoutEnd], [a].[NormalizedEmail], [a].[NormalizedUserName], [a].[PasswordHash], [a].[PhoneNumber], [a].[PhoneNumberConfirmed], [a].[SecurityStamp], [a].[TwoFactorEnabled], [a].[UserName]
FROM [AspNetUsers] AS [a]
WHERE [a].[NormalizedEmail] = @__normalizedEmail_0
2025-08-16 14:30:10.568 -06:00 [INF] Executed DbCommand (4ms) [Parameters=[@__normalizedRoleName_0='?' (Size = 256)], CommandType='"Text"', CommandTimeout='30']
SELECT TOP(2) [a].[Id], [a].[ConcurrencyStamp], [a].[Name], [a].[NormalizedName]
FROM [AspNetRoles] AS [a]
WHERE [a].[NormalizedName] = @__normalizedRoleName_0
2025-08-16 14:30:10.610 -06:00 [INF] Executed DbCommand (4ms) [Parameters=[@__p_0='?' (Size = 450), @__p_1='?' (Size = 450)], CommandType='"Text"', CommandTimeout='30']
SELECT TOP(1) [a].[UserId], [a].[RoleId]
FROM [AspNetUserRoles] AS [a]
WHERE [a].[UserId] = @__p_0 AND [a].[RoleId] = @__p_1
2025-08-16 14:30:10.625 -06:00 [INF] Executed DbCommand (1ms) [Parameters=[@__normalizedEmail_0='?' (Size = 256)], CommandType='"Text"', CommandTimeout='30']
SELECT TOP(2) [a].[Id], [a].[AccessFailedCount], [a].[ConcurrencyStamp], [a].[Email], [a].[EmailConfirmed], [a].[LockoutEnabled], [a].[LockoutEnd], [a].[NormalizedEmail], [a].[NormalizedUserName], [a].[PasswordHash], [a].[PhoneNumber], [a].[PhoneNumberConfirmed], [a].[SecurityStamp], [a].[TwoFactorEnabled], [a].[UserName]
FROM [AspNetUsers] AS [a]
WHERE [a].[NormalizedEmail] = @__normalizedEmail_0
2025-08-16 14:30:10.633 -06:00 [INF] Executed DbCommand (2ms) [Parameters=[@__normalizedRoleName_0='?' (Size = 256)], CommandType='"Text"', CommandTimeout='30']
SELECT TOP(2) [a].[Id], [a].[ConcurrencyStamp], [a].[Name], [a].[NormalizedName]
FROM [AspNetRoles] AS [a]
WHERE [a].[NormalizedName] = @__normalizedRoleName_0
2025-08-16 14:30:10.641 -06:00 [INF] Executed DbCommand (1ms) [Parameters=[@__p_0='?' (Size = 450), @__p_1='?' (Size = 450)], CommandType='"Text"', CommandTimeout='30']
SELECT TOP(1) [a].[UserId], [a].[RoleId]
FROM [AspNetUserRoles] AS [a]
WHERE [a].[UserId] = @__p_0 AND [a].[RoleId] = @__p_1
2025-08-16 14:30:10.647 -06:00 [INF] Executed DbCommand (1ms) [Parameters=[@__normalizedEmail_0='?' (Size = 256)], CommandType='"Text"', CommandTimeout='30']
SELECT TOP(2) [a].[Id], [a].[AccessFailedCount], [a].[ConcurrencyStamp], [a].[Email], [a].[EmailConfirmed], [a].[LockoutEnabled], [a].[LockoutEnd], [a].[NormalizedEmail], [a].[NormalizedUserName], [a].[PasswordHash], [a].[PhoneNumber], [a].[PhoneNumberConfirmed], [a].[SecurityStamp], [a].[TwoFactorEnabled], [a].[UserName]
FROM [AspNetUsers] AS [a]
WHERE [a].[NormalizedEmail] = @__normalizedEmail_0
2025-08-16 14:30:10.653 -06:00 [INF] Executed DbCommand (1ms) [Parameters=[@__normalizedRoleName_0='?' (Size = 256)], CommandType='"Text"', CommandTimeout='30']
SELECT TOP(2) [a].[Id], [a].[ConcurrencyStamp], [a].[Name], [a].[NormalizedName]
FROM [AspNetRoles] AS [a]
WHERE [a].[NormalizedName] = @__normalizedRoleName_0
2025-08-16 14:30:10.657 -06:00 [INF] Executed DbCommand (1ms) [Parameters=[@__p_0='?' (Size = 450), @__p_1='?' (Size = 450)], CommandType='"Text"', CommandTimeout='30']
SELECT TOP(1) [a].[UserId], [a].[RoleId]
FROM [AspNetUserRoles] AS [a]
WHERE [a].[UserId] = @__p_0 AND [a].[RoleId] = @__p_1
2025-08-16 14:30:10.858 -06:00 [INF] Now listening on: http://localhost:5116
2025-08-16 14:30:10.862 -06:00 [INF] Application started. Press Ctrl+C to shut down.
2025-08-16 14:30:10.863 -06:00 [INF] Hosting environment: Development
2025-08-16 14:30:10.864 -06:00 [INF] Content root path: C:\Users\hoshu\OneDrive\Desktop\ProyectoAnalisisDeSistemas-master\ProyectoAnalisisDeSistemas-master\PaginaBizu
2025-08-16 14:30:13.261 -06:00 [INF] Request starting HTTP/1.1 GET http://localhost:5116/Orders/CrearPedidoPrueba - null null
2025-08-16 14:30:13.329 -06:00 [WRN] Failed to determine the https port for redirect.
2025-08-16 14:30:13.382 -06:00 [INF] Executing endpoint 'PaginaBizu.Controllers.OrdersController.CrearPedidoPrueba (PaginaBizu)'
2025-08-16 14:30:13.394 -06:00 [INF] Route matched with {action = "CrearPedidoPrueba", controller = "Orders", page = "", area = ""}. Executing controller action with signature Microsoft.AspNetCore.Mvc.IActionResult CrearPedidoPrueba() on controller PaginaBizu.Controllers.OrdersController (PaginaBizu).
2025-08-16 14:30:13.407 -06:00 [INF] ➡️ Acción ejecutándose: Orders/CrearPedidoPrueba | Usuario: hoshuacastillo48@gmail.com | IP: ::1 | Hora: "2025-08-16T14:30:13.4066269-06:00"
2025-08-16 14:30:13.588 -06:00 [INF] Executed DbCommand (11ms) [Parameters=[@p0='?' (Size = 4000), @p1='?' (DbType = DateTime2), @p2='?' (Precision = 18) (Scale = 2) (DbType = Decimal), @p3='?' (Size = 4000)], CommandType='"Text"', CommandTimeout='30']
SET IMPLICIT_TRANSACTIONS OFF;
SET NOCOUNT ON;
INSERT INTO [Orders] ([Estado], [Fecha], [Total], [UsuarioId])
OUTPUT INSERTED.[Id]
VALUES (@p0, @p1, @p2, @p3);
2025-08-16 14:30:13.607 -06:00 [ERR] An exception occurred in the database while saving changes for context type 'PaginaBizu.Data.AppDbContext'.
Microsoft.EntityFrameworkCore.DbUpdateException: An error occurred while saving the entity changes. See the inner exception for details.
 ---> Microsoft.Data.SqlClient.SqlException (0x80131904): The INSERT statement conflicted with the FOREIGN KEY constraint "FK_Orders_AspNetUsers_UsuarioId". The conflict occurred in database "Bizuteria", table "dbo.AspNetUsers", column 'Id'.
   at Microsoft.Data.SqlClient.SqlConnection.OnError(SqlException exception, Boolean breakConnection, Action`1 wrapCloseInAction)
   at Microsoft.Data.SqlClient.SqlInternalConnection.OnError(SqlException exception, Boolean breakConnection, Action`1 wrapCloseInAction)
   at Microsoft.Data.SqlClient.TdsParser.ThrowExceptionAndWarning(TdsParserStateObject stateObj, Boolean callerHasConnectionLock, Boolean asyncClose)
   at Microsoft.Data.SqlClient.TdsParser.TryRun(RunBehavior runBehavior, SqlCommand cmdHandler, SqlDataReader dataStream, BulkCopySimpleResultSet bulkCopyHandler, TdsParserStateObject stateObj, Boolean& dataReady)
   at Microsoft.Data.SqlClient.SqlDataReader.TryHasMoreRows(Boolean& moreRows)
   at Microsoft.Data.SqlClient.SqlDataReader.TryReadInternal(Boolean setTimeout, Boolean& more)
   at Microsoft.Data.SqlClient.SqlDataReader.Read()
   at Microsoft.EntityFrameworkCore.Storage.RelationalDataReader.Read()
   at Microsoft.EntityFrameworkCore.Update.AffectedCountModificationCommandBatch.ConsumeResultSet(Int32 startCommandIndex, RelationalDataReader reader)
ClientConnectionId:507b46ac-0f05-42a4-a42f-3062b12ead8b
Error Number:547,State:0,Class:16
   --- End of inner exception stack trace ---
   at Microsoft.EntityFrameworkCore.Update.AffectedCountModificationCommandBatch.ConsumeResultSet(Int32 startCommandIndex, RelationalDataReader reader)
   at Microsoft.EntityFrameworkCore.Update.AffectedCountModificationCommandBatch.Consume(RelationalDataReader reader)
   at Microsoft.EntityFrameworkCore.Update.ReaderModificationCommandBatch.Execute(IRelationalConnection connection)
   at Microsoft.EntityFrameworkCore.SqlServer.Update.Internal.SqlServerModificationCommandBatch.Execute(IRelationalConnection connection)
   at Microsoft.EntityFrameworkCore.Update.Internal.BatchExecutor.Execute(IEnumerable`1 commandBatches, IRelationalConnection connection)
   at Microsoft.EntityFrameworkCore.Storage.RelationalDatabase.SaveChanges(IList`1 entries)
   at Microsoft.EntityFrameworkCore.ChangeTracking.Internal.StateManager.SaveChanges(IList`1 entriesToSave)
   at Microsoft.EntityFrameworkCore.ChangeTracking.Internal.StateManager.SaveChanges(StateManager stateManager, Boolean acceptAllChangesOnSuccess)
   at Microsoft.EntityFrameworkCore.ChangeTracking.Internal.StateManager.<>c.<SaveChanges>b__112_0(DbContext _, ValueTuple`2 t)
   at Microsoft.EntityFrameworkCore.Storage.ExecutionStrategy.<>c__DisplayClass28_0`2.<Execute>b__0(DbContext context, TState state)
   at Microsoft.EntityFrameworkCore.Storage.ExecutionStrategy.ExecuteImplementation[TState,TResult](Func`3 operation, Func`3 verifySucceeded, TState state)
   at Microsoft.EntityFrameworkCore.Storage.ExecutionStrategy.Execute[TState,TResult](TState state, Func`3 operation, Func`3 verifySucceeded)
   at Microsoft.EntityFrameworkCore.ChangeTracking.Internal.StateManager.SaveChanges(Boolean acceptAllChangesOnSuccess)
   at Microsoft.EntityFrameworkCore.DbContext.SaveChanges(Boolean acceptAllChangesOnSuccess)
Microsoft.EntityFrameworkCore.DbUpdateException: An error occurred while saving the entity changes. See the inner exception for details.
 ---> Microsoft.Data.SqlClient.SqlException (0x80131904): The INSERT statement conflicted with the FOREIGN KEY constraint "FK_Orders_AspNetUsers_UsuarioId". The conflict occurred in database "Bizuteria", table "dbo.AspNetUsers", column 'Id'.
   at Microsoft.Data.SqlClient.SqlConnection.OnError(SqlException exception, Boolean breakConnection, Action`1 wrapCloseInAction)
   at Microsoft.Data.SqlClient.SqlInternalConnection.OnError(SqlException exception, Boolean breakConnection, Action`1 wrapCloseInAction)
   at Microsoft.Data.SqlClient.TdsParser.ThrowExceptionAndWarning(TdsParserStateObject stateObj, Boolean callerHasConnectionLock, Boolean asyncClose)
   at Microsoft.Data.SqlClient.TdsParser.TryRun(RunBehavior runBehavior, SqlCommand cmdHandler, SqlDataReader dataStream, BulkCopySimpleResultSet bulkCopyHandler, TdsParserStateObject stateObj, Boolean& dataReady)
   at Microsoft.Data.SqlClient.SqlDataReader.TryHasMoreRows(Boolean& moreRows)
   at Microsoft.Data.SqlClient.SqlDataReader.TryReadInternal(Boolean setTimeout, Boolean& more)
   at Microsoft.Data.SqlClient.SqlDataReader.Read()
   at Microsoft.EntityFrameworkCore.Storage.RelationalDataReader.Read()
   at Microsoft.EntityFrameworkCore.Update.AffectedCountModificationCommandBatch.ConsumeResultSet(Int32 startCommandIndex, RelationalDataReader reader)
ClientConnectionId:507b46ac-0f05-42a4-a42f-3062b12ead8b
Error Number:547,State:0,Class:16
   --- End of inner exception stack trace ---
   at Microsoft.EntityFrameworkCore.Update.AffectedCountModificationCommandBatch.ConsumeResultSet(Int32 startCommandIndex, RelationalDataReader reader)
   at Microsoft.EntityFrameworkCore.Update.AffectedCountModificationCommandBatch.Consume(RelationalDataReader reader)
   at Microsoft.EntityFrameworkCore.Update.ReaderModificationCommandBatch.Execute(IRelationalConnection connection)
   at Microsoft.EntityFrameworkCore.SqlServer.Update.Internal.SqlServerModificationCommandBatch.Execute(IRelationalConnection connection)
   at Microsoft.EntityFrameworkCore.Update.Internal.BatchExecutor.Execute(IEnumerable`1 commandBatches, IRelationalConnection connection)
   at Microsoft.EntityFrameworkCore.Storage.RelationalDatabase.SaveChanges(IList`1 entries)
   at Microsoft.EntityFrameworkCore.ChangeTracking.Internal.StateManager.SaveChanges(IList`1 entriesToSave)
   at Microsoft.EntityFrameworkCore.ChangeTracking.Internal.StateManager.SaveChanges(StateManager stateManager, Boolean acceptAllChangesOnSuccess)
   at Microsoft.EntityFrameworkCore.ChangeTracking.Internal.StateManager.<>c.<SaveChanges>b__112_0(DbContext _, ValueTuple`2 t)
   at Microsoft.EntityFrameworkCore.Storage.ExecutionStrategy.<>c__DisplayClass28_0`2.<Execute>b__0(DbContext context, TState state)
   at Microsoft.EntityFrameworkCore.Storage.ExecutionStrategy.ExecuteImplementation[TState,TResult](Func`3 operation, Func`3 verifySucceeded, TState state)
   at Microsoft.EntityFrameworkCore.Storage.ExecutionStrategy.Execute[TState,TResult](TState state, Func`3 operation, Func`3 verifySucceeded)
   at Microsoft.EntityFrameworkCore.ChangeTracking.Internal.StateManager.SaveChanges(Boolean acceptAllChangesOnSuccess)
   at Microsoft.EntityFrameworkCore.DbContext.SaveChanges(Boolean acceptAllChangesOnSuccess)
2025-08-16 14:30:13.626 -06:00 [INF] ✅ Acción ejecutada: Orders/CrearPedidoPrueba | Hora: "2025-08-16T14:30:13.6259909-06:00"
2025-08-16 14:30:13.632 -06:00 [INF] Executed action PaginaBizu.Controllers.OrdersController.CrearPedidoPrueba (PaginaBizu) in 231.8053ms
2025-08-16 14:30:13.635 -06:00 [INF] Executed endpoint 'PaginaBizu.Controllers.OrdersController.CrearPedidoPrueba (PaginaBizu)'
2025-08-16 14:30:13.640 -06:00 [ERR] An unhandled exception has occurred while executing the request.
Microsoft.EntityFrameworkCore.DbUpdateException: An error occurred while saving the entity changes. See the inner exception for details.
 ---> Microsoft.Data.SqlClient.SqlException (0x80131904): The INSERT statement conflicted with the FOREIGN KEY constraint "FK_Orders_AspNetUsers_UsuarioId". The conflict occurred in database "Bizuteria", table "dbo.AspNetUsers", column 'Id'.
   at Microsoft.Data.SqlClient.SqlConnection.OnError(SqlException exception, Boolean breakConnection, Action`1 wrapCloseInAction)
   at Microsoft.Data.SqlClient.SqlInternalConnection.OnError(SqlException exception, Boolean breakConnection, Action`1 wrapCloseInAction)
   at Microsoft.Data.SqlClient.TdsParser.ThrowExceptionAndWarning(TdsParserStateObject stateObj, Boolean callerHasConnectionLock, Boolean asyncClose)
   at Microsoft.Data.SqlClient.TdsParser.TryRun(RunBehavior runBehavior, SqlCommand cmdHandler, SqlDataReader dataStream, BulkCopySimpleResultSet bulkCopyHandler, TdsParserStateObject stateObj, Boolean& dataReady)
   at Microsoft.Data.SqlClient.SqlDataReader.TryHasMoreRows(Boolean& moreRows)
   at Microsoft.Data.SqlClient.SqlDataReader.TryReadInternal(Boolean setTimeout, Boolean& more)
   at Microsoft.Data.SqlClient.SqlDataReader.Read()
   at Microsoft.EntityFrameworkCore.Storage.RelationalDataReader.Read()
   at Microsoft.EntityFrameworkCore.Update.AffectedCountModificationCommandBatch.ConsumeResultSet(Int32 startCommandIndex, RelationalDataReader reader)
ClientConnectionId:507b46ac-0f05-42a4-a42f-3062b12ead8b
Error Number:547,State:0,Class:16
   --- End of inner exception stack trace ---
   at Microsoft.EntityFrameworkCore.Update.AffectedCountModificationCommandBatch.ConsumeResultSet(Int32 startCommandIndex, RelationalDataReader reader)
   at Microsoft.EntityFrameworkCore.Update.AffectedCountModificationCommandBatch.Consume(RelationalDataReader reader)
   at Microsoft.EntityFrameworkCore.Update.ReaderModificationCommandBatch.Execute(IRelationalConnection connection)
   at Microsoft.EntityFrameworkCore.SqlServer.Update.Internal.SqlServerModificationCommandBatch.Execute(IRelationalConnection connection)
   at Microsoft.EntityFrameworkCore.Update.Internal.BatchExecutor.Execute(IEnumerable`1 commandBatches, IRelationalConnection connection)
   at Microsoft.EntityFrameworkCore.Storage.RelationalDatabase.SaveChanges(IList`1 entries)
   at Microsoft.EntityFrameworkCore.ChangeTracking.Internal.StateManager.SaveChanges(IList`1 entriesToSave)
   at Microsoft.EntityFrameworkCore.ChangeTracking.Internal.StateManager.SaveChanges(StateManager stateManager, Boolean acceptAllChangesOnSuccess)
   at Microsoft.EntityFrameworkCore.ChangeTracking.Internal.StateManager.<>c.<SaveChanges>b__112_0(DbContext _, ValueTuple`2 t)
   at Microsoft.EntityFrameworkCore.Storage.ExecutionStrategy.<>c__DisplayClass28_0`2.<Execute>b__0(DbContext context, TState state)
   at Microsoft.EntityFrameworkCore.Storage.ExecutionStrategy.ExecuteImplementation[TState,TResult](Func`3 operation, Func`3 verifySucceeded, TState state)
   at Microsoft.EntityFrameworkCore.Storage.ExecutionStrategy.Execute[TState,TResult](TState state, Func`3 operation, Func`3 verifySucceeded)
   at Microsoft.EntityFrameworkCore.ChangeTracking.Internal.StateManager.SaveChanges(Boolean acceptAllChangesOnSuccess)
   at Microsoft.EntityFrameworkCore.DbContext.SaveChanges(Boolean acceptAllChangesOnSuccess)
   at Microsoft.EntityFrameworkCore.DbContext.SaveChanges()
   at PaginaBizu.Controllers.OrdersController.CrearPedidoPrueba() in C:\Users\hoshu\OneDrive\Desktop\ProyectoAnalisisDeSistemas-master\ProyectoAnalisisDeSistemas-master\PaginaBizu\Controllers\OrdersController.cs:line 108
   at lambda_method196(Closure, Object, Object[])
   at Microsoft.AspNetCore.Mvc.Infrastructure.ActionMethodExecutor.SyncActionResultExecutor.Execute(ActionContext actionContext, IActionResultTypeMapper mapper, ObjectMethodExecutor executor, Object controller, Object[] arguments)
   at Microsoft.AspNetCore.Mvc.Infrastructure.ControllerActionInvoker.InvokeActionMethodAsync()
   at Microsoft.AspNetCore.Mvc.Infrastructure.ControllerActionInvoker.Next(State& next, Scope& scope, Object& state, Boolean& isCompleted)
   at Microsoft.AspNetCore.Mvc.Infrastructure.ControllerActionInvoker.InvokeNextActionFilterAsync()
--- End of stack trace from previous location ---
   at Microsoft.AspNetCore.Mvc.Infrastructure.ControllerActionInvoker.Rethrow(ActionExecutedContextSealed context)
   at Microsoft.AspNetCore.Mvc.Infrastructure.ControllerActionInvoker.Next(State& next, Scope& scope, Object& state, Boolean& isCompleted)
   at Microsoft.AspNetCore.Mvc.Infrastructure.ControllerActionInvoker.InvokeInnerFilterAsync()
--- End of stack trace from previous location ---
   at Microsoft.AspNetCore.Mvc.Infrastructure.ResourceInvoker.<InvokeNextResourceFilter>g__Awaited|25_0(ResourceInvoker invoker, Task lastTask, State next, Scope scope, Object state, Boolean isCompleted)
   at Microsoft.AspNetCore.Mvc.Infrastructure.ResourceInvoker.Rethrow(ResourceExecutedContextSealed context)
   at Microsoft.AspNetCore.Mvc.Infrastructure.ResourceInvoker.Next(State& next, Scope& scope, Object& state, Boolean& isCompleted)
   at Microsoft.AspNetCore.Mvc.Infrastructure.ResourceInvoker.InvokeFilterPipelineAsync()
--- End of stack trace from previous location ---
   at Microsoft.AspNetCore.Mvc.Infrastructure.ResourceInvoker.<InvokeAsync>g__Logged|17_1(ResourceInvoker invoker)
   at Microsoft.AspNetCore.Mvc.Infrastructure.ResourceInvoker.<InvokeAsync>g__Logged|17_1(ResourceInvoker invoker)
   at Microsoft.AspNetCore.Routing.EndpointMiddleware.<Invoke>g__AwaitRequestTask|7_0(Endpoint endpoint, Task requestTask, ILogger logger)
   at Microsoft.AspNetCore.Authorization.AuthorizationMiddleware.Invoke(HttpContext context)
   at Microsoft.AspNetCore.Session.SessionMiddleware.Invoke(HttpContext context)
   at Microsoft.AspNetCore.Session.SessionMiddleware.Invoke(HttpContext context)
   at Microsoft.AspNetCore.Authentication.AuthenticationMiddleware.Invoke(HttpContext context)
   at Swashbuckle.AspNetCore.SwaggerUI.SwaggerUIMiddleware.Invoke(HttpContext httpContext)
   at Swashbuckle.AspNetCore.Swagger.SwaggerMiddleware.Invoke(HttpContext httpContext, ISwaggerProvider swaggerProvider)
   at Microsoft.AspNetCore.Diagnostics.DeveloperExceptionPageMiddlewareImpl.Invoke(HttpContext context)
2025-08-16 14:30:13.724 -06:00 [INF] Request finished HTTP/1.1 GET http://localhost:5116/Orders/CrearPedidoPrueba - 500 null text/html; charset=utf-8 464.5854ms
2025-08-16 14:30:13.921 -06:00 [INF] Request starting HTTP/1.1 GET http://localhost:5116/Orders/CrearPedidoPrueba - null null
2025-08-16 14:30:13.945 -06:00 [INF] Executing endpoint 'PaginaBizu.Controllers.OrdersController.CrearPedidoPrueba (PaginaBizu)'
2025-08-16 14:30:13.950 -06:00 [INF] Route matched with {action = "CrearPedidoPrueba", controller = "Orders", page = "", area = ""}. Executing controller action with signature Microsoft.AspNetCore.Mvc.IActionResult CrearPedidoPrueba() on controller PaginaBizu.Controllers.OrdersController (PaginaBizu).
2025-08-16 14:30:13.955 -06:00 [INF] ➡️ Acción ejecutándose: Orders/CrearPedidoPrueba | Usuario: hoshuacastillo48@gmail.com | IP: ::1 | Hora: "2025-08-16T14:30:13.9555867-06:00"
2025-08-16 14:30:13.993 -06:00 [INF] Executed DbCommand (8ms) [Parameters=[@p0='?' (Size = 4000), @p1='?' (DbType = DateTime2), @p2='?' (Precision = 18) (Scale = 2) (DbType = Decimal), @p3='?' (Size = 4000)], CommandType='"Text"', CommandTimeout='30']
SET IMPLICIT_TRANSACTIONS OFF;
SET NOCOUNT ON;
INSERT INTO [Orders] ([Estado], [Fecha], [Total], [UsuarioId])
OUTPUT INSERTED.[Id]
VALUES (@p0, @p1, @p2, @p3);
2025-08-16 14:30:13.999 -06:00 [ERR] An exception occurred in the database while saving changes for context type 'PaginaBizu.Data.AppDbContext'.
Microsoft.EntityFrameworkCore.DbUpdateException: An error occurred while saving the entity changes. See the inner exception for details.
 ---> Microsoft.Data.SqlClient.SqlException (0x80131904): The INSERT statement conflicted with the FOREIGN KEY constraint "FK_Orders_AspNetUsers_UsuarioId". The conflict occurred in database "Bizuteria", table "dbo.AspNetUsers", column 'Id'.
   at Microsoft.Data.SqlClient.SqlConnection.OnError(SqlException exception, Boolean breakConnection, Action`1 wrapCloseInAction)
   at Microsoft.Data.SqlClient.SqlInternalConnection.OnError(SqlException exception, Boolean breakConnection, Action`1 wrapCloseInAction)
   at Microsoft.Data.SqlClient.TdsParser.ThrowExceptionAndWarning(TdsParserStateObject stateObj, Boolean callerHasConnectionLock, Boolean asyncClose)
   at Microsoft.Data.SqlClient.TdsParser.TryRun(RunBehavior runBehavior, SqlCommand cmdHandler, SqlDataReader dataStream, BulkCopySimpleResultSet bulkCopyHandler, TdsParserStateObject stateObj, Boolean& dataReady)
   at Microsoft.Data.SqlClient.SqlDataReader.TryHasMoreRows(Boolean& moreRows)
   at Microsoft.Data.SqlClient.SqlDataReader.TryReadInternal(Boolean setTimeout, Boolean& more)
   at Microsoft.Data.SqlClient.SqlDataReader.Read()
   at Microsoft.EntityFrameworkCore.Storage.RelationalDataReader.Read()
   at Microsoft.EntityFrameworkCore.Update.AffectedCountModificationCommandBatch.ConsumeResultSet(Int32 startCommandIndex, RelationalDataReader reader)
ClientConnectionId:507b46ac-0f05-42a4-a42f-3062b12ead8b
Error Number:547,State:0,Class:16
   --- End of inner exception stack trace ---
   at Microsoft.EntityFrameworkCore.Update.AffectedCountModificationCommandBatch.ConsumeResultSet(Int32 startCommandIndex, RelationalDataReader reader)
   at Microsoft.EntityFrameworkCore.Update.AffectedCountModificationCommandBatch.Consume(RelationalDataReader reader)
   at Microsoft.EntityFrameworkCore.Update.ReaderModificationCommandBatch.Execute(IRelationalConnection connection)
   at Microsoft.EntityFrameworkCore.SqlServer.Update.Internal.SqlServerModificationCommandBatch.Execute(IRelationalConnection connection)
   at Microsoft.EntityFrameworkCore.Update.Internal.BatchExecutor.Execute(IEnumerable`1 commandBatches, IRelationalConnection connection)
   at Microsoft.EntityFrameworkCore.Storage.RelationalDatabase.SaveChanges(IList`1 entries)
   at Microsoft.EntityFrameworkCore.ChangeTracking.Internal.StateManager.SaveChanges(IList`1 entriesToSave)
   at Microsoft.EntityFrameworkCore.ChangeTracking.Internal.StateManager.SaveChanges(StateManager stateManager, Boolean acceptAllChangesOnSuccess)
   at Microsoft.EntityFrameworkCore.ChangeTracking.Internal.StateManager.<>c.<SaveChanges>b__112_0(DbContext _, ValueTuple`2 t)
   at Microsoft.EntityFrameworkCore.Storage.ExecutionStrategy.<>c__DisplayClass28_0`2.<Execute>b__0(DbContext context, TState state)
   at Microsoft.EntityFrameworkCore.Storage.ExecutionStrategy.ExecuteImplementation[TState,TResult](Func`3 operation, Func`3 verifySucceeded, TState state)
   at Microsoft.EntityFrameworkCore.Storage.ExecutionStrategy.Execute[TState,TResult](TState state, Func`3 operation, Func`3 verifySucceeded)
   at Microsoft.EntityFrameworkCore.ChangeTracking.Internal.StateManager.SaveChanges(Boolean acceptAllChangesOnSuccess)
   at Microsoft.EntityFrameworkCore.DbContext.SaveChanges(Boolean acceptAllChangesOnSuccess)
Microsoft.EntityFrameworkCore.DbUpdateException: An error occurred while saving the entity changes. See the inner exception for details.
 ---> Microsoft.Data.SqlClient.SqlException (0x80131904): The INSERT statement conflicted with the FOREIGN KEY constraint "FK_Orders_AspNetUsers_UsuarioId". The conflict occurred in database "Bizuteria", table "dbo.AspNetUsers", column 'Id'.
   at Microsoft.Data.SqlClient.SqlConnection.OnError(SqlException exception, Boolean breakConnection, Action`1 wrapCloseInAction)
   at Microsoft.Data.SqlClient.SqlInternalConnection.OnError(SqlException exception, Boolean breakConnection, Action`1 wrapCloseInAction)
   at Microsoft.Data.SqlClient.TdsParser.ThrowExceptionAndWarning(TdsParserStateObject stateObj, Boolean callerHasConnectionLock, Boolean asyncClose)
   at Microsoft.Data.SqlClient.TdsParser.TryRun(RunBehavior runBehavior, SqlCommand cmdHandler, SqlDataReader dataStream, BulkCopySimpleResultSet bulkCopyHandler, TdsParserStateObject stateObj, Boolean& dataReady)
   at Microsoft.Data.SqlClient.SqlDataReader.TryHasMoreRows(Boolean& moreRows)
   at Microsoft.Data.SqlClient.SqlDataReader.TryReadInternal(Boolean setTimeout, Boolean& more)
   at Microsoft.Data.SqlClient.SqlDataReader.Read()
   at Microsoft.EntityFrameworkCore.Storage.RelationalDataReader.Read()
   at Microsoft.EntityFrameworkCore.Update.AffectedCountModificationCommandBatch.ConsumeResultSet(Int32 startCommandIndex, RelationalDataReader reader)
ClientConnectionId:507b46ac-0f05-42a4-a42f-3062b12ead8b
Error Number:547,State:0,Class:16
   --- End of inner exception stack trace ---
   at Microsoft.EntityFrameworkCore.Update.AffectedCountModificationCommandBatch.ConsumeResultSet(Int32 startCommandIndex, RelationalDataReader reader)
   at Microsoft.EntityFrameworkCore.Update.AffectedCountModificationCommandBatch.Consume(RelationalDataReader reader)
   at Microsoft.EntityFrameworkCore.Update.ReaderModificationCommandBatch.Execute(IRelationalConnection connection)
   at Microsoft.EntityFrameworkCore.SqlServer.Update.Internal.SqlServerModificationCommandBatch.Execute(IRelationalConnection connection)
   at Microsoft.EntityFrameworkCore.Update.Internal.BatchExecutor.Execute(IEnumerable`1 commandBatches, IRelationalConnection connection)
   at Microsoft.EntityFrameworkCore.Storage.RelationalDatabase.SaveChanges(IList`1 entries)
   at Microsoft.EntityFrameworkCore.ChangeTracking.Internal.StateManager.SaveChanges(IList`1 entriesToSave)
   at Microsoft.EntityFrameworkCore.ChangeTracking.Internal.StateManager.SaveChanges(StateManager stateManager, Boolean acceptAllChangesOnSuccess)
   at Microsoft.EntityFrameworkCore.ChangeTracking.Internal.StateManager.<>c.<SaveChanges>b__112_0(DbContext _, ValueTuple`2 t)
   at Microsoft.EntityFrameworkCore.Storage.ExecutionStrategy.<>c__DisplayClass28_0`2.<Execute>b__0(DbContext context, TState state)
   at Microsoft.EntityFrameworkCore.Storage.ExecutionStrategy.ExecuteImplementation[TState,TResult](Func`3 operation, Func`3 verifySucceeded, TState state)
   at Microsoft.EntityFrameworkCore.Storage.ExecutionStrategy.Execute[TState,TResult](TState state, Func`3 operation, Func`3 verifySucceeded)
   at Microsoft.EntityFrameworkCore.ChangeTracking.Internal.StateManager.SaveChanges(Boolean acceptAllChangesOnSuccess)
   at Microsoft.EntityFrameworkCore.DbContext.SaveChanges(Boolean acceptAllChangesOnSuccess)
2025-08-16 14:30:14.013 -06:00 [INF] ✅ Acción ejecutada: Orders/CrearPedidoPrueba | Hora: "2025-08-16T14:30:14.0132677-06:00"
2025-08-16 14:30:14.017 -06:00 [INF] Executed action PaginaBizu.Controllers.OrdersController.CrearPedidoPrueba (PaginaBizu) in 63.0643ms
2025-08-16 14:30:14.020 -06:00 [INF] Executed endpoint 'PaginaBizu.Controllers.OrdersController.CrearPedidoPrueba (PaginaBizu)'
2025-08-16 14:30:14.022 -06:00 [ERR] An unhandled exception has occurred while executing the request.
Microsoft.EntityFrameworkCore.DbUpdateException: An error occurred while saving the entity changes. See the inner exception for details.
 ---> Microsoft.Data.SqlClient.SqlException (0x80131904): The INSERT statement conflicted with the FOREIGN KEY constraint "FK_Orders_AspNetUsers_UsuarioId". The conflict occurred in database "Bizuteria", table "dbo.AspNetUsers", column 'Id'.
   at Microsoft.Data.SqlClient.SqlConnection.OnError(SqlException exception, Boolean breakConnection, Action`1 wrapCloseInAction)
   at Microsoft.Data.SqlClient.SqlInternalConnection.OnError(SqlException exception, Boolean breakConnection, Action`1 wrapCloseInAction)
   at Microsoft.Data.SqlClient.TdsParser.ThrowExceptionAndWarning(TdsParserStateObject stateObj, Boolean callerHasConnectionLock, Boolean asyncClose)
   at Microsoft.Data.SqlClient.TdsParser.TryRun(RunBehavior runBehavior, SqlCommand cmdHandler, SqlDataReader dataStream, BulkCopySimpleResultSet bulkCopyHandler, TdsParserStateObject stateObj, Boolean& dataReady)
   at Microsoft.Data.SqlClient.SqlDataReader.TryHasMoreRows(Boolean& moreRows)
   at Microsoft.Data.SqlClient.SqlDataReader.TryReadInternal(Boolean setTimeout, Boolean& more)
   at Microsoft.Data.SqlClient.SqlDataReader.Read()
   at Microsoft.EntityFrameworkCore.Storage.RelationalDataReader.Read()
   at Microsoft.EntityFrameworkCore.Update.AffectedCountModificationCommandBatch.ConsumeResultSet(Int32 startCommandIndex, RelationalDataReader reader)
ClientConnectionId:507b46ac-0f05-42a4-a42f-3062b12ead8b
Error Number:547,State:0,Class:16
   --- End of inner exception stack trace ---
   at Microsoft.EntityFrameworkCore.Update.AffectedCountModificationCommandBatch.ConsumeResultSet(Int32 startCommandIndex, RelationalDataReader reader)
   at Microsoft.EntityFrameworkCore.Update.AffectedCountModificationCommandBatch.Consume(RelationalDataReader reader)
   at Microsoft.EntityFrameworkCore.Update.ReaderModificationCommandBatch.Execute(IRelationalConnection connection)
   at Microsoft.EntityFrameworkCore.SqlServer.Update.Internal.SqlServerModificationCommandBatch.Execute(IRelationalConnection connection)
   at Microsoft.EntityFrameworkCore.Update.Internal.BatchExecutor.Execute(IEnumerable`1 commandBatches, IRelationalConnection connection)
   at Microsoft.EntityFrameworkCore.Storage.RelationalDatabase.SaveChanges(IList`1 entries)
   at Microsoft.EntityFrameworkCore.ChangeTracking.Internal.StateManager.SaveChanges(IList`1 entriesToSave)
   at Microsoft.EntityFrameworkCore.ChangeTracking.Internal.StateManager.SaveChanges(StateManager stateManager, Boolean acceptAllChangesOnSuccess)
   at Microsoft.EntityFrameworkCore.ChangeTracking.Internal.StateManager.<>c.<SaveChanges>b__112_0(DbContext _, ValueTuple`2 t)
   at Microsoft.EntityFrameworkCore.Storage.ExecutionStrategy.<>c__DisplayClass28_0`2.<Execute>b__0(DbContext context, TState state)
   at Microsoft.EntityFrameworkCore.Storage.ExecutionStrategy.ExecuteImplementation[TState,TResult](Func`3 operation, Func`3 verifySucceeded, TState state)
   at Microsoft.EntityFrameworkCore.Storage.ExecutionStrategy.Execute[TState,TResult](TState state, Func`3 operation, Func`3 verifySucceeded)
   at Microsoft.EntityFrameworkCore.ChangeTracking.Internal.StateManager.SaveChanges(Boolean acceptAllChangesOnSuccess)
   at Microsoft.EntityFrameworkCore.DbContext.SaveChanges(Boolean acceptAllChangesOnSuccess)
   at Microsoft.EntityFrameworkCore.DbContext.SaveChanges()
   at PaginaBizu.Controllers.OrdersController.CrearPedidoPrueba() in C:\Users\hoshu\OneDrive\Desktop\ProyectoAnalisisDeSistemas-master\ProyectoAnalisisDeSistemas-master\PaginaBizu\Controllers\OrdersController.cs:line 108
   at lambda_method196(Closure, Object, Object[])
   at Microsoft.AspNetCore.Mvc.Infrastructure.ActionMethodExecutor.SyncActionResultExecutor.Execute(ActionContext actionContext, IActionResultTypeMapper mapper, ObjectMethodExecutor executor, Object controller, Object[] arguments)
   at Microsoft.AspNetCore.Mvc.Infrastructure.ControllerActionInvoker.InvokeActionMethodAsync()
   at Microsoft.AspNetCore.Mvc.Infrastructure.ControllerActionInvoker.Next(State& next, Scope& scope, Object& state, Boolean& isCompleted)
   at Microsoft.AspNetCore.Mvc.Infrastructure.ControllerActionInvoker.InvokeNextActionFilterAsync()
--- End of stack trace from previous location ---
   at Microsoft.AspNetCore.Mvc.Infrastructure.ControllerActionInvoker.Rethrow(ActionExecutedContextSealed context)
   at Microsoft.AspNetCore.Mvc.Infrastructure.ControllerActionInvoker.Next(State& next, Scope& scope, Object& state, Boolean& isCompleted)
   at Microsoft.AspNetCore.Mvc.Infrastructure.ControllerActionInvoker.InvokeInnerFilterAsync()
--- End of stack trace from previous location ---
   at Microsoft.AspNetCore.Mvc.Infrastructure.ResourceInvoker.<InvokeNextResourceFilter>g__Awaited|25_0(ResourceInvoker invoker, Task lastTask, State next, Scope scope, Object state, Boolean isCompleted)
   at Microsoft.AspNetCore.Mvc.Infrastructure.ResourceInvoker.Rethrow(ResourceExecutedContextSealed context)
   at Microsoft.AspNetCore.Mvc.Infrastructure.ResourceInvoker.Next(State& next, Scope& scope, Object& state, Boolean& isCompleted)
   at Microsoft.AspNetCore.Mvc.Infrastructure.ResourceInvoker.InvokeFilterPipelineAsync()
--- End of stack trace from previous location ---
   at Microsoft.AspNetCore.Mvc.Infrastructure.ResourceInvoker.<InvokeAsync>g__Logged|17_1(ResourceInvoker invoker)
   at Microsoft.AspNetCore.Mvc.Infrastructure.ResourceInvoker.<InvokeAsync>g__Logged|17_1(ResourceInvoker invoker)
   at Microsoft.AspNetCore.Routing.EndpointMiddleware.<Invoke>g__AwaitRequestTask|7_0(Endpoint endpoint, Task requestTask, ILogger logger)
   at Microsoft.AspNetCore.Authorization.AuthorizationMiddleware.Invoke(HttpContext context)
   at Microsoft.AspNetCore.Session.SessionMiddleware.Invoke(HttpContext context)
   at Microsoft.AspNetCore.Session.SessionMiddleware.Invoke(HttpContext context)
   at Microsoft.AspNetCore.Authentication.AuthenticationMiddleware.Invoke(HttpContext context)
   at Swashbuckle.AspNetCore.SwaggerUI.SwaggerUIMiddleware.Invoke(HttpContext httpContext)
   at Swashbuckle.AspNetCore.Swagger.SwaggerMiddleware.Invoke(HttpContext httpContext, ISwaggerProvider swaggerProvider)
   at Microsoft.AspNetCore.Diagnostics.DeveloperExceptionPageMiddlewareImpl.Invoke(HttpContext context)
2025-08-16 14:30:14.051 -06:00 [INF] Request finished HTTP/1.1 GET http://localhost:5116/Orders/CrearPedidoPrueba - 500 null text/html; charset=utf-8 130.1626ms
2025-08-16 14:30:28.642 -06:00 [INF] Request starting HTTP/1.1 GET http://localhost:5116/Orders - null null
2025-08-16 14:30:28.687 -06:00 [INF] Executing endpoint 'PaginaBizu.Controllers.OrdersController.Index (PaginaBizu)'
2025-08-16 14:30:28.696 -06:00 [INF] Route matched with {action = "Index", controller = "Orders", page = "", area = ""}. Executing controller action with signature Microsoft.AspNetCore.Mvc.IActionResult Index() on controller PaginaBizu.Controllers.OrdersController (PaginaBizu).
2025-08-16 14:30:28.701 -06:00 [INF] ➡️ Acción ejecutándose: Orders/Index | Usuario: hoshuacastillo48@gmail.com | IP: ::1 | Hora: "2025-08-16T14:30:28.7017313-06:00"
2025-08-16 14:30:28.850 -06:00 [INF] Executed DbCommand (15ms) [Parameters=[], CommandType='"Text"', CommandTimeout='30']
SELECT [o].[Id], [o].[Estado], [o].[Fecha], [o].[Total], [o].[UsuarioId], [t].[Id], [t].[Cantidad], [t].[OrderId], [t].[PrecioUnitario], [t].[ProductId], [t].[Id0], [t].[CantidadDisponible], [t].[Categoria], [t].[Descripcion], [t].[FechaCreacion], [t].[ImagenUrl], [t].[NombreArticulo], [t].[Precio]
FROM [Orders] AS [o]
LEFT JOIN (
    SELECT [o0].[Id], [o0].[Cantidad], [o0].[OrderId], [o0].[PrecioUnitario], [o0].[ProductId], [p].[Id] AS [Id0], [p].[CantidadDisponible], [p].[Categoria], [p].[Descripcion], [p].[FechaCreacion], [p].[ImagenUrl], [p].[NombreArticulo], [p].[Precio]
    FROM [OrderDetails] AS [o0]
    INNER JOIN [Products] AS [p] ON [o0].[ProductId] = [p].[Id]
) AS [t] ON [o].[Id] = [t].[OrderId]
ORDER BY [o].[Fecha] DESC, [o].[Id], [t].[Id]
2025-08-16 14:30:28.911 -06:00 [INF] ✅ Acción ejecutada: Orders/Index | Hora: "2025-08-16T14:30:28.9111235-06:00"
2025-08-16 14:30:28.927 -06:00 [INF] Executing ViewResult, running view Index.
2025-08-16 14:30:29.027 -06:00 [INF] Executed ViewResult - view Index executed in 107.7276ms.
2025-08-16 14:30:29.032 -06:00 [INF] Executed action PaginaBizu.Controllers.OrdersController.Index (PaginaBizu) in 331.2455ms
2025-08-16 14:30:29.038 -06:00 [INF] Executed endpoint 'PaginaBizu.Controllers.OrdersController.Index (PaginaBizu)'
2025-08-16 14:30:29.046 -06:00 [INF] Request finished HTTP/1.1 GET http://localhost:5116/Orders - 200 null text/html; charset=utf-8 404.3522ms
2025-08-16 14:30:32.197 -06:00 [INF] Request starting HTTP/1.1 GET http://localhost:5116/Orders/CrearPedidoPrueba - null null
2025-08-16 14:30:32.207 -06:00 [INF] Executing endpoint 'PaginaBizu.Controllers.OrdersController.CrearPedidoPrueba (PaginaBizu)'
2025-08-16 14:30:32.210 -06:00 [INF] Route matched with {action = "CrearPedidoPrueba", controller = "Orders", page = "", area = ""}. Executing controller action with signature Microsoft.AspNetCore.Mvc.IActionResult CrearPedidoPrueba() on controller PaginaBizu.Controllers.OrdersController (PaginaBizu).
2025-08-16 14:30:32.213 -06:00 [INF] ➡️ Acción ejecutándose: Orders/CrearPedidoPrueba | Usuario: hoshuacastillo48@gmail.com | IP: ::1 | Hora: "2025-08-16T14:30:32.2131981-06:00"
2025-08-16 14:30:32.228 -06:00 [INF] Executed DbCommand (6ms) [Parameters=[@p0='?' (Size = 4000), @p1='?' (DbType = DateTime2), @p2='?' (Precision = 18) (Scale = 2) (DbType = Decimal), @p3='?' (Size = 4000)], CommandType='"Text"', CommandTimeout='30']
SET IMPLICIT_TRANSACTIONS OFF;
SET NOCOUNT ON;
INSERT INTO [Orders] ([Estado], [Fecha], [Total], [UsuarioId])
OUTPUT INSERTED.[Id]
VALUES (@p0, @p1, @p2, @p3);
2025-08-16 14:30:32.237 -06:00 [ERR] An exception occurred in the database while saving changes for context type 'PaginaBizu.Data.AppDbContext'.
Microsoft.EntityFrameworkCore.DbUpdateException: An error occurred while saving the entity changes. See the inner exception for details.
 ---> Microsoft.Data.SqlClient.SqlException (0x80131904): The INSERT statement conflicted with the FOREIGN KEY constraint "FK_Orders_AspNetUsers_UsuarioId". The conflict occurred in database "Bizuteria", table "dbo.AspNetUsers", column 'Id'.
   at Microsoft.Data.SqlClient.SqlConnection.OnError(SqlException exception, Boolean breakConnection, Action`1 wrapCloseInAction)
   at Microsoft.Data.SqlClient.SqlInternalConnection.OnError(SqlException exception, Boolean breakConnection, Action`1 wrapCloseInAction)
   at Microsoft.Data.SqlClient.TdsParser.ThrowExceptionAndWarning(TdsParserStateObject stateObj, Boolean callerHasConnectionLock, Boolean asyncClose)
   at Microsoft.Data.SqlClient.TdsParser.TryRun(RunBehavior runBehavior, SqlCommand cmdHandler, SqlDataReader dataStream, BulkCopySimpleResultSet bulkCopyHandler, TdsParserStateObject stateObj, Boolean& dataReady)
   at Microsoft.Data.SqlClient.SqlDataReader.TryHasMoreRows(Boolean& moreRows)
   at Microsoft.Data.SqlClient.SqlDataReader.TryReadInternal(Boolean setTimeout, Boolean& more)
   at Microsoft.Data.SqlClient.SqlDataReader.Read()
   at Microsoft.EntityFrameworkCore.Storage.RelationalDataReader.Read()
   at Microsoft.EntityFrameworkCore.Update.AffectedCountModificationCommandBatch.ConsumeResultSet(Int32 startCommandIndex, RelationalDataReader reader)
ClientConnectionId:507b46ac-0f05-42a4-a42f-3062b12ead8b
Error Number:547,State:0,Class:16
   --- End of inner exception stack trace ---
   at Microsoft.EntityFrameworkCore.Update.AffectedCountModificationCommandBatch.ConsumeResultSet(Int32 startCommandIndex, RelationalDataReader reader)
   at Microsoft.EntityFrameworkCore.Update.AffectedCountModificationCommandBatch.Consume(RelationalDataReader reader)
   at Microsoft.EntityFrameworkCore.Update.ReaderModificationCommandBatch.Execute(IRelationalConnection connection)
   at Microsoft.EntityFrameworkCore.SqlServer.Update.Internal.SqlServerModificationCommandBatch.Execute(IRelationalConnection connection)
   at Microsoft.EntityFrameworkCore.Update.Internal.BatchExecutor.Execute(IEnumerable`1 commandBatches, IRelationalConnection connection)
   at Microsoft.EntityFrameworkCore.Storage.RelationalDatabase.SaveChanges(IList`1 entries)
   at Microsoft.EntityFrameworkCore.ChangeTracking.Internal.StateManager.SaveChanges(IList`1 entriesToSave)
   at Microsoft.EntityFrameworkCore.ChangeTracking.Internal.StateManager.SaveChanges(StateManager stateManager, Boolean acceptAllChangesOnSuccess)
   at Microsoft.EntityFrameworkCore.ChangeTracking.Internal.StateManager.<>c.<SaveChanges>b__112_0(DbContext _, ValueTuple`2 t)
   at Microsoft.EntityFrameworkCore.Storage.ExecutionStrategy.<>c__DisplayClass28_0`2.<Execute>b__0(DbContext context, TState state)
   at Microsoft.EntityFrameworkCore.Storage.ExecutionStrategy.ExecuteImplementation[TState,TResult](Func`3 operation, Func`3 verifySucceeded, TState state)
   at Microsoft.EntityFrameworkCore.Storage.ExecutionStrategy.Execute[TState,TResult](TState state, Func`3 operation, Func`3 verifySucceeded)
   at Microsoft.EntityFrameworkCore.ChangeTracking.Internal.StateManager.SaveChanges(Boolean acceptAllChangesOnSuccess)
   at Microsoft.EntityFrameworkCore.DbContext.SaveChanges(Boolean acceptAllChangesOnSuccess)
Microsoft.EntityFrameworkCore.DbUpdateException: An error occurred while saving the entity changes. See the inner exception for details.
 ---> Microsoft.Data.SqlClient.SqlException (0x80131904): The INSERT statement conflicted with the FOREIGN KEY constraint "FK_Orders_AspNetUsers_UsuarioId". The conflict occurred in database "Bizuteria", table "dbo.AspNetUsers", column 'Id'.
   at Microsoft.Data.SqlClient.SqlConnection.OnError(SqlException exception, Boolean breakConnection, Action`1 wrapCloseInAction)
   at Microsoft.Data.SqlClient.SqlInternalConnection.OnError(SqlException exception, Boolean breakConnection, Action`1 wrapCloseInAction)
   at Microsoft.Data.SqlClient.TdsParser.ThrowExceptionAndWarning(TdsParserStateObject stateObj, Boolean callerHasConnectionLock, Boolean asyncClose)
   at Microsoft.Data.SqlClient.TdsParser.TryRun(RunBehavior runBehavior, SqlCommand cmdHandler, SqlDataReader dataStream, BulkCopySimpleResultSet bulkCopyHandler, TdsParserStateObject stateObj, Boolean& dataReady)
   at Microsoft.Data.SqlClient.SqlDataReader.TryHasMoreRows(Boolean& moreRows)
   at Microsoft.Data.SqlClient.SqlDataReader.TryReadInternal(Boolean setTimeout, Boolean& more)
   at Microsoft.Data.SqlClient.SqlDataReader.Read()
   at Microsoft.EntityFrameworkCore.Storage.RelationalDataReader.Read()
   at Microsoft.EntityFrameworkCore.Update.AffectedCountModificationCommandBatch.ConsumeResultSet(Int32 startCommandIndex, RelationalDataReader reader)
ClientConnectionId:507b46ac-0f05-42a4-a42f-3062b12ead8b
Error Number:547,State:0,Class:16
   --- End of inner exception stack trace ---
   at Microsoft.EntityFrameworkCore.Update.AffectedCountModificationCommandBatch.ConsumeResultSet(Int32 startCommandIndex, RelationalDataReader reader)
   at Microsoft.EntityFrameworkCore.Update.AffectedCountModificationCommandBatch.Consume(RelationalDataReader reader)
   at Microsoft.EntityFrameworkCore.Update.ReaderModificationCommandBatch.Execute(IRelationalConnection connection)
   at Microsoft.EntityFrameworkCore.SqlServer.Update.Internal.SqlServerModificationCommandBatch.Execute(IRelationalConnection connection)
   at Microsoft.EntityFrameworkCore.Update.Internal.BatchExecutor.Execute(IEnumerable`1 commandBatches, IRelationalConnection connection)
   at Microsoft.EntityFrameworkCore.Storage.RelationalDatabase.SaveChanges(IList`1 entries)
   at Microsoft.EntityFrameworkCore.ChangeTracking.Internal.StateManager.SaveChanges(IList`1 entriesToSave)
   at Microsoft.EntityFrameworkCore.ChangeTracking.Internal.StateManager.SaveChanges(StateManager stateManager, Boolean acceptAllChangesOnSuccess)
   at Microsoft.EntityFrameworkCore.ChangeTracking.Internal.StateManager.<>c.<SaveChanges>b__112_0(DbContext _, ValueTuple`2 t)
   at Microsoft.EntityFrameworkCore.Storage.ExecutionStrategy.<>c__DisplayClass28_0`2.<Execute>b__0(DbContext context, TState state)
   at Microsoft.EntityFrameworkCore.Storage.ExecutionStrategy.ExecuteImplementation[TState,TResult](Func`3 operation, Func`3 verifySucceeded, TState state)
   at Microsoft.EntityFrameworkCore.Storage.ExecutionStrategy.Execute[TState,TResult](TState state, Func`3 operation, Func`3 verifySucceeded)
   at Microsoft.EntityFrameworkCore.ChangeTracking.Internal.StateManager.SaveChanges(Boolean acceptAllChangesOnSuccess)
   at Microsoft.EntityFrameworkCore.DbContext.SaveChanges(Boolean acceptAllChangesOnSuccess)
2025-08-16 14:30:32.260 -06:00 [INF] ✅ Acción ejecutada: Orders/CrearPedidoPrueba | Hora: "2025-08-16T14:30:32.2599797-06:00"
2025-08-16 14:30:32.266 -06:00 [INF] Executed action PaginaBizu.Controllers.OrdersController.CrearPedidoPrueba (PaginaBizu) in 53.1808ms
2025-08-16 14:30:32.269 -06:00 [INF] Executed endpoint 'PaginaBizu.Controllers.OrdersController.CrearPedidoPrueba (PaginaBizu)'
2025-08-16 14:30:32.272 -06:00 [ERR] An unhandled exception has occurred while executing the request.
Microsoft.EntityFrameworkCore.DbUpdateException: An error occurred while saving the entity changes. See the inner exception for details.
 ---> Microsoft.Data.SqlClient.SqlException (0x80131904): The INSERT statement conflicted with the FOREIGN KEY constraint "FK_Orders_AspNetUsers_UsuarioId". The conflict occurred in database "Bizuteria", table "dbo.AspNetUsers", column 'Id'.
   at Microsoft.Data.SqlClient.SqlConnection.OnError(SqlException exception, Boolean breakConnection, Action`1 wrapCloseInAction)
   at Microsoft.Data.SqlClient.SqlInternalConnection.OnError(SqlException exception, Boolean breakConnection, Action`1 wrapCloseInAction)
   at Microsoft.Data.SqlClient.TdsParser.ThrowExceptionAndWarning(TdsParserStateObject stateObj, Boolean callerHasConnectionLock, Boolean asyncClose)
   at Microsoft.Data.SqlClient.TdsParser.TryRun(RunBehavior runBehavior, SqlCommand cmdHandler, SqlDataReader dataStream, BulkCopySimpleResultSet bulkCopyHandler, TdsParserStateObject stateObj, Boolean& dataReady)
   at Microsoft.Data.SqlClient.SqlDataReader.TryHasMoreRows(Boolean& moreRows)
   at Microsoft.Data.SqlClient.SqlDataReader.TryReadInternal(Boolean setTimeout, Boolean& more)
   at Microsoft.Data.SqlClient.SqlDataReader.Read()
   at Microsoft.EntityFrameworkCore.Storage.RelationalDataReader.Read()
   at Microsoft.EntityFrameworkCore.Update.AffectedCountModificationCommandBatch.ConsumeResultSet(Int32 startCommandIndex, RelationalDataReader reader)
ClientConnectionId:507b46ac-0f05-42a4-a42f-3062b12ead8b
Error Number:547,State:0,Class:16
   --- End of inner exception stack trace ---
   at Microsoft.EntityFrameworkCore.Update.AffectedCountModificationCommandBatch.ConsumeResultSet(Int32 startCommandIndex, RelationalDataReader reader)
   at Microsoft.EntityFrameworkCore.Update.AffectedCountModificationCommandBatch.Consume(RelationalDataReader reader)
   at Microsoft.EntityFrameworkCore.Update.ReaderModificationCommandBatch.Execute(IRelationalConnection connection)
   at Microsoft.EntityFrameworkCore.SqlServer.Update.Internal.SqlServerModificationCommandBatch.Execute(IRelationalConnection connection)
   at Microsoft.EntityFrameworkCore.Update.Internal.BatchExecutor.Execute(IEnumerable`1 commandBatches, IRelationalConnection connection)
   at Microsoft.EntityFrameworkCore.Storage.RelationalDatabase.SaveChanges(IList`1 entries)
   at Microsoft.EntityFrameworkCore.ChangeTracking.Internal.StateManager.SaveChanges(IList`1 entriesToSave)
   at Microsoft.EntityFrameworkCore.ChangeTracking.Internal.StateManager.SaveChanges(StateManager stateManager, Boolean acceptAllChangesOnSuccess)
   at Microsoft.EntityFrameworkCore.ChangeTracking.Internal.StateManager.<>c.<SaveChanges>b__112_0(DbContext _, ValueTuple`2 t)
   at Microsoft.EntityFrameworkCore.Storage.ExecutionStrategy.<>c__DisplayClass28_0`2.<Execute>b__0(DbContext context, TState state)
   at Microsoft.EntityFrameworkCore.Storage.ExecutionStrategy.ExecuteImplementation[TState,TResult](Func`3 operation, Func`3 verifySucceeded, TState state)
   at Microsoft.EntityFrameworkCore.Storage.ExecutionStrategy.Execute[TState,TResult](TState state, Func`3 operation, Func`3 verifySucceeded)
   at Microsoft.EntityFrameworkCore.ChangeTracking.Internal.StateManager.SaveChanges(Boolean acceptAllChangesOnSuccess)
   at Microsoft.EntityFrameworkCore.DbContext.SaveChanges(Boolean acceptAllChangesOnSuccess)
   at Microsoft.EntityFrameworkCore.DbContext.SaveChanges()
   at PaginaBizu.Controllers.OrdersController.CrearPedidoPrueba() in C:\Users\hoshu\OneDrive\Desktop\ProyectoAnalisisDeSistemas-master\ProyectoAnalisisDeSistemas-master\PaginaBizu\Controllers\OrdersController.cs:line 108
   at lambda_method196(Closure, Object, Object[])
   at Microsoft.AspNetCore.Mvc.Infrastructure.ActionMethodExecutor.SyncActionResultExecutor.Execute(ActionContext actionContext, IActionResultTypeMapper mapper, ObjectMethodExecutor executor, Object controller, Object[] arguments)
   at Microsoft.AspNetCore.Mvc.Infrastructure.ControllerActionInvoker.InvokeActionMethodAsync()
   at Microsoft.AspNetCore.Mvc.Infrastructure.ControllerActionInvoker.Next(State& next, Scope& scope, Object& state, Boolean& isCompleted)
   at Microsoft.AspNetCore.Mvc.Infrastructure.ControllerActionInvoker.InvokeNextActionFilterAsync()
--- End of stack trace from previous location ---
   at Microsoft.AspNetCore.Mvc.Infrastructure.ControllerActionInvoker.Rethrow(ActionExecutedContextSealed context)
   at Microsoft.AspNetCore.Mvc.Infrastructure.ControllerActionInvoker.Next(State& next, Scope& scope, Object& state, Boolean& isCompleted)
   at Microsoft.AspNetCore.Mvc.Infrastructure.ControllerActionInvoker.InvokeInnerFilterAsync()
--- End of stack trace from previous location ---
   at Microsoft.AspNetCore.Mvc.Infrastructure.ResourceInvoker.<InvokeNextResourceFilter>g__Awaited|25_0(ResourceInvoker invoker, Task lastTask, State next, Scope scope, Object state, Boolean isCompleted)
   at Microsoft.AspNetCore.Mvc.Infrastructure.ResourceInvoker.Rethrow(ResourceExecutedContextSealed context)
   at Microsoft.AspNetCore.Mvc.Infrastructure.ResourceInvoker.Next(State& next, Scope& scope, Object& state, Boolean& isCompleted)
   at Microsoft.AspNetCore.Mvc.Infrastructure.ResourceInvoker.InvokeFilterPipelineAsync()
--- End of stack trace from previous location ---
   at Microsoft.AspNetCore.Mvc.Infrastructure.ResourceInvoker.<InvokeAsync>g__Logged|17_1(ResourceInvoker invoker)
   at Microsoft.AspNetCore.Mvc.Infrastructure.ResourceInvoker.<InvokeAsync>g__Logged|17_1(ResourceInvoker invoker)
   at Microsoft.AspNetCore.Routing.EndpointMiddleware.<Invoke>g__AwaitRequestTask|7_0(Endpoint endpoint, Task requestTask, ILogger logger)
   at Microsoft.AspNetCore.Authorization.AuthorizationMiddleware.Invoke(HttpContext context)
   at Microsoft.AspNetCore.Session.SessionMiddleware.Invoke(HttpContext context)
   at Microsoft.AspNetCore.Session.SessionMiddleware.Invoke(HttpContext context)
   at Microsoft.AspNetCore.Authentication.AuthenticationMiddleware.Invoke(HttpContext context)
   at Swashbuckle.AspNetCore.SwaggerUI.SwaggerUIMiddleware.Invoke(HttpContext httpContext)
   at Swashbuckle.AspNetCore.Swagger.SwaggerMiddleware.Invoke(HttpContext httpContext, ISwaggerProvider swaggerProvider)
   at Microsoft.AspNetCore.Diagnostics.DeveloperExceptionPageMiddlewareImpl.Invoke(HttpContext context)
2025-08-16 14:30:32.310 -06:00 [INF] Request finished HTTP/1.1 GET http://localhost:5116/Orders/CrearPedidoPrueba - 500 null text/html; charset=utf-8 113.3374ms
2025-08-16 14:30:51.407 -06:00 [INF] Request starting HTTP/1.1 GET http://localhost:5116/Orders - null null
2025-08-16 14:30:51.429 -06:00 [INF] Executed DbCommand (3ms) [Parameters=[@__p_0='?' (Size = 450)], CommandType='"Text"', CommandTimeout='30']
SELECT TOP(1) [a].[Id], [a].[AccessFailedCount], [a].[ConcurrencyStamp], [a].[Email], [a].[EmailConfirmed], [a].[LockoutEnabled], [a].[LockoutEnd], [a].[NormalizedEmail], [a].[NormalizedUserName], [a].[PasswordHash], [a].[PhoneNumber], [a].[PhoneNumberConfirmed], [a].[SecurityStamp], [a].[TwoFactorEnabled], [a].[UserName]
FROM [AspNetUsers] AS [a]
WHERE [a].[Id] = @__p_0
2025-08-16 14:30:51.467 -06:00 [INF] Executed DbCommand (4ms) [Parameters=[@__user_Id_0='?' (Size = 450)], CommandType='"Text"', CommandTimeout='30']
SELECT [a].[Id], [a].[ClaimType], [a].[ClaimValue], [a].[UserId]
FROM [AspNetUserClaims] AS [a]
WHERE [a].[UserId] = @__user_Id_0
2025-08-16 14:30:51.493 -06:00 [INF] Executed DbCommand (5ms) [Parameters=[@__userId_0='?' (Size = 450)], CommandType='"Text"', CommandTimeout='30']
SELECT [a0].[Name]
FROM [AspNetUserRoles] AS [a]
INNER JOIN [AspNetRoles] AS [a0] ON [a].[RoleId] = [a0].[Id]
WHERE [a].[UserId] = @__userId_0
2025-08-16 14:30:51.505 -06:00 [INF] Executed DbCommand (6ms) [Parameters=[@__normalizedName_0='?' (Size = 256)], CommandType='"Text"', CommandTimeout='30']
SELECT TOP(1) [a].[Id], [a].[ConcurrencyStamp], [a].[Name], [a].[NormalizedName]
FROM [AspNetRoles] AS [a]
WHERE [a].[NormalizedName] = @__normalizedName_0
2025-08-16 14:30:51.518 -06:00 [INF] Executed DbCommand (4ms) [Parameters=[@__role_Id_0='?' (Size = 450)], CommandType='"Text"', CommandTimeout='30']
SELECT [a].[ClaimType], [a].[ClaimValue]
FROM [AspNetRoleClaims] AS [a]
WHERE [a].[RoleId] = @__role_Id_0
2025-08-16 14:30:51.525 -06:00 [INF] Executing endpoint 'PaginaBizu.Controllers.OrdersController.Index (PaginaBizu)'
2025-08-16 14:30:51.525 -06:00 [INF] Route matched with {action = "Index", controller = "Orders", page = "", area = ""}. Executing controller action with signature Microsoft.AspNetCore.Mvc.IActionResult Index() on controller PaginaBizu.Controllers.OrdersController (PaginaBizu).
2025-08-16 14:30:51.527 -06:00 [INF] ➡️ Acción ejecutándose: Orders/Index | Usuario: hoshuacastillo48@gmail.com | IP: ::1 | Hora: "2025-08-16T14:30:51.5279408-06:00"
2025-08-16 14:30:51.530 -06:00 [INF] Executed DbCommand (1ms) [Parameters=[], CommandType='"Text"', CommandTimeout='30']
SELECT [o].[Id], [o].[Estado], [o].[Fecha], [o].[Total], [o].[UsuarioId], [t].[Id], [t].[Cantidad], [t].[OrderId], [t].[PrecioUnitario], [t].[ProductId], [t].[Id0], [t].[CantidadDisponible], [t].[Categoria], [t].[Descripcion], [t].[FechaCreacion], [t].[ImagenUrl], [t].[NombreArticulo], [t].[Precio]
FROM [Orders] AS [o]
LEFT JOIN (
    SELECT [o0].[Id], [o0].[Cantidad], [o0].[OrderId], [o0].[PrecioUnitario], [o0].[ProductId], [p].[Id] AS [Id0], [p].[CantidadDisponible], [p].[Categoria], [p].[Descripcion], [p].[FechaCreacion], [p].[ImagenUrl], [p].[NombreArticulo], [p].[Precio]
    FROM [OrderDetails] AS [o0]
    INNER JOIN [Products] AS [p] ON [o0].[ProductId] = [p].[Id]
) AS [t] ON [o].[Id] = [t].[OrderId]
ORDER BY [o].[Fecha] DESC, [o].[Id], [t].[Id]
2025-08-16 14:30:51.537 -06:00 [INF] ✅ Acción ejecutada: Orders/Index | Hora: "2025-08-16T14:30:51.5373683-06:00"
2025-08-16 14:30:51.539 -06:00 [INF] Executing ViewResult, running view Index.
2025-08-16 14:30:51.551 -06:00 [INF] Executed ViewResult - view Index executed in 11.7749ms.
2025-08-16 14:30:51.555 -06:00 [INF] Executed action PaginaBizu.Controllers.OrdersController.Index (PaginaBizu) in 27.7339ms
2025-08-16 14:30:51.558 -06:00 [INF] Executed endpoint 'PaginaBizu.Controllers.OrdersController.Index (PaginaBizu)'
2025-08-16 14:30:51.561 -06:00 [INF] Request finished HTTP/1.1 GET http://localhost:5116/Orders - 200 null text/html; charset=utf-8 154.2016ms
2025-08-16 14:30:51.943 -06:00 [INF] Request starting HTTP/1.1 GET http://localhost:5116/Cart/CartCount - null null
2025-08-16 14:30:51.950 -06:00 [INF] Executing endpoint 'PaginaBizu.Controllers.CartController.CartCount (PaginaBizu)'
2025-08-16 14:30:51.954 -06:00 [INF] Route matched with {action = "CartCount", controller = "Cart", page = "", area = ""}. Executing controller action with signature Microsoft.AspNetCore.Mvc.IActionResult CartCount() on controller PaginaBizu.Controllers.CartController (PaginaBizu).
2025-08-16 14:30:51.958 -06:00 [INF] ➡️ Acción ejecutándose: Cart/CartCount | Usuario: hoshuacastillo48@gmail.com | IP: ::1 | Hora: "2025-08-16T14:30:51.9583513-06:00"
2025-08-16 14:30:51.964 -06:00 [INF] Accessing expired session, Key:b6d22df1-35ff-543a-666b-31a639717e32
2025-08-16 14:30:51.969 -06:00 [INF] ✅ Acción ejecutada: Cart/CartCount | Hora: "2025-08-16T14:30:51.9690367-06:00"
2025-08-16 14:30:51.972 -06:00 [INF] Executing JsonResult, writing value of type 'System.Int32'.
2025-08-16 14:30:52.018 -06:00 [INF] Request starting HTTP/1.1 GET http://localhost:5116/Cart/CartCount - null null
2025-08-16 14:30:52.018 -06:00 [INF] Executed action PaginaBizu.Controllers.CartController.CartCount (PaginaBizu) in 60.4654ms
2025-08-16 14:30:52.023 -06:00 [INF] Executed endpoint 'PaginaBizu.Controllers.CartController.CartCount (PaginaBizu)'
2025-08-16 14:30:52.024 -06:00 [INF] Executing endpoint 'PaginaBizu.Controllers.CartController.CartCount (PaginaBizu)'
2025-08-16 14:30:52.025 -06:00 [INF] Request finished HTTP/1.1 GET http://localhost:5116/Cart/CartCount - 200 null application/json; charset=utf-8 82.177ms
2025-08-16 14:30:52.027 -06:00 [INF] Route matched with {action = "CartCount", controller = "Cart", page = "", area = ""}. Executing controller action with signature Microsoft.AspNetCore.Mvc.IActionResult CartCount() on controller PaginaBizu.Controllers.CartController (PaginaBizu).
2025-08-16 14:30:52.037 -06:00 [INF] ➡️ Acción ejecutándose: Cart/CartCount | Usuario: hoshuacastillo48@gmail.com | IP: ::1 | Hora: "2025-08-16T14:30:52.0376138-06:00"
2025-08-16 14:30:52.040 -06:00 [INF] Accessing expired session, Key:b6d22df1-35ff-543a-666b-31a639717e32
2025-08-16 14:30:52.042 -06:00 [INF] ✅ Acción ejecutada: Cart/CartCount | Hora: "2025-08-16T14:30:52.0423726-06:00"
2025-08-16 14:30:52.044 -06:00 [INF] Executing JsonResult, writing value of type 'System.Int32'.
2025-08-16 14:30:52.047 -06:00 [INF] Executed action PaginaBizu.Controllers.CartController.CartCount (PaginaBizu) in 9.5621ms
2025-08-16 14:30:52.050 -06:00 [INF] Executed endpoint 'PaginaBizu.Controllers.CartController.CartCount (PaginaBizu)'
2025-08-16 14:30:52.052 -06:00 [INF] Request finished HTTP/1.1 GET http://localhost:5116/Cart/CartCount - 200 null application/json; charset=utf-8 34.3157ms
2025-08-16 14:31:26.661 -06:00 [INF] Application is shutting down...
2025-08-16 14:34:40.855 -06:00 [INF] User profile is available. Using 'C:\Users\hoshu\AppData\Local\ASP.NET\DataProtection-Keys' as key repository and Windows DPAPI to encrypt keys at rest.
2025-08-16 14:34:41.449 -06:00 [WRN] No store type was specified for the decimal property 'Total' on entity type 'Order'. This will cause values to be silently truncated if they do not fit in the default precision and scale. Explicitly specify the SQL server column type that can accommodate all the values in 'OnModelCreating' using 'HasColumnType', specify precision and scale using 'HasPrecision', or configure a value converter using 'HasConversion'.
2025-08-16 14:34:41.452 -06:00 [WRN] No store type was specified for the decimal property 'PrecioUnitario' on entity type 'OrderDetail'. This will cause values to be silently truncated if they do not fit in the default precision and scale. Explicitly specify the SQL server column type that can accommodate all the values in 'OnModelCreating' using 'HasColumnType', specify precision and scale using 'HasPrecision', or configure a value converter using 'HasConversion'.
2025-08-16 14:34:41.456 -06:00 [WRN] No store type was specified for the decimal property 'Precio' on entity type 'Product'. This will cause values to be silently truncated if they do not fit in the default precision and scale. Explicitly specify the SQL server column type that can accommodate all the values in 'OnModelCreating' using 'HasColumnType', specify precision and scale using 'HasPrecision', or configure a value converter using 'HasConversion'.
2025-08-16 14:34:41.994 -06:00 [INF] Executed DbCommand (43ms) [Parameters=[@__normalizedName_0='?' (Size = 256)], CommandType='"Text"', CommandTimeout='30']
SELECT TOP(1) [a].[Id], [a].[ConcurrencyStamp], [a].[Name], [a].[NormalizedName]
FROM [AspNetRoles] AS [a]
WHERE [a].[NormalizedName] = @__normalizedName_0
2025-08-16 14:34:42.073 -06:00 [INF] Executed DbCommand (8ms) [Parameters=[@__normalizedEmail_0='?' (Size = 256)], CommandType='"Text"', CommandTimeout='30']
SELECT TOP(2) [a].[Id], [a].[AccessFailedCount], [a].[ConcurrencyStamp], [a].[Email], [a].[EmailConfirmed], [a].[LockoutEnabled], [a].[LockoutEnd], [a].[NormalizedEmail], [a].[NormalizedUserName], [a].[PasswordHash], [a].[PhoneNumber], [a].[PhoneNumberConfirmed], [a].[SecurityStamp], [a].[TwoFactorEnabled], [a].[UserName]
FROM [AspNetUsers] AS [a]
WHERE [a].[NormalizedEmail] = @__normalizedEmail_0
2025-08-16 14:34:42.114 -06:00 [INF] Executed DbCommand (3ms) [Parameters=[@__normalizedRoleName_0='?' (Size = 256)], CommandType='"Text"', CommandTimeout='30']
SELECT TOP(2) [a].[Id], [a].[ConcurrencyStamp], [a].[Name], [a].[NormalizedName]
FROM [AspNetRoles] AS [a]
WHERE [a].[NormalizedName] = @__normalizedRoleName_0
2025-08-16 14:34:42.142 -06:00 [INF] Executed DbCommand (4ms) [Parameters=[@__p_0='?' (Size = 450), @__p_1='?' (Size = 450)], CommandType='"Text"', CommandTimeout='30']
SELECT TOP(1) [a].[UserId], [a].[RoleId]
FROM [AspNetUserRoles] AS [a]
WHERE [a].[UserId] = @__p_0 AND [a].[RoleId] = @__p_1
2025-08-16 14:34:42.156 -06:00 [INF] Executed DbCommand (1ms) [Parameters=[@__normalizedEmail_0='?' (Size = 256)], CommandType='"Text"', CommandTimeout='30']
SELECT TOP(2) [a].[Id], [a].[AccessFailedCount], [a].[ConcurrencyStamp], [a].[Email], [a].[EmailConfirmed], [a].[LockoutEnabled], [a].[LockoutEnd], [a].[NormalizedEmail], [a].[NormalizedUserName], [a].[PasswordHash], [a].[PhoneNumber], [a].[PhoneNumberConfirmed], [a].[SecurityStamp], [a].[TwoFactorEnabled], [a].[UserName]
FROM [AspNetUsers] AS [a]
WHERE [a].[NormalizedEmail] = @__normalizedEmail_0
2025-08-16 14:34:42.164 -06:00 [INF] Executed DbCommand (1ms) [Parameters=[@__normalizedRoleName_0='?' (Size = 256)], CommandType='"Text"', CommandTimeout='30']
SELECT TOP(2) [a].[Id], [a].[ConcurrencyStamp], [a].[Name], [a].[NormalizedName]
FROM [AspNetRoles] AS [a]
WHERE [a].[NormalizedName] = @__normalizedRoleName_0
2025-08-16 14:34:42.169 -06:00 [INF] Executed DbCommand (1ms) [Parameters=[@__p_0='?' (Size = 450), @__p_1='?' (Size = 450)], CommandType='"Text"', CommandTimeout='30']
SELECT TOP(1) [a].[UserId], [a].[RoleId]
FROM [AspNetUserRoles] AS [a]
WHERE [a].[UserId] = @__p_0 AND [a].[RoleId] = @__p_1
2025-08-16 14:34:42.175 -06:00 [INF] Executed DbCommand (1ms) [Parameters=[@__normalizedEmail_0='?' (Size = 256)], CommandType='"Text"', CommandTimeout='30']
SELECT TOP(2) [a].[Id], [a].[AccessFailedCount], [a].[ConcurrencyStamp], [a].[Email], [a].[EmailConfirmed], [a].[LockoutEnabled], [a].[LockoutEnd], [a].[NormalizedEmail], [a].[NormalizedUserName], [a].[PasswordHash], [a].[PhoneNumber], [a].[PhoneNumberConfirmed], [a].[SecurityStamp], [a].[TwoFactorEnabled], [a].[UserName]
FROM [AspNetUsers] AS [a]
WHERE [a].[NormalizedEmail] = @__normalizedEmail_0
2025-08-16 14:34:42.179 -06:00 [INF] Executed DbCommand (1ms) [Parameters=[@__normalizedRoleName_0='?' (Size = 256)], CommandType='"Text"', CommandTimeout='30']
SELECT TOP(2) [a].[Id], [a].[ConcurrencyStamp], [a].[Name], [a].[NormalizedName]
FROM [AspNetRoles] AS [a]
WHERE [a].[NormalizedName] = @__normalizedRoleName_0
2025-08-16 14:34:42.183 -06:00 [INF] Executed DbCommand (1ms) [Parameters=[@__p_0='?' (Size = 450), @__p_1='?' (Size = 450)], CommandType='"Text"', CommandTimeout='30']
SELECT TOP(1) [a].[UserId], [a].[RoleId]
FROM [AspNetUserRoles] AS [a]
WHERE [a].[UserId] = @__p_0 AND [a].[RoleId] = @__p_1
2025-08-16 14:34:42.372 -06:00 [INF] Now listening on: http://localhost:5116
2025-08-16 14:34:42.376 -06:00 [INF] Application started. Press Ctrl+C to shut down.
2025-08-16 14:34:42.377 -06:00 [INF] Hosting environment: Development
2025-08-16 14:34:42.378 -06:00 [INF] Content root path: C:\Users\hoshu\OneDrive\Desktop\ProyectoAnalisisDeSistemas-master\ProyectoAnalisisDeSistemas-master\PaginaBizu
2025-08-16 14:34:44.885 -06:00 [INF] Request starting HTTP/1.1 GET http://localhost:5116/Orders/CrearPedidoPrueba - null null
2025-08-16 14:34:44.943 -06:00 [WRN] Failed to determine the https port for redirect.
2025-08-16 14:34:44.998 -06:00 [INF] Executing endpoint 'PaginaBizu.Controllers.OrdersController.CrearPedidoPrueba (PaginaBizu)'
2025-08-16 14:34:45.014 -06:00 [INF] Route matched with {action = "CrearPedidoPrueba", controller = "Orders", page = "", area = ""}. Executing controller action with signature System.Threading.Tasks.Task`1[Microsoft.AspNetCore.Mvc.IActionResult] CrearPedidoPrueba() on controller PaginaBizu.Controllers.OrdersController (PaginaBizu).
2025-08-16 14:34:45.025 -06:00 [INF] ➡️ Acción ejecutándose: Orders/CrearPedidoPrueba | Usuario: hoshuacastillo48@gmail.com | IP: ::1 | Hora: "2025-08-16T14:34:45.0250768-06:00"
2025-08-16 14:34:45.098 -06:00 [INF] Executed DbCommand (3ms) [Parameters=[], CommandType='"Text"', CommandTimeout='30']
SELECT TOP(1) [a].[Id]
FROM [AspNetUsers] AS [a]
ORDER BY [a].[Id]
2025-08-16 14:34:45.118 -06:00 [INF] Executed DbCommand (4ms) [Parameters=[], CommandType='"Text"', CommandTimeout='30']
SELECT CASE
    WHEN EXISTS (
        SELECT 1
        FROM [Products] AS [p]
        WHERE [p].[Id] = 1) THEN CAST(1 AS bit)
    ELSE CAST(0 AS bit)
END
2025-08-16 14:34:45.244 -06:00 [INF] Executed DbCommand (8ms) [Parameters=[@p0='?' (Size = 4000), @p1='?' (DbType = DateTime2), @p2='?' (Precision = 18) (Scale = 2) (DbType = Decimal), @p3='?' (Size = 4000)], CommandType='"Text"', CommandTimeout='30']
SET IMPLICIT_TRANSACTIONS OFF;
SET NOCOUNT ON;
INSERT INTO [Orders] ([Estado], [Fecha], [Total], [UsuarioId])
OUTPUT INSERTED.[Id]
VALUES (@p0, @p1, @p2, @p3);
2025-08-16 14:34:45.266 -06:00 [INF] Executed DbCommand (6ms) [Parameters=[@p4='?' (DbType = Int32), @p5='?' (DbType = Int32), @p6='?' (Precision = 18) (Scale = 2) (DbType = Decimal), @p7='?' (DbType = Int32)], CommandType='"Text"', CommandTimeout='30']
SET IMPLICIT_TRANSACTIONS OFF;
SET NOCOUNT ON;
INSERT INTO [OrderDetails] ([Cantidad], [OrderId], [PrecioUnitario], [ProductId])
OUTPUT INSERTED.[Id]
VALUES (@p4, @p5, @p6, @p7);
2025-08-16 14:34:45.287 -06:00 [INF] ✅ Acción ejecutada: Orders/CrearPedidoPrueba | Hora: "2025-08-16T14:34:45.2873688-06:00"
2025-08-16 14:34:45.301 -06:00 [INF] Executing RedirectResult, redirecting to /Orders.
2025-08-16 14:34:45.315 -06:00 [INF] Executed action PaginaBizu.Controllers.OrdersController.CrearPedidoPrueba (PaginaBizu) in 295.7774ms
2025-08-16 14:34:45.318 -06:00 [INF] Executed endpoint 'PaginaBizu.Controllers.OrdersController.CrearPedidoPrueba (PaginaBizu)'
2025-08-16 14:34:45.334 -06:00 [INF] Request finished HTTP/1.1 GET http://localhost:5116/Orders/CrearPedidoPrueba - 302 0 null 450.0709ms
2025-08-16 14:34:45.346 -06:00 [INF] Request starting HTTP/1.1 GET http://localhost:5116/Orders - null null
2025-08-16 14:34:45.358 -06:00 [INF] Executing endpoint 'PaginaBizu.Controllers.OrdersController.Index (PaginaBizu)'
2025-08-16 14:34:45.361 -06:00 [INF] Route matched with {action = "Index", controller = "Orders", page = "", area = ""}. Executing controller action with signature Microsoft.AspNetCore.Mvc.IActionResult Index() on controller PaginaBizu.Controllers.OrdersController (PaginaBizu).
2025-08-16 14:34:45.363 -06:00 [INF] ➡️ Acción ejecutándose: Orders/Index | Usuario: hoshuacastillo48@gmail.com | IP: ::1 | Hora: "2025-08-16T14:34:45.3637009-06:00"
2025-08-16 14:34:45.458 -06:00 [INF] Executed DbCommand (14ms) [Parameters=[], CommandType='"Text"', CommandTimeout='30']
SELECT [o].[Id], [o].[Estado], [o].[Fecha], [o].[Total], [o].[UsuarioId], [t].[Id], [t].[Cantidad], [t].[OrderId], [t].[PrecioUnitario], [t].[ProductId], [t].[Id0], [t].[CantidadDisponible], [t].[Categoria], [t].[Descripcion], [t].[FechaCreacion], [t].[ImagenUrl], [t].[NombreArticulo], [t].[Precio]
FROM [Orders] AS [o]
LEFT JOIN (
    SELECT [o0].[Id], [o0].[Cantidad], [o0].[OrderId], [o0].[PrecioUnitario], [o0].[ProductId], [p].[Id] AS [Id0], [p].[CantidadDisponible], [p].[Categoria], [p].[Descripcion], [p].[FechaCreacion], [p].[ImagenUrl], [p].[NombreArticulo], [p].[Precio]
    FROM [OrderDetails] AS [o0]
    INNER JOIN [Products] AS [p] ON [o0].[ProductId] = [p].[Id]
) AS [t] ON [o].[Id] = [t].[OrderId]
ORDER BY [o].[Fecha] DESC, [o].[Id], [t].[Id]
2025-08-16 14:34:45.489 -06:00 [INF] ✅ Acción ejecutada: Orders/Index | Hora: "2025-08-16T14:34:45.4894842-06:00"
2025-08-16 14:34:45.495 -06:00 [INF] Executing ViewResult, running view Index.
2025-08-16 14:34:45.549 -06:00 [INF] Executed ViewResult - view Index executed in 56.0178ms.
2025-08-16 14:34:45.553 -06:00 [INF] Executed action PaginaBizu.Controllers.OrdersController.Index (PaginaBizu) in 189.6271ms
2025-08-16 14:34:45.559 -06:00 [INF] Executed endpoint 'PaginaBizu.Controllers.OrdersController.Index (PaginaBizu)'
2025-08-16 14:34:45.565 -06:00 [INF] Request finished HTTP/1.1 GET http://localhost:5116/Orders - 200 null text/html; charset=utf-8 218.2421ms
2025-08-16 14:34:45.996 -06:00 [INF] Request starting HTTP/1.1 GET http://localhost:5116/Cart/CartCount - null null
2025-08-16 14:34:46.025 -06:00 [INF] Executing endpoint 'PaginaBizu.Controllers.CartController.CartCount (PaginaBizu)'
2025-08-16 14:34:46.029 -06:00 [INF] Route matched with {action = "CartCount", controller = "Cart", page = "", area = ""}. Executing controller action with signature Microsoft.AspNetCore.Mvc.IActionResult CartCount() on controller PaginaBizu.Controllers.CartController (PaginaBizu).
2025-08-16 14:34:46.035 -06:00 [INF] ➡️ Acción ejecutándose: Cart/CartCount | Usuario: hoshuacastillo48@gmail.com | IP: ::1 | Hora: "2025-08-16T14:34:46.0352328-06:00"
2025-08-16 14:34:46.042 -06:00 [INF] Accessing expired session, Key:b6d22df1-35ff-543a-666b-31a639717e32
2025-08-16 14:34:46.047 -06:00 [INF] ✅ Acción ejecutada: Cart/CartCount | Hora: "2025-08-16T14:34:46.0474602-06:00"
2025-08-16 14:34:46.052 -06:00 [INF] Executing JsonResult, writing value of type 'System.Int32'.
2025-08-16 14:34:46.084 -06:00 [INF] Executed action PaginaBizu.Controllers.CartController.CartCount (PaginaBizu) in 49.8414ms
2025-08-16 14:34:46.084 -06:00 [INF] Request starting HTTP/1.1 GET http://localhost:5116/Cart/CartCount - null null
2025-08-16 14:34:46.088 -06:00 [INF] Executed endpoint 'PaginaBizu.Controllers.CartController.CartCount (PaginaBizu)'
2025-08-16 14:34:46.096 -06:00 [INF] Request finished HTTP/1.1 GET http://localhost:5116/Cart/CartCount - 200 null application/json; charset=utf-8 100.0469ms
2025-08-16 14:34:46.097 -06:00 [INF] Executing endpoint 'PaginaBizu.Controllers.CartController.CartCount (PaginaBizu)'
2025-08-16 14:34:46.106 -06:00 [INF] Route matched with {action = "CartCount", controller = "Cart", page = "", area = ""}. Executing controller action with signature Microsoft.AspNetCore.Mvc.IActionResult CartCount() on controller PaginaBizu.Controllers.CartController (PaginaBizu).
2025-08-16 14:34:46.110 -06:00 [INF] ➡️ Acción ejecutándose: Cart/CartCount | Usuario: hoshuacastillo48@gmail.com | IP: ::1 | Hora: "2025-08-16T14:34:46.1102560-06:00"
2025-08-16 14:34:46.113 -06:00 [INF] Accessing expired session, Key:b6d22df1-35ff-543a-666b-31a639717e32
2025-08-16 14:34:46.115 -06:00 [INF] ✅ Acción ejecutada: Cart/CartCount | Hora: "2025-08-16T14:34:46.1159304-06:00"
2025-08-16 14:34:46.119 -06:00 [INF] Executing JsonResult, writing value of type 'System.Int32'.
2025-08-16 14:34:46.122 -06:00 [INF] Executed action PaginaBizu.Controllers.CartController.CartCount (PaginaBizu) in 11.876ms
2025-08-16 14:34:46.124 -06:00 [INF] Executed endpoint 'PaginaBizu.Controllers.CartController.CartCount (PaginaBizu)'
2025-08-16 14:34:46.126 -06:00 [INF] Request finished HTTP/1.1 GET http://localhost:5116/Cart/CartCount - 200 null application/json; charset=utf-8 42.1562ms
2025-08-16 14:34:47.152 -06:00 [INF] Request starting HTTP/1.1 GET http://localhost:5116/Orders/CrearPedidoPrueba - null null
2025-08-16 14:34:47.163 -06:00 [INF] Executing endpoint 'PaginaBizu.Controllers.OrdersController.CrearPedidoPrueba (PaginaBizu)'
2025-08-16 14:34:47.166 -06:00 [INF] Route matched with {action = "CrearPedidoPrueba", controller = "Orders", page = "", area = ""}. Executing controller action with signature System.Threading.Tasks.Task`1[Microsoft.AspNetCore.Mvc.IActionResult] CrearPedidoPrueba() on controller PaginaBizu.Controllers.OrdersController (PaginaBizu).
2025-08-16 14:34:47.168 -06:00 [INF] ➡️ Acción ejecutándose: Orders/CrearPedidoPrueba | Usuario: hoshuacastillo48@gmail.com | IP: ::1 | Hora: "2025-08-16T14:34:47.1687620-06:00"
2025-08-16 14:34:47.176 -06:00 [INF] Executed DbCommand (1ms) [Parameters=[], CommandType='"Text"', CommandTimeout='30']
SELECT TOP(1) [a].[Id]
FROM [AspNetUsers] AS [a]
ORDER BY [a].[Id]
2025-08-16 14:34:47.179 -06:00 [INF] Executed DbCommand (1ms) [Parameters=[], CommandType='"Text"', CommandTimeout='30']
SELECT CASE
    WHEN EXISTS (
        SELECT 1
        FROM [Products] AS [p]
        WHERE [p].[Id] = 1) THEN CAST(1 AS bit)
    ELSE CAST(0 AS bit)
END
2025-08-16 14:34:47.184 -06:00 [INF] Executed DbCommand (1ms) [Parameters=[@p0='?' (Size = 4000), @p1='?' (DbType = DateTime2), @p2='?' (Precision = 18) (Scale = 2) (DbType = Decimal), @p3='?' (Size = 4000)], CommandType='"Text"', CommandTimeout='30']
SET IMPLICIT_TRANSACTIONS OFF;
SET NOCOUNT ON;
INSERT INTO [Orders] ([Estado], [Fecha], [Total], [UsuarioId])
OUTPUT INSERTED.[Id]
VALUES (@p0, @p1, @p2, @p3);
2025-08-16 14:34:47.190 -06:00 [INF] Executed DbCommand (1ms) [Parameters=[@p4='?' (DbType = Int32), @p5='?' (DbType = Int32), @p6='?' (Precision = 18) (Scale = 2) (DbType = Decimal), @p7='?' (DbType = Int32)], CommandType='"Text"', CommandTimeout='30']
SET IMPLICIT_TRANSACTIONS OFF;
SET NOCOUNT ON;
INSERT INTO [OrderDetails] ([Cantidad], [OrderId], [PrecioUnitario], [ProductId])
OUTPUT INSERTED.[Id]
VALUES (@p4, @p5, @p6, @p7);
2025-08-16 14:34:47.195 -06:00 [INF] ✅ Acción ejecutada: Orders/CrearPedidoPrueba | Hora: "2025-08-16T14:34:47.1953283-06:00"
2025-08-16 14:34:47.196 -06:00 [INF] Executing RedirectResult, redirecting to /Orders.
2025-08-16 14:34:47.198 -06:00 [INF] Executed action PaginaBizu.Controllers.OrdersController.CrearPedidoPrueba (PaginaBizu) in 29.7215ms
2025-08-16 14:34:47.199 -06:00 [INF] Executed endpoint 'PaginaBizu.Controllers.OrdersController.CrearPedidoPrueba (PaginaBizu)'
2025-08-16 14:34:47.200 -06:00 [INF] Request finished HTTP/1.1 GET http://localhost:5116/Orders/CrearPedidoPrueba - 302 0 null 48.3499ms
2025-08-16 14:34:47.206 -06:00 [INF] Request starting HTTP/1.1 GET http://localhost:5116/Orders - null null
2025-08-16 14:34:47.210 -06:00 [INF] Executing endpoint 'PaginaBizu.Controllers.OrdersController.Index (PaginaBizu)'
2025-08-16 14:34:47.211 -06:00 [INF] Route matched with {action = "Index", controller = "Orders", page = "", area = ""}. Executing controller action with signature Microsoft.AspNetCore.Mvc.IActionResult Index() on controller PaginaBizu.Controllers.OrdersController (PaginaBizu).
2025-08-16 14:34:47.212 -06:00 [INF] ➡️ Acción ejecutándose: Orders/Index | Usuario: hoshuacastillo48@gmail.com | IP: ::1 | Hora: "2025-08-16T14:34:47.2127335-06:00"
2025-08-16 14:34:47.216 -06:00 [INF] Executed DbCommand (1ms) [Parameters=[], CommandType='"Text"', CommandTimeout='30']
SELECT [o].[Id], [o].[Estado], [o].[Fecha], [o].[Total], [o].[UsuarioId], [t].[Id], [t].[Cantidad], [t].[OrderId], [t].[PrecioUnitario], [t].[ProductId], [t].[Id0], [t].[CantidadDisponible], [t].[Categoria], [t].[Descripcion], [t].[FechaCreacion], [t].[ImagenUrl], [t].[NombreArticulo], [t].[Precio]
FROM [Orders] AS [o]
LEFT JOIN (
    SELECT [o0].[Id], [o0].[Cantidad], [o0].[OrderId], [o0].[PrecioUnitario], [o0].[ProductId], [p].[Id] AS [Id0], [p].[CantidadDisponible], [p].[Categoria], [p].[Descripcion], [p].[FechaCreacion], [p].[ImagenUrl], [p].[NombreArticulo], [p].[Precio]
    FROM [OrderDetails] AS [o0]
    INNER JOIN [Products] AS [p] ON [o0].[ProductId] = [p].[Id]
) AS [t] ON [o].[Id] = [t].[OrderId]
ORDER BY [o].[Fecha] DESC, [o].[Id], [t].[Id]
2025-08-16 14:34:47.222 -06:00 [INF] ✅ Acción ejecutada: Orders/Index | Hora: "2025-08-16T14:34:47.2223434-06:00"
2025-08-16 14:34:47.225 -06:00 [INF] Executing ViewResult, running view Index.
2025-08-16 14:34:47.231 -06:00 [INF] Executed ViewResult - view Index executed in 6.1896ms.
2025-08-16 14:34:47.233 -06:00 [INF] Executed action PaginaBizu.Controllers.OrdersController.Index (PaginaBizu) in 21.1331ms
2025-08-16 14:34:47.237 -06:00 [INF] Executed endpoint 'PaginaBizu.Controllers.OrdersController.Index (PaginaBizu)'
2025-08-16 14:34:47.240 -06:00 [INF] Request finished HTTP/1.1 GET http://localhost:5116/Orders - 200 null text/html; charset=utf-8 33.3635ms
2025-08-16 14:34:47.479 -06:00 [INF] Request starting HTTP/1.1 GET http://localhost:5116/Cart/CartCount - null null
2025-08-16 14:34:47.487 -06:00 [INF] Executing endpoint 'PaginaBizu.Controllers.CartController.CartCount (PaginaBizu)'
2025-08-16 14:34:47.490 -06:00 [INF] Route matched with {action = "CartCount", controller = "Cart", page = "", area = ""}. Executing controller action with signature Microsoft.AspNetCore.Mvc.IActionResult CartCount() on controller PaginaBizu.Controllers.CartController (PaginaBizu).
2025-08-16 14:34:47.493 -06:00 [INF] ➡️ Acción ejecutándose: Cart/CartCount | Usuario: hoshuacastillo48@gmail.com | IP: ::1 | Hora: "2025-08-16T14:34:47.4929606-06:00"
2025-08-16 14:34:47.496 -06:00 [INF] Accessing expired session, Key:b6d22df1-35ff-543a-666b-31a639717e32
2025-08-16 14:34:47.498 -06:00 [INF] ✅ Acción ejecutada: Cart/CartCount | Hora: "2025-08-16T14:34:47.4983264-06:00"
2025-08-16 14:34:47.501 -06:00 [INF] Executing JsonResult, writing value of type 'System.Int32'.
2025-08-16 14:34:47.504 -06:00 [INF] Executed action PaginaBizu.Controllers.CartController.CartCount (PaginaBizu) in 11.2389ms
2025-08-16 14:34:47.505 -06:00 [INF] Request starting HTTP/1.1 GET http://localhost:5116/Cart/CartCount - null null
2025-08-16 14:34:47.507 -06:00 [INF] Executed endpoint 'PaginaBizu.Controllers.CartController.CartCount (PaginaBizu)'
2025-08-16 14:34:47.512 -06:00 [INF] Executing endpoint 'PaginaBizu.Controllers.CartController.CartCount (PaginaBizu)'
2025-08-16 14:34:47.513 -06:00 [INF] Request finished HTTP/1.1 GET http://localhost:5116/Cart/CartCount - 200 null application/json; charset=utf-8 33.7594ms
2025-08-16 14:34:47.515 -06:00 [INF] Route matched with {action = "CartCount", controller = "Cart", page = "", area = ""}. Executing controller action with signature Microsoft.AspNetCore.Mvc.IActionResult CartCount() on controller PaginaBizu.Controllers.CartController (PaginaBizu).
2025-08-16 14:34:47.524 -06:00 [INF] ➡️ Acción ejecutándose: Cart/CartCount | Usuario: hoshuacastillo48@gmail.com | IP: ::1 | Hora: "2025-08-16T14:34:47.5247512-06:00"
2025-08-16 14:34:47.528 -06:00 [INF] Accessing expired session, Key:b6d22df1-35ff-543a-666b-31a639717e32
2025-08-16 14:34:47.530 -06:00 [INF] ✅ Acción ejecutada: Cart/CartCount | Hora: "2025-08-16T14:34:47.5301166-06:00"
2025-08-16 14:34:47.532 -06:00 [INF] Executing JsonResult, writing value of type 'System.Int32'.
2025-08-16 14:34:47.534 -06:00 [INF] Executed action PaginaBizu.Controllers.CartController.CartCount (PaginaBizu) in 9.6408ms
2025-08-16 14:34:47.536 -06:00 [INF] Executed endpoint 'PaginaBizu.Controllers.CartController.CartCount (PaginaBizu)'
2025-08-16 14:34:47.540 -06:00 [INF] Request finished HTTP/1.1 GET http://localhost:5116/Cart/CartCount - 200 null application/json; charset=utf-8 34.0338ms
2025-08-16 14:34:49.209 -06:00 [INF] Request starting HTTP/1.1 GET http://localhost:5116/Orders/CrearPedidoPrueba - null null
2025-08-16 14:34:49.214 -06:00 [INF] Executing endpoint 'PaginaBizu.Controllers.OrdersController.CrearPedidoPrueba (PaginaBizu)'
2025-08-16 14:34:49.215 -06:00 [INF] Route matched with {action = "CrearPedidoPrueba", controller = "Orders", page = "", area = ""}. Executing controller action with signature System.Threading.Tasks.Task`1[Microsoft.AspNetCore.Mvc.IActionResult] CrearPedidoPrueba() on controller PaginaBizu.Controllers.OrdersController (PaginaBizu).
2025-08-16 14:34:49.221 -06:00 [INF] ➡️ Acción ejecutándose: Orders/CrearPedidoPrueba | Usuario: hoshuacastillo48@gmail.com | IP: ::1 | Hora: "2025-08-16T14:34:49.2218653-06:00"
2025-08-16 14:34:49.229 -06:00 [INF] Executed DbCommand (1ms) [Parameters=[], CommandType='"Text"', CommandTimeout='30']
SELECT TOP(1) [a].[Id]
FROM [AspNetUsers] AS [a]
ORDER BY [a].[Id]
2025-08-16 14:34:49.235 -06:00 [INF] Executed DbCommand (1ms) [Parameters=[], CommandType='"Text"', CommandTimeout='30']
SELECT CASE
    WHEN EXISTS (
        SELECT 1
        FROM [Products] AS [p]
        WHERE [p].[Id] = 1) THEN CAST(1 AS bit)
    ELSE CAST(0 AS bit)
END
2025-08-16 14:34:49.245 -06:00 [INF] Executed DbCommand (1ms) [Parameters=[@p0='?' (Size = 4000), @p1='?' (DbType = DateTime2), @p2='?' (Precision = 18) (Scale = 2) (DbType = Decimal), @p3='?' (Size = 4000)], CommandType='"Text"', CommandTimeout='30']
SET IMPLICIT_TRANSACTIONS OFF;
SET NOCOUNT ON;
INSERT INTO [Orders] ([Estado], [Fecha], [Total], [UsuarioId])
OUTPUT INSERTED.[Id]
VALUES (@p0, @p1, @p2, @p3);
2025-08-16 14:34:49.252 -06:00 [INF] Executed DbCommand (1ms) [Parameters=[@p4='?' (DbType = Int32), @p5='?' (DbType = Int32), @p6='?' (Precision = 18) (Scale = 2) (DbType = Decimal), @p7='?' (DbType = Int32)], CommandType='"Text"', CommandTimeout='30']
SET IMPLICIT_TRANSACTIONS OFF;
SET NOCOUNT ON;
INSERT INTO [OrderDetails] ([Cantidad], [OrderId], [PrecioUnitario], [ProductId])
OUTPUT INSERTED.[Id]
VALUES (@p4, @p5, @p6, @p7);
2025-08-16 14:34:49.261 -06:00 [INF] ✅ Acción ejecutada: Orders/CrearPedidoPrueba | Hora: "2025-08-16T14:34:49.2612926-06:00"
2025-08-16 14:34:49.264 -06:00 [INF] Executing RedirectResult, redirecting to /Orders.
2025-08-16 14:34:49.269 -06:00 [INF] Executed action PaginaBizu.Controllers.OrdersController.CrearPedidoPrueba (PaginaBizu) in 47.9488ms
2025-08-16 14:34:49.274 -06:00 [INF] Executed endpoint 'PaginaBizu.Controllers.OrdersController.CrearPedidoPrueba (PaginaBizu)'
2025-08-16 14:34:49.277 -06:00 [INF] Request finished HTTP/1.1 GET http://localhost:5116/Orders/CrearPedidoPrueba - 302 0 null 67.6428ms
2025-08-16 14:34:49.285 -06:00 [INF] Request starting HTTP/1.1 GET http://localhost:5116/Orders - null null
2025-08-16 14:34:49.293 -06:00 [INF] Executing endpoint 'PaginaBizu.Controllers.OrdersController.Index (PaginaBizu)'
2025-08-16 14:34:49.295 -06:00 [INF] Route matched with {action = "Index", controller = "Orders", page = "", area = ""}. Executing controller action with signature Microsoft.AspNetCore.Mvc.IActionResult Index() on controller PaginaBizu.Controllers.OrdersController (PaginaBizu).
2025-08-16 14:34:49.299 -06:00 [INF] ➡️ Acción ejecutándose: Orders/Index | Usuario: hoshuacastillo48@gmail.com | IP: ::1 | Hora: "2025-08-16T14:34:49.2999331-06:00"
2025-08-16 14:34:49.306 -06:00 [INF] Executed DbCommand (1ms) [Parameters=[], CommandType='"Text"', CommandTimeout='30']
SELECT [o].[Id], [o].[Estado], [o].[Fecha], [o].[Total], [o].[UsuarioId], [t].[Id], [t].[Cantidad], [t].[OrderId], [t].[PrecioUnitario], [t].[ProductId], [t].[Id0], [t].[CantidadDisponible], [t].[Categoria], [t].[Descripcion], [t].[FechaCreacion], [t].[ImagenUrl], [t].[NombreArticulo], [t].[Precio]
FROM [Orders] AS [o]
LEFT JOIN (
    SELECT [o0].[Id], [o0].[Cantidad], [o0].[OrderId], [o0].[PrecioUnitario], [o0].[ProductId], [p].[Id] AS [Id0], [p].[CantidadDisponible], [p].[Categoria], [p].[Descripcion], [p].[FechaCreacion], [p].[ImagenUrl], [p].[NombreArticulo], [p].[Precio]
    FROM [OrderDetails] AS [o0]
    INNER JOIN [Products] AS [p] ON [o0].[ProductId] = [p].[Id]
) AS [t] ON [o].[Id] = [t].[OrderId]
ORDER BY [o].[Fecha] DESC, [o].[Id], [t].[Id]
2025-08-16 14:34:49.312 -06:00 [INF] ✅ Acción ejecutada: Orders/Index | Hora: "2025-08-16T14:34:49.3124724-06:00"
2025-08-16 14:34:49.315 -06:00 [INF] Executing ViewResult, running view Index.
2025-08-16 14:34:49.322 -06:00 [INF] Executed ViewResult - view Index executed in 7.1746ms.
2025-08-16 14:34:49.325 -06:00 [INF] Executed action PaginaBizu.Controllers.OrdersController.Index (PaginaBizu) in 25.4101ms
2025-08-16 14:34:49.329 -06:00 [INF] Executed endpoint 'PaginaBizu.Controllers.OrdersController.Index (PaginaBizu)'
2025-08-16 14:34:49.331 -06:00 [INF] Request finished HTTP/1.1 GET http://localhost:5116/Orders - 200 null text/html; charset=utf-8 46.6907ms
2025-08-16 14:34:49.584 -06:00 [INF] Request starting HTTP/1.1 GET http://localhost:5116/Cart/CartCount - null null
2025-08-16 14:34:49.593 -06:00 [INF] Executing endpoint 'PaginaBizu.Controllers.CartController.CartCount (PaginaBizu)'
2025-08-16 14:34:49.597 -06:00 [INF] Route matched with {action = "CartCount", controller = "Cart", page = "", area = ""}. Executing controller action with signature Microsoft.AspNetCore.Mvc.IActionResult CartCount() on controller PaginaBizu.Controllers.CartController (PaginaBizu).
2025-08-16 14:34:49.601 -06:00 [INF] ➡️ Acción ejecutándose: Cart/CartCount | Usuario: hoshuacastillo48@gmail.com | IP: ::1 | Hora: "2025-08-16T14:34:49.6010338-06:00"
2025-08-16 14:34:49.603 -06:00 [INF] Accessing expired session, Key:b6d22df1-35ff-543a-666b-31a639717e32
2025-08-16 14:34:49.606 -06:00 [INF] ✅ Acción ejecutada: Cart/CartCount | Hora: "2025-08-16T14:34:49.6067209-06:00"
2025-08-16 14:34:49.610 -06:00 [INF] Executing JsonResult, writing value of type 'System.Int32'.
2025-08-16 14:34:49.613 -06:00 [INF] Executed action PaginaBizu.Controllers.CartController.CartCount (PaginaBizu) in 12.399ms
2025-08-16 14:34:49.614 -06:00 [INF] Request starting HTTP/1.1 GET http://localhost:5116/Cart/CartCount - null null
2025-08-16 14:34:49.615 -06:00 [INF] Executed endpoint 'PaginaBizu.Controllers.CartController.CartCount (PaginaBizu)'
2025-08-16 14:34:49.623 -06:00 [INF] Executing endpoint 'PaginaBizu.Controllers.CartController.CartCount (PaginaBizu)'
2025-08-16 14:34:49.625 -06:00 [INF] Request finished HTTP/1.1 GET http://localhost:5116/Cart/CartCount - 200 null application/json; charset=utf-8 41.0528ms
2025-08-16 14:34:49.628 -06:00 [INF] Route matched with {action = "CartCount", controller = "Cart", page = "", area = ""}. Executing controller action with signature Microsoft.AspNetCore.Mvc.IActionResult CartCount() on controller PaginaBizu.Controllers.CartController (PaginaBizu).
2025-08-16 14:34:49.642 -06:00 [INF] ➡️ Acción ejecutándose: Cart/CartCount | Usuario: hoshuacastillo48@gmail.com | IP: ::1 | Hora: "2025-08-16T14:34:49.6420589-06:00"
2025-08-16 14:34:49.645 -06:00 [INF] Accessing expired session, Key:b6d22df1-35ff-543a-666b-31a639717e32
2025-08-16 14:34:49.646 -06:00 [INF] ✅ Acción ejecutada: Cart/CartCount | Hora: "2025-08-16T14:34:49.6465619-06:00"
2025-08-16 14:34:49.650 -06:00 [INF] Executing JsonResult, writing value of type 'System.Int32'.
2025-08-16 14:34:49.654 -06:00 [INF] Executed action PaginaBizu.Controllers.CartController.CartCount (PaginaBizu) in 12.2156ms
2025-08-16 14:34:49.657 -06:00 [INF] Executed endpoint 'PaginaBizu.Controllers.CartController.CartCount (PaginaBizu)'
2025-08-16 14:34:49.661 -06:00 [INF] Request finished HTTP/1.1 GET http://localhost:5116/Cart/CartCount - 200 null application/json; charset=utf-8 46.9596ms
