2025-08-19 16:22:28.706 -06:00 [INF] User profile is available. Using 'C:\Users\hoshu\AppData\Local\ASP.NET\DataProtection-Keys' as key repository and Windows DPAPI to encrypt keys at rest.
2025-08-19 16:22:29.790 -06:00 [INF] Executed DbCommand (80ms) [Parameters=[@__normalizedName_0='?' (Size = 256)], CommandType='"Text"', CommandTimeout='30']
SELECT TOP(1) [a].[Id], [a].[ConcurrencyStamp], [a].[Name], [a].[NormalizedName]
FROM [AspNetRoles] AS [a]
WHERE [a].[NormalizedName] = @__normalizedName_0
2025-08-19 16:22:29.889 -06:00 [INF] Executed DbCommand (14ms) [Parameters=[@__normalizedEmail_0='?' (Size = 256)], CommandType='"Text"', CommandTimeout='30']
SELECT TOP(2) [a].[Id], [a].[AccessFailedCount], [a].[ConcurrencyStamp], [a].[Email], [a].[EmailConfirmed], [a].[LockoutEnabled], [a].[LockoutEnd], [a].[NormalizedEmail], [a].[NormalizedUserName], [a].[PasswordHash], [a].[PhoneNumber], [a].[PhoneNumberConfirmed], [a].[SecurityStamp], [a].[TwoFactorEnabled], [a].[UserName]
FROM [AspNetUsers] AS [a]
WHERE [a].[NormalizedEmail] = @__normalizedEmail_0
2025-08-19 16:22:29.943 -06:00 [INF] Executed DbCommand (5ms) [Parameters=[@__normalizedRoleName_0='?' (Size = 256)], CommandType='"Text"', CommandTimeout='30']
SELECT TOP(2) [a].[Id], [a].[ConcurrencyStamp], [a].[Name], [a].[NormalizedName]
FROM [AspNetRoles] AS [a]
WHERE [a].[NormalizedName] = @__normalizedRoleName_0
2025-08-19 16:22:29.982 -06:00 [INF] Executed DbCommand (6ms) [Parameters=[@__p_0='?' (Size = 450), @__p_1='?' (Size = 450)], CommandType='"Text"', CommandTimeout='30']
SELECT TOP(1) [a].[UserId], [a].[RoleId]
FROM [AspNetUserRoles] AS [a]
WHERE [a].[UserId] = @__p_0 AND [a].[RoleId] = @__p_1
2025-08-19 16:22:30.001 -06:00 [INF] Executed DbCommand (1ms) [Parameters=[@__normalizedEmail_0='?' (Size = 256)], CommandType='"Text"', CommandTimeout='30']
SELECT TOP(2) [a].[Id], [a].[AccessFailedCount], [a].[ConcurrencyStamp], [a].[Email], [a].[EmailConfirmed], [a].[LockoutEnabled], [a].[LockoutEnd], [a].[NormalizedEmail], [a].[NormalizedUserName], [a].[PasswordHash], [a].[PhoneNumber], [a].[PhoneNumberConfirmed], [a].[SecurityStamp], [a].[TwoFactorEnabled], [a].[UserName]
FROM [AspNetUsers] AS [a]
WHERE [a].[NormalizedEmail] = @__normalizedEmail_0
2025-08-19 16:22:30.012 -06:00 [INF] Executed DbCommand (1ms) [Parameters=[@__normalizedRoleName_0='?' (Size = 256)], CommandType='"Text"', CommandTimeout='30']
SELECT TOP(2) [a].[Id], [a].[ConcurrencyStamp], [a].[Name], [a].[NormalizedName]
FROM [AspNetRoles] AS [a]
WHERE [a].[NormalizedName] = @__normalizedRoleName_0
2025-08-19 16:22:30.022 -06:00 [INF] Executed DbCommand (1ms) [Parameters=[@__p_0='?' (Size = 450), @__p_1='?' (Size = 450)], CommandType='"Text"', CommandTimeout='30']
SELECT TOP(1) [a].[UserId], [a].[RoleId]
FROM [AspNetUserRoles] AS [a]
WHERE [a].[UserId] = @__p_0 AND [a].[RoleId] = @__p_1
2025-08-19 16:22:30.026 -06:00 [INF] Executed DbCommand (1ms) [Parameters=[@__normalizedEmail_0='?' (Size = 256)], CommandType='"Text"', CommandTimeout='30']
SELECT TOP(2) [a].[Id], [a].[AccessFailedCount], [a].[ConcurrencyStamp], [a].[Email], [a].[EmailConfirmed], [a].[LockoutEnabled], [a].[LockoutEnd], [a].[NormalizedEmail], [a].[NormalizedUserName], [a].[PasswordHash], [a].[PhoneNumber], [a].[PhoneNumberConfirmed], [a].[SecurityStamp], [a].[TwoFactorEnabled], [a].[UserName]
FROM [AspNetUsers] AS [a]
WHERE [a].[NormalizedEmail] = @__normalizedEmail_0
2025-08-19 16:22:30.034 -06:00 [INF] Executed DbCommand (1ms) [Parameters=[@__normalizedRoleName_0='?' (Size = 256)], CommandType='"Text"', CommandTimeout='30']
SELECT TOP(2) [a].[Id], [a].[ConcurrencyStamp], [a].[Name], [a].[NormalizedName]
FROM [AspNetRoles] AS [a]
WHERE [a].[NormalizedName] = @__normalizedRoleName_0
2025-08-19 16:22:30.043 -06:00 [INF] Executed DbCommand (1ms) [Parameters=[@__p_0='?' (Size = 450), @__p_1='?' (Size = 450)], CommandType='"Text"', CommandTimeout='30']
SELECT TOP(1) [a].[UserId], [a].[RoleId]
FROM [AspNetUserRoles] AS [a]
WHERE [a].[UserId] = @__p_0 AND [a].[RoleId] = @__p_1
2025-08-19 16:22:30.460 -06:00 [INF] Now listening on: http://localhost:5116
2025-08-19 16:22:30.464 -06:00 [INF] Application started. Press Ctrl+C to shut down.
2025-08-19 16:22:30.466 -06:00 [INF] Hosting environment: Development
2025-08-19 16:22:30.468 -06:00 [INF] Content root path: C:\Users\hoshu\OneDrive\Desktop\ProyectoAnalisisDeSistemas-master\ProyectoAnalisisDeSistemas-master\PaginaBizu
2025-08-19 16:22:44.966 -06:00 [INF] Request starting HTTP/1.1 GET http://localhost:5116/ - null null
2025-08-19 16:22:45.081 -06:00 [WRN] Failed to determine the https port for redirect.
2025-08-19 16:22:45.190 -06:00 [INF] Executing endpoint 'PaginaBizu.Controllers.HomeController.Index (PaginaBizu)'
2025-08-19 16:22:45.246 -06:00 [INF] Route matched with {action = "Index", controller = "Home", page = "", area = ""}. Executing controller action with signature Microsoft.AspNetCore.Mvc.IActionResult Index() on controller PaginaBizu.Controllers.HomeController (PaginaBizu).
2025-08-19 16:22:45.308 -06:00 [INF] ➡️ Acción ejecutándose: Home/Index | Usuario: No autenticado | IP: ::1 | Hora: "2025-08-19T16:22:45.3073348-06:00"
2025-08-19 16:22:45.328 -06:00 [INF] ✅ Acción ejecutada: Home/Index | Hora: "2025-08-19T16:22:45.3282996-06:00"
2025-08-19 16:22:45.355 -06:00 [INF] Executing ViewResult, running view Index.
2025-08-19 16:22:45.584 -06:00 [INF] Executed ViewResult - view Index executed in 236.0358ms.
2025-08-19 16:22:45.599 -06:00 [INF] Executed action PaginaBizu.Controllers.HomeController.Index (PaginaBizu) in 334.2912ms
2025-08-19 16:22:45.608 -06:00 [INF] Executed endpoint 'PaginaBizu.Controllers.HomeController.Index (PaginaBizu)'
2025-08-19 16:22:45.611 -06:00 [INF] Request starting HTTP/1.1 GET http://localhost:5116/assets/bootstrap/css/bootstrap.min.css - null null
2025-08-19 16:22:45.613 -06:00 [INF] Request starting HTTP/1.1 GET http://localhost:5116/css/style.css - null null
2025-08-19 16:22:45.628 -06:00 [INF] Request finished HTTP/1.1 GET http://localhost:5116/ - 200 null text/html; charset=utf-8 666.7243ms
2025-08-19 16:22:45.657 -06:00 [INF] The file /assets/bootstrap/css/bootstrap.min.css was not modified
2025-08-19 16:22:45.657 -06:00 [INF] The file /css/style.css was not modified
2025-08-19 16:22:45.679 -06:00 [INF] Request finished HTTP/1.1 GET http://localhost:5116/assets/bootstrap/css/bootstrap.min.css - 304 null text/css 68.846ms
2025-08-19 16:22:45.685 -06:00 [INF] Request finished HTTP/1.1 GET http://localhost:5116/css/style.css - 304 null text/css 71.5207ms
2025-08-19 16:22:46.231 -06:00 [INF] Request starting HTTP/1.1 GET http://localhost:5116/assets/css/baguetteBox.min.css - null null
2025-08-19 16:22:46.231 -06:00 [INF] Request starting HTTP/1.1 GET http://localhost:5116/assets/fonts/simple-line-icons.min.css - null null
2025-08-19 16:22:46.238 -06:00 [INF] The file /assets/css/baguetteBox.min.css was not modified
2025-08-19 16:22:46.243 -06:00 [INF] The file /assets/fonts/simple-line-icons.min.css was not modified
2025-08-19 16:22:46.245 -06:00 [INF] Request finished HTTP/1.1 GET http://localhost:5116/assets/css/baguetteBox.min.css - 304 null text/css 14.1898ms
2025-08-19 16:22:46.247 -06:00 [INF] Request finished HTTP/1.1 GET http://localhost:5116/assets/fonts/simple-line-icons.min.css - 304 null text/css 15.9538ms
2025-08-19 16:22:46.262 -06:00 [INF] Request starting HTTP/1.1 GET http://localhost:5116/css/glow-form.css - null null
2025-08-19 16:22:46.264 -06:00 [INF] Request starting HTTP/1.1 GET http://localhost:5116/assets/img/scenery/66824523eb89f54aaf11e243-gold-bracelets-for-women-18k-gold-plated.jpg - null null
2025-08-19 16:22:46.267 -06:00 [INF] Request starting HTTP/1.1 GET http://localhost:5116/assets/img/scenery/61-HMICpUTL._AC_UY1000_.jpg - null null
2025-08-19 16:22:46.272 -06:00 [INF] Request starting HTTP/1.1 GET http://localhost:5116/assets/css/vanilla-zoom.min.css - null null
2025-08-19 16:22:46.277 -06:00 [INF] The file /css/glow-form.css was not modified
2025-08-19 16:22:46.281 -06:00 [INF] Request starting HTTP/1.1 GET http://localhost:5116/assets/img/scenery/pulsera-aine-stone-gold.jpg - null null
2025-08-19 16:22:46.282 -06:00 [INF] Request starting HTTP/1.1 GET http://localhost:5116/assets/img/scenery/09a84a043cf1b58d59b0e39a12c60491.jpg - null null
2025-08-19 16:22:46.287 -06:00 [INF] The file /assets/img/scenery/66824523eb89f54aaf11e243-gold-bracelets-for-women-18k-gold-plated.jpg was not modified
2025-08-19 16:22:46.295 -06:00 [INF] The file /assets/img/scenery/61-HMICpUTL._AC_UY1000_.jpg was not modified
2025-08-19 16:22:46.301 -06:00 [INF] The file /assets/css/vanilla-zoom.min.css was not modified
2025-08-19 16:22:46.303 -06:00 [INF] Request finished HTTP/1.1 GET http://localhost:5116/css/glow-form.css - 304 null text/css 40.2279ms
2025-08-19 16:22:46.308 -06:00 [INF] The file /assets/img/scenery/pulsera-aine-stone-gold.jpg was not modified
2025-08-19 16:22:46.312 -06:00 [INF] The file /assets/img/scenery/09a84a043cf1b58d59b0e39a12c60491.jpg was not modified
2025-08-19 16:22:46.314 -06:00 [INF] Request finished HTTP/1.1 GET http://localhost:5116/assets/img/scenery/66824523eb89f54aaf11e243-gold-bracelets-for-women-18k-gold-plated.jpg - 304 null image/jpeg 49.6078ms
2025-08-19 16:22:46.316 -06:00 [INF] Request finished HTTP/1.1 GET http://localhost:5116/assets/img/scenery/61-HMICpUTL._AC_UY1000_.jpg - 304 null image/jpeg 48.7216ms
2025-08-19 16:22:46.320 -06:00 [INF] Request finished HTTP/1.1 GET http://localhost:5116/assets/css/vanilla-zoom.min.css - 304 null text/css 47.8175ms
2025-08-19 16:22:46.327 -06:00 [INF] Request finished HTTP/1.1 GET http://localhost:5116/assets/img/scenery/pulsera-aine-stone-gold.jpg - 304 null image/jpeg 45.9878ms
2025-08-19 16:22:46.329 -06:00 [INF] Request finished HTTP/1.1 GET http://localhost:5116/assets/img/scenery/09a84a043cf1b58d59b0e39a12c60491.jpg - 304 null image/jpeg 46.6895ms
2025-08-19 16:22:46.338 -06:00 [INF] Request starting HTTP/1.1 GET http://localhost:5116/css/tailwindcss - null null
2025-08-19 16:22:46.338 -06:00 [INF] Request starting HTTP/1.1 GET http://localhost:5116/assets/img/scenery/17001222879e9360ad6ad00d7ff0a6b62437cfbf97_thumbnail_720x.jpg - null null
2025-08-19 16:22:46.344 -06:00 [INF] Request starting HTTP/1.1 GET http://localhost:5116/assets/js/theme.js - null null
2025-08-19 16:22:46.350 -06:00 [INF] Request starting HTTP/1.1 GET http://localhost:5116/assets/img/scenery/il_570xN.2179198790_o9bo.jpeg - null null
2025-08-19 16:22:46.357 -06:00 [INF] Request starting HTTP/1.1 GET http://localhost:5116/assets/js/vanilla-zoom.js - null null
2025-08-19 16:22:46.363 -06:00 [INF] Request starting HTTP/1.1 GET http://localhost:5116/assets/js/baguetteBox.min.js - null null
2025-08-19 16:22:46.376 -06:00 [INF] The file /assets/img/scenery/17001222879e9360ad6ad00d7ff0a6b62437cfbf97_thumbnail_720x.jpg was not modified
2025-08-19 16:22:46.377 -06:00 [INF] Request finished HTTP/1.1 GET http://localhost:5116/css/tailwindcss - 404 0 null 38.9403ms
2025-08-19 16:22:46.382 -06:00 [INF] The file /assets/js/theme.js was not modified
2025-08-19 16:22:46.389 -06:00 [INF] The file /assets/img/scenery/il_570xN.2179198790_o9bo.jpeg was not modified
2025-08-19 16:22:46.394 -06:00 [INF] The file /assets/js/vanilla-zoom.js was not modified
2025-08-19 16:22:46.400 -06:00 [INF] The file /assets/js/baguetteBox.min.js was not modified
2025-08-19 16:22:46.402 -06:00 [INF] Request finished HTTP/1.1 GET http://localhost:5116/assets/img/scenery/17001222879e9360ad6ad00d7ff0a6b62437cfbf97_thumbnail_720x.jpg - 304 null image/jpeg 63.7533ms
2025-08-19 16:22:46.411 -06:00 [INF] Request finished HTTP/1.1 GET http://localhost:5116/assets/js/theme.js - 304 null text/javascript 67.3149ms
2025-08-19 16:22:46.412 -06:00 [INF] Request reached the end of the middleware pipeline without being handled by application code. Request path: GET http://localhost:5116/css/tailwindcss, Response status code: 404
2025-08-19 16:22:46.414 -06:00 [INF] Request finished HTTP/1.1 GET http://localhost:5116/assets/img/scenery/il_570xN.2179198790_o9bo.jpeg - 304 null image/jpeg 63.4964ms
2025-08-19 16:22:46.417 -06:00 [INF] Request finished HTTP/1.1 GET http://localhost:5116/assets/js/vanilla-zoom.js - 304 null text/javascript 59.9618ms
2025-08-19 16:22:46.421 -06:00 [INF] Request finished HTTP/1.1 GET http://localhost:5116/assets/js/baguetteBox.min.js - 304 null text/javascript 58.2399ms
2025-08-19 16:22:46.429 -06:00 [INF] Request starting HTTP/1.1 GET http://localhost:5116/assets/img/depositphotos_5028610-stock-photo-beautiful-woman.jpg - null null
2025-08-19 16:22:46.437 -06:00 [INF] Request starting HTTP/1.1 GET http://localhost:5116/assets/fonts/Simple-Line-Icons.woff2?v=2.4.0 - null null
2025-08-19 16:22:46.441 -06:00 [INF] Request starting HTTP/1.1 GET http://localhost:5116/images/bg.png - null null
2025-08-19 16:22:46.472 -06:00 [INF] The file /assets/img/depositphotos_5028610-stock-photo-beautiful-woman.jpg was not modified
2025-08-19 16:22:46.480 -06:00 [INF] The file /assets/fonts/Simple-Line-Icons.woff2 was not modified
2025-08-19 16:22:46.490 -06:00 [INF] Request finished HTTP/1.1 GET http://localhost:5116/assets/img/depositphotos_5028610-stock-photo-beautiful-woman.jpg - 304 null image/jpeg 61.0521ms
2025-08-19 16:22:46.492 -06:00 [INF] Request finished HTTP/1.1 GET http://localhost:5116/assets/fonts/Simple-Line-Icons.woff2?v=2.4.0 - 304 null font/woff2 55.5124ms
2025-08-19 16:22:46.496 -06:00 [INF] Request finished HTTP/1.1 GET http://localhost:5116/images/bg.png - 404 0 null 54.8875ms
2025-08-19 16:22:46.533 -06:00 [INF] Request reached the end of the middleware pipeline without being handled by application code. Request path: GET http://localhost:5116/images/bg.png, Response status code: 404
2025-08-19 16:22:50.577 -06:00 [INF] Request starting HTTP/1.1 GET http://localhost:5116/Account/Login - null null
2025-08-19 16:22:50.592 -06:00 [INF] Executing endpoint 'PaginaBizu.Controllers.AccountController.Login (PaginaBizu)'
2025-08-19 16:22:50.608 -06:00 [INF] Route matched with {action = "Login", controller = "Account", page = "", area = ""}. Executing controller action with signature Microsoft.AspNetCore.Mvc.IActionResult Login() on controller PaginaBizu.Controllers.AccountController (PaginaBizu).
2025-08-19 16:22:50.643 -06:00 [INF] ➡️ Acción ejecutándose: Account/Login | Usuario: No autenticado | IP: ::1 | Hora: "2025-08-19T16:22:50.6434514-06:00"
2025-08-19 16:22:50.656 -06:00 [INF] ✅ Acción ejecutada: Account/Login | Hora: "2025-08-19T16:22:50.6560773-06:00"
2025-08-19 16:22:50.667 -06:00 [INF] Executing ViewResult, running view ~/Views/Shared/_LoginPartialUser.cshtml.
2025-08-19 16:22:50.759 -06:00 [INF] Executed ViewResult - view ~/Views/Shared/_LoginPartialUser.cshtml executed in 95.1047ms.
2025-08-19 16:22:50.767 -06:00 [INF] Executed action PaginaBizu.Controllers.AccountController.Login (PaginaBizu) in 149.6593ms
2025-08-19 16:22:50.774 -06:00 [INF] Executed endpoint 'PaginaBizu.Controllers.AccountController.Login (PaginaBizu)'
2025-08-19 16:22:50.782 -06:00 [INF] Request finished HTTP/1.1 GET http://localhost:5116/Account/Login - 200 null text/html; charset=utf-8 204.3226ms
2025-08-19 16:22:50.872 -06:00 [INF] Request starting HTTP/1.1 GET http://localhost:5116/lib/bootstrap/dist/css/bootstrap.min.css - null null
2025-08-19 16:22:50.872 -06:00 [INF] Request starting HTTP/1.1 GET http://localhost:5116/PaginaBizu.styles.css?v=u2o_07VtSGrZO3WxHAXzvZBevI20fzSZge8oUb78F-4 - null null
2025-08-19 16:22:50.872 -06:00 [INF] Request starting HTTP/1.1 GET http://localhost:5116/css/site.css?v=tq5MmRYVOxTwKBolobLEVhlycV0HPFnVWGBXwwh-KzE - null null
2025-08-19 16:22:50.872 -06:00 [INF] Request starting HTTP/1.1 GET http://localhost:5116/css/gucci-style.css - null null
2025-08-19 16:22:50.872 -06:00 [INF] Request starting HTTP/1.1 GET http://localhost:5116/lib/jquery/dist/jquery.min.js - null null
2025-08-19 16:22:50.875 -06:00 [INF] Request starting HTTP/1.1 GET http://localhost:5116/lib/bootstrap/dist/js/bootstrap.bundle.min.js - null null
2025-08-19 16:22:50.880 -06:00 [INF] The file /lib/bootstrap/dist/css/bootstrap.min.css was not modified
2025-08-19 16:22:50.901 -06:00 [INF] The file /css/site.css was not modified
2025-08-19 16:22:50.909 -06:00 [INF] The file /css/gucci-style.css was not modified
2025-08-19 16:22:50.915 -06:00 [INF] Sending file. Request path: '/PaginaBizu.styles.css'. Physical path: 'C:\Users\hoshu\OneDrive\Desktop\ProyectoAnalisisDeSistemas-master\ProyectoAnalisisDeSistemas-master\PaginaBizu\obj\Debug\net8.0\scopedcss\bundle\PaginaBizu.styles.css'
2025-08-19 16:22:50.918 -06:00 [INF] The file /lib/jquery/dist/jquery.min.js was not modified
2025-08-19 16:22:50.925 -06:00 [INF] The file /lib/bootstrap/dist/js/bootstrap.bundle.min.js was not modified
2025-08-19 16:22:50.926 -06:00 [INF] Request finished HTTP/1.1 GET http://localhost:5116/lib/bootstrap/dist/css/bootstrap.min.css - 304 null text/css 54.6062ms
2025-08-19 16:22:50.929 -06:00 [INF] Request finished HTTP/1.1 GET http://localhost:5116/css/site.css?v=tq5MmRYVOxTwKBolobLEVhlycV0HPFnVWGBXwwh-KzE - 304 null text/css 57.2527ms
2025-08-19 16:22:50.934 -06:00 [INF] Request finished HTTP/1.1 GET http://localhost:5116/css/gucci-style.css - 304 null text/css 62.1568ms
2025-08-19 16:22:50.939 -06:00 [INF] Request finished HTTP/1.1 GET http://localhost:5116/PaginaBizu.styles.css?v=u2o_07VtSGrZO3WxHAXzvZBevI20fzSZge8oUb78F-4 - 200 1128 text/css 67.568ms
2025-08-19 16:22:50.942 -06:00 [INF] Request finished HTTP/1.1 GET http://localhost:5116/lib/jquery/dist/jquery.min.js - 304 null text/javascript 69.954ms
2025-08-19 16:22:50.944 -06:00 [INF] Request finished HTTP/1.1 GET http://localhost:5116/lib/bootstrap/dist/js/bootstrap.bundle.min.js - 304 null text/javascript 68.9891ms
2025-08-19 16:22:50.957 -06:00 [INF] Request starting HTTP/1.1 GET http://localhost:5116/js/shop.js - null null
2025-08-19 16:22:50.964 -06:00 [INF] Request starting HTTP/1.1 GET http://localhost:5116/lib/jquery-validation/dist/jquery.validate.min.js - null null
2025-08-19 16:22:50.971 -06:00 [INF] Request starting HTTP/1.1 GET http://localhost:5116/js/login-validation.js - null null
2025-08-19 16:22:50.977 -06:00 [INF] Request starting HTTP/1.1 GET http://localhost:5116/lib/jquery-validation-unobtrusive/jquery.validate.unobtrusive.min.js - null null
2025-08-19 16:22:50.997 -06:00 [INF] The file /js/shop.js was not modified
2025-08-19 16:22:51.003 -06:00 [INF] The file /lib/jquery-validation/dist/jquery.validate.min.js was not modified
2025-08-19 16:22:51.008 -06:00 [INF] The file /js/login-validation.js was not modified
2025-08-19 16:22:51.013 -06:00 [INF] The file /lib/jquery-validation-unobtrusive/jquery.validate.unobtrusive.min.js was not modified
2025-08-19 16:22:51.016 -06:00 [INF] Request finished HTTP/1.1 GET http://localhost:5116/js/shop.js - 304 null text/javascript 58.9597ms
2025-08-19 16:22:51.018 -06:00 [INF] Request finished HTTP/1.1 GET http://localhost:5116/lib/jquery-validation/dist/jquery.validate.min.js - 304 null text/javascript 54.5589ms
2025-08-19 16:22:51.020 -06:00 [INF] Request finished HTTP/1.1 GET http://localhost:5116/js/login-validation.js - 304 null text/javascript 49.3764ms
2025-08-19 16:22:51.022 -06:00 [INF] Request finished HTTP/1.1 GET http://localhost:5116/lib/jquery-validation-unobtrusive/jquery.validate.unobtrusive.min.js - 304 null text/javascript 45.0305ms
2025-08-19 16:22:51.123 -06:00 [INF] Request starting HTTP/1.1 GET http://localhost:5116/css/tailwindcss - null null
2025-08-19 16:22:51.129 -06:00 [INF] Request finished HTTP/1.1 GET http://localhost:5116/css/tailwindcss - 404 0 null 6.0977ms
2025-08-19 16:22:51.139 -06:00 [INF] Request reached the end of the middleware pipeline without being handled by application code. Request path: GET http://localhost:5116/css/tailwindcss, Response status code: 404
2025-08-19 16:22:51.164 -06:00 [INF] Request starting HTTP/1.1 GET http://localhost:5116/Cart/CartCount - null null
2025-08-19 16:22:51.172 -06:00 [INF] Executing endpoint 'PaginaBizu.Controllers.CartController.CartCount (PaginaBizu)'
2025-08-19 16:22:51.178 -06:00 [INF] Route matched with {action = "CartCount", controller = "Cart", page = "", area = ""}. Executing controller action with signature Microsoft.AspNetCore.Mvc.IActionResult CartCount() on controller PaginaBizu.Controllers.CartController (PaginaBizu).
2025-08-19 16:22:51.183 -06:00 [INF] ➡️ Acción ejecutándose: Cart/CartCount | Usuario: No autenticado | IP: ::1 | Hora: "2025-08-19T16:22:51.1834426-06:00"
2025-08-19 16:22:51.194 -06:00 [INF] ✅ Acción ejecutada: Cart/CartCount | Hora: "2025-08-19T16:22:51.1943067-06:00"
2025-08-19 16:22:51.200 -06:00 [INF] Executing JsonResult, writing value of type 'System.Int32'.
2025-08-19 16:22:51.247 -06:00 [INF] Executed action PaginaBizu.Controllers.CartController.CartCount (PaginaBizu) in 65.6589ms
2025-08-19 16:22:51.248 -06:00 [INF] Request starting HTTP/1.1 GET http://localhost:5116/Cart/CartCount - null null
2025-08-19 16:22:51.252 -06:00 [INF] Executed endpoint 'PaginaBizu.Controllers.CartController.CartCount (PaginaBizu)'
2025-08-19 16:22:51.266 -06:00 [INF] Request finished HTTP/1.1 GET http://localhost:5116/Cart/CartCount - 200 null application/json; charset=utf-8 101.4251ms
2025-08-19 16:22:51.266 -06:00 [INF] Executing endpoint 'PaginaBizu.Controllers.CartController.CartCount (PaginaBizu)'
2025-08-19 16:22:51.280 -06:00 [INF] Route matched with {action = "CartCount", controller = "Cart", page = "", area = ""}. Executing controller action with signature Microsoft.AspNetCore.Mvc.IActionResult CartCount() on controller PaginaBizu.Controllers.CartController (PaginaBizu).
2025-08-19 16:22:51.286 -06:00 [INF] ➡️ Acción ejecutándose: Cart/CartCount | Usuario: No autenticado | IP: ::1 | Hora: "2025-08-19T16:22:51.2867344-06:00"
2025-08-19 16:22:51.293 -06:00 [INF] ✅ Acción ejecutada: Cart/CartCount | Hora: "2025-08-19T16:22:51.2929704-06:00"
2025-08-19 16:22:51.297 -06:00 [INF] Executing JsonResult, writing value of type 'System.Int32'.
2025-08-19 16:22:51.301 -06:00 [INF] Executed action PaginaBizu.Controllers.CartController.CartCount (PaginaBizu) in 15.7817ms
2025-08-19 16:22:51.305 -06:00 [INF] Executed endpoint 'PaginaBizu.Controllers.CartController.CartCount (PaginaBizu)'
2025-08-19 16:22:51.309 -06:00 [INF] Request finished HTTP/1.1 GET http://localhost:5116/Cart/CartCount - 200 null application/json; charset=utf-8 61.2085ms
2025-08-19 16:22:52.650 -06:00 [INF] Request starting HTTP/1.1 GET http://localhost:5116/Account/SignIn - null null
2025-08-19 16:22:52.667 -06:00 [INF] Executing endpoint 'PaginaBizu.Controllers.AccountController.SignIn (PaginaBizu)'
2025-08-19 16:22:52.679 -06:00 [INF] Route matched with {action = "SignIn", controller = "Account", page = "", area = ""}. Executing controller action with signature Microsoft.AspNetCore.Mvc.IActionResult SignIn() on controller PaginaBizu.Controllers.AccountController (PaginaBizu).
2025-08-19 16:22:52.701 -06:00 [INF] ➡️ Acción ejecutándose: Account/SignIn | Usuario: No autenticado | IP: ::1 | Hora: "2025-08-19T16:22:52.7010557-06:00"
2025-08-19 16:22:52.713 -06:00 [INF] ✅ Acción ejecutada: Account/SignIn | Hora: "2025-08-19T16:22:52.7132791-06:00"
2025-08-19 16:22:52.720 -06:00 [INF] Executing ViewResult, running view ~/Views/Shared/_SignIn.cshtml.
2025-08-19 16:22:52.796 -06:00 [INF] Executed ViewResult - view ~/Views/Shared/_SignIn.cshtml executed in 77.7189ms.
2025-08-19 16:22:52.802 -06:00 [INF] Executed action PaginaBizu.Controllers.AccountController.SignIn (PaginaBizu) in 112.7818ms
2025-08-19 16:22:52.809 -06:00 [INF] Executed endpoint 'PaginaBizu.Controllers.AccountController.SignIn (PaginaBizu)'
2025-08-19 16:22:52.816 -06:00 [INF] Request finished HTTP/1.1 GET http://localhost:5116/Account/SignIn - 200 null text/html; charset=utf-8 165.8857ms
2025-08-19 16:22:52.911 -06:00 [INF] Request starting HTTP/1.1 GET http://localhost:5116/js/register-validation.js - null null
2025-08-19 16:22:52.934 -06:00 [INF] Sending file. Request path: '/js/register-validation.js'. Physical path: 'C:\Users\hoshu\OneDrive\Desktop\ProyectoAnalisisDeSistemas-master\ProyectoAnalisisDeSistemas-master\PaginaBizu\wwwroot\js\register-validation.js'
2025-08-19 16:22:52.941 -06:00 [INF] Request finished HTTP/1.1 GET http://localhost:5116/js/register-validation.js - 200 4445 text/javascript 30.3939ms
2025-08-19 16:22:53.139 -06:00 [INF] Request starting HTTP/1.1 GET http://localhost:5116/css/tailwindcss - null null
2025-08-19 16:22:53.147 -06:00 [INF] Request finished HTTP/1.1 GET http://localhost:5116/css/tailwindcss - 404 0 null 8.5641ms
2025-08-19 16:22:53.159 -06:00 [INF] Request reached the end of the middleware pipeline without being handled by application code. Request path: GET http://localhost:5116/css/tailwindcss, Response status code: 404
2025-08-19 16:22:53.590 -06:00 [INF] Request starting HTTP/1.1 GET http://localhost:5116/Cart/CartCount - null null
2025-08-19 16:22:53.602 -06:00 [INF] Executing endpoint 'PaginaBizu.Controllers.CartController.CartCount (PaginaBizu)'
2025-08-19 16:22:53.609 -06:00 [INF] Route matched with {action = "CartCount", controller = "Cart", page = "", area = ""}. Executing controller action with signature Microsoft.AspNetCore.Mvc.IActionResult CartCount() on controller PaginaBizu.Controllers.CartController (PaginaBizu).
2025-08-19 16:22:53.621 -06:00 [INF] ➡️ Acción ejecutándose: Cart/CartCount | Usuario: No autenticado | IP: ::1 | Hora: "2025-08-19T16:22:53.6216718-06:00"
2025-08-19 16:22:53.632 -06:00 [INF] ✅ Acción ejecutada: Cart/CartCount | Hora: "2025-08-19T16:22:53.6320965-06:00"
2025-08-19 16:22:53.638 -06:00 [INF] Executing JsonResult, writing value of type 'System.Int32'.
2025-08-19 16:22:53.645 -06:00 [INF] Executed action PaginaBizu.Controllers.CartController.CartCount (PaginaBizu) in 25.463ms
2025-08-19 16:22:53.650 -06:00 [INF] Executed endpoint 'PaginaBizu.Controllers.CartController.CartCount (PaginaBizu)'
2025-08-19 16:22:53.651 -06:00 [INF] Request starting HTTP/1.1 GET http://localhost:5116/Cart/CartCount - null null
2025-08-19 16:22:53.657 -06:00 [INF] Request finished HTTP/1.1 GET http://localhost:5116/Cart/CartCount - 200 null application/json; charset=utf-8 66.6759ms
2025-08-19 16:22:53.669 -06:00 [INF] Executing endpoint 'PaginaBizu.Controllers.CartController.CartCount (PaginaBizu)'
2025-08-19 16:22:53.682 -06:00 [INF] Route matched with {action = "CartCount", controller = "Cart", page = "", area = ""}. Executing controller action with signature Microsoft.AspNetCore.Mvc.IActionResult CartCount() on controller PaginaBizu.Controllers.CartController (PaginaBizu).
2025-08-19 16:22:53.692 -06:00 [INF] ➡️ Acción ejecutándose: Cart/CartCount | Usuario: No autenticado | IP: ::1 | Hora: "2025-08-19T16:22:53.6924883-06:00"
2025-08-19 16:22:53.699 -06:00 [INF] ✅ Acción ejecutada: Cart/CartCount | Hora: "2025-08-19T16:22:53.6999101-06:00"
2025-08-19 16:22:53.707 -06:00 [INF] Executing JsonResult, writing value of type 'System.Int32'.
2025-08-19 16:22:53.709 -06:00 [INF] Executed action PaginaBizu.Controllers.CartController.CartCount (PaginaBizu) in 17.7027ms
2025-08-19 16:22:53.712 -06:00 [INF] Executed endpoint 'PaginaBizu.Controllers.CartController.CartCount (PaginaBizu)'
2025-08-19 16:22:53.716 -06:00 [INF] Request finished HTTP/1.1 GET http://localhost:5116/Cart/CartCount - 200 null application/json; charset=utf-8 65.0062ms
2025-08-19 16:24:06.434 -06:00 [INF] Application is shutting down...
2025-08-19 16:24:13.883 -06:00 [INF] User profile is available. Using 'C:\Users\hoshu\AppData\Local\ASP.NET\DataProtection-Keys' as key repository and Windows DPAPI to encrypt keys at rest.
2025-08-19 16:24:14.983 -06:00 [INF] Executed DbCommand (36ms) [Parameters=[@__normalizedName_0='?' (Size = 256)], CommandType='"Text"', CommandTimeout='30']
SELECT TOP(1) [a].[Id], [a].[ConcurrencyStamp], [a].[Name], [a].[NormalizedName]
FROM [AspNetRoles] AS [a]
WHERE [a].[NormalizedName] = @__normalizedName_0
2025-08-19 16:24:15.059 -06:00 [INF] Executed DbCommand (9ms) [Parameters=[@__normalizedEmail_0='?' (Size = 256)], CommandType='"Text"', CommandTimeout='30']
SELECT TOP(2) [a].[Id], [a].[AccessFailedCount], [a].[ConcurrencyStamp], [a].[Email], [a].[EmailConfirmed], [a].[LockoutEnabled], [a].[LockoutEnd], [a].[NormalizedEmail], [a].[NormalizedUserName], [a].[PasswordHash], [a].[PhoneNumber], [a].[PhoneNumberConfirmed], [a].[SecurityStamp], [a].[TwoFactorEnabled], [a].[UserName]
FROM [AspNetUsers] AS [a]
WHERE [a].[NormalizedEmail] = @__normalizedEmail_0
2025-08-19 16:24:15.113 -06:00 [INF] Executed DbCommand (3ms) [Parameters=[@__normalizedRoleName_0='?' (Size = 256)], CommandType='"Text"', CommandTimeout='30']
SELECT TOP(2) [a].[Id], [a].[ConcurrencyStamp], [a].[Name], [a].[NormalizedName]
FROM [AspNetRoles] AS [a]
WHERE [a].[NormalizedName] = @__normalizedRoleName_0
2025-08-19 16:24:15.166 -06:00 [INF] Executed DbCommand (6ms) [Parameters=[@__p_0='?' (Size = 450), @__p_1='?' (Size = 450)], CommandType='"Text"', CommandTimeout='30']
SELECT TOP(1) [a].[UserId], [a].[RoleId]
FROM [AspNetUserRoles] AS [a]
WHERE [a].[UserId] = @__p_0 AND [a].[RoleId] = @__p_1
2025-08-19 16:24:15.197 -06:00 [INF] Executed DbCommand (2ms) [Parameters=[@__normalizedEmail_0='?' (Size = 256)], CommandType='"Text"', CommandTimeout='30']
SELECT TOP(2) [a].[Id], [a].[AccessFailedCount], [a].[ConcurrencyStamp], [a].[Email], [a].[EmailConfirmed], [a].[LockoutEnabled], [a].[LockoutEnd], [a].[NormalizedEmail], [a].[NormalizedUserName], [a].[PasswordHash], [a].[PhoneNumber], [a].[PhoneNumberConfirmed], [a].[SecurityStamp], [a].[TwoFactorEnabled], [a].[UserName]
FROM [AspNetUsers] AS [a]
WHERE [a].[NormalizedEmail] = @__normalizedEmail_0
2025-08-19 16:24:15.210 -06:00 [INF] Executed DbCommand (1ms) [Parameters=[@__normalizedRoleName_0='?' (Size = 256)], CommandType='"Text"', CommandTimeout='30']
SELECT TOP(2) [a].[Id], [a].[ConcurrencyStamp], [a].[Name], [a].[NormalizedName]
FROM [AspNetRoles] AS [a]
WHERE [a].[NormalizedName] = @__normalizedRoleName_0
2025-08-19 16:24:15.221 -06:00 [INF] Executed DbCommand (1ms) [Parameters=[@__p_0='?' (Size = 450), @__p_1='?' (Size = 450)], CommandType='"Text"', CommandTimeout='30']
SELECT TOP(1) [a].[UserId], [a].[RoleId]
FROM [AspNetUserRoles] AS [a]
WHERE [a].[UserId] = @__p_0 AND [a].[RoleId] = @__p_1
2025-08-19 16:24:15.229 -06:00 [INF] Executed DbCommand (1ms) [Parameters=[@__normalizedEmail_0='?' (Size = 256)], CommandType='"Text"', CommandTimeout='30']
SELECT TOP(2) [a].[Id], [a].[AccessFailedCount], [a].[ConcurrencyStamp], [a].[Email], [a].[EmailConfirmed], [a].[LockoutEnabled], [a].[LockoutEnd], [a].[NormalizedEmail], [a].[NormalizedUserName], [a].[PasswordHash], [a].[PhoneNumber], [a].[PhoneNumberConfirmed], [a].[SecurityStamp], [a].[TwoFactorEnabled], [a].[UserName]
FROM [AspNetUsers] AS [a]
WHERE [a].[NormalizedEmail] = @__normalizedEmail_0
2025-08-19 16:24:15.241 -06:00 [INF] Executed DbCommand (1ms) [Parameters=[@__normalizedRoleName_0='?' (Size = 256)], CommandType='"Text"', CommandTimeout='30']
SELECT TOP(2) [a].[Id], [a].[ConcurrencyStamp], [a].[Name], [a].[NormalizedName]
FROM [AspNetRoles] AS [a]
WHERE [a].[NormalizedName] = @__normalizedRoleName_0
2025-08-19 16:24:15.253 -06:00 [INF] Executed DbCommand (1ms) [Parameters=[@__p_0='?' (Size = 450), @__p_1='?' (Size = 450)], CommandType='"Text"', CommandTimeout='30']
SELECT TOP(1) [a].[UserId], [a].[RoleId]
FROM [AspNetUserRoles] AS [a]
WHERE [a].[UserId] = @__p_0 AND [a].[RoleId] = @__p_1
2025-08-19 16:24:15.513 -06:00 [INF] Now listening on: http://localhost:5116
2025-08-19 16:24:15.519 -06:00 [INF] Application started. Press Ctrl+C to shut down.
2025-08-19 16:24:15.522 -06:00 [INF] Hosting environment: Development
2025-08-19 16:24:15.526 -06:00 [INF] Content root path: C:\Users\hoshu\OneDrive\Desktop\ProyectoAnalisisDeSistemas-master\ProyectoAnalisisDeSistemas-master\PaginaBizu
2025-08-19 16:24:19.409 -06:00 [INF] Request starting HTTP/1.1 GET http://localhost:5116/Account/SignIn - null null
2025-08-19 16:24:19.441 -06:00 [WRN] Failed to determine the https port for redirect.
2025-08-19 16:24:19.477 -06:00 [INF] Executing endpoint 'PaginaBizu.Controllers.AccountController.SignIn (PaginaBizu)'
2025-08-19 16:24:19.492 -06:00 [INF] Route matched with {action = "SignIn", controller = "Account", page = "", area = ""}. Executing controller action with signature Microsoft.AspNetCore.Mvc.IActionResult SignIn() on controller PaginaBizu.Controllers.AccountController (PaginaBizu).
2025-08-19 16:24:19.512 -06:00 [INF] ➡️ Acción ejecutándose: Account/SignIn | Usuario: No autenticado | IP: ::1 | Hora: "2025-08-19T16:24:19.5124839-06:00"
2025-08-19 16:24:19.522 -06:00 [INF] ✅ Acción ejecutada: Account/SignIn | Hora: "2025-08-19T16:24:19.5225472-06:00"
2025-08-19 16:24:19.529 -06:00 [INF] Executing ViewResult, running view ~/Views/Shared/_SignIn.cshtml.
2025-08-19 16:24:19.627 -06:00 [INF] Executed ViewResult - view ~/Views/Shared/_SignIn.cshtml executed in 98.1415ms.
2025-08-19 16:24:19.635 -06:00 [INF] Executed action PaginaBizu.Controllers.AccountController.SignIn (PaginaBizu) in 135.3053ms
2025-08-19 16:24:19.640 -06:00 [INF] Executed endpoint 'PaginaBizu.Controllers.AccountController.SignIn (PaginaBizu)'
2025-08-19 16:24:19.651 -06:00 [INF] Request finished HTTP/1.1 GET http://localhost:5116/Account/SignIn - 200 null text/html; charset=utf-8 241.9333ms
2025-08-19 16:24:19.720 -06:00 [INF] Request starting HTTP/1.1 GET http://localhost:5116/PaginaBizu.styles.css?v=u2o_07VtSGrZO3WxHAXzvZBevI20fzSZge8oUb78F-4 - null null
2025-08-19 16:24:19.740 -06:00 [INF] The file /PaginaBizu.styles.css was not modified
2025-08-19 16:24:19.744 -06:00 [INF] Request finished HTTP/1.1 GET http://localhost:5116/PaginaBizu.styles.css?v=u2o_07VtSGrZO3WxHAXzvZBevI20fzSZge8oUb78F-4 - 304 null text/css 24.0242ms
2025-08-19 16:24:20.051 -06:00 [INF] Request starting HTTP/1.1 GET http://localhost:5116/css/tailwindcss - null null
2025-08-19 16:24:20.069 -06:00 [INF] Request finished HTTP/1.1 GET http://localhost:5116/css/tailwindcss - 404 0 null 18.6383ms
2025-08-19 16:24:20.077 -06:00 [INF] Request reached the end of the middleware pipeline without being handled by application code. Request path: GET http://localhost:5116/css/tailwindcss, Response status code: 404
2025-08-19 16:24:20.135 -06:00 [INF] Request starting HTTP/1.1 GET http://localhost:5116/Cart/CartCount - null null
2025-08-19 16:24:20.144 -06:00 [INF] Executing endpoint 'PaginaBizu.Controllers.CartController.CartCount (PaginaBizu)'
2025-08-19 16:24:20.149 -06:00 [INF] Route matched with {action = "CartCount", controller = "Cart", page = "", area = ""}. Executing controller action with signature Microsoft.AspNetCore.Mvc.IActionResult CartCount() on controller PaginaBizu.Controllers.CartController (PaginaBizu).
2025-08-19 16:24:20.155 -06:00 [INF] ➡️ Acción ejecutándose: Cart/CartCount | Usuario: No autenticado | IP: ::1 | Hora: "2025-08-19T16:24:20.1554798-06:00"
2025-08-19 16:24:20.164 -06:00 [INF] ✅ Acción ejecutada: Cart/CartCount | Hora: "2025-08-19T16:24:20.1644975-06:00"
2025-08-19 16:24:20.170 -06:00 [INF] Executing JsonResult, writing value of type 'System.Int32'.
2025-08-19 16:24:20.215 -06:00 [INF] Executed action PaginaBizu.Controllers.CartController.CartCount (PaginaBizu) in 61.5584ms
2025-08-19 16:24:20.215 -06:00 [INF] Request starting HTTP/1.1 GET http://localhost:5116/Cart/CartCount - null null
2025-08-19 16:24:20.218 -06:00 [INF] Executed endpoint 'PaginaBizu.Controllers.CartController.CartCount (PaginaBizu)'
2025-08-19 16:24:20.224 -06:00 [INF] Request finished HTTP/1.1 GET http://localhost:5116/Cart/CartCount - 200 null application/json; charset=utf-8 89.708ms
2025-08-19 16:24:20.225 -06:00 [INF] Executing endpoint 'PaginaBizu.Controllers.CartController.CartCount (PaginaBizu)'
2025-08-19 16:24:20.232 -06:00 [INF] Route matched with {action = "CartCount", controller = "Cart", page = "", area = ""}. Executing controller action with signature Microsoft.AspNetCore.Mvc.IActionResult CartCount() on controller PaginaBizu.Controllers.CartController (PaginaBizu).
2025-08-19 16:24:20.237 -06:00 [INF] ➡️ Acción ejecutándose: Cart/CartCount | Usuario: No autenticado | IP: ::1 | Hora: "2025-08-19T16:24:20.2376897-06:00"
2025-08-19 16:24:20.241 -06:00 [INF] ✅ Acción ejecutada: Cart/CartCount | Hora: "2025-08-19T16:24:20.2416419-06:00"
2025-08-19 16:24:20.245 -06:00 [INF] Executing JsonResult, writing value of type 'System.Int32'.
2025-08-19 16:24:20.248 -06:00 [INF] Executed action PaginaBizu.Controllers.CartController.CartCount (PaginaBizu) in 11.9188ms
2025-08-19 16:24:20.251 -06:00 [INF] Executed endpoint 'PaginaBizu.Controllers.CartController.CartCount (PaginaBizu)'
2025-08-19 16:24:20.253 -06:00 [INF] Request finished HTTP/1.1 GET http://localhost:5116/Cart/CartCount - 200 null application/json; charset=utf-8 38.2957ms
2025-08-19 16:24:20.470 -06:00 [INF] Request starting HTTP/1.1 GET http://localhost:5116/favicon.ico - null null
2025-08-19 16:24:20.478 -06:00 [INF] The file /favicon.ico was not modified
2025-08-19 16:24:20.480 -06:00 [INF] Request finished HTTP/1.1 GET http://localhost:5116/favicon.ico - 304 null image/x-icon 10.5216ms
2025-08-19 16:24:27.225 -06:00 [INF] Application is shutting down...
2025-08-19 16:26:15.869 -06:00 [INF] User profile is available. Using 'C:\Users\hoshu\AppData\Local\ASP.NET\DataProtection-Keys' as key repository and Windows DPAPI to encrypt keys at rest.
2025-08-19 16:26:16.828 -06:00 [INF] Executed DbCommand (45ms) [Parameters=[@__normalizedName_0='?' (Size = 256)], CommandType='"Text"', CommandTimeout='30']
SELECT TOP(1) [a].[Id], [a].[ConcurrencyStamp], [a].[Name], [a].[NormalizedName]
FROM [AspNetRoles] AS [a]
WHERE [a].[NormalizedName] = @__normalizedName_0
2025-08-19 16:26:16.957 -06:00 [INF] Executed DbCommand (8ms) [Parameters=[@__normalizedEmail_0='?' (Size = 256)], CommandType='"Text"', CommandTimeout='30']
SELECT TOP(2) [a].[Id], [a].[AccessFailedCount], [a].[ConcurrencyStamp], [a].[Email], [a].[EmailConfirmed], [a].[LockoutEnabled], [a].[LockoutEnd], [a].[NormalizedEmail], [a].[NormalizedUserName], [a].[PasswordHash], [a].[PhoneNumber], [a].[PhoneNumberConfirmed], [a].[SecurityStamp], [a].[TwoFactorEnabled], [a].[UserName]
FROM [AspNetUsers] AS [a]
WHERE [a].[NormalizedEmail] = @__normalizedEmail_0
2025-08-19 16:26:17.008 -06:00 [INF] Executed DbCommand (3ms) [Parameters=[@__normalizedRoleName_0='?' (Size = 256)], CommandType='"Text"', CommandTimeout='30']
SELECT TOP(2) [a].[Id], [a].[ConcurrencyStamp], [a].[Name], [a].[NormalizedName]
FROM [AspNetRoles] AS [a]
WHERE [a].[NormalizedName] = @__normalizedRoleName_0
2025-08-19 16:26:17.038 -06:00 [INF] Executed DbCommand (4ms) [Parameters=[@__p_0='?' (Size = 450), @__p_1='?' (Size = 450)], CommandType='"Text"', CommandTimeout='30']
SELECT TOP(1) [a].[UserId], [a].[RoleId]
FROM [AspNetUserRoles] AS [a]
WHERE [a].[UserId] = @__p_0 AND [a].[RoleId] = @__p_1
2025-08-19 16:26:17.056 -06:00 [INF] Executed DbCommand (1ms) [Parameters=[@__normalizedEmail_0='?' (Size = 256)], CommandType='"Text"', CommandTimeout='30']
SELECT TOP(2) [a].[Id], [a].[AccessFailedCount], [a].[ConcurrencyStamp], [a].[Email], [a].[EmailConfirmed], [a].[LockoutEnabled], [a].[LockoutEnd], [a].[NormalizedEmail], [a].[NormalizedUserName], [a].[PasswordHash], [a].[PhoneNumber], [a].[PhoneNumberConfirmed], [a].[SecurityStamp], [a].[TwoFactorEnabled], [a].[UserName]
FROM [AspNetUsers] AS [a]
WHERE [a].[NormalizedEmail] = @__normalizedEmail_0
2025-08-19 16:26:17.064 -06:00 [INF] Executed DbCommand (1ms) [Parameters=[@__normalizedRoleName_0='?' (Size = 256)], CommandType='"Text"', CommandTimeout='30']
SELECT TOP(2) [a].[Id], [a].[ConcurrencyStamp], [a].[Name], [a].[NormalizedName]
FROM [AspNetRoles] AS [a]
WHERE [a].[NormalizedName] = @__normalizedRoleName_0
2025-08-19 16:26:17.069 -06:00 [INF] Executed DbCommand (1ms) [Parameters=[@__p_0='?' (Size = 450), @__p_1='?' (Size = 450)], CommandType='"Text"', CommandTimeout='30']
SELECT TOP(1) [a].[UserId], [a].[RoleId]
FROM [AspNetUserRoles] AS [a]
WHERE [a].[UserId] = @__p_0 AND [a].[RoleId] = @__p_1
2025-08-19 16:26:17.076 -06:00 [INF] Executed DbCommand (1ms) [Parameters=[@__normalizedEmail_0='?' (Size = 256)], CommandType='"Text"', CommandTimeout='30']
SELECT TOP(2) [a].[Id], [a].[AccessFailedCount], [a].[ConcurrencyStamp], [a].[Email], [a].[EmailConfirmed], [a].[LockoutEnabled], [a].[LockoutEnd], [a].[NormalizedEmail], [a].[NormalizedUserName], [a].[PasswordHash], [a].[PhoneNumber], [a].[PhoneNumberConfirmed], [a].[SecurityStamp], [a].[TwoFactorEnabled], [a].[UserName]
FROM [AspNetUsers] AS [a]
WHERE [a].[NormalizedEmail] = @__normalizedEmail_0
2025-08-19 16:26:17.082 -06:00 [INF] Executed DbCommand (1ms) [Parameters=[@__normalizedRoleName_0='?' (Size = 256)], CommandType='"Text"', CommandTimeout='30']
SELECT TOP(2) [a].[Id], [a].[ConcurrencyStamp], [a].[Name], [a].[NormalizedName]
FROM [AspNetRoles] AS [a]
WHERE [a].[NormalizedName] = @__normalizedRoleName_0
2025-08-19 16:26:17.086 -06:00 [INF] Executed DbCommand (1ms) [Parameters=[@__p_0='?' (Size = 450), @__p_1='?' (Size = 450)], CommandType='"Text"', CommandTimeout='30']
SELECT TOP(1) [a].[UserId], [a].[RoleId]
FROM [AspNetUserRoles] AS [a]
WHERE [a].[UserId] = @__p_0 AND [a].[RoleId] = @__p_1
2025-08-19 16:26:17.329 -06:00 [INF] Now listening on: http://localhost:5116
2025-08-19 16:26:17.333 -06:00 [INF] Application started. Press Ctrl+C to shut down.
2025-08-19 16:26:17.335 -06:00 [INF] Hosting environment: Development
2025-08-19 16:26:17.338 -06:00 [INF] Content root path: C:\Users\hoshu\OneDrive\Desktop\ProyectoAnalisisDeSistemas-master\ProyectoAnalisisDeSistemas-master\PaginaBizu
2025-08-19 16:26:19.739 -06:00 [INF] Request starting HTTP/1.1 GET http://localhost:5116/Account/SignIn - null null
2025-08-19 16:26:19.763 -06:00 [WRN] Failed to determine the https port for redirect.
2025-08-19 16:26:19.796 -06:00 [INF] Executing endpoint 'PaginaBizu.Controllers.AccountController.SignIn (PaginaBizu)'
2025-08-19 16:26:19.809 -06:00 [INF] Route matched with {action = "SignIn", controller = "Account", page = "", area = ""}. Executing controller action with signature Microsoft.AspNetCore.Mvc.IActionResult SignIn() on controller PaginaBizu.Controllers.AccountController (PaginaBizu).
2025-08-19 16:26:19.819 -06:00 [INF] ➡️ Acción ejecutándose: Account/SignIn | Usuario: No autenticado | IP: ::1 | Hora: "2025-08-19T16:26:19.8190290-06:00"
2025-08-19 16:26:19.826 -06:00 [INF] ✅ Acción ejecutada: Account/SignIn | Hora: "2025-08-19T16:26:19.8268287-06:00"
2025-08-19 16:26:19.830 -06:00 [INF] Executing ViewResult, running view ~/Views/Shared/_SignIn.cshtml.
2025-08-19 16:26:19.911 -06:00 [INF] Executed ViewResult - view ~/Views/Shared/_SignIn.cshtml executed in 79.7895ms.
2025-08-19 16:26:19.916 -06:00 [INF] Executed action PaginaBizu.Controllers.AccountController.SignIn (PaginaBizu) in 104.3091ms
2025-08-19 16:26:19.919 -06:00 [INF] Executed endpoint 'PaginaBizu.Controllers.AccountController.SignIn (PaginaBizu)'
2025-08-19 16:26:19.930 -06:00 [INF] Request finished HTTP/1.1 GET http://localhost:5116/Account/SignIn - 200 null text/html; charset=utf-8 193.3425ms
2025-08-19 16:26:20.003 -06:00 [INF] Request starting HTTP/1.1 GET http://localhost:5116/PaginaBizu.styles.css?v=u2o_07VtSGrZO3WxHAXzvZBevI20fzSZge8oUb78F-4 - null null
2025-08-19 16:26:20.013 -06:00 [INF] The file /PaginaBizu.styles.css was not modified
2025-08-19 16:26:20.017 -06:00 [INF] Request finished HTTP/1.1 GET http://localhost:5116/PaginaBizu.styles.css?v=u2o_07VtSGrZO3WxHAXzvZBevI20fzSZge8oUb78F-4 - 304 null text/css 19.5379ms
2025-08-19 16:26:20.265 -06:00 [INF] Request starting HTTP/1.1 GET http://localhost:5116/css/tailwindcss - null null
2025-08-19 16:26:20.279 -06:00 [INF] Request finished HTTP/1.1 GET http://localhost:5116/css/tailwindcss - 404 0 null 13.8968ms
2025-08-19 16:26:20.286 -06:00 [INF] Request reached the end of the middleware pipeline without being handled by application code. Request path: GET http://localhost:5116/css/tailwindcss, Response status code: 404
2025-08-19 16:26:20.317 -06:00 [INF] Request starting HTTP/1.1 GET http://localhost:5116/Cart/CartCount - null null
2025-08-19 16:26:20.327 -06:00 [INF] Executing endpoint 'PaginaBizu.Controllers.CartController.CartCount (PaginaBizu)'
2025-08-19 16:26:20.331 -06:00 [INF] Route matched with {action = "CartCount", controller = "Cart", page = "", area = ""}. Executing controller action with signature Microsoft.AspNetCore.Mvc.IActionResult CartCount() on controller PaginaBizu.Controllers.CartController (PaginaBizu).
2025-08-19 16:26:20.335 -06:00 [INF] ➡️ Acción ejecutándose: Cart/CartCount | Usuario: No autenticado | IP: ::1 | Hora: "2025-08-19T16:26:20.3356936-06:00"
2025-08-19 16:26:20.343 -06:00 [INF] ✅ Acción ejecutada: Cart/CartCount | Hora: "2025-08-19T16:26:20.3429596-06:00"
2025-08-19 16:26:20.348 -06:00 [INF] Executing JsonResult, writing value of type 'System.Int32'.
2025-08-19 16:26:20.374 -06:00 [INF] Request starting HTTP/1.1 GET http://localhost:5116/Cart/CartCount - null null
2025-08-19 16:26:20.374 -06:00 [INF] Executed action PaginaBizu.Controllers.CartController.CartCount (PaginaBizu) in 40.0552ms
2025-08-19 16:26:20.380 -06:00 [INF] Executing endpoint 'PaginaBizu.Controllers.CartController.CartCount (PaginaBizu)'
2025-08-19 16:26:20.380 -06:00 [INF] Executed endpoint 'PaginaBizu.Controllers.CartController.CartCount (PaginaBizu)'
2025-08-19 16:26:20.382 -06:00 [INF] Route matched with {action = "CartCount", controller = "Cart", page = "", area = ""}. Executing controller action with signature Microsoft.AspNetCore.Mvc.IActionResult CartCount() on controller PaginaBizu.Controllers.CartController (PaginaBizu).
2025-08-19 16:26:20.384 -06:00 [INF] Request finished HTTP/1.1 GET http://localhost:5116/Cart/CartCount - 200 null application/json; charset=utf-8 67.0344ms
2025-08-19 16:26:20.387 -06:00 [INF] ➡️ Acción ejecutándose: Cart/CartCount | Usuario: No autenticado | IP: ::1 | Hora: "2025-08-19T16:26:20.3875007-06:00"
2025-08-19 16:26:20.395 -06:00 [INF] ✅ Acción ejecutada: Cart/CartCount | Hora: "2025-08-19T16:26:20.3958014-06:00"
2025-08-19 16:26:20.398 -06:00 [INF] Executing JsonResult, writing value of type 'System.Int32'.
2025-08-19 16:26:20.400 -06:00 [INF] Executed action PaginaBizu.Controllers.CartController.CartCount (PaginaBizu) in 13.7445ms
2025-08-19 16:26:20.403 -06:00 [INF] Executed endpoint 'PaginaBizu.Controllers.CartController.CartCount (PaginaBizu)'
2025-08-19 16:26:20.405 -06:00 [INF] Request finished HTTP/1.1 GET http://localhost:5116/Cart/CartCount - 200 null application/json; charset=utf-8 30.4941ms
2025-08-19 16:27:48.826 -06:00 [INF] Application is shutting down...
2025-08-19 16:27:53.786 -06:00 [INF] User profile is available. Using 'C:\Users\hoshu\AppData\Local\ASP.NET\DataProtection-Keys' as key repository and Windows DPAPI to encrypt keys at rest.
2025-08-19 16:27:54.430 -06:00 [INF] Executed DbCommand (33ms) [Parameters=[@__normalizedName_0='?' (Size = 256)], CommandType='"Text"', CommandTimeout='30']
SELECT TOP(1) [a].[Id], [a].[ConcurrencyStamp], [a].[Name], [a].[NormalizedName]
FROM [AspNetRoles] AS [a]
WHERE [a].[NormalizedName] = @__normalizedName_0
2025-08-19 16:27:54.503 -06:00 [INF] Executed DbCommand (8ms) [Parameters=[@__normalizedEmail_0='?' (Size = 256)], CommandType='"Text"', CommandTimeout='30']
SELECT TOP(2) [a].[Id], [a].[AccessFailedCount], [a].[ConcurrencyStamp], [a].[Email], [a].[EmailConfirmed], [a].[LockoutEnabled], [a].[LockoutEnd], [a].[NormalizedEmail], [a].[NormalizedUserName], [a].[PasswordHash], [a].[PhoneNumber], [a].[PhoneNumberConfirmed], [a].[SecurityStamp], [a].[TwoFactorEnabled], [a].[UserName]
FROM [AspNetUsers] AS [a]
WHERE [a].[NormalizedEmail] = @__normalizedEmail_0
2025-08-19 16:27:54.542 -06:00 [INF] Executed DbCommand (5ms) [Parameters=[@__normalizedRoleName_0='?' (Size = 256)], CommandType='"Text"', CommandTimeout='30']
SELECT TOP(2) [a].[Id], [a].[ConcurrencyStamp], [a].[Name], [a].[NormalizedName]
FROM [AspNetRoles] AS [a]
WHERE [a].[NormalizedName] = @__normalizedRoleName_0
2025-08-19 16:27:54.569 -06:00 [INF] Executed DbCommand (4ms) [Parameters=[@__p_0='?' (Size = 450), @__p_1='?' (Size = 450)], CommandType='"Text"', CommandTimeout='30']
SELECT TOP(1) [a].[UserId], [a].[RoleId]
FROM [AspNetUserRoles] AS [a]
WHERE [a].[UserId] = @__p_0 AND [a].[RoleId] = @__p_1
2025-08-19 16:27:54.586 -06:00 [INF] Executed DbCommand (1ms) [Parameters=[@__normalizedEmail_0='?' (Size = 256)], CommandType='"Text"', CommandTimeout='30']
SELECT TOP(2) [a].[Id], [a].[AccessFailedCount], [a].[ConcurrencyStamp], [a].[Email], [a].[EmailConfirmed], [a].[LockoutEnabled], [a].[LockoutEnd], [a].[NormalizedEmail], [a].[NormalizedUserName], [a].[PasswordHash], [a].[PhoneNumber], [a].[PhoneNumberConfirmed], [a].[SecurityStamp], [a].[TwoFactorEnabled], [a].[UserName]
FROM [AspNetUsers] AS [a]
WHERE [a].[NormalizedEmail] = @__normalizedEmail_0
2025-08-19 16:27:54.595 -06:00 [INF] Executed DbCommand (1ms) [Parameters=[@__normalizedRoleName_0='?' (Size = 256)], CommandType='"Text"', CommandTimeout='30']
SELECT TOP(2) [a].[Id], [a].[ConcurrencyStamp], [a].[Name], [a].[NormalizedName]
FROM [AspNetRoles] AS [a]
WHERE [a].[NormalizedName] = @__normalizedRoleName_0
2025-08-19 16:27:54.599 -06:00 [INF] Executed DbCommand (1ms) [Parameters=[@__p_0='?' (Size = 450), @__p_1='?' (Size = 450)], CommandType='"Text"', CommandTimeout='30']
SELECT TOP(1) [a].[UserId], [a].[RoleId]
FROM [AspNetUserRoles] AS [a]
WHERE [a].[UserId] = @__p_0 AND [a].[RoleId] = @__p_1
2025-08-19 16:27:54.602 -06:00 [INF] Executed DbCommand (1ms) [Parameters=[@__normalizedEmail_0='?' (Size = 256)], CommandType='"Text"', CommandTimeout='30']
SELECT TOP(2) [a].[Id], [a].[AccessFailedCount], [a].[ConcurrencyStamp], [a].[Email], [a].[EmailConfirmed], [a].[LockoutEnabled], [a].[LockoutEnd], [a].[NormalizedEmail], [a].[NormalizedUserName], [a].[PasswordHash], [a].[PhoneNumber], [a].[PhoneNumberConfirmed], [a].[SecurityStamp], [a].[TwoFactorEnabled], [a].[UserName]
FROM [AspNetUsers] AS [a]
WHERE [a].[NormalizedEmail] = @__normalizedEmail_0
2025-08-19 16:27:54.607 -06:00 [INF] Executed DbCommand (2ms) [Parameters=[@__normalizedRoleName_0='?' (Size = 256)], CommandType='"Text"', CommandTimeout='30']
SELECT TOP(2) [a].[Id], [a].[ConcurrencyStamp], [a].[Name], [a].[NormalizedName]
FROM [AspNetRoles] AS [a]
WHERE [a].[NormalizedName] = @__normalizedRoleName_0
2025-08-19 16:27:54.612 -06:00 [INF] Executed DbCommand (1ms) [Parameters=[@__p_0='?' (Size = 450), @__p_1='?' (Size = 450)], CommandType='"Text"', CommandTimeout='30']
SELECT TOP(1) [a].[UserId], [a].[RoleId]
FROM [AspNetUserRoles] AS [a]
WHERE [a].[UserId] = @__p_0 AND [a].[RoleId] = @__p_1
2025-08-19 16:27:54.775 -06:00 [INF] Now listening on: http://localhost:5116
2025-08-19 16:27:54.778 -06:00 [INF] Application started. Press Ctrl+C to shut down.
2025-08-19 16:27:54.779 -06:00 [INF] Hosting environment: Development
2025-08-19 16:27:54.780 -06:00 [INF] Content root path: C:\Users\hoshu\OneDrive\Desktop\ProyectoAnalisisDeSistemas-master\ProyectoAnalisisDeSistemas-master\PaginaBizu
2025-08-19 16:27:56.476 -06:00 [INF] Request starting HTTP/1.1 GET http://localhost:5116/Account/SignIn - null null
2025-08-19 16:27:56.502 -06:00 [WRN] Failed to determine the https port for redirect.
2025-08-19 16:27:56.539 -06:00 [INF] Executing endpoint 'PaginaBizu.Controllers.AccountController.SignIn (PaginaBizu)'
2025-08-19 16:27:56.555 -06:00 [INF] Route matched with {action = "SignIn", controller = "Account", page = "", area = ""}. Executing controller action with signature Microsoft.AspNetCore.Mvc.IActionResult SignIn() on controller PaginaBizu.Controllers.AccountController (PaginaBizu).
2025-08-19 16:27:56.570 -06:00 [INF] ➡️ Acción ejecutándose: Account/SignIn | Usuario: No autenticado | IP: ::1 | Hora: "2025-08-19T16:27:56.5703309-06:00"
2025-08-19 16:27:56.578 -06:00 [INF] ✅ Acción ejecutada: Account/SignIn | Hora: "2025-08-19T16:27:56.5782646-06:00"
2025-08-19 16:27:56.585 -06:00 [INF] Executing ViewResult, running view ~/Views/Shared/_SignIn.cshtml.
2025-08-19 16:27:56.695 -06:00 [INF] Executed ViewResult - view ~/Views/Shared/_SignIn.cshtml executed in 111.0396ms.
2025-08-19 16:27:56.701 -06:00 [INF] Executed action PaginaBizu.Controllers.AccountController.SignIn (PaginaBizu) in 140.1683ms
2025-08-19 16:27:56.705 -06:00 [INF] Executed endpoint 'PaginaBizu.Controllers.AccountController.SignIn (PaginaBizu)'
2025-08-19 16:27:56.715 -06:00 [INF] Request finished HTTP/1.1 GET http://localhost:5116/Account/SignIn - 200 null text/html; charset=utf-8 239.8061ms
2025-08-19 16:27:56.769 -06:00 [INF] Request starting HTTP/1.1 GET http://localhost:5116/PaginaBizu.styles.css?v=u2o_07VtSGrZO3WxHAXzvZBevI20fzSZge8oUb78F-4 - null null
2025-08-19 16:27:56.783 -06:00 [INF] The file /PaginaBizu.styles.css was not modified
2025-08-19 16:27:56.787 -06:00 [INF] Request finished HTTP/1.1 GET http://localhost:5116/PaginaBizu.styles.css?v=u2o_07VtSGrZO3WxHAXzvZBevI20fzSZge8oUb78F-4 - 304 null text/css 17.9998ms
2025-08-19 16:27:57.057 -06:00 [INF] Request starting HTTP/1.1 GET http://localhost:5116/css/tailwindcss - null null
2025-08-19 16:27:57.069 -06:00 [INF] Request finished HTTP/1.1 GET http://localhost:5116/css/tailwindcss - 404 0 null 12.2278ms
2025-08-19 16:27:57.077 -06:00 [INF] Request reached the end of the middleware pipeline without being handled by application code. Request path: GET http://localhost:5116/css/tailwindcss, Response status code: 404
2025-08-19 16:27:57.112 -06:00 [INF] Request starting HTTP/1.1 GET http://localhost:5116/Cart/CartCount - null null
2025-08-19 16:27:57.119 -06:00 [INF] Executing endpoint 'PaginaBizu.Controllers.CartController.CartCount (PaginaBizu)'
2025-08-19 16:27:57.124 -06:00 [INF] Route matched with {action = "CartCount", controller = "Cart", page = "", area = ""}. Executing controller action with signature Microsoft.AspNetCore.Mvc.IActionResult CartCount() on controller PaginaBizu.Controllers.CartController (PaginaBizu).
2025-08-19 16:27:57.130 -06:00 [INF] ➡️ Acción ejecutándose: Cart/CartCount | Usuario: No autenticado | IP: ::1 | Hora: "2025-08-19T16:27:57.1301815-06:00"
2025-08-19 16:27:57.137 -06:00 [INF] ✅ Acción ejecutada: Cart/CartCount | Hora: "2025-08-19T16:27:57.1377526-06:00"
2025-08-19 16:27:57.144 -06:00 [INF] Executing JsonResult, writing value of type 'System.Int32'.
2025-08-19 16:27:57.172 -06:00 [INF] Request starting HTTP/1.1 GET http://localhost:5116/Cart/CartCount - null null
2025-08-19 16:27:57.172 -06:00 [INF] Executed action PaginaBizu.Controllers.CartController.CartCount (PaginaBizu) in 43.5797ms
2025-08-19 16:27:57.179 -06:00 [INF] Executing endpoint 'PaginaBizu.Controllers.CartController.CartCount (PaginaBizu)'
2025-08-19 16:27:57.179 -06:00 [INF] Executed endpoint 'PaginaBizu.Controllers.CartController.CartCount (PaginaBizu)'
2025-08-19 16:27:57.181 -06:00 [INF] Route matched with {action = "CartCount", controller = "Cart", page = "", area = ""}. Executing controller action with signature Microsoft.AspNetCore.Mvc.IActionResult CartCount() on controller PaginaBizu.Controllers.CartController (PaginaBizu).
2025-08-19 16:27:57.182 -06:00 [INF] Request finished HTTP/1.1 GET http://localhost:5116/Cart/CartCount - 200 null application/json; charset=utf-8 70.417ms
2025-08-19 16:27:57.185 -06:00 [INF] ➡️ Acción ejecutándose: Cart/CartCount | Usuario: No autenticado | IP: ::1 | Hora: "2025-08-19T16:27:57.1859164-06:00"
2025-08-19 16:27:57.195 -06:00 [INF] ✅ Acción ejecutada: Cart/CartCount | Hora: "2025-08-19T16:27:57.1951571-06:00"
2025-08-19 16:27:57.197 -06:00 [INF] Executing JsonResult, writing value of type 'System.Int32'.
2025-08-19 16:27:57.199 -06:00 [INF] Executed action PaginaBizu.Controllers.CartController.CartCount (PaginaBizu) in 14.4595ms
2025-08-19 16:27:57.202 -06:00 [INF] Executed endpoint 'PaginaBizu.Controllers.CartController.CartCount (PaginaBizu)'
2025-08-19 16:27:57.204 -06:00 [INF] Request finished HTTP/1.1 GET http://localhost:5116/Cart/CartCount - 200 null application/json; charset=utf-8 32.465ms
2025-08-19 16:28:05.135 -06:00 [INF] Request starting HTTP/1.1 GET http://localhost:5116/Account/Login - null null
2025-08-19 16:28:05.145 -06:00 [INF] Executing endpoint 'PaginaBizu.Controllers.AccountController.Login (PaginaBizu)'
2025-08-19 16:28:05.156 -06:00 [INF] Route matched with {action = "Login", controller = "Account", page = "", area = ""}. Executing controller action with signature Microsoft.AspNetCore.Mvc.IActionResult Login() on controller PaginaBizu.Controllers.AccountController (PaginaBizu).
2025-08-19 16:28:05.182 -06:00 [INF] ➡️ Acción ejecutándose: Account/Login | Usuario: No autenticado | IP: ::1 | Hora: "2025-08-19T16:28:05.1826936-06:00"
2025-08-19 16:28:05.189 -06:00 [INF] ✅ Acción ejecutada: Account/Login | Hora: "2025-08-19T16:28:05.1889587-06:00"
2025-08-19 16:28:05.196 -06:00 [INF] Executing ViewResult, running view ~/Views/Shared/_LoginPartialUser.cshtml.
2025-08-19 16:28:05.223 -06:00 [INF] Executed ViewResult - view ~/Views/Shared/_LoginPartialUser.cshtml executed in 30.1135ms.
2025-08-19 16:28:05.230 -06:00 [INF] Executed action PaginaBizu.Controllers.AccountController.Login (PaginaBizu) in 67.7984ms
2025-08-19 16:28:05.238 -06:00 [INF] Executed endpoint 'PaginaBizu.Controllers.AccountController.Login (PaginaBizu)'
2025-08-19 16:28:05.246 -06:00 [INF] Request finished HTTP/1.1 GET http://localhost:5116/Account/Login - 200 null text/html; charset=utf-8 110.7712ms
2025-08-19 16:28:05.620 -06:00 [INF] Request starting HTTP/1.1 GET http://localhost:5116/css/tailwindcss - null null
2025-08-19 16:28:05.628 -06:00 [INF] Request finished HTTP/1.1 GET http://localhost:5116/css/tailwindcss - 404 0 null 8.5848ms
2025-08-19 16:28:05.636 -06:00 [INF] Request reached the end of the middleware pipeline without being handled by application code. Request path: GET http://localhost:5116/css/tailwindcss, Response status code: 404
2025-08-19 16:28:05.665 -06:00 [INF] Request starting HTTP/1.1 GET http://localhost:5116/Cart/CartCount - null null
2025-08-19 16:28:05.673 -06:00 [INF] Executing endpoint 'PaginaBizu.Controllers.CartController.CartCount (PaginaBizu)'
2025-08-19 16:28:05.677 -06:00 [INF] Route matched with {action = "CartCount", controller = "Cart", page = "", area = ""}. Executing controller action with signature Microsoft.AspNetCore.Mvc.IActionResult CartCount() on controller PaginaBizu.Controllers.CartController (PaginaBizu).
2025-08-19 16:28:05.682 -06:00 [INF] ➡️ Acción ejecutándose: Cart/CartCount | Usuario: No autenticado | IP: ::1 | Hora: "2025-08-19T16:28:05.6823298-06:00"
2025-08-19 16:28:05.688 -06:00 [INF] ✅ Acción ejecutada: Cart/CartCount | Hora: "2025-08-19T16:28:05.6888145-06:00"
2025-08-19 16:28:05.692 -06:00 [INF] Executing JsonResult, writing value of type 'System.Int32'.
2025-08-19 16:28:05.695 -06:00 [INF] Executed action PaginaBizu.Controllers.CartController.CartCount (PaginaBizu) in 13.6726ms
2025-08-19 16:28:05.697 -06:00 [INF] Request starting HTTP/1.1 GET http://localhost:5116/Cart/CartCount - null null
2025-08-19 16:28:05.698 -06:00 [INF] Executed endpoint 'PaginaBizu.Controllers.CartController.CartCount (PaginaBizu)'
2025-08-19 16:28:05.702 -06:00 [INF] Executing endpoint 'PaginaBizu.Controllers.CartController.CartCount (PaginaBizu)'
2025-08-19 16:28:05.703 -06:00 [INF] Request finished HTTP/1.1 GET http://localhost:5116/Cart/CartCount - 200 null application/json; charset=utf-8 37.4644ms
2025-08-19 16:28:05.704 -06:00 [INF] Route matched with {action = "CartCount", controller = "Cart", page = "", area = ""}. Executing controller action with signature Microsoft.AspNetCore.Mvc.IActionResult CartCount() on controller PaginaBizu.Controllers.CartController (PaginaBizu).
2025-08-19 16:28:05.714 -06:00 [INF] ➡️ Acción ejecutándose: Cart/CartCount | Usuario: No autenticado | IP: ::1 | Hora: "2025-08-19T16:28:05.7146771-06:00"
2025-08-19 16:28:05.717 -06:00 [INF] ✅ Acción ejecutada: Cart/CartCount | Hora: "2025-08-19T16:28:05.7174648-06:00"
2025-08-19 16:28:05.720 -06:00 [INF] Executing JsonResult, writing value of type 'System.Int32'.
2025-08-19 16:28:05.722 -06:00 [INF] Executed action PaginaBizu.Controllers.CartController.CartCount (PaginaBizu) in 8.5477ms
2025-08-19 16:28:05.725 -06:00 [INF] Executed endpoint 'PaginaBizu.Controllers.CartController.CartCount (PaginaBizu)'
2025-08-19 16:28:05.727 -06:00 [INF] Request finished HTTP/1.1 GET http://localhost:5116/Cart/CartCount - 200 null application/json; charset=utf-8 29.7929ms
2025-08-19 16:28:06.880 -06:00 [INF] Request starting HTTP/1.1 GET http://localhost:5116/Account/SignIn - null null
2025-08-19 16:28:06.891 -06:00 [INF] Executing endpoint 'PaginaBizu.Controllers.AccountController.SignIn (PaginaBizu)'
2025-08-19 16:28:06.894 -06:00 [INF] Route matched with {action = "SignIn", controller = "Account", page = "", area = ""}. Executing controller action with signature Microsoft.AspNetCore.Mvc.IActionResult SignIn() on controller PaginaBizu.Controllers.AccountController (PaginaBizu).
2025-08-19 16:28:06.904 -06:00 [INF] ➡️ Acción ejecutándose: Account/SignIn | Usuario: No autenticado | IP: ::1 | Hora: "2025-08-19T16:28:06.9042552-06:00"
2025-08-19 16:28:06.910 -06:00 [INF] ✅ Acción ejecutada: Account/SignIn | Hora: "2025-08-19T16:28:06.9102245-06:00"
2025-08-19 16:28:06.913 -06:00 [INF] Executing ViewResult, running view ~/Views/Shared/_SignIn.cshtml.
2025-08-19 16:28:06.924 -06:00 [INF] Executed ViewResult - view ~/Views/Shared/_SignIn.cshtml executed in 10.6976ms.
2025-08-19 16:28:06.930 -06:00 [INF] Executed action PaginaBizu.Controllers.AccountController.SignIn (PaginaBizu) in 31.4746ms
2025-08-19 16:28:06.933 -06:00 [INF] Executed endpoint 'PaginaBizu.Controllers.AccountController.SignIn (PaginaBizu)'
2025-08-19 16:28:06.936 -06:00 [INF] Request finished HTTP/1.1 GET http://localhost:5116/Account/SignIn - 200 null text/html; charset=utf-8 55.8739ms
2025-08-19 16:28:07.181 -06:00 [INF] Request starting HTTP/1.1 GET http://localhost:5116/css/tailwindcss - null null
2025-08-19 16:28:07.193 -06:00 [INF] Request finished HTTP/1.1 GET http://localhost:5116/css/tailwindcss - 404 0 null 11.0408ms
2025-08-19 16:28:07.202 -06:00 [INF] Request reached the end of the middleware pipeline without being handled by application code. Request path: GET http://localhost:5116/css/tailwindcss, Response status code: 404
2025-08-19 16:28:07.220 -06:00 [INF] Request starting HTTP/1.1 GET http://localhost:5116/Cart/CartCount - null null
2025-08-19 16:28:07.228 -06:00 [INF] Executing endpoint 'PaginaBizu.Controllers.CartController.CartCount (PaginaBizu)'
2025-08-19 16:28:07.230 -06:00 [INF] Route matched with {action = "CartCount", controller = "Cart", page = "", area = ""}. Executing controller action with signature Microsoft.AspNetCore.Mvc.IActionResult CartCount() on controller PaginaBizu.Controllers.CartController (PaginaBizu).
2025-08-19 16:28:07.234 -06:00 [INF] ➡️ Acción ejecutándose: Cart/CartCount | Usuario: No autenticado | IP: ::1 | Hora: "2025-08-19T16:28:07.2347406-06:00"
2025-08-19 16:28:07.239 -06:00 [INF] ✅ Acción ejecutada: Cart/CartCount | Hora: "2025-08-19T16:28:07.2397964-06:00"
2025-08-19 16:28:07.244 -06:00 [INF] Executing JsonResult, writing value of type 'System.Int32'.
2025-08-19 16:28:07.246 -06:00 [INF] Executed action PaginaBizu.Controllers.CartController.CartCount (PaginaBizu) in 12.4798ms
2025-08-19 16:28:07.249 -06:00 [INF] Request starting HTTP/1.1 GET http://localhost:5116/Cart/CartCount - null null
2025-08-19 16:28:07.249 -06:00 [INF] Executed endpoint 'PaginaBizu.Controllers.CartController.CartCount (PaginaBizu)'
2025-08-19 16:28:07.254 -06:00 [INF] Executing endpoint 'PaginaBizu.Controllers.CartController.CartCount (PaginaBizu)'
2025-08-19 16:28:07.256 -06:00 [INF] Request finished HTTP/1.1 GET http://localhost:5116/Cart/CartCount - 200 null application/json; charset=utf-8 36.1793ms
2025-08-19 16:28:07.259 -06:00 [INF] Route matched with {action = "CartCount", controller = "Cart", page = "", area = ""}. Executing controller action with signature Microsoft.AspNetCore.Mvc.IActionResult CartCount() on controller PaginaBizu.Controllers.CartController (PaginaBizu).
2025-08-19 16:28:07.270 -06:00 [INF] ➡️ Acción ejecutándose: Cart/CartCount | Usuario: No autenticado | IP: ::1 | Hora: "2025-08-19T16:28:07.2705602-06:00"
2025-08-19 16:28:07.275 -06:00 [INF] ✅ Acción ejecutada: Cart/CartCount | Hora: "2025-08-19T16:28:07.2759196-06:00"
2025-08-19 16:28:07.279 -06:00 [INF] Executing JsonResult, writing value of type 'System.Int32'.
2025-08-19 16:28:07.281 -06:00 [INF] Executed action PaginaBizu.Controllers.CartController.CartCount (PaginaBizu) in 11.1951ms
2025-08-19 16:28:07.283 -06:00 [INF] Executed endpoint 'PaginaBizu.Controllers.CartController.CartCount (PaginaBizu)'
2025-08-19 16:28:07.286 -06:00 [INF] Request finished HTTP/1.1 GET http://localhost:5116/Cart/CartCount - 200 null application/json; charset=utf-8 37.2936ms
2025-08-19 16:29:39.499 -06:00 [INF] Application is shutting down...
2025-08-19 16:29:45.318 -06:00 [INF] User profile is available. Using 'C:\Users\hoshu\AppData\Local\ASP.NET\DataProtection-Keys' as key repository and Windows DPAPI to encrypt keys at rest.
2025-08-19 16:29:46.156 -06:00 [INF] Executed DbCommand (48ms) [Parameters=[@__normalizedName_0='?' (Size = 256)], CommandType='"Text"', CommandTimeout='30']
SELECT TOP(1) [a].[Id], [a].[ConcurrencyStamp], [a].[Name], [a].[NormalizedName]
FROM [AspNetRoles] AS [a]
WHERE [a].[NormalizedName] = @__normalizedName_0
2025-08-19 16:29:46.252 -06:00 [INF] Executed DbCommand (8ms) [Parameters=[@__normalizedEmail_0='?' (Size = 256)], CommandType='"Text"', CommandTimeout='30']
SELECT TOP(2) [a].[Id], [a].[AccessFailedCount], [a].[ConcurrencyStamp], [a].[Email], [a].[EmailConfirmed], [a].[LockoutEnabled], [a].[LockoutEnd], [a].[NormalizedEmail], [a].[NormalizedUserName], [a].[PasswordHash], [a].[PhoneNumber], [a].[PhoneNumberConfirmed], [a].[SecurityStamp], [a].[TwoFactorEnabled], [a].[UserName]
FROM [AspNetUsers] AS [a]
WHERE [a].[NormalizedEmail] = @__normalizedEmail_0
2025-08-19 16:29:46.298 -06:00 [INF] Executed DbCommand (5ms) [Parameters=[@__normalizedRoleName_0='?' (Size = 256)], CommandType='"Text"', CommandTimeout='30']
SELECT TOP(2) [a].[Id], [a].[ConcurrencyStamp], [a].[Name], [a].[NormalizedName]
FROM [AspNetRoles] AS [a]
WHERE [a].[NormalizedName] = @__normalizedRoleName_0
2025-08-19 16:29:46.341 -06:00 [INF] Executed DbCommand (4ms) [Parameters=[@__p_0='?' (Size = 450), @__p_1='?' (Size = 450)], CommandType='"Text"', CommandTimeout='30']
SELECT TOP(1) [a].[UserId], [a].[RoleId]
FROM [AspNetUserRoles] AS [a]
WHERE [a].[UserId] = @__p_0 AND [a].[RoleId] = @__p_1
2025-08-19 16:29:46.366 -06:00 [INF] Executed DbCommand (1ms) [Parameters=[@__normalizedEmail_0='?' (Size = 256)], CommandType='"Text"', CommandTimeout='30']
SELECT TOP(2) [a].[Id], [a].[AccessFailedCount], [a].[ConcurrencyStamp], [a].[Email], [a].[EmailConfirmed], [a].[LockoutEnabled], [a].[LockoutEnd], [a].[NormalizedEmail], [a].[NormalizedUserName], [a].[PasswordHash], [a].[PhoneNumber], [a].[PhoneNumberConfirmed], [a].[SecurityStamp], [a].[TwoFactorEnabled], [a].[UserName]
FROM [AspNetUsers] AS [a]
WHERE [a].[NormalizedEmail] = @__normalizedEmail_0
2025-08-19 16:29:46.374 -06:00 [INF] Executed DbCommand (1ms) [Parameters=[@__normalizedRoleName_0='?' (Size = 256)], CommandType='"Text"', CommandTimeout='30']
SELECT TOP(2) [a].[Id], [a].[ConcurrencyStamp], [a].[Name], [a].[NormalizedName]
FROM [AspNetRoles] AS [a]
WHERE [a].[NormalizedName] = @__normalizedRoleName_0
2025-08-19 16:29:46.381 -06:00 [INF] Executed DbCommand (1ms) [Parameters=[@__p_0='?' (Size = 450), @__p_1='?' (Size = 450)], CommandType='"Text"', CommandTimeout='30']
SELECT TOP(1) [a].[UserId], [a].[RoleId]
FROM [AspNetUserRoles] AS [a]
WHERE [a].[UserId] = @__p_0 AND [a].[RoleId] = @__p_1
2025-08-19 16:29:46.388 -06:00 [INF] Executed DbCommand (1ms) [Parameters=[@__normalizedEmail_0='?' (Size = 256)], CommandType='"Text"', CommandTimeout='30']
SELECT TOP(2) [a].[Id], [a].[AccessFailedCount], [a].[ConcurrencyStamp], [a].[Email], [a].[EmailConfirmed], [a].[LockoutEnabled], [a].[LockoutEnd], [a].[NormalizedEmail], [a].[NormalizedUserName], [a].[PasswordHash], [a].[PhoneNumber], [a].[PhoneNumberConfirmed], [a].[SecurityStamp], [a].[TwoFactorEnabled], [a].[UserName]
FROM [AspNetUsers] AS [a]
WHERE [a].[NormalizedEmail] = @__normalizedEmail_0
2025-08-19 16:29:46.392 -06:00 [INF] Executed DbCommand (1ms) [Parameters=[@__normalizedRoleName_0='?' (Size = 256)], CommandType='"Text"', CommandTimeout='30']
SELECT TOP(2) [a].[Id], [a].[ConcurrencyStamp], [a].[Name], [a].[NormalizedName]
FROM [AspNetRoles] AS [a]
WHERE [a].[NormalizedName] = @__normalizedRoleName_0
2025-08-19 16:29:46.396 -06:00 [INF] Executed DbCommand (1ms) [Parameters=[@__p_0='?' (Size = 450), @__p_1='?' (Size = 450)], CommandType='"Text"', CommandTimeout='30']
SELECT TOP(1) [a].[UserId], [a].[RoleId]
FROM [AspNetUserRoles] AS [a]
WHERE [a].[UserId] = @__p_0 AND [a].[RoleId] = @__p_1
2025-08-19 16:29:46.571 -06:00 [INF] Now listening on: http://localhost:5116
2025-08-19 16:29:46.576 -06:00 [INF] Application started. Press Ctrl+C to shut down.
2025-08-19 16:29:46.577 -06:00 [INF] Hosting environment: Development
2025-08-19 16:29:46.578 -06:00 [INF] Content root path: C:\Users\hoshu\OneDrive\Desktop\ProyectoAnalisisDeSistemas-master\ProyectoAnalisisDeSistemas-master\PaginaBizu
2025-08-19 16:29:48.930 -06:00 [INF] Request starting HTTP/1.1 GET http://localhost:5116/Account/SignIn - null null
2025-08-19 16:29:48.957 -06:00 [WRN] Failed to determine the https port for redirect.
2025-08-19 16:29:48.989 -06:00 [INF] Executing endpoint 'PaginaBizu.Controllers.AccountController.SignIn (PaginaBizu)'
2025-08-19 16:29:49.003 -06:00 [INF] Route matched with {action = "SignIn", controller = "Account", page = "", area = ""}. Executing controller action with signature Microsoft.AspNetCore.Mvc.IActionResult SignIn() on controller PaginaBizu.Controllers.AccountController (PaginaBizu).
2025-08-19 16:29:49.016 -06:00 [INF] ➡️ Acción ejecutándose: Account/SignIn | Usuario: No autenticado | IP: ::1 | Hora: "2025-08-19T16:29:49.0158740-06:00"
2025-08-19 16:29:49.020 -06:00 [INF] ✅ Acción ejecutada: Account/SignIn | Hora: "2025-08-19T16:29:49.0206961-06:00"
2025-08-19 16:29:49.027 -06:00 [INF] Executing ViewResult, running view ~/Views/Shared/_SignIn.cshtml.
2025-08-19 16:29:49.107 -06:00 [INF] Executed ViewResult - view ~/Views/Shared/_SignIn.cshtml executed in 82.1746ms.
2025-08-19 16:29:49.113 -06:00 [INF] Executed action PaginaBizu.Controllers.AccountController.SignIn (PaginaBizu) in 107.8306ms
2025-08-19 16:29:49.118 -06:00 [INF] Executed endpoint 'PaginaBizu.Controllers.AccountController.SignIn (PaginaBizu)'
2025-08-19 16:29:49.128 -06:00 [INF] Request finished HTTP/1.1 GET http://localhost:5116/Account/SignIn - 200 null text/html; charset=utf-8 199.3524ms
2025-08-19 16:29:49.179 -06:00 [INF] Request starting HTTP/1.1 GET http://localhost:5116/PaginaBizu.styles.css?v=u2o_07VtSGrZO3WxHAXzvZBevI20fzSZge8oUb78F-4 - null null
2025-08-19 16:29:49.193 -06:00 [INF] The file /PaginaBizu.styles.css was not modified
2025-08-19 16:29:49.197 -06:00 [INF] Request finished HTTP/1.1 GET http://localhost:5116/PaginaBizu.styles.css?v=u2o_07VtSGrZO3WxHAXzvZBevI20fzSZge8oUb78F-4 - 304 null text/css 18.1512ms
2025-08-19 16:29:49.454 -06:00 [INF] Request starting HTTP/1.1 GET http://localhost:5116/Cart/CartCount - null null
2025-08-19 16:29:49.462 -06:00 [INF] Executing endpoint 'PaginaBizu.Controllers.CartController.CartCount (PaginaBizu)'
2025-08-19 16:29:49.467 -06:00 [INF] Route matched with {action = "CartCount", controller = "Cart", page = "", area = ""}. Executing controller action with signature Microsoft.AspNetCore.Mvc.IActionResult CartCount() on controller PaginaBizu.Controllers.CartController (PaginaBizu).
2025-08-19 16:29:49.472 -06:00 [INF] ➡️ Acción ejecutándose: Cart/CartCount | Usuario: No autenticado | IP: ::1 | Hora: "2025-08-19T16:29:49.4727319-06:00"
2025-08-19 16:29:49.479 -06:00 [INF] ✅ Acción ejecutada: Cart/CartCount | Hora: "2025-08-19T16:29:49.4799004-06:00"
2025-08-19 16:29:49.484 -06:00 [INF] Executing JsonResult, writing value of type 'System.Int32'.
2025-08-19 16:29:49.529 -06:00 [INF] Executed action PaginaBizu.Controllers.CartController.CartCount (PaginaBizu) in 58.422ms
2025-08-19 16:29:49.530 -06:00 [INF] Request starting HTTP/1.1 GET http://localhost:5116/Cart/CartCount - null null
2025-08-19 16:29:49.606 -06:00 [INF] Executed endpoint 'PaginaBizu.Controllers.CartController.CartCount (PaginaBizu)'
2025-08-19 16:29:49.614 -06:00 [INF] Request finished HTTP/1.1 GET http://localhost:5116/Cart/CartCount - 200 null application/json; charset=utf-8 160.071ms
2025-08-19 16:29:49.617 -06:00 [INF] Executing endpoint 'PaginaBizu.Controllers.CartController.CartCount (PaginaBizu)'
2025-08-19 16:29:49.622 -06:00 [INF] Route matched with {action = "CartCount", controller = "Cart", page = "", area = ""}. Executing controller action with signature Microsoft.AspNetCore.Mvc.IActionResult CartCount() on controller PaginaBizu.Controllers.CartController (PaginaBizu).
2025-08-19 16:29:49.626 -06:00 [INF] ➡️ Acción ejecutándose: Cart/CartCount | Usuario: No autenticado | IP: ::1 | Hora: "2025-08-19T16:29:49.6267767-06:00"
2025-08-19 16:29:49.631 -06:00 [INF] ✅ Acción ejecutada: Cart/CartCount | Hora: "2025-08-19T16:29:49.6310035-06:00"
2025-08-19 16:29:49.633 -06:00 [INF] Executing JsonResult, writing value of type 'System.Int32'.
2025-08-19 16:29:49.636 -06:00 [INF] Executed action PaginaBizu.Controllers.CartController.CartCount (PaginaBizu) in 9.9487ms
2025-08-19 16:29:49.644 -06:00 [INF] Executed endpoint 'PaginaBizu.Controllers.CartController.CartCount (PaginaBizu)'
2025-08-19 16:29:49.646 -06:00 [INF] Request finished HTTP/1.1 GET http://localhost:5116/Cart/CartCount - 200 null application/json; charset=utf-8 115.9304ms
2025-08-19 16:30:55.855 -06:00 [INF] Application is shutting down...
2025-08-19 16:31:01.963 -06:00 [INF] User profile is available. Using 'C:\Users\hoshu\AppData\Local\ASP.NET\DataProtection-Keys' as key repository and Windows DPAPI to encrypt keys at rest.
2025-08-19 16:31:02.901 -06:00 [INF] Executed DbCommand (37ms) [Parameters=[@__normalizedName_0='?' (Size = 256)], CommandType='"Text"', CommandTimeout='30']
SELECT TOP(1) [a].[Id], [a].[ConcurrencyStamp], [a].[Name], [a].[NormalizedName]
FROM [AspNetRoles] AS [a]
WHERE [a].[NormalizedName] = @__normalizedName_0
2025-08-19 16:31:03.005 -06:00 [INF] Executed DbCommand (7ms) [Parameters=[@__normalizedEmail_0='?' (Size = 256)], CommandType='"Text"', CommandTimeout='30']
SELECT TOP(2) [a].[Id], [a].[AccessFailedCount], [a].[ConcurrencyStamp], [a].[Email], [a].[EmailConfirmed], [a].[LockoutEnabled], [a].[LockoutEnd], [a].[NormalizedEmail], [a].[NormalizedUserName], [a].[PasswordHash], [a].[PhoneNumber], [a].[PhoneNumberConfirmed], [a].[SecurityStamp], [a].[TwoFactorEnabled], [a].[UserName]
FROM [AspNetUsers] AS [a]
WHERE [a].[NormalizedEmail] = @__normalizedEmail_0
2025-08-19 16:31:03.053 -06:00 [INF] Executed DbCommand (3ms) [Parameters=[@__normalizedRoleName_0='?' (Size = 256)], CommandType='"Text"', CommandTimeout='30']
SELECT TOP(2) [a].[Id], [a].[ConcurrencyStamp], [a].[Name], [a].[NormalizedName]
FROM [AspNetRoles] AS [a]
WHERE [a].[NormalizedName] = @__normalizedRoleName_0
2025-08-19 16:31:03.084 -06:00 [INF] Executed DbCommand (7ms) [Parameters=[@__p_0='?' (Size = 450), @__p_1='?' (Size = 450)], CommandType='"Text"', CommandTimeout='30']
SELECT TOP(1) [a].[UserId], [a].[RoleId]
FROM [AspNetUserRoles] AS [a]
WHERE [a].[UserId] = @__p_0 AND [a].[RoleId] = @__p_1
2025-08-19 16:31:03.108 -06:00 [INF] Executed DbCommand (1ms) [Parameters=[@__normalizedEmail_0='?' (Size = 256)], CommandType='"Text"', CommandTimeout='30']
SELECT TOP(2) [a].[Id], [a].[AccessFailedCount], [a].[ConcurrencyStamp], [a].[Email], [a].[EmailConfirmed], [a].[LockoutEnabled], [a].[LockoutEnd], [a].[NormalizedEmail], [a].[NormalizedUserName], [a].[PasswordHash], [a].[PhoneNumber], [a].[PhoneNumberConfirmed], [a].[SecurityStamp], [a].[TwoFactorEnabled], [a].[UserName]
FROM [AspNetUsers] AS [a]
WHERE [a].[NormalizedEmail] = @__normalizedEmail_0
2025-08-19 16:31:03.120 -06:00 [INF] Executed DbCommand (1ms) [Parameters=[@__normalizedRoleName_0='?' (Size = 256)], CommandType='"Text"', CommandTimeout='30']
SELECT TOP(2) [a].[Id], [a].[ConcurrencyStamp], [a].[Name], [a].[NormalizedName]
FROM [AspNetRoles] AS [a]
WHERE [a].[NormalizedName] = @__normalizedRoleName_0
2025-08-19 16:31:03.126 -06:00 [INF] Executed DbCommand (1ms) [Parameters=[@__p_0='?' (Size = 450), @__p_1='?' (Size = 450)], CommandType='"Text"', CommandTimeout='30']
SELECT TOP(1) [a].[UserId], [a].[RoleId]
FROM [AspNetUserRoles] AS [a]
WHERE [a].[UserId] = @__p_0 AND [a].[RoleId] = @__p_1
2025-08-19 16:31:03.133 -06:00 [INF] Executed DbCommand (1ms) [Parameters=[@__normalizedEmail_0='?' (Size = 256)], CommandType='"Text"', CommandTimeout='30']
SELECT TOP(2) [a].[Id], [a].[AccessFailedCount], [a].[ConcurrencyStamp], [a].[Email], [a].[EmailConfirmed], [a].[LockoutEnabled], [a].[LockoutEnd], [a].[NormalizedEmail], [a].[NormalizedUserName], [a].[PasswordHash], [a].[PhoneNumber], [a].[PhoneNumberConfirmed], [a].[SecurityStamp], [a].[TwoFactorEnabled], [a].[UserName]
FROM [AspNetUsers] AS [a]
WHERE [a].[NormalizedEmail] = @__normalizedEmail_0
2025-08-19 16:31:03.138 -06:00 [INF] Executed DbCommand (1ms) [Parameters=[@__normalizedRoleName_0='?' (Size = 256)], CommandType='"Text"', CommandTimeout='30']
SELECT TOP(2) [a].[Id], [a].[ConcurrencyStamp], [a].[Name], [a].[NormalizedName]
FROM [AspNetRoles] AS [a]
WHERE [a].[NormalizedName] = @__normalizedRoleName_0
2025-08-19 16:31:03.142 -06:00 [INF] Executed DbCommand (1ms) [Parameters=[@__p_0='?' (Size = 450), @__p_1='?' (Size = 450)], CommandType='"Text"', CommandTimeout='30']
SELECT TOP(1) [a].[UserId], [a].[RoleId]
FROM [AspNetUserRoles] AS [a]
WHERE [a].[UserId] = @__p_0 AND [a].[RoleId] = @__p_1
2025-08-19 16:31:03.388 -06:00 [INF] Now listening on: http://localhost:5116
2025-08-19 16:31:03.395 -06:00 [INF] Application started. Press Ctrl+C to shut down.
2025-08-19 16:31:03.396 -06:00 [INF] Hosting environment: Development
2025-08-19 16:31:03.397 -06:00 [INF] Content root path: C:\Users\hoshu\OneDrive\Desktop\ProyectoAnalisisDeSistemas-master\ProyectoAnalisisDeSistemas-master\PaginaBizu
2025-08-19 16:31:06.222 -06:00 [INF] Request starting HTTP/1.1 GET http://localhost:5116/Account/SignIn - null null
2025-08-19 16:31:06.251 -06:00 [WRN] Failed to determine the https port for redirect.
2025-08-19 16:31:06.278 -06:00 [INF] Executing endpoint 'PaginaBizu.Controllers.AccountController.SignIn (PaginaBizu)'
2025-08-19 16:31:06.288 -06:00 [INF] Route matched with {action = "SignIn", controller = "Account", page = "", area = ""}. Executing controller action with signature Microsoft.AspNetCore.Mvc.IActionResult SignIn() on controller PaginaBizu.Controllers.AccountController (PaginaBizu).
2025-08-19 16:31:06.303 -06:00 [INF] ➡️ Acción ejecutándose: Account/SignIn | Usuario: No autenticado | IP: ::1 | Hora: "2025-08-19T16:31:06.3034129-06:00"
2025-08-19 16:31:06.307 -06:00 [INF] ✅ Acción ejecutada: Account/SignIn | Hora: "2025-08-19T16:31:06.3078138-06:00"
2025-08-19 16:31:06.319 -06:00 [INF] Executing ViewResult, running view ~/Views/Shared/_SignIn.cshtml.
2025-08-19 16:31:06.390 -06:00 [INF] Executed ViewResult - view ~/Views/Shared/_SignIn.cshtml executed in 74.3635ms.
2025-08-19 16:31:06.397 -06:00 [INF] Executed action PaginaBizu.Controllers.AccountController.SignIn (PaginaBizu) in 104.9162ms
2025-08-19 16:31:06.401 -06:00 [INF] Executed endpoint 'PaginaBizu.Controllers.AccountController.SignIn (PaginaBizu)'
2025-08-19 16:31:06.411 -06:00 [INF] Request finished HTTP/1.1 GET http://localhost:5116/Account/SignIn - 200 null text/html; charset=utf-8 189.7558ms
2025-08-19 16:31:06.449 -06:00 [INF] Request starting HTTP/1.1 GET http://localhost:5116/PaginaBizu.styles.css?v=u2o_07VtSGrZO3WxHAXzvZBevI20fzSZge8oUb78F-4 - null null
2025-08-19 16:31:06.468 -06:00 [INF] The file /PaginaBizu.styles.css was not modified
2025-08-19 16:31:06.472 -06:00 [INF] Request finished HTTP/1.1 GET http://localhost:5116/PaginaBizu.styles.css?v=u2o_07VtSGrZO3WxHAXzvZBevI20fzSZge8oUb78F-4 - 304 null text/css 22.3416ms
2025-08-19 16:31:06.711 -06:00 [INF] Request starting HTTP/1.1 GET http://localhost:5116/Cart/CartCount - null null
2025-08-19 16:31:06.721 -06:00 [INF] Executing endpoint 'PaginaBizu.Controllers.CartController.CartCount (PaginaBizu)'
2025-08-19 16:31:06.725 -06:00 [INF] Route matched with {action = "CartCount", controller = "Cart", page = "", area = ""}. Executing controller action with signature Microsoft.AspNetCore.Mvc.IActionResult CartCount() on controller PaginaBizu.Controllers.CartController (PaginaBizu).
2025-08-19 16:31:06.731 -06:00 [INF] ➡️ Acción ejecutándose: Cart/CartCount | Usuario: No autenticado | IP: ::1 | Hora: "2025-08-19T16:31:06.7310571-06:00"
2025-08-19 16:31:06.736 -06:00 [INF] ✅ Acción ejecutada: Cart/CartCount | Hora: "2025-08-19T16:31:06.7367117-06:00"
2025-08-19 16:31:06.742 -06:00 [INF] Executing JsonResult, writing value of type 'System.Int32'.
2025-08-19 16:31:06.779 -06:00 [INF] Request starting HTTP/1.1 GET http://localhost:5116/Cart/CartCount - null null
2025-08-19 16:31:06.779 -06:00 [INF] Executed action PaginaBizu.Controllers.CartController.CartCount (PaginaBizu) in 49.7689ms
2025-08-19 16:31:06.786 -06:00 [INF] Executed endpoint 'PaginaBizu.Controllers.CartController.CartCount (PaginaBizu)'
2025-08-19 16:31:06.789 -06:00 [INF] Request finished HTTP/1.1 GET http://localhost:5116/Cart/CartCount - 200 null application/json; charset=utf-8 77.2389ms
2025-08-19 16:31:06.790 -06:00 [INF] Executing endpoint 'PaginaBizu.Controllers.CartController.CartCount (PaginaBizu)'
2025-08-19 16:31:06.797 -06:00 [INF] Route matched with {action = "CartCount", controller = "Cart", page = "", area = ""}. Executing controller action with signature Microsoft.AspNetCore.Mvc.IActionResult CartCount() on controller PaginaBizu.Controllers.CartController (PaginaBizu).
2025-08-19 16:31:06.801 -06:00 [INF] ➡️ Acción ejecutándose: Cart/CartCount | Usuario: No autenticado | IP: ::1 | Hora: "2025-08-19T16:31:06.8011180-06:00"
2025-08-19 16:31:06.804 -06:00 [INF] ✅ Acción ejecutada: Cart/CartCount | Hora: "2025-08-19T16:31:06.8042262-06:00"
2025-08-19 16:31:06.807 -06:00 [INF] Executing JsonResult, writing value of type 'System.Int32'.
2025-08-19 16:31:06.810 -06:00 [INF] Executed action PaginaBizu.Controllers.CartController.CartCount (PaginaBizu) in 9.8623ms
2025-08-19 16:31:06.813 -06:00 [INF] Executed endpoint 'PaginaBizu.Controllers.CartController.CartCount (PaginaBizu)'
2025-08-19 16:31:06.815 -06:00 [INF] Request finished HTTP/1.1 GET http://localhost:5116/Cart/CartCount - 200 null application/json; charset=utf-8 36.2524ms
2025-08-19 16:31:58.586 -06:00 [INF] Application is shutting down...
2025-08-19 16:32:04.461 -06:00 [INF] User profile is available. Using 'C:\Users\hoshu\AppData\Local\ASP.NET\DataProtection-Keys' as key repository and Windows DPAPI to encrypt keys at rest.
2025-08-19 16:32:05.509 -06:00 [INF] Executed DbCommand (44ms) [Parameters=[@__normalizedName_0='?' (Size = 256)], CommandType='"Text"', CommandTimeout='30']
SELECT TOP(1) [a].[Id], [a].[ConcurrencyStamp], [a].[Name], [a].[NormalizedName]
FROM [AspNetRoles] AS [a]
WHERE [a].[NormalizedName] = @__normalizedName_0
2025-08-19 16:32:05.606 -06:00 [INF] Executed DbCommand (10ms) [Parameters=[@__normalizedEmail_0='?' (Size = 256)], CommandType='"Text"', CommandTimeout='30']
SELECT TOP(2) [a].[Id], [a].[AccessFailedCount], [a].[ConcurrencyStamp], [a].[Email], [a].[EmailConfirmed], [a].[LockoutEnabled], [a].[LockoutEnd], [a].[NormalizedEmail], [a].[NormalizedUserName], [a].[PasswordHash], [a].[PhoneNumber], [a].[PhoneNumberConfirmed], [a].[SecurityStamp], [a].[TwoFactorEnabled], [a].[UserName]
FROM [AspNetUsers] AS [a]
WHERE [a].[NormalizedEmail] = @__normalizedEmail_0
2025-08-19 16:32:05.643 -06:00 [INF] Executed DbCommand (3ms) [Parameters=[@__normalizedRoleName_0='?' (Size = 256)], CommandType='"Text"', CommandTimeout='30']
SELECT TOP(2) [a].[Id], [a].[ConcurrencyStamp], [a].[Name], [a].[NormalizedName]
FROM [AspNetRoles] AS [a]
WHERE [a].[NormalizedName] = @__normalizedRoleName_0
2025-08-19 16:32:05.672 -06:00 [INF] Executed DbCommand (4ms) [Parameters=[@__p_0='?' (Size = 450), @__p_1='?' (Size = 450)], CommandType='"Text"', CommandTimeout='30']
SELECT TOP(1) [a].[UserId], [a].[RoleId]
FROM [AspNetUserRoles] AS [a]
WHERE [a].[UserId] = @__p_0 AND [a].[RoleId] = @__p_1
2025-08-19 16:32:05.685 -06:00 [INF] Executed DbCommand (1ms) [Parameters=[@__normalizedEmail_0='?' (Size = 256)], CommandType='"Text"', CommandTimeout='30']
SELECT TOP(2) [a].[Id], [a].[AccessFailedCount], [a].[ConcurrencyStamp], [a].[Email], [a].[EmailConfirmed], [a].[LockoutEnabled], [a].[LockoutEnd], [a].[NormalizedEmail], [a].[NormalizedUserName], [a].[PasswordHash], [a].[PhoneNumber], [a].[PhoneNumberConfirmed], [a].[SecurityStamp], [a].[TwoFactorEnabled], [a].[UserName]
FROM [AspNetUsers] AS [a]
WHERE [a].[NormalizedEmail] = @__normalizedEmail_0
2025-08-19 16:32:05.691 -06:00 [INF] Executed DbCommand (1ms) [Parameters=[@__normalizedRoleName_0='?' (Size = 256)], CommandType='"Text"', CommandTimeout='30']
SELECT TOP(2) [a].[Id], [a].[ConcurrencyStamp], [a].[Name], [a].[NormalizedName]
FROM [AspNetRoles] AS [a]
WHERE [a].[NormalizedName] = @__normalizedRoleName_0
2025-08-19 16:32:05.696 -06:00 [INF] Executed DbCommand (1ms) [Parameters=[@__p_0='?' (Size = 450), @__p_1='?' (Size = 450)], CommandType='"Text"', CommandTimeout='30']
SELECT TOP(1) [a].[UserId], [a].[RoleId]
FROM [AspNetUserRoles] AS [a]
WHERE [a].[UserId] = @__p_0 AND [a].[RoleId] = @__p_1
2025-08-19 16:32:05.701 -06:00 [INF] Executed DbCommand (1ms) [Parameters=[@__normalizedEmail_0='?' (Size = 256)], CommandType='"Text"', CommandTimeout='30']
SELECT TOP(2) [a].[Id], [a].[AccessFailedCount], [a].[ConcurrencyStamp], [a].[Email], [a].[EmailConfirmed], [a].[LockoutEnabled], [a].[LockoutEnd], [a].[NormalizedEmail], [a].[NormalizedUserName], [a].[PasswordHash], [a].[PhoneNumber], [a].[PhoneNumberConfirmed], [a].[SecurityStamp], [a].[TwoFactorEnabled], [a].[UserName]
FROM [AspNetUsers] AS [a]
WHERE [a].[NormalizedEmail] = @__normalizedEmail_0
2025-08-19 16:32:05.705 -06:00 [INF] Executed DbCommand (1ms) [Parameters=[@__normalizedRoleName_0='?' (Size = 256)], CommandType='"Text"', CommandTimeout='30']
SELECT TOP(2) [a].[Id], [a].[ConcurrencyStamp], [a].[Name], [a].[NormalizedName]
FROM [AspNetRoles] AS [a]
WHERE [a].[NormalizedName] = @__normalizedRoleName_0
2025-08-19 16:32:05.710 -06:00 [INF] Executed DbCommand (1ms) [Parameters=[@__p_0='?' (Size = 450), @__p_1='?' (Size = 450)], CommandType='"Text"', CommandTimeout='30']
SELECT TOP(1) [a].[UserId], [a].[RoleId]
FROM [AspNetUserRoles] AS [a]
WHERE [a].[UserId] = @__p_0 AND [a].[RoleId] = @__p_1
2025-08-19 16:32:05.903 -06:00 [INF] Now listening on: http://localhost:5116
2025-08-19 16:32:05.908 -06:00 [INF] Application started. Press Ctrl+C to shut down.
2025-08-19 16:32:05.909 -06:00 [INF] Hosting environment: Development
2025-08-19 16:32:05.912 -06:00 [INF] Content root path: C:\Users\hoshu\OneDrive\Desktop\ProyectoAnalisisDeSistemas-master\ProyectoAnalisisDeSistemas-master\PaginaBizu
2025-08-19 16:32:08.652 -06:00 [INF] Request starting HTTP/1.1 GET http://localhost:5116/Account/SignIn - null null
2025-08-19 16:32:08.675 -06:00 [WRN] Failed to determine the https port for redirect.
2025-08-19 16:32:08.705 -06:00 [INF] Executing endpoint 'PaginaBizu.Controllers.AccountController.SignIn (PaginaBizu)'
2025-08-19 16:32:08.719 -06:00 [INF] Route matched with {action = "SignIn", controller = "Account", page = "", area = ""}. Executing controller action with signature Microsoft.AspNetCore.Mvc.IActionResult SignIn() on controller PaginaBizu.Controllers.AccountController (PaginaBizu).
2025-08-19 16:32:08.733 -06:00 [INF] ➡️ Acción ejecutándose: Account/SignIn | Usuario: No autenticado | IP: ::1 | Hora: "2025-08-19T16:32:08.7323944-06:00"
2025-08-19 16:32:08.739 -06:00 [INF] ✅ Acción ejecutada: Account/SignIn | Hora: "2025-08-19T16:32:08.7394936-06:00"
2025-08-19 16:32:08.747 -06:00 [INF] Executing ViewResult, running view ~/Views/Shared/_SignIn.cshtml.
2025-08-19 16:32:08.819 -06:00 [INF] Executed ViewResult - view ~/Views/Shared/_SignIn.cshtml executed in 74.1325ms.
2025-08-19 16:32:08.828 -06:00 [INF] Executed action PaginaBizu.Controllers.AccountController.SignIn (PaginaBizu) in 104.9748ms
2025-08-19 16:32:08.831 -06:00 [INF] Executed endpoint 'PaginaBizu.Controllers.AccountController.SignIn (PaginaBizu)'
2025-08-19 16:32:08.845 -06:00 [INF] Request finished HTTP/1.1 GET http://localhost:5116/Account/SignIn - 200 null text/html; charset=utf-8 193.1331ms
2025-08-19 16:32:09.152 -06:00 [INF] Request starting HTTP/1.1 GET http://localhost:5116/Cart/CartCount - null null
2025-08-19 16:32:09.162 -06:00 [INF] Executing endpoint 'PaginaBizu.Controllers.CartController.CartCount (PaginaBizu)'
2025-08-19 16:32:09.166 -06:00 [INF] Route matched with {action = "CartCount", controller = "Cart", page = "", area = ""}. Executing controller action with signature Microsoft.AspNetCore.Mvc.IActionResult CartCount() on controller PaginaBizu.Controllers.CartController (PaginaBizu).
2025-08-19 16:32:09.171 -06:00 [INF] ➡️ Acción ejecutándose: Cart/CartCount | Usuario: No autenticado | IP: ::1 | Hora: "2025-08-19T16:32:09.1715567-06:00"
2025-08-19 16:32:09.179 -06:00 [INF] ✅ Acción ejecutada: Cart/CartCount | Hora: "2025-08-19T16:32:09.1797538-06:00"
2025-08-19 16:32:09.184 -06:00 [INF] Executing JsonResult, writing value of type 'System.Int32'.
2025-08-19 16:32:09.233 -06:00 [INF] Request starting HTTP/1.1 GET http://localhost:5116/Cart/CartCount - null null
2025-08-19 16:32:09.234 -06:00 [INF] Executed action PaginaBizu.Controllers.CartController.CartCount (PaginaBizu) in 63.587ms
2025-08-19 16:32:09.240 -06:00 [INF] Executed endpoint 'PaginaBizu.Controllers.CartController.CartCount (PaginaBizu)'
2025-08-19 16:32:09.243 -06:00 [INF] Request finished HTTP/1.1 GET http://localhost:5116/Cart/CartCount - 200 null application/json; charset=utf-8 90.8465ms
2025-08-19 16:32:09.243 -06:00 [INF] Executing endpoint 'PaginaBizu.Controllers.CartController.CartCount (PaginaBizu)'
2025-08-19 16:32:09.251 -06:00 [INF] Route matched with {action = "CartCount", controller = "Cart", page = "", area = ""}. Executing controller action with signature Microsoft.AspNetCore.Mvc.IActionResult CartCount() on controller PaginaBizu.Controllers.CartController (PaginaBizu).
2025-08-19 16:32:09.255 -06:00 [INF] ➡️ Acción ejecutándose: Cart/CartCount | Usuario: No autenticado | IP: ::1 | Hora: "2025-08-19T16:32:09.2555479-06:00"
2025-08-19 16:32:09.258 -06:00 [INF] ✅ Acción ejecutada: Cart/CartCount | Hora: "2025-08-19T16:32:09.2588718-06:00"
2025-08-19 16:32:09.261 -06:00 [INF] Executing JsonResult, writing value of type 'System.Int32'.
2025-08-19 16:32:09.263 -06:00 [INF] Executed action PaginaBizu.Controllers.CartController.CartCount (PaginaBizu) in 8.3934ms
2025-08-19 16:32:09.265 -06:00 [INF] Executed endpoint 'PaginaBizu.Controllers.CartController.CartCount (PaginaBizu)'
2025-08-19 16:32:09.267 -06:00 [INF] Request finished HTTP/1.1 GET http://localhost:5116/Cart/CartCount - 200 null application/json; charset=utf-8 33.5042ms
2025-08-19 16:32:26.234 -06:00 [INF] Request starting HTTP/1.1 GET http://localhost:5116/Home/Privacy - null null
2025-08-19 16:32:26.246 -06:00 [INF] Executing endpoint 'PaginaBizu.Controllers.HomeController.Privacy (PaginaBizu)'
2025-08-19 16:32:26.254 -06:00 [INF] Route matched with {action = "Privacy", controller = "Home", page = "", area = ""}. Executing controller action with signature Microsoft.AspNetCore.Mvc.IActionResult Privacy() on controller PaginaBizu.Controllers.HomeController (PaginaBizu).
2025-08-19 16:32:26.260 -06:00 [INF] ➡️ Acción ejecutándose: Home/Privacy | Usuario: No autenticado | IP: ::1 | Hora: "2025-08-19T16:32:26.2602298-06:00"
2025-08-19 16:32:26.265 -06:00 [INF] ✅ Acción ejecutada: Home/Privacy | Hora: "2025-08-19T16:32:26.2656540-06:00"
2025-08-19 16:32:26.270 -06:00 [INF] Executing ViewResult, running view Privacy.
2025-08-19 16:32:26.287 -06:00 [INF] Executed ViewResult - view Privacy executed in 18.439ms.
2025-08-19 16:32:26.293 -06:00 [INF] Executed action PaginaBizu.Controllers.HomeController.Privacy (PaginaBizu) in 34.5602ms
2025-08-19 16:32:26.299 -06:00 [INF] Executed endpoint 'PaginaBizu.Controllers.HomeController.Privacy (PaginaBizu)'
2025-08-19 16:32:26.304 -06:00 [INF] Request finished HTTP/1.1 GET http://localhost:5116/Home/Privacy - 200 null text/html; charset=utf-8 69.4231ms
2025-08-19 16:32:26.652 -06:00 [INF] Request starting HTTP/1.1 GET http://localhost:5116/Cart/CartCount - null null
2025-08-19 16:32:26.657 -06:00 [INF] Executing endpoint 'PaginaBizu.Controllers.CartController.CartCount (PaginaBizu)'
2025-08-19 16:32:26.659 -06:00 [INF] Route matched with {action = "CartCount", controller = "Cart", page = "", area = ""}. Executing controller action with signature Microsoft.AspNetCore.Mvc.IActionResult CartCount() on controller PaginaBizu.Controllers.CartController (PaginaBizu).
2025-08-19 16:32:26.669 -06:00 [INF] ➡️ Acción ejecutándose: Cart/CartCount | Usuario: No autenticado | IP: ::1 | Hora: "2025-08-19T16:32:26.6691220-06:00"
2025-08-19 16:32:26.672 -06:00 [INF] ✅ Acción ejecutada: Cart/CartCount | Hora: "2025-08-19T16:32:26.6724027-06:00"
2025-08-19 16:32:26.674 -06:00 [INF] Executing JsonResult, writing value of type 'System.Int32'.
2025-08-19 16:32:26.678 -06:00 [INF] Executed action PaginaBizu.Controllers.CartController.CartCount (PaginaBizu) in 14.5266ms
2025-08-19 16:32:26.680 -06:00 [INF] Request starting HTTP/1.1 GET http://localhost:5116/Cart/CartCount - null null
2025-08-19 16:32:26.681 -06:00 [INF] Executed endpoint 'PaginaBizu.Controllers.CartController.CartCount (PaginaBizu)'
2025-08-19 16:32:26.687 -06:00 [INF] Executing endpoint 'PaginaBizu.Controllers.CartController.CartCount (PaginaBizu)'
2025-08-19 16:32:26.688 -06:00 [INF] Request finished HTTP/1.1 GET http://localhost:5116/Cart/CartCount - 200 null application/json; charset=utf-8 36.0464ms
2025-08-19 16:32:26.691 -06:00 [INF] Route matched with {action = "CartCount", controller = "Cart", page = "", area = ""}. Executing controller action with signature Microsoft.AspNetCore.Mvc.IActionResult CartCount() on controller PaginaBizu.Controllers.CartController (PaginaBizu).
2025-08-19 16:32:26.702 -06:00 [INF] ➡️ Acción ejecutándose: Cart/CartCount | Usuario: No autenticado | IP: ::1 | Hora: "2025-08-19T16:32:26.7022597-06:00"
2025-08-19 16:32:26.705 -06:00 [INF] ✅ Acción ejecutada: Cart/CartCount | Hora: "2025-08-19T16:32:26.7054833-06:00"
2025-08-19 16:32:26.708 -06:00 [INF] Executing JsonResult, writing value of type 'System.Int32'.
2025-08-19 16:32:26.710 -06:00 [INF] Executed action PaginaBizu.Controllers.CartController.CartCount (PaginaBizu) in 8.355ms
2025-08-19 16:32:26.713 -06:00 [INF] Executed endpoint 'PaginaBizu.Controllers.CartController.CartCount (PaginaBizu)'
2025-08-19 16:32:26.715 -06:00 [INF] Request finished HTTP/1.1 GET http://localhost:5116/Cart/CartCount - 200 null application/json; charset=utf-8 34.4754ms
2025-08-19 16:33:22.389 -06:00 [INF] Application is shutting down...
2025-08-19 16:33:28.573 -06:00 [INF] User profile is available. Using 'C:\Users\hoshu\AppData\Local\ASP.NET\DataProtection-Keys' as key repository and Windows DPAPI to encrypt keys at rest.
2025-08-19 16:33:29.540 -06:00 [INF] Executed DbCommand (52ms) [Parameters=[@__normalizedName_0='?' (Size = 256)], CommandType='"Text"', CommandTimeout='30']
SELECT TOP(1) [a].[Id], [a].[ConcurrencyStamp], [a].[Name], [a].[NormalizedName]
FROM [AspNetRoles] AS [a]
WHERE [a].[NormalizedName] = @__normalizedName_0
2025-08-19 16:33:29.673 -06:00 [INF] Executed DbCommand (7ms) [Parameters=[@__normalizedEmail_0='?' (Size = 256)], CommandType='"Text"', CommandTimeout='30']
SELECT TOP(2) [a].[Id], [a].[AccessFailedCount], [a].[ConcurrencyStamp], [a].[Email], [a].[EmailConfirmed], [a].[LockoutEnabled], [a].[LockoutEnd], [a].[NormalizedEmail], [a].[NormalizedUserName], [a].[PasswordHash], [a].[PhoneNumber], [a].[PhoneNumberConfirmed], [a].[SecurityStamp], [a].[TwoFactorEnabled], [a].[UserName]
FROM [AspNetUsers] AS [a]
WHERE [a].[NormalizedEmail] = @__normalizedEmail_0
2025-08-19 16:33:29.721 -06:00 [INF] Executed DbCommand (4ms) [Parameters=[@__normalizedRoleName_0='?' (Size = 256)], CommandType='"Text"', CommandTimeout='30']
SELECT TOP(2) [a].[Id], [a].[ConcurrencyStamp], [a].[Name], [a].[NormalizedName]
FROM [AspNetRoles] AS [a]
WHERE [a].[NormalizedName] = @__normalizedRoleName_0
2025-08-19 16:33:29.750 -06:00 [INF] Executed DbCommand (5ms) [Parameters=[@__p_0='?' (Size = 450), @__p_1='?' (Size = 450)], CommandType='"Text"', CommandTimeout='30']
SELECT TOP(1) [a].[UserId], [a].[RoleId]
FROM [AspNetUserRoles] AS [a]
WHERE [a].[UserId] = @__p_0 AND [a].[RoleId] = @__p_1
2025-08-19 16:33:29.765 -06:00 [INF] Executed DbCommand (1ms) [Parameters=[@__normalizedEmail_0='?' (Size = 256)], CommandType='"Text"', CommandTimeout='30']
SELECT TOP(2) [a].[Id], [a].[AccessFailedCount], [a].[ConcurrencyStamp], [a].[Email], [a].[EmailConfirmed], [a].[LockoutEnabled], [a].[LockoutEnd], [a].[NormalizedEmail], [a].[NormalizedUserName], [a].[PasswordHash], [a].[PhoneNumber], [a].[PhoneNumberConfirmed], [a].[SecurityStamp], [a].[TwoFactorEnabled], [a].[UserName]
FROM [AspNetUsers] AS [a]
WHERE [a].[NormalizedEmail] = @__normalizedEmail_0
2025-08-19 16:33:29.774 -06:00 [INF] Executed DbCommand (1ms) [Parameters=[@__normalizedRoleName_0='?' (Size = 256)], CommandType='"Text"', CommandTimeout='30']
SELECT TOP(2) [a].[Id], [a].[ConcurrencyStamp], [a].[Name], [a].[NormalizedName]
FROM [AspNetRoles] AS [a]
WHERE [a].[NormalizedName] = @__normalizedRoleName_0
2025-08-19 16:33:29.778 -06:00 [INF] Executed DbCommand (1ms) [Parameters=[@__p_0='?' (Size = 450), @__p_1='?' (Size = 450)], CommandType='"Text"', CommandTimeout='30']
SELECT TOP(1) [a].[UserId], [a].[RoleId]
FROM [AspNetUserRoles] AS [a]
WHERE [a].[UserId] = @__p_0 AND [a].[RoleId] = @__p_1
2025-08-19 16:33:29.784 -06:00 [INF] Executed DbCommand (1ms) [Parameters=[@__normalizedEmail_0='?' (Size = 256)], CommandType='"Text"', CommandTimeout='30']
SELECT TOP(2) [a].[Id], [a].[AccessFailedCount], [a].[ConcurrencyStamp], [a].[Email], [a].[EmailConfirmed], [a].[LockoutEnabled], [a].[LockoutEnd], [a].[NormalizedEmail], [a].[NormalizedUserName], [a].[PasswordHash], [a].[PhoneNumber], [a].[PhoneNumberConfirmed], [a].[SecurityStamp], [a].[TwoFactorEnabled], [a].[UserName]
FROM [AspNetUsers] AS [a]
WHERE [a].[NormalizedEmail] = @__normalizedEmail_0
2025-08-19 16:33:29.790 -06:00 [INF] Executed DbCommand (1ms) [Parameters=[@__normalizedRoleName_0='?' (Size = 256)], CommandType='"Text"', CommandTimeout='30']
SELECT TOP(2) [a].[Id], [a].[ConcurrencyStamp], [a].[Name], [a].[NormalizedName]
FROM [AspNetRoles] AS [a]
WHERE [a].[NormalizedName] = @__normalizedRoleName_0
2025-08-19 16:33:29.794 -06:00 [INF] Executed DbCommand (1ms) [Parameters=[@__p_0='?' (Size = 450), @__p_1='?' (Size = 450)], CommandType='"Text"', CommandTimeout='30']
SELECT TOP(1) [a].[UserId], [a].[RoleId]
FROM [AspNetUserRoles] AS [a]
WHERE [a].[UserId] = @__p_0 AND [a].[RoleId] = @__p_1
2025-08-19 16:33:30.097 -06:00 [INF] Now listening on: http://localhost:5116
2025-08-19 16:33:30.102 -06:00 [INF] Application started. Press Ctrl+C to shut down.
2025-08-19 16:33:30.104 -06:00 [INF] Hosting environment: Development
2025-08-19 16:33:30.106 -06:00 [INF] Content root path: C:\Users\hoshu\OneDrive\Desktop\ProyectoAnalisisDeSistemas-master\ProyectoAnalisisDeSistemas-master\PaginaBizu
2025-08-19 16:33:32.987 -06:00 [INF] Request starting HTTP/1.1 GET http://localhost:5116/Home/Privacy - null null
2025-08-19 16:33:33.010 -06:00 [WRN] Failed to determine the https port for redirect.
2025-08-19 16:33:33.049 -06:00 [INF] Executing endpoint 'PaginaBizu.Controllers.HomeController.Privacy (PaginaBizu)'
2025-08-19 16:33:33.081 -06:00 [INF] Route matched with {action = "Privacy", controller = "Home", page = "", area = ""}. Executing controller action with signature Microsoft.AspNetCore.Mvc.IActionResult Privacy() on controller PaginaBizu.Controllers.HomeController (PaginaBizu).
2025-08-19 16:33:33.107 -06:00 [INF] ➡️ Acción ejecutándose: Home/Privacy | Usuario: No autenticado | IP: ::1 | Hora: "2025-08-19T16:33:33.1068798-06:00"
2025-08-19 16:33:33.116 -06:00 [INF] ✅ Acción ejecutada: Home/Privacy | Hora: "2025-08-19T16:33:33.1161134-06:00"
2025-08-19 16:33:33.129 -06:00 [INF] Executing ViewResult, running view Privacy.
2025-08-19 16:33:33.217 -06:00 [INF] Executed ViewResult - view Privacy executed in 88.6548ms.
2025-08-19 16:33:33.222 -06:00 [INF] Executed action PaginaBizu.Controllers.HomeController.Privacy (PaginaBizu) in 131.36ms
2025-08-19 16:33:33.225 -06:00 [INF] Executed endpoint 'PaginaBizu.Controllers.HomeController.Privacy (PaginaBizu)'
2025-08-19 16:33:33.235 -06:00 [INF] Request finished HTTP/1.1 GET http://localhost:5116/Home/Privacy - 200 null text/html; charset=utf-8 248.5598ms
2025-08-19 16:33:33.266 -06:00 [INF] Request starting HTTP/1.1 GET http://localhost:5116/PaginaBizu.styles.css?v=u2o_07VtSGrZO3WxHAXzvZBevI20fzSZge8oUb78F-4 - null null
2025-08-19 16:33:33.282 -06:00 [INF] The file /PaginaBizu.styles.css was not modified
2025-08-19 16:33:33.285 -06:00 [INF] Request finished HTTP/1.1 GET http://localhost:5116/PaginaBizu.styles.css?v=u2o_07VtSGrZO3WxHAXzvZBevI20fzSZge8oUb78F-4 - 304 null text/css 19.6222ms
2025-08-19 16:33:33.524 -06:00 [INF] Request starting HTTP/1.1 GET http://localhost:5116/Cart/CartCount - null null
2025-08-19 16:33:33.538 -06:00 [INF] Executing endpoint 'PaginaBizu.Controllers.CartController.CartCount (PaginaBizu)'
2025-08-19 16:33:33.545 -06:00 [INF] Route matched with {action = "CartCount", controller = "Cart", page = "", area = ""}. Executing controller action with signature Microsoft.AspNetCore.Mvc.IActionResult CartCount() on controller PaginaBizu.Controllers.CartController (PaginaBizu).
2025-08-19 16:33:33.553 -06:00 [INF] ➡️ Acción ejecutándose: Cart/CartCount | Usuario: No autenticado | IP: ::1 | Hora: "2025-08-19T16:33:33.5531889-06:00"
2025-08-19 16:33:33.561 -06:00 [INF] ✅ Acción ejecutada: Cart/CartCount | Hora: "2025-08-19T16:33:33.5612834-06:00"
2025-08-19 16:33:33.567 -06:00 [INF] Executing JsonResult, writing value of type 'System.Int32'.
2025-08-19 16:33:33.606 -06:00 [INF] Executed action PaginaBizu.Controllers.CartController.CartCount (PaginaBizu) in 55.0458ms
2025-08-19 16:33:33.606 -06:00 [INF] Request starting HTTP/1.1 GET http://localhost:5116/Cart/CartCount - null null
2025-08-19 16:33:33.609 -06:00 [INF] Executed endpoint 'PaginaBizu.Controllers.CartController.CartCount (PaginaBizu)'
2025-08-19 16:33:33.618 -06:00 [INF] Request finished HTTP/1.1 GET http://localhost:5116/Cart/CartCount - 200 null application/json; charset=utf-8 93.6636ms
2025-08-19 16:33:33.619 -06:00 [INF] Executing endpoint 'PaginaBizu.Controllers.CartController.CartCount (PaginaBizu)'
2025-08-19 16:33:33.625 -06:00 [INF] Route matched with {action = "CartCount", controller = "Cart", page = "", area = ""}. Executing controller action with signature Microsoft.AspNetCore.Mvc.IActionResult CartCount() on controller PaginaBizu.Controllers.CartController (PaginaBizu).
2025-08-19 16:33:33.630 -06:00 [INF] ➡️ Acción ejecutándose: Cart/CartCount | Usuario: No autenticado | IP: ::1 | Hora: "2025-08-19T16:33:33.6304357-06:00"
2025-08-19 16:33:33.634 -06:00 [INF] ✅ Acción ejecutada: Cart/CartCount | Hora: "2025-08-19T16:33:33.6342947-06:00"
2025-08-19 16:33:33.637 -06:00 [INF] Executing JsonResult, writing value of type 'System.Int32'.
2025-08-19 16:33:33.639 -06:00 [INF] Executed action PaginaBizu.Controllers.CartController.CartCount (PaginaBizu) in 9.9264ms
2025-08-19 16:33:33.642 -06:00 [INF] Executed endpoint 'PaginaBizu.Controllers.CartController.CartCount (PaginaBizu)'
2025-08-19 16:33:33.645 -06:00 [INF] Request finished HTTP/1.1 GET http://localhost:5116/Cart/CartCount - 200 null application/json; charset=utf-8 38.941ms
2025-08-19 16:33:35.435 -06:00 [INF] Request starting HTTP/1.1 GET http://localhost:5116/Home/Privacy - null null
2025-08-19 16:33:35.445 -06:00 [INF] Executing endpoint 'PaginaBizu.Controllers.HomeController.Privacy (PaginaBizu)'
2025-08-19 16:33:35.450 -06:00 [INF] Route matched with {action = "Privacy", controller = "Home", page = "", area = ""}. Executing controller action with signature Microsoft.AspNetCore.Mvc.IActionResult Privacy() on controller PaginaBizu.Controllers.HomeController (PaginaBizu).
2025-08-19 16:33:35.457 -06:00 [INF] ➡️ Acción ejecutándose: Home/Privacy | Usuario: No autenticado | IP: ::1 | Hora: "2025-08-19T16:33:35.4569537-06:00"
2025-08-19 16:33:35.461 -06:00 [INF] ✅ Acción ejecutada: Home/Privacy | Hora: "2025-08-19T16:33:35.4609762-06:00"
2025-08-19 16:33:35.467 -06:00 [INF] Executing ViewResult, running view Privacy.
2025-08-19 16:33:35.474 -06:00 [INF] Executed ViewResult - view Privacy executed in 7.6005ms.
2025-08-19 16:33:35.477 -06:00 [INF] Executed action PaginaBizu.Controllers.HomeController.Privacy (PaginaBizu) in 20.9751ms
2025-08-19 16:33:35.485 -06:00 [INF] Executed endpoint 'PaginaBizu.Controllers.HomeController.Privacy (PaginaBizu)'
2025-08-19 16:33:35.491 -06:00 [INF] Request finished HTTP/1.1 GET http://localhost:5116/Home/Privacy - 200 null text/html; charset=utf-8 55.882ms
2025-08-19 16:33:35.714 -06:00 [INF] Request starting HTTP/1.1 GET http://localhost:5116/Cart/CartCount - null null
2025-08-19 16:33:35.721 -06:00 [INF] Executing endpoint 'PaginaBizu.Controllers.CartController.CartCount (PaginaBizu)'
2025-08-19 16:33:35.726 -06:00 [INF] Route matched with {action = "CartCount", controller = "Cart", page = "", area = ""}. Executing controller action with signature Microsoft.AspNetCore.Mvc.IActionResult CartCount() on controller PaginaBizu.Controllers.CartController (PaginaBizu).
2025-08-19 16:33:35.735 -06:00 [INF] ➡️ Acción ejecutándose: Cart/CartCount | Usuario: No autenticado | IP: ::1 | Hora: "2025-08-19T16:33:35.7355452-06:00"
2025-08-19 16:33:35.738 -06:00 [INF] ✅ Acción ejecutada: Cart/CartCount | Hora: "2025-08-19T16:33:35.7387322-06:00"
2025-08-19 16:33:35.742 -06:00 [INF] Executing JsonResult, writing value of type 'System.Int32'.
2025-08-19 16:33:35.745 -06:00 [INF] Executed action PaginaBizu.Controllers.CartController.CartCount (PaginaBizu) in 13.1774ms
2025-08-19 16:33:35.747 -06:00 [INF] Request starting HTTP/1.1 GET http://localhost:5116/Cart/CartCount - null null
2025-08-19 16:33:35.751 -06:00 [INF] Executed endpoint 'PaginaBizu.Controllers.CartController.CartCount (PaginaBizu)'
2025-08-19 16:33:35.757 -06:00 [INF] Executing endpoint 'PaginaBizu.Controllers.CartController.CartCount (PaginaBizu)'
2025-08-19 16:33:35.759 -06:00 [INF] Request finished HTTP/1.1 GET http://localhost:5116/Cart/CartCount - 200 null application/json; charset=utf-8 45.0014ms
2025-08-19 16:33:35.762 -06:00 [INF] Route matched with {action = "CartCount", controller = "Cart", page = "", area = ""}. Executing controller action with signature Microsoft.AspNetCore.Mvc.IActionResult CartCount() on controller PaginaBizu.Controllers.CartController (PaginaBizu).
2025-08-19 16:33:35.778 -06:00 [INF] ➡️ Acción ejecutándose: Cart/CartCount | Usuario: No autenticado | IP: ::1 | Hora: "2025-08-19T16:33:35.7788460-06:00"
2025-08-19 16:33:35.786 -06:00 [INF] ✅ Acción ejecutada: Cart/CartCount | Hora: "2025-08-19T16:33:35.7867936-06:00"
2025-08-19 16:33:35.791 -06:00 [INF] Executing JsonResult, writing value of type 'System.Int32'.
2025-08-19 16:33:35.795 -06:00 [INF] Executed action PaginaBizu.Controllers.CartController.CartCount (PaginaBizu) in 17.3956ms
2025-08-19 16:33:35.800 -06:00 [INF] Executed endpoint 'PaginaBizu.Controllers.CartController.CartCount (PaginaBizu)'
2025-08-19 16:33:35.802 -06:00 [INF] Request finished HTTP/1.1 GET http://localhost:5116/Cart/CartCount - 200 null application/json; charset=utf-8 54.8726ms
2025-08-19 16:33:37.941 -06:00 [INF] Request starting HTTP/1.1 GET http://localhost:5116/Home/Privacy - null null
2025-08-19 16:33:37.948 -06:00 [INF] Executing endpoint 'PaginaBizu.Controllers.HomeController.Privacy (PaginaBizu)'
2025-08-19 16:33:37.951 -06:00 [INF] Route matched with {action = "Privacy", controller = "Home", page = "", area = ""}. Executing controller action with signature Microsoft.AspNetCore.Mvc.IActionResult Privacy() on controller PaginaBizu.Controllers.HomeController (PaginaBizu).
2025-08-19 16:33:37.957 -06:00 [INF] ➡️ Acción ejecutándose: Home/Privacy | Usuario: No autenticado | IP: ::1 | Hora: "2025-08-19T16:33:37.9576599-06:00"
2025-08-19 16:33:37.961 -06:00 [INF] ✅ Acción ejecutada: Home/Privacy | Hora: "2025-08-19T16:33:37.9619224-06:00"
2025-08-19 16:33:37.965 -06:00 [INF] Executing ViewResult, running view Privacy.
2025-08-19 16:33:37.969 -06:00 [INF] Executed ViewResult - view Privacy executed in 4.5575ms.
2025-08-19 16:33:37.973 -06:00 [INF] Executed action PaginaBizu.Controllers.HomeController.Privacy (PaginaBizu) in 16.2793ms
2025-08-19 16:33:37.979 -06:00 [INF] Executed endpoint 'PaginaBizu.Controllers.HomeController.Privacy (PaginaBizu)'
2025-08-19 16:33:37.985 -06:00 [INF] Request finished HTTP/1.1 GET http://localhost:5116/Home/Privacy - 200 null text/html; charset=utf-8 43.7515ms
2025-08-19 16:33:38.239 -06:00 [INF] Request starting HTTP/1.1 GET http://localhost:5116/Cart/CartCount - null null
2025-08-19 16:33:38.245 -06:00 [INF] Executing endpoint 'PaginaBizu.Controllers.CartController.CartCount (PaginaBizu)'
2025-08-19 16:33:38.249 -06:00 [INF] Route matched with {action = "CartCount", controller = "Cart", page = "", area = ""}. Executing controller action with signature Microsoft.AspNetCore.Mvc.IActionResult CartCount() on controller PaginaBizu.Controllers.CartController (PaginaBizu).
2025-08-19 16:33:38.253 -06:00 [INF] ➡️ Acción ejecutándose: Cart/CartCount | Usuario: No autenticado | IP: ::1 | Hora: "2025-08-19T16:33:38.2536157-06:00"
2025-08-19 16:33:38.256 -06:00 [INF] ✅ Acción ejecutada: Cart/CartCount | Hora: "2025-08-19T16:33:38.2569143-06:00"
2025-08-19 16:33:38.260 -06:00 [INF] Executing JsonResult, writing value of type 'System.Int32'.
2025-08-19 16:33:38.262 -06:00 [INF] Executed action PaginaBizu.Controllers.CartController.CartCount (PaginaBizu) in 9.5235ms
2025-08-19 16:33:38.264 -06:00 [INF] Request starting HTTP/1.1 GET http://localhost:5116/Cart/CartCount - null null
2025-08-19 16:33:38.266 -06:00 [INF] Executed endpoint 'PaginaBizu.Controllers.CartController.CartCount (PaginaBizu)'
2025-08-19 16:33:38.274 -06:00 [INF] Executing endpoint 'PaginaBizu.Controllers.CartController.CartCount (PaginaBizu)'
2025-08-19 16:33:38.277 -06:00 [INF] Request finished HTTP/1.1 GET http://localhost:5116/Cart/CartCount - 200 null application/json; charset=utf-8 38.2543ms
2025-08-19 16:33:38.279 -06:00 [INF] Route matched with {action = "CartCount", controller = "Cart", page = "", area = ""}. Executing controller action with signature Microsoft.AspNetCore.Mvc.IActionResult CartCount() on controller PaginaBizu.Controllers.CartController (PaginaBizu).
2025-08-19 16:33:38.288 -06:00 [INF] ➡️ Acción ejecutándose: Cart/CartCount | Usuario: No autenticado | IP: ::1 | Hora: "2025-08-19T16:33:38.2880440-06:00"
2025-08-19 16:33:38.292 -06:00 [INF] ✅ Acción ejecutada: Cart/CartCount | Hora: "2025-08-19T16:33:38.2921291-06:00"
2025-08-19 16:33:38.294 -06:00 [INF] Executing JsonResult, writing value of type 'System.Int32'.
2025-08-19 16:33:38.296 -06:00 [INF] Executed action PaginaBizu.Controllers.CartController.CartCount (PaginaBizu) in 8.991ms
2025-08-19 16:33:38.299 -06:00 [INF] Executed endpoint 'PaginaBizu.Controllers.CartController.CartCount (PaginaBizu)'
2025-08-19 16:33:38.301 -06:00 [INF] Request finished HTTP/1.1 GET http://localhost:5116/Cart/CartCount - 200 null application/json; charset=utf-8 37.4419ms
2025-08-19 16:33:41.173 -06:00 [INF] Application is shutting down...
2025-08-19 16:33:50.641 -06:00 [INF] User profile is available. Using 'C:\Users\hoshu\AppData\Local\ASP.NET\DataProtection-Keys' as key repository and Windows DPAPI to encrypt keys at rest.
2025-08-19 16:33:51.452 -06:00 [INF] Executed DbCommand (56ms) [Parameters=[@__normalizedName_0='?' (Size = 256)], CommandType='"Text"', CommandTimeout='30']
SELECT TOP(1) [a].[Id], [a].[ConcurrencyStamp], [a].[Name], [a].[NormalizedName]
FROM [AspNetRoles] AS [a]
WHERE [a].[NormalizedName] = @__normalizedName_0
2025-08-19 16:33:51.527 -06:00 [INF] Executed DbCommand (7ms) [Parameters=[@__normalizedEmail_0='?' (Size = 256)], CommandType='"Text"', CommandTimeout='30']
SELECT TOP(2) [a].[Id], [a].[AccessFailedCount], [a].[ConcurrencyStamp], [a].[Email], [a].[EmailConfirmed], [a].[LockoutEnabled], [a].[LockoutEnd], [a].[NormalizedEmail], [a].[NormalizedUserName], [a].[PasswordHash], [a].[PhoneNumber], [a].[PhoneNumberConfirmed], [a].[SecurityStamp], [a].[TwoFactorEnabled], [a].[UserName]
FROM [AspNetUsers] AS [a]
WHERE [a].[NormalizedEmail] = @__normalizedEmail_0
2025-08-19 16:33:51.568 -06:00 [INF] Executed DbCommand (3ms) [Parameters=[@__normalizedRoleName_0='?' (Size = 256)], CommandType='"Text"', CommandTimeout='30']
SELECT TOP(2) [a].[Id], [a].[ConcurrencyStamp], [a].[Name], [a].[NormalizedName]
FROM [AspNetRoles] AS [a]
WHERE [a].[NormalizedName] = @__normalizedRoleName_0
2025-08-19 16:33:51.593 -06:00 [INF] Executed DbCommand (3ms) [Parameters=[@__p_0='?' (Size = 450), @__p_1='?' (Size = 450)], CommandType='"Text"', CommandTimeout='30']
SELECT TOP(1) [a].[UserId], [a].[RoleId]
FROM [AspNetUserRoles] AS [a]
WHERE [a].[UserId] = @__p_0 AND [a].[RoleId] = @__p_1
2025-08-19 16:33:51.606 -06:00 [INF] Executed DbCommand (1ms) [Parameters=[@__normalizedEmail_0='?' (Size = 256)], CommandType='"Text"', CommandTimeout='30']
SELECT TOP(2) [a].[Id], [a].[AccessFailedCount], [a].[ConcurrencyStamp], [a].[Email], [a].[EmailConfirmed], [a].[LockoutEnabled], [a].[LockoutEnd], [a].[NormalizedEmail], [a].[NormalizedUserName], [a].[PasswordHash], [a].[PhoneNumber], [a].[PhoneNumberConfirmed], [a].[SecurityStamp], [a].[TwoFactorEnabled], [a].[UserName]
FROM [AspNetUsers] AS [a]
WHERE [a].[NormalizedEmail] = @__normalizedEmail_0
2025-08-19 16:33:51.610 -06:00 [INF] Executed DbCommand (1ms) [Parameters=[@__normalizedRoleName_0='?' (Size = 256)], CommandType='"Text"', CommandTimeout='30']
SELECT TOP(2) [a].[Id], [a].[ConcurrencyStamp], [a].[Name], [a].[NormalizedName]
FROM [AspNetRoles] AS [a]
WHERE [a].[NormalizedName] = @__normalizedRoleName_0
2025-08-19 16:33:51.614 -06:00 [INF] Executed DbCommand (1ms) [Parameters=[@__p_0='?' (Size = 450), @__p_1='?' (Size = 450)], CommandType='"Text"', CommandTimeout='30']
SELECT TOP(1) [a].[UserId], [a].[RoleId]
FROM [AspNetUserRoles] AS [a]
WHERE [a].[UserId] = @__p_0 AND [a].[RoleId] = @__p_1
2025-08-19 16:33:51.620 -06:00 [INF] Executed DbCommand (1ms) [Parameters=[@__normalizedEmail_0='?' (Size = 256)], CommandType='"Text"', CommandTimeout='30']
SELECT TOP(2) [a].[Id], [a].[AccessFailedCount], [a].[ConcurrencyStamp], [a].[Email], [a].[EmailConfirmed], [a].[LockoutEnabled], [a].[LockoutEnd], [a].[NormalizedEmail], [a].[NormalizedUserName], [a].[PasswordHash], [a].[PhoneNumber], [a].[PhoneNumberConfirmed], [a].[SecurityStamp], [a].[TwoFactorEnabled], [a].[UserName]
FROM [AspNetUsers] AS [a]
WHERE [a].[NormalizedEmail] = @__normalizedEmail_0
2025-08-19 16:33:51.623 -06:00 [INF] Executed DbCommand (1ms) [Parameters=[@__normalizedRoleName_0='?' (Size = 256)], CommandType='"Text"', CommandTimeout='30']
SELECT TOP(2) [a].[Id], [a].[ConcurrencyStamp], [a].[Name], [a].[NormalizedName]
FROM [AspNetRoles] AS [a]
WHERE [a].[NormalizedName] = @__normalizedRoleName_0
2025-08-19 16:33:51.626 -06:00 [INF] Executed DbCommand (0ms) [Parameters=[@__p_0='?' (Size = 450), @__p_1='?' (Size = 450)], CommandType='"Text"', CommandTimeout='30']
SELECT TOP(1) [a].[UserId], [a].[RoleId]
FROM [AspNetUserRoles] AS [a]
WHERE [a].[UserId] = @__p_0 AND [a].[RoleId] = @__p_1
2025-08-19 16:33:51.815 -06:00 [INF] Now listening on: http://localhost:5116
2025-08-19 16:33:51.820 -06:00 [INF] Application started. Press Ctrl+C to shut down.
2025-08-19 16:33:51.821 -06:00 [INF] Hosting environment: Development
2025-08-19 16:33:51.822 -06:00 [INF] Content root path: C:\Users\hoshu\OneDrive\Desktop\ProyectoAnalisisDeSistemas-master\ProyectoAnalisisDeSistemas-master\PaginaBizu
2025-08-19 16:33:54.957 -06:00 [INF] Request starting HTTP/1.1 GET http://localhost:5116/Home/Privacy - null null
2025-08-19 16:33:54.982 -06:00 [WRN] Failed to determine the https port for redirect.
2025-08-19 16:33:55.011 -06:00 [INF] Executing endpoint 'PaginaBizu.Controllers.HomeController.Privacy (PaginaBizu)'
2025-08-19 16:33:55.022 -06:00 [INF] Route matched with {action = "Privacy", controller = "Home", page = "", area = ""}. Executing controller action with signature Microsoft.AspNetCore.Mvc.IActionResult Privacy() on controller PaginaBizu.Controllers.HomeController (PaginaBizu).
2025-08-19 16:33:55.034 -06:00 [INF] ➡️ Acción ejecutándose: Home/Privacy | Usuario: No autenticado | IP: ::1 | Hora: "2025-08-19T16:33:55.0341861-06:00"
2025-08-19 16:33:55.040 -06:00 [INF] ✅ Acción ejecutada: Home/Privacy | Hora: "2025-08-19T16:33:55.0405211-06:00"
2025-08-19 16:33:55.045 -06:00 [INF] Executing ViewResult, running view Privacy.
2025-08-19 16:33:55.093 -06:00 [INF] Executed ViewResult - view Privacy executed in 49.1072ms.
2025-08-19 16:33:55.102 -06:00 [INF] Executed action PaginaBizu.Controllers.HomeController.Privacy (PaginaBizu) in 76.6315ms
2025-08-19 16:33:55.107 -06:00 [INF] Executed endpoint 'PaginaBizu.Controllers.HomeController.Privacy (PaginaBizu)'
2025-08-19 16:33:55.116 -06:00 [INF] Request finished HTTP/1.1 GET http://localhost:5116/Home/Privacy - 200 null text/html; charset=utf-8 159.4367ms
2025-08-19 16:33:55.339 -06:00 [INF] Request starting HTTP/1.1 GET http://localhost:5116/Cart/CartCount - null null
2025-08-19 16:33:55.339 -06:00 [INF] Request starting HTTP/1.1 GET http://localhost:5116/Home/assets/img/depositphotos_5028610-stock-photo-beautiful-woman.jpg - null null
2025-08-19 16:33:55.351 -06:00 [INF] Executing endpoint 'PaginaBizu.Controllers.CartController.CartCount (PaginaBizu)'
2025-08-19 16:33:55.356 -06:00 [INF] Route matched with {action = "CartCount", controller = "Cart", page = "", area = ""}. Executing controller action with signature Microsoft.AspNetCore.Mvc.IActionResult CartCount() on controller PaginaBizu.Controllers.CartController (PaginaBizu).
2025-08-19 16:33:55.357 -06:00 [INF] Request finished HTTP/1.1 GET http://localhost:5116/Home/assets/img/depositphotos_5028610-stock-photo-beautiful-woman.jpg - 404 0 null 17.3659ms
2025-08-19 16:33:55.362 -06:00 [INF] ➡️ Acción ejecutándose: Cart/CartCount | Usuario: No autenticado | IP: ::1 | Hora: "2025-08-19T16:33:55.3619487-06:00"
2025-08-19 16:33:55.369 -06:00 [INF] Request reached the end of the middleware pipeline without being handled by application code. Request path: GET http://localhost:5116/Home/assets/img/depositphotos_5028610-stock-photo-beautiful-woman.jpg, Response status code: 404
2025-08-19 16:33:55.375 -06:00 [INF] ✅ Acción ejecutada: Cart/CartCount | Hora: "2025-08-19T16:33:55.3750252-06:00"
2025-08-19 16:33:55.382 -06:00 [INF] Executing JsonResult, writing value of type 'System.Int32'.
2025-08-19 16:33:55.409 -06:00 [INF] Executed action PaginaBizu.Controllers.CartController.CartCount (PaginaBizu) in 49.4584ms
2025-08-19 16:33:55.409 -06:00 [INF] Request starting HTTP/1.1 GET http://localhost:5116/Cart/CartCount - null null
2025-08-19 16:33:55.413 -06:00 [INF] Executed endpoint 'PaginaBizu.Controllers.CartController.CartCount (PaginaBizu)'
2025-08-19 16:33:55.420 -06:00 [INF] Executing endpoint 'PaginaBizu.Controllers.CartController.CartCount (PaginaBizu)'
2025-08-19 16:33:55.422 -06:00 [INF] Request finished HTTP/1.1 GET http://localhost:5116/Cart/CartCount - 200 null application/json; charset=utf-8 82.9936ms
2025-08-19 16:33:55.424 -06:00 [INF] Route matched with {action = "CartCount", controller = "Cart", page = "", area = ""}. Executing controller action with signature Microsoft.AspNetCore.Mvc.IActionResult CartCount() on controller PaginaBizu.Controllers.CartController (PaginaBizu).
2025-08-19 16:33:55.434 -06:00 [INF] ➡️ Acción ejecutándose: Cart/CartCount | Usuario: No autenticado | IP: ::1 | Hora: "2025-08-19T16:33:55.4348711-06:00"
2025-08-19 16:33:55.438 -06:00 [INF] ✅ Acción ejecutada: Cart/CartCount | Hora: "2025-08-19T16:33:55.4382036-06:00"
2025-08-19 16:33:55.441 -06:00 [INF] Executing JsonResult, writing value of type 'System.Int32'.
2025-08-19 16:33:55.443 -06:00 [INF] Executed action PaginaBizu.Controllers.CartController.CartCount (PaginaBizu) in 9.0626ms
2025-08-19 16:33:55.445 -06:00 [INF] Executed endpoint 'PaginaBizu.Controllers.CartController.CartCount (PaginaBizu)'
2025-08-19 16:33:55.447 -06:00 [INF] Request finished HTTP/1.1 GET http://localhost:5116/Cart/CartCount - 200 null application/json; charset=utf-8 37.1407ms
2025-08-19 16:34:22.197 -06:00 [INF] Application is shutting down...
2025-08-19 16:37:46.116 -06:00 [INF] User profile is available. Using 'C:\Users\hoshu\AppData\Local\ASP.NET\DataProtection-Keys' as key repository and Windows DPAPI to encrypt keys at rest.
2025-08-19 16:37:46.893 -06:00 [INF] Executed DbCommand (35ms) [Parameters=[@__normalizedName_0='?' (Size = 256)], CommandType='"Text"', CommandTimeout='30']
SELECT TOP(1) [a].[Id], [a].[ConcurrencyStamp], [a].[Name], [a].[NormalizedName]
FROM [AspNetRoles] AS [a]
WHERE [a].[NormalizedName] = @__normalizedName_0
2025-08-19 16:37:46.969 -06:00 [INF] Executed DbCommand (7ms) [Parameters=[@__normalizedEmail_0='?' (Size = 256)], CommandType='"Text"', CommandTimeout='30']
SELECT TOP(2) [a].[Id], [a].[AccessFailedCount], [a].[ConcurrencyStamp], [a].[Email], [a].[EmailConfirmed], [a].[LockoutEnabled], [a].[LockoutEnd], [a].[NormalizedEmail], [a].[NormalizedUserName], [a].[PasswordHash], [a].[PhoneNumber], [a].[PhoneNumberConfirmed], [a].[SecurityStamp], [a].[TwoFactorEnabled], [a].[UserName]
FROM [AspNetUsers] AS [a]
WHERE [a].[NormalizedEmail] = @__normalizedEmail_0
2025-08-19 16:37:47.009 -06:00 [INF] Executed DbCommand (3ms) [Parameters=[@__normalizedRoleName_0='?' (Size = 256)], CommandType='"Text"', CommandTimeout='30']
SELECT TOP(2) [a].[Id], [a].[ConcurrencyStamp], [a].[Name], [a].[NormalizedName]
FROM [AspNetRoles] AS [a]
WHERE [a].[NormalizedName] = @__normalizedRoleName_0
2025-08-19 16:37:47.036 -06:00 [INF] Executed DbCommand (4ms) [Parameters=[@__p_0='?' (Size = 450), @__p_1='?' (Size = 450)], CommandType='"Text"', CommandTimeout='30']
SELECT TOP(1) [a].[UserId], [a].[RoleId]
FROM [AspNetUserRoles] AS [a]
WHERE [a].[UserId] = @__p_0 AND [a].[RoleId] = @__p_1
2025-08-19 16:37:47.053 -06:00 [INF] Executed DbCommand (1ms) [Parameters=[@__normalizedEmail_0='?' (Size = 256)], CommandType='"Text"', CommandTimeout='30']
SELECT TOP(2) [a].[Id], [a].[AccessFailedCount], [a].[ConcurrencyStamp], [a].[Email], [a].[EmailConfirmed], [a].[LockoutEnabled], [a].[LockoutEnd], [a].[NormalizedEmail], [a].[NormalizedUserName], [a].[PasswordHash], [a].[PhoneNumber], [a].[PhoneNumberConfirmed], [a].[SecurityStamp], [a].[TwoFactorEnabled], [a].[UserName]
FROM [AspNetUsers] AS [a]
WHERE [a].[NormalizedEmail] = @__normalizedEmail_0
2025-08-19 16:37:47.060 -06:00 [INF] Executed DbCommand (1ms) [Parameters=[@__normalizedRoleName_0='?' (Size = 256)], CommandType='"Text"', CommandTimeout='30']
SELECT TOP(2) [a].[Id], [a].[ConcurrencyStamp], [a].[Name], [a].[NormalizedName]
FROM [AspNetRoles] AS [a]
WHERE [a].[NormalizedName] = @__normalizedRoleName_0
2025-08-19 16:37:47.063 -06:00 [INF] Executed DbCommand (1ms) [Parameters=[@__p_0='?' (Size = 450), @__p_1='?' (Size = 450)], CommandType='"Text"', CommandTimeout='30']
SELECT TOP(1) [a].[UserId], [a].[RoleId]
FROM [AspNetUserRoles] AS [a]
WHERE [a].[UserId] = @__p_0 AND [a].[RoleId] = @__p_1
2025-08-19 16:37:47.066 -06:00 [INF] Executed DbCommand (0ms) [Parameters=[@__normalizedEmail_0='?' (Size = 256)], CommandType='"Text"', CommandTimeout='30']
SELECT TOP(2) [a].[Id], [a].[AccessFailedCount], [a].[ConcurrencyStamp], [a].[Email], [a].[EmailConfirmed], [a].[LockoutEnabled], [a].[LockoutEnd], [a].[NormalizedEmail], [a].[NormalizedUserName], [a].[PasswordHash], [a].[PhoneNumber], [a].[PhoneNumberConfirmed], [a].[SecurityStamp], [a].[TwoFactorEnabled], [a].[UserName]
FROM [AspNetUsers] AS [a]
WHERE [a].[NormalizedEmail] = @__normalizedEmail_0
2025-08-19 16:37:47.071 -06:00 [INF] Executed DbCommand (2ms) [Parameters=[@__normalizedRoleName_0='?' (Size = 256)], CommandType='"Text"', CommandTimeout='30']
SELECT TOP(2) [a].[Id], [a].[ConcurrencyStamp], [a].[Name], [a].[NormalizedName]
FROM [AspNetRoles] AS [a]
WHERE [a].[NormalizedName] = @__normalizedRoleName_0
2025-08-19 16:37:47.078 -06:00 [INF] Executed DbCommand (1ms) [Parameters=[@__p_0='?' (Size = 450), @__p_1='?' (Size = 450)], CommandType='"Text"', CommandTimeout='30']
SELECT TOP(1) [a].[UserId], [a].[RoleId]
FROM [AspNetUserRoles] AS [a]
WHERE [a].[UserId] = @__p_0 AND [a].[RoleId] = @__p_1
2025-08-19 16:37:47.262 -06:00 [INF] Now listening on: http://localhost:5116
2025-08-19 16:37:47.267 -06:00 [INF] Application started. Press Ctrl+C to shut down.
2025-08-19 16:37:47.268 -06:00 [INF] Hosting environment: Development
2025-08-19 16:37:47.269 -06:00 [INF] Content root path: C:\Users\hoshu\OneDrive\Desktop\ProyectoAnalisisDeSistemas-master\ProyectoAnalisisDeSistemas-master\PaginaBizu
2025-08-19 16:37:49.715 -06:00 [INF] Request starting HTTP/1.1 GET http://localhost:5116/Home/Privacy - null null
2025-08-19 16:37:49.742 -06:00 [WRN] Failed to determine the https port for redirect.
2025-08-19 16:37:49.784 -06:00 [INF] Executing endpoint 'PaginaBizu.Controllers.HomeController.Privacy (PaginaBizu)'
2025-08-19 16:37:49.798 -06:00 [INF] Route matched with {action = "Privacy", controller = "Home", page = "", area = ""}. Executing controller action with signature Microsoft.AspNetCore.Mvc.IActionResult Privacy() on controller PaginaBizu.Controllers.HomeController (PaginaBizu).
2025-08-19 16:37:49.810 -06:00 [INF] ➡️ Acción ejecutándose: Home/Privacy | Usuario: No autenticado | IP: ::1 | Hora: "2025-08-19T16:37:49.8104878-06:00"
2025-08-19 16:37:49.814 -06:00 [INF] ✅ Acción ejecutada: Home/Privacy | Hora: "2025-08-19T16:37:49.8145669-06:00"
2025-08-19 16:37:49.823 -06:00 [INF] Executing ViewResult, running view Privacy.
2025-08-19 16:37:49.889 -06:00 [INF] Executed ViewResult - view Privacy executed in 68.5358ms.
2025-08-19 16:37:49.897 -06:00 [INF] Executed action PaginaBizu.Controllers.HomeController.Privacy (PaginaBizu) in 93.778ms
2025-08-19 16:37:49.901 -06:00 [INF] Executed endpoint 'PaginaBizu.Controllers.HomeController.Privacy (PaginaBizu)'
2025-08-19 16:37:49.910 -06:00 [INF] Request finished HTTP/1.1 GET http://localhost:5116/Home/Privacy - 200 null text/html; charset=utf-8 195.1353ms
2025-08-19 16:37:49.967 -06:00 [INF] Request starting HTTP/1.1 GET http://localhost:5116/PaginaBizu.styles.css?v=u2o_07VtSGrZO3WxHAXzvZBevI20fzSZge8oUb78F-4 - null null
2025-08-19 16:37:49.980 -06:00 [INF] The file /PaginaBizu.styles.css was not modified
2025-08-19 16:37:49.984 -06:00 [INF] Request finished HTTP/1.1 GET http://localhost:5116/PaginaBizu.styles.css?v=u2o_07VtSGrZO3WxHAXzvZBevI20fzSZge8oUb78F-4 - 304 null text/css 17.8538ms
2025-08-19 16:37:50.446 -06:00 [INF] Request starting HTTP/1.1 GET http://localhost:5116/Cart/CartCount - null null
2025-08-19 16:37:50.459 -06:00 [INF] Executing endpoint 'PaginaBizu.Controllers.CartController.CartCount (PaginaBizu)'
2025-08-19 16:37:50.465 -06:00 [INF] Route matched with {action = "CartCount", controller = "Cart", page = "", area = ""}. Executing controller action with signature Microsoft.AspNetCore.Mvc.IActionResult CartCount() on controller PaginaBizu.Controllers.CartController (PaginaBizu).
2025-08-19 16:37:50.474 -06:00 [INF] ➡️ Acción ejecutándose: Cart/CartCount | Usuario: No autenticado | IP: ::1 | Hora: "2025-08-19T16:37:50.4739532-06:00"
2025-08-19 16:37:50.481 -06:00 [INF] ✅ Acción ejecutada: Cart/CartCount | Hora: "2025-08-19T16:37:50.4816083-06:00"
2025-08-19 16:37:50.492 -06:00 [INF] Executing JsonResult, writing value of type 'System.Int32'.
2025-08-19 16:37:50.523 -06:00 [INF] Request starting HTTP/1.1 GET http://localhost:5116/Cart/CartCount - null null
2025-08-19 16:37:50.523 -06:00 [INF] Executed action PaginaBizu.Controllers.CartController.CartCount (PaginaBizu) in 51.4017ms
2025-08-19 16:37:50.535 -06:00 [INF] Executed endpoint 'PaginaBizu.Controllers.CartController.CartCount (PaginaBizu)'
2025-08-19 16:37:50.538 -06:00 [INF] Executing endpoint 'PaginaBizu.Controllers.CartController.CartCount (PaginaBizu)'
2025-08-19 16:37:50.540 -06:00 [INF] Request finished HTTP/1.1 GET http://localhost:5116/Cart/CartCount - 200 null application/json; charset=utf-8 93.4467ms
2025-08-19 16:37:50.541 -06:00 [INF] Route matched with {action = "CartCount", controller = "Cart", page = "", area = ""}. Executing controller action with signature Microsoft.AspNetCore.Mvc.IActionResult CartCount() on controller PaginaBizu.Controllers.CartController (PaginaBizu).
2025-08-19 16:37:50.549 -06:00 [INF] ➡️ Acción ejecutándose: Cart/CartCount | Usuario: No autenticado | IP: ::1 | Hora: "2025-08-19T16:37:50.5492406-06:00"
2025-08-19 16:37:50.553 -06:00 [INF] ✅ Acción ejecutada: Cart/CartCount | Hora: "2025-08-19T16:37:50.5536922-06:00"
2025-08-19 16:37:50.556 -06:00 [INF] Executing JsonResult, writing value of type 'System.Int32'.
2025-08-19 16:37:50.558 -06:00 [INF] Executed action PaginaBizu.Controllers.CartController.CartCount (PaginaBizu) in 9.5867ms
2025-08-19 16:37:50.560 -06:00 [INF] Executed endpoint 'PaginaBizu.Controllers.CartController.CartCount (PaginaBizu)'
2025-08-19 16:37:50.563 -06:00 [INF] Request finished HTTP/1.1 GET http://localhost:5116/Cart/CartCount - 200 null application/json; charset=utf-8 40.2245ms
2025-08-19 16:37:53.565 -06:00 [INF] Request starting HTTP/1.1 GET http://localhost:5116/ - null null
2025-08-19 16:37:53.572 -06:00 [INF] Executing endpoint 'PaginaBizu.Controllers.HomeController.Index (PaginaBizu)'
2025-08-19 16:37:53.578 -06:00 [INF] Route matched with {action = "Index", controller = "Home", page = "", area = ""}. Executing controller action with signature Microsoft.AspNetCore.Mvc.IActionResult Index() on controller PaginaBizu.Controllers.HomeController (PaginaBizu).
2025-08-19 16:37:53.582 -06:00 [INF] ➡️ Acción ejecutándose: Home/Index | Usuario: No autenticado | IP: ::1 | Hora: "2025-08-19T16:37:53.5827358-06:00"
2025-08-19 16:37:53.585 -06:00 [INF] ✅ Acción ejecutada: Home/Index | Hora: "2025-08-19T16:37:53.5855921-06:00"
2025-08-19 16:37:53.594 -06:00 [INF] Executing ViewResult, running view Index.
2025-08-19 16:37:53.642 -06:00 [INF] Executed ViewResult - view Index executed in 50.469ms.
2025-08-19 16:37:53.646 -06:00 [INF] Executed action PaginaBizu.Controllers.HomeController.Index (PaginaBizu) in 63.8892ms
2025-08-19 16:37:53.649 -06:00 [INF] Executed endpoint 'PaginaBizu.Controllers.HomeController.Index (PaginaBizu)'
2025-08-19 16:37:53.653 -06:00 [INF] Request finished HTTP/1.1 GET http://localhost:5116/ - 200 null text/html; charset=utf-8 87.8057ms
2025-08-19 16:37:53.906 -06:00 [INF] Request starting HTTP/1.1 GET http://localhost:5116/images/bg.png - null null
2025-08-19 16:37:53.911 -06:00 [INF] Request starting HTTP/1.1 GET http://localhost:5116/css/tailwindcss - null null
2025-08-19 16:37:53.917 -06:00 [INF] Request finished HTTP/1.1 GET http://localhost:5116/images/bg.png - 404 0 null 11.6572ms
2025-08-19 16:37:53.922 -06:00 [INF] Request finished HTTP/1.1 GET http://localhost:5116/css/tailwindcss - 404 0 null 11.3655ms
2025-08-19 16:37:53.931 -06:00 [INF] Request reached the end of the middleware pipeline without being handled by application code. Request path: GET http://localhost:5116/images/bg.png, Response status code: 404
2025-08-19 16:37:53.939 -06:00 [INF] Request reached the end of the middleware pipeline without being handled by application code. Request path: GET http://localhost:5116/css/tailwindcss, Response status code: 404
2025-08-19 16:41:37.687 -06:00 [INF] Application is shutting down...
2025-08-19 16:43:08.753 -06:00 [INF] User profile is available. Using 'C:\Users\hoshu\AppData\Local\ASP.NET\DataProtection-Keys' as key repository and Windows DPAPI to encrypt keys at rest.
2025-08-19 16:43:09.632 -06:00 [INF] Executed DbCommand (39ms) [Parameters=[@__normalizedName_0='?' (Size = 256)], CommandType='"Text"', CommandTimeout='30']
SELECT TOP(1) [a].[Id], [a].[ConcurrencyStamp], [a].[Name], [a].[NormalizedName]
FROM [AspNetRoles] AS [a]
WHERE [a].[NormalizedName] = @__normalizedName_0
2025-08-19 16:43:09.709 -06:00 [INF] Executed DbCommand (8ms) [Parameters=[@__normalizedEmail_0='?' (Size = 256)], CommandType='"Text"', CommandTimeout='30']
SELECT TOP(2) [a].[Id], [a].[AccessFailedCount], [a].[ConcurrencyStamp], [a].[Email], [a].[EmailConfirmed], [a].[LockoutEnabled], [a].[LockoutEnd], [a].[NormalizedEmail], [a].[NormalizedUserName], [a].[PasswordHash], [a].[PhoneNumber], [a].[PhoneNumberConfirmed], [a].[SecurityStamp], [a].[TwoFactorEnabled], [a].[UserName]
FROM [AspNetUsers] AS [a]
WHERE [a].[NormalizedEmail] = @__normalizedEmail_0
2025-08-19 16:43:09.749 -06:00 [INF] Executed DbCommand (3ms) [Parameters=[@__normalizedRoleName_0='?' (Size = 256)], CommandType='"Text"', CommandTimeout='30']
SELECT TOP(2) [a].[Id], [a].[ConcurrencyStamp], [a].[Name], [a].[NormalizedName]
FROM [AspNetRoles] AS [a]
WHERE [a].[NormalizedName] = @__normalizedRoleName_0
2025-08-19 16:43:09.783 -06:00 [INF] Executed DbCommand (4ms) [Parameters=[@__p_0='?' (Size = 450), @__p_1='?' (Size = 450)], CommandType='"Text"', CommandTimeout='30']
SELECT TOP(1) [a].[UserId], [a].[RoleId]
FROM [AspNetUserRoles] AS [a]
WHERE [a].[UserId] = @__p_0 AND [a].[RoleId] = @__p_1
2025-08-19 16:43:09.800 -06:00 [INF] Executed DbCommand (1ms) [Parameters=[@__normalizedEmail_0='?' (Size = 256)], CommandType='"Text"', CommandTimeout='30']
SELECT TOP(2) [a].[Id], [a].[AccessFailedCount], [a].[ConcurrencyStamp], [a].[Email], [a].[EmailConfirmed], [a].[LockoutEnabled], [a].[LockoutEnd], [a].[NormalizedEmail], [a].[NormalizedUserName], [a].[PasswordHash], [a].[PhoneNumber], [a].[PhoneNumberConfirmed], [a].[SecurityStamp], [a].[TwoFactorEnabled], [a].[UserName]
FROM [AspNetUsers] AS [a]
WHERE [a].[NormalizedEmail] = @__normalizedEmail_0
2025-08-19 16:43:09.805 -06:00 [INF] Executed DbCommand (1ms) [Parameters=[@__normalizedRoleName_0='?' (Size = 256)], CommandType='"Text"', CommandTimeout='30']
SELECT TOP(2) [a].[Id], [a].[ConcurrencyStamp], [a].[Name], [a].[NormalizedName]
FROM [AspNetRoles] AS [a]
WHERE [a].[NormalizedName] = @__normalizedRoleName_0
2025-08-19 16:43:09.811 -06:00 [INF] Executed DbCommand (1ms) [Parameters=[@__p_0='?' (Size = 450), @__p_1='?' (Size = 450)], CommandType='"Text"', CommandTimeout='30']
SELECT TOP(1) [a].[UserId], [a].[RoleId]
FROM [AspNetUserRoles] AS [a]
WHERE [a].[UserId] = @__p_0 AND [a].[RoleId] = @__p_1
2025-08-19 16:43:09.818 -06:00 [INF] Executed DbCommand (1ms) [Parameters=[@__normalizedEmail_0='?' (Size = 256)], CommandType='"Text"', CommandTimeout='30']
SELECT TOP(2) [a].[Id], [a].[AccessFailedCount], [a].[ConcurrencyStamp], [a].[Email], [a].[EmailConfirmed], [a].[LockoutEnabled], [a].[LockoutEnd], [a].[NormalizedEmail], [a].[NormalizedUserName], [a].[PasswordHash], [a].[PhoneNumber], [a].[PhoneNumberConfirmed], [a].[SecurityStamp], [a].[TwoFactorEnabled], [a].[UserName]
FROM [AspNetUsers] AS [a]
WHERE [a].[NormalizedEmail] = @__normalizedEmail_0
2025-08-19 16:43:09.821 -06:00 [INF] Executed DbCommand (1ms) [Parameters=[@__normalizedRoleName_0='?' (Size = 256)], CommandType='"Text"', CommandTimeout='30']
SELECT TOP(2) [a].[Id], [a].[ConcurrencyStamp], [a].[Name], [a].[NormalizedName]
FROM [AspNetRoles] AS [a]
WHERE [a].[NormalizedName] = @__normalizedRoleName_0
2025-08-19 16:43:09.824 -06:00 [INF] Executed DbCommand (1ms) [Parameters=[@__p_0='?' (Size = 450), @__p_1='?' (Size = 450)], CommandType='"Text"', CommandTimeout='30']
SELECT TOP(1) [a].[UserId], [a].[RoleId]
FROM [AspNetUserRoles] AS [a]
WHERE [a].[UserId] = @__p_0 AND [a].[RoleId] = @__p_1
2025-08-19 16:43:10.022 -06:00 [INF] Now listening on: http://localhost:5116
2025-08-19 16:43:10.026 -06:00 [INF] Application started. Press Ctrl+C to shut down.
2025-08-19 16:43:10.028 -06:00 [INF] Hosting environment: Development
2025-08-19 16:43:10.029 -06:00 [INF] Content root path: C:\Users\hoshu\OneDrive\Desktop\ProyectoAnalisisDeSistemas-master\ProyectoAnalisisDeSistemas-master\PaginaBizu
2025-08-19 16:43:12.600 -06:00 [INF] Request starting HTTP/1.1 GET http://localhost:5116/ - null null
2025-08-19 16:43:12.625 -06:00 [WRN] Failed to determine the https port for redirect.
2025-08-19 16:43:12.652 -06:00 [INF] Executing endpoint 'PaginaBizu.Controllers.HomeController.Index (PaginaBizu)'
2025-08-19 16:43:12.665 -06:00 [INF] Route matched with {action = "Index", controller = "Home", page = "", area = ""}. Executing controller action with signature Microsoft.AspNetCore.Mvc.IActionResult Index() on controller PaginaBizu.Controllers.HomeController (PaginaBizu).
2025-08-19 16:43:12.677 -06:00 [INF] ➡️ Acción ejecutándose: Home/Index | Usuario: No autenticado | IP: ::1 | Hora: "2025-08-19T16:43:12.6769529-06:00"
2025-08-19 16:43:12.683 -06:00 [INF] ✅ Acción ejecutada: Home/Index | Hora: "2025-08-19T16:43:12.6831787-06:00"
2025-08-19 16:43:12.689 -06:00 [INF] Executing ViewResult, running view Index.
2025-08-19 16:43:12.745 -06:00 [INF] Executed ViewResult - view Index executed in 57.3573ms.
2025-08-19 16:43:12.752 -06:00 [INF] Executed action PaginaBizu.Controllers.HomeController.Index (PaginaBizu) in 83.5546ms
2025-08-19 16:43:12.756 -06:00 [INF] Executed endpoint 'PaginaBizu.Controllers.HomeController.Index (PaginaBizu)'
2025-08-19 16:43:12.769 -06:00 [INF] Request finished HTTP/1.1 GET http://localhost:5116/ - 200 null text/html; charset=utf-8 170.1794ms
2025-08-19 16:43:13.069 -06:00 [INF] Request starting HTTP/1.1 GET http://localhost:5116/images/bg.png - null null
2025-08-19 16:43:13.075 -06:00 [INF] Request starting HTTP/1.1 GET http://localhost:5116/css/tailwindcss - null null
2025-08-19 16:43:13.085 -06:00 [INF] Request finished HTTP/1.1 GET http://localhost:5116/images/bg.png - 404 0 null 15.8221ms
2025-08-19 16:43:13.085 -06:00 [INF] Request finished HTTP/1.1 GET http://localhost:5116/css/tailwindcss - 404 0 null 10.0417ms
2025-08-19 16:43:13.093 -06:00 [INF] Request reached the end of the middleware pipeline without being handled by application code. Request path: GET http://localhost:5116/images/bg.png, Response status code: 404
2025-08-19 16:43:13.098 -06:00 [INF] Request reached the end of the middleware pipeline without being handled by application code. Request path: GET http://localhost:5116/css/tailwindcss, Response status code: 404
2025-08-19 16:43:53.265 -06:00 [INF] Request starting HTTP/1.1 GET http://localhost:5116/css/tailwindcss - null null
2025-08-19 16:43:53.272 -06:00 [INF] Request starting HTTP/1.1 GET http://localhost:5116/.well-known/appspecific/com.chrome.devtools.json - null null
2025-08-19 16:43:53.285 -06:00 [INF] Request finished HTTP/1.1 GET http://localhost:5116/css/tailwindcss - 404 0 null 19.9531ms
2025-08-19 16:43:53.285 -06:00 [INF] Request finished HTTP/1.1 GET http://localhost:5116/.well-known/appspecific/com.chrome.devtools.json - 404 0 null 13.2335ms
2025-08-19 16:43:53.295 -06:00 [INF] Request reached the end of the middleware pipeline without being handled by application code. Request path: GET http://localhost:5116/css/tailwindcss, Response status code: 404
2025-08-19 16:43:53.304 -06:00 [INF] Request reached the end of the middleware pipeline without being handled by application code. Request path: GET http://localhost:5116/.well-known/appspecific/com.chrome.devtools.json, Response status code: 404
2025-08-19 16:45:46.457 -06:00 [INF] Application is shutting down...
2025-08-19 16:45:52.573 -06:00 [INF] User profile is available. Using 'C:\Users\hoshu\AppData\Local\ASP.NET\DataProtection-Keys' as key repository and Windows DPAPI to encrypt keys at rest.
2025-08-19 16:45:53.415 -06:00 [INF] Executed DbCommand (38ms) [Parameters=[@__normalizedName_0='?' (Size = 256)], CommandType='"Text"', CommandTimeout='30']
SELECT TOP(1) [a].[Id], [a].[ConcurrencyStamp], [a].[Name], [a].[NormalizedName]
FROM [AspNetRoles] AS [a]
WHERE [a].[NormalizedName] = @__normalizedName_0
2025-08-19 16:45:53.494 -06:00 [INF] Executed DbCommand (10ms) [Parameters=[@__normalizedEmail_0='?' (Size = 256)], CommandType='"Text"', CommandTimeout='30']
SELECT TOP(2) [a].[Id], [a].[AccessFailedCount], [a].[ConcurrencyStamp], [a].[Email], [a].[EmailConfirmed], [a].[LockoutEnabled], [a].[LockoutEnd], [a].[NormalizedEmail], [a].[NormalizedUserName], [a].[PasswordHash], [a].[PhoneNumber], [a].[PhoneNumberConfirmed], [a].[SecurityStamp], [a].[TwoFactorEnabled], [a].[UserName]
FROM [AspNetUsers] AS [a]
WHERE [a].[NormalizedEmail] = @__normalizedEmail_0
2025-08-19 16:45:53.537 -06:00 [INF] Executed DbCommand (5ms) [Parameters=[@__normalizedRoleName_0='?' (Size = 256)], CommandType='"Text"', CommandTimeout='30']
SELECT TOP(2) [a].[Id], [a].[ConcurrencyStamp], [a].[Name], [a].[NormalizedName]
FROM [AspNetRoles] AS [a]
WHERE [a].[NormalizedName] = @__normalizedRoleName_0
2025-08-19 16:45:53.564 -06:00 [INF] Executed DbCommand (4ms) [Parameters=[@__p_0='?' (Size = 450), @__p_1='?' (Size = 450)], CommandType='"Text"', CommandTimeout='30']
SELECT TOP(1) [a].[UserId], [a].[RoleId]
FROM [AspNetUserRoles] AS [a]
WHERE [a].[UserId] = @__p_0 AND [a].[RoleId] = @__p_1
2025-08-19 16:45:53.577 -06:00 [INF] Executed DbCommand (1ms) [Parameters=[@__normalizedEmail_0='?' (Size = 256)], CommandType='"Text"', CommandTimeout='30']
SELECT TOP(2) [a].[Id], [a].[AccessFailedCount], [a].[ConcurrencyStamp], [a].[Email], [a].[EmailConfirmed], [a].[LockoutEnabled], [a].[LockoutEnd], [a].[NormalizedEmail], [a].[NormalizedUserName], [a].[PasswordHash], [a].[PhoneNumber], [a].[PhoneNumberConfirmed], [a].[SecurityStamp], [a].[TwoFactorEnabled], [a].[UserName]
FROM [AspNetUsers] AS [a]
WHERE [a].[NormalizedEmail] = @__normalizedEmail_0
2025-08-19 16:45:53.583 -06:00 [INF] Executed DbCommand (1ms) [Parameters=[@__normalizedRoleName_0='?' (Size = 256)], CommandType='"Text"', CommandTimeout='30']
SELECT TOP(2) [a].[Id], [a].[ConcurrencyStamp], [a].[Name], [a].[NormalizedName]
FROM [AspNetRoles] AS [a]
WHERE [a].[NormalizedName] = @__normalizedRoleName_0
2025-08-19 16:45:53.590 -06:00 [INF] Executed DbCommand (1ms) [Parameters=[@__p_0='?' (Size = 450), @__p_1='?' (Size = 450)], CommandType='"Text"', CommandTimeout='30']
SELECT TOP(1) [a].[UserId], [a].[RoleId]
FROM [AspNetUserRoles] AS [a]
WHERE [a].[UserId] = @__p_0 AND [a].[RoleId] = @__p_1
2025-08-19 16:45:53.592 -06:00 [INF] Executed DbCommand (1ms) [Parameters=[@__normalizedEmail_0='?' (Size = 256)], CommandType='"Text"', CommandTimeout='30']
SELECT TOP(2) [a].[Id], [a].[AccessFailedCount], [a].[ConcurrencyStamp], [a].[Email], [a].[EmailConfirmed], [a].[LockoutEnabled], [a].[LockoutEnd], [a].[NormalizedEmail], [a].[NormalizedUserName], [a].[PasswordHash], [a].[PhoneNumber], [a].[PhoneNumberConfirmed], [a].[SecurityStamp], [a].[TwoFactorEnabled], [a].[UserName]
FROM [AspNetUsers] AS [a]
WHERE [a].[NormalizedEmail] = @__normalizedEmail_0
2025-08-19 16:45:53.595 -06:00 [INF] Executed DbCommand (1ms) [Parameters=[@__normalizedRoleName_0='?' (Size = 256)], CommandType='"Text"', CommandTimeout='30']
SELECT TOP(2) [a].[Id], [a].[ConcurrencyStamp], [a].[Name], [a].[NormalizedName]
FROM [AspNetRoles] AS [a]
WHERE [a].[NormalizedName] = @__normalizedRoleName_0
2025-08-19 16:45:53.602 -06:00 [INF] Executed DbCommand (1ms) [Parameters=[@__p_0='?' (Size = 450), @__p_1='?' (Size = 450)], CommandType='"Text"', CommandTimeout='30']
SELECT TOP(1) [a].[UserId], [a].[RoleId]
FROM [AspNetUserRoles] AS [a]
WHERE [a].[UserId] = @__p_0 AND [a].[RoleId] = @__p_1
2025-08-19 16:45:53.844 -06:00 [INF] Now listening on: http://localhost:5116
2025-08-19 16:45:53.849 -06:00 [INF] Application started. Press Ctrl+C to shut down.
2025-08-19 16:45:53.853 -06:00 [INF] Hosting environment: Development
2025-08-19 16:45:53.855 -06:00 [INF] Content root path: C:\Users\hoshu\OneDrive\Desktop\ProyectoAnalisisDeSistemas-master\ProyectoAnalisisDeSistemas-master\PaginaBizu
2025-08-19 16:45:55.798 -06:00 [INF] Request starting HTTP/1.1 GET http://localhost:5116/ - null null
2025-08-19 16:45:55.835 -06:00 [WRN] Failed to determine the https port for redirect.
2025-08-19 16:45:55.866 -06:00 [INF] Executing endpoint 'PaginaBizu.Controllers.HomeController.Index (PaginaBizu)'
2025-08-19 16:45:55.878 -06:00 [INF] Route matched with {action = "Index", controller = "Home", page = "", area = ""}. Executing controller action with signature Microsoft.AspNetCore.Mvc.IActionResult Index() on controller PaginaBizu.Controllers.HomeController (PaginaBizu).
2025-08-19 16:45:55.891 -06:00 [INF] ➡️ Acción ejecutándose: Home/Index | Usuario: No autenticado | IP: ::1 | Hora: "2025-08-19T16:45:55.8909672-06:00"
2025-08-19 16:45:55.894 -06:00 [INF] ✅ Acción ejecutada: Home/Index | Hora: "2025-08-19T16:45:55.8944324-06:00"
2025-08-19 16:45:55.905 -06:00 [INF] Executing ViewResult, running view Index.
2025-08-19 16:45:55.965 -06:00 [INF] Executed ViewResult - view Index executed in 59.2894ms.
2025-08-19 16:45:55.972 -06:00 [INF] Executed action PaginaBizu.Controllers.HomeController.Index (PaginaBizu) in 87.0551ms
2025-08-19 16:45:55.978 -06:00 [INF] Executed endpoint 'PaginaBizu.Controllers.HomeController.Index (PaginaBizu)'
2025-08-19 16:45:55.990 -06:00 [INF] Request finished HTTP/1.1 GET http://localhost:5116/ - 200 null text/html; charset=utf-8 194.313ms
2025-08-19 16:45:56.054 -06:00 [INF] Request starting HTTP/1.1 GET http://localhost:5116/.well-known/appspecific/com.chrome.devtools.json - null null
2025-08-19 16:45:56.067 -06:00 [INF] Request finished HTTP/1.1 GET http://localhost:5116/.well-known/appspecific/com.chrome.devtools.json - 404 0 null 13.3957ms
2025-08-19 16:45:56.079 -06:00 [INF] Request reached the end of the middleware pipeline without being handled by application code. Request path: GET http://localhost:5116/.well-known/appspecific/com.chrome.devtools.json, Response status code: 404
2025-08-19 16:45:56.566 -06:00 [INF] Request starting HTTP/1.1 GET http://localhost:5116/images/bg.png - null null
2025-08-19 16:45:56.593 -06:00 [INF] Request starting HTTP/1.1 GET http://localhost:5116/css/tailwindcss - null null
2025-08-19 16:45:56.596 -06:00 [INF] Request finished HTTP/1.1 GET http://localhost:5116/images/bg.png - 404 0 null 30.6783ms
2025-08-19 16:45:56.605 -06:00 [INF] Request finished HTTP/1.1 GET http://localhost:5116/css/tailwindcss - 404 0 null 12.1146ms
2025-08-19 16:45:56.615 -06:00 [INF] Request reached the end of the middleware pipeline without being handled by application code. Request path: GET http://localhost:5116/images/bg.png, Response status code: 404
2025-08-19 16:45:56.624 -06:00 [INF] Request reached the end of the middleware pipeline without being handled by application code. Request path: GET http://localhost:5116/css/tailwindcss, Response status code: 404
2025-08-19 16:46:01.109 -06:00 [INF] Request starting HTTP/1.1 GET http://localhost:5116/ - null null
2025-08-19 16:46:01.133 -06:00 [INF] Executing endpoint 'PaginaBizu.Controllers.HomeController.Index (PaginaBizu)'
2025-08-19 16:46:01.136 -06:00 [INF] Route matched with {action = "Index", controller = "Home", page = "", area = ""}. Executing controller action with signature Microsoft.AspNetCore.Mvc.IActionResult Index() on controller PaginaBizu.Controllers.HomeController (PaginaBizu).
2025-08-19 16:46:01.141 -06:00 [INF] ➡️ Acción ejecutándose: Home/Index | Usuario: No autenticado | IP: ::1 | Hora: "2025-08-19T16:46:01.1412491-06:00"
2025-08-19 16:46:01.150 -06:00 [INF] ✅ Acción ejecutada: Home/Index | Hora: "2025-08-19T16:46:01.1504507-06:00"
2025-08-19 16:46:01.154 -06:00 [INF] Executing ViewResult, running view Index.
2025-08-19 16:46:01.174 -06:00 [INF] Executed ViewResult - view Index executed in 20.2843ms.
2025-08-19 16:46:01.178 -06:00 [INF] Executed action PaginaBizu.Controllers.HomeController.Index (PaginaBizu) in 37.5941ms
2025-08-19 16:46:01.181 -06:00 [INF] Executed endpoint 'PaginaBizu.Controllers.HomeController.Index (PaginaBizu)'
2025-08-19 16:46:01.185 -06:00 [INF] Request finished HTTP/1.1 GET http://localhost:5116/ - 200 null text/html; charset=utf-8 74.9783ms
2025-08-19 16:46:01.551 -06:00 [INF] Request starting HTTP/1.1 GET http://localhost:5116/images/bg.png - null null
2025-08-19 16:46:01.557 -06:00 [INF] Request finished HTTP/1.1 GET http://localhost:5116/images/bg.png - 404 0 null 6.5369ms
2025-08-19 16:46:01.567 -06:00 [INF] Request reached the end of the middleware pipeline without being handled by application code. Request path: GET http://localhost:5116/images/bg.png, Response status code: 404
2025-08-19 16:46:01.573 -06:00 [INF] Request starting HTTP/1.1 GET http://localhost:5116/css/tailwindcss - null null
2025-08-19 16:46:01.578 -06:00 [INF] Request finished HTTP/1.1 GET http://localhost:5116/css/tailwindcss - 404 0 null 4.8533ms
2025-08-19 16:46:01.585 -06:00 [INF] Request reached the end of the middleware pipeline without being handled by application code. Request path: GET http://localhost:5116/css/tailwindcss, Response status code: 404
2025-08-19 16:46:17.391 -06:00 [INF] Request starting HTTP/1.1 GET http://localhost:5116/Shop - null null
2025-08-19 16:46:17.402 -06:00 [INF] Executing endpoint 'PaginaBizu.Controllers.ShopController.Index (PaginaBizu)'
2025-08-19 16:46:17.412 -06:00 [INF] Route matched with {action = "Index", controller = "Shop", page = "", area = ""}. Executing controller action with signature Microsoft.AspNetCore.Mvc.IActionResult Index() on controller PaginaBizu.Controllers.ShopController (PaginaBizu).
2025-08-19 16:46:17.419 -06:00 [INF] ➡️ Acción ejecutándose: Shop/Index | Usuario: No autenticado | IP: ::1 | Hora: "2025-08-19T16:46:17.4197438-06:00"
2025-08-19 16:46:17.550 -06:00 [INF] Executed DbCommand (6ms) [Parameters=[], CommandType='"Text"', CommandTimeout='30']
SELECT [p].[Id], [p].[CantidadDisponible], [p].[Categoria], [p].[Descripcion], [p].[FechaCreacion], [p].[ImagenUrl], [p].[NombreArticulo], [p].[Precio]
FROM [Products] AS [p]
2025-08-19 16:46:17.614 -06:00 [INF] ✅ Acción ejecutada: Shop/Index | Hora: "2025-08-19T16:46:17.6143025-06:00"
2025-08-19 16:46:17.620 -06:00 [INF] Executing ViewResult, running view Index.
2025-08-19 16:46:17.674 -06:00 [INF] Executed ViewResult - view Index executed in 55.2427ms.
2025-08-19 16:46:17.679 -06:00 [INF] Executed action PaginaBizu.Controllers.ShopController.Index (PaginaBizu) in 260.2437ms
2025-08-19 16:46:17.685 -06:00 [INF] Executed endpoint 'PaginaBizu.Controllers.ShopController.Index (PaginaBizu)'
2025-08-19 16:46:17.696 -06:00 [INF] Request finished HTTP/1.1 GET http://localhost:5116/Shop - 200 null text/html; charset=utf-8 305.0282ms
2025-08-19 16:46:17.733 -06:00 [INF] Request starting HTTP/1.1 GET http://localhost:5116/PaginaBizu.styles.css?v=u2o_07VtSGrZO3WxHAXzvZBevI20fzSZge8oUb78F-4 - null null
2025-08-19 16:46:17.737 -06:00 [INF] Request starting HTTP/1.1 GET http://localhost:5116/images/products/83d94351-84ba-49f1-808b-b4eec28733af_PUL-171.jpg - null null
2025-08-19 16:46:17.738 -06:00 [INF] Request starting HTTP/1.1 GET http://localhost:5116/images/products/dce3f390-568a-4359-9003-cf6d7f2ebc25_yellow.jpg - null null
2025-08-19 16:46:17.748 -06:00 [INF] The file /PaginaBizu.styles.css was not modified
2025-08-19 16:46:17.754 -06:00 [INF] The file /images/products/83d94351-84ba-49f1-808b-b4eec28733af_PUL-171.jpg was not modified
2025-08-19 16:46:17.763 -06:00 [INF] The file /images/products/dce3f390-568a-4359-9003-cf6d7f2ebc25_yellow.jpg was not modified
2025-08-19 16:46:17.768 -06:00 [INF] Request finished HTTP/1.1 GET http://localhost:5116/PaginaBizu.styles.css?v=u2o_07VtSGrZO3WxHAXzvZBevI20fzSZge8oUb78F-4 - 304 null text/css 34.7792ms
2025-08-19 16:46:17.771 -06:00 [INF] Request finished HTTP/1.1 GET http://localhost:5116/images/products/83d94351-84ba-49f1-808b-b4eec28733af_PUL-171.jpg - 304 null image/jpeg 33.9007ms
2025-08-19 16:46:17.774 -06:00 [INF] Request finished HTTP/1.1 GET http://localhost:5116/images/products/dce3f390-568a-4359-9003-cf6d7f2ebc25_yellow.jpg - 304 null image/jpeg 36.1252ms
2025-08-19 16:46:17.975 -06:00 [INF] Request starting HTTP/1.1 GET http://localhost:5116/images/products/49c27401-7d67-41c7-8305-78d819efef83_img_20230324_162501-01-11-bc2aa8e53d369d7ab416798663289912-640-0.jpeg - null null
2025-08-19 16:46:17.986 -06:00 [INF] The file /images/products/49c27401-7d67-41c7-8305-78d819efef83_img_20230324_162501-01-11-bc2aa8e53d369d7ab416798663289912-640-0.jpeg was not modified
2025-08-19 16:46:17.990 -06:00 [INF] Request finished HTTP/1.1 GET http://localhost:5116/images/products/49c27401-7d67-41c7-8305-78d819efef83_img_20230324_162501-01-11-bc2aa8e53d369d7ab416798663289912-640-0.jpeg - 304 null image/jpeg 14.796ms
2025-08-19 16:46:18.091 -06:00 [INF] Request starting HTTP/1.1 GET http://localhost:5116/Cart/CartCount - null null
2025-08-19 16:46:18.096 -06:00 [INF] Executing endpoint 'PaginaBizu.Controllers.CartController.CartCount (PaginaBizu)'
2025-08-19 16:46:18.101 -06:00 [INF] Route matched with {action = "CartCount", controller = "Cart", page = "", area = ""}. Executing controller action with signature Microsoft.AspNetCore.Mvc.IActionResult CartCount() on controller PaginaBizu.Controllers.CartController (PaginaBizu).
2025-08-19 16:46:18.105 -06:00 [INF] ➡️ Acción ejecutándose: Cart/CartCount | Usuario: No autenticado | IP: ::1 | Hora: "2025-08-19T16:46:18.1056079-06:00"
2025-08-19 16:46:18.112 -06:00 [INF] ✅ Acción ejecutada: Cart/CartCount | Hora: "2025-08-19T16:46:18.1128082-06:00"
2025-08-19 16:46:18.118 -06:00 [INF] Executing JsonResult, writing value of type 'System.Int32'.
2025-08-19 16:46:18.169 -06:00 [INF] Request starting HTTP/1.1 GET http://localhost:5116/Cart/CartCount - null null
2025-08-19 16:46:18.169 -06:00 [INF] Executed action PaginaBizu.Controllers.CartController.CartCount (PaginaBizu) in 64.5725ms
2025-08-19 16:46:18.177 -06:00 [INF] Executing endpoint 'PaginaBizu.Controllers.CartController.CartCount (PaginaBizu)'
2025-08-19 16:46:18.178 -06:00 [INF] Executed endpoint 'PaginaBizu.Controllers.CartController.CartCount (PaginaBizu)'
2025-08-19 16:46:18.181 -06:00 [INF] Route matched with {action = "CartCount", controller = "Cart", page = "", area = ""}. Executing controller action with signature Microsoft.AspNetCore.Mvc.IActionResult CartCount() on controller PaginaBizu.Controllers.CartController (PaginaBizu).
2025-08-19 16:46:18.184 -06:00 [INF] Request finished HTTP/1.1 GET http://localhost:5116/Cart/CartCount - 200 null application/json; charset=utf-8 92.7767ms
2025-08-19 16:46:18.187 -06:00 [INF] ➡️ Acción ejecutándose: Cart/CartCount | Usuario: No autenticado | IP: ::1 | Hora: "2025-08-19T16:46:18.1874463-06:00"
2025-08-19 16:46:18.195 -06:00 [INF] ✅ Acción ejecutada: Cart/CartCount | Hora: "2025-08-19T16:46:18.1955753-06:00"
2025-08-19 16:46:18.198 -06:00 [INF] Executing JsonResult, writing value of type 'System.Int32'.
2025-08-19 16:46:18.200 -06:00 [INF] Executed action PaginaBizu.Controllers.CartController.CartCount (PaginaBizu) in 13.8483ms
2025-08-19 16:46:18.203 -06:00 [INF] Executed endpoint 'PaginaBizu.Controllers.CartController.CartCount (PaginaBizu)'
2025-08-19 16:46:18.204 -06:00 [INF] Request finished HTTP/1.1 GET http://localhost:5116/Cart/CartCount - 200 null application/json; charset=utf-8 35.4914ms
2025-08-19 16:46:19.764 -06:00 [INF] Request starting HTTP/1.1 GET http://localhost:5116/ - null null
2025-08-19 16:46:19.771 -06:00 [INF] Executing endpoint 'PaginaBizu.Controllers.HomeController.Index (PaginaBizu)'
2025-08-19 16:46:19.774 -06:00 [INF] Route matched with {action = "Index", controller = "Home", page = "", area = ""}. Executing controller action with signature Microsoft.AspNetCore.Mvc.IActionResult Index() on controller PaginaBizu.Controllers.HomeController (PaginaBizu).
2025-08-19 16:46:19.782 -06:00 [INF] ➡️ Acción ejecutándose: Home/Index | Usuario: No autenticado | IP: ::1 | Hora: "2025-08-19T16:46:19.7818988-06:00"
2025-08-19 16:46:19.791 -06:00 [INF] ✅ Acción ejecutada: Home/Index | Hora: "2025-08-19T16:46:19.7913778-06:00"
2025-08-19 16:46:19.796 -06:00 [INF] Executing ViewResult, running view Index.
2025-08-19 16:46:19.812 -06:00 [INF] Executed ViewResult - view Index executed in 15.654ms.
2025-08-19 16:46:19.816 -06:00 [INF] Executed action PaginaBizu.Controllers.HomeController.Index (PaginaBizu) in 35.2216ms
2025-08-19 16:46:19.821 -06:00 [INF] Executed endpoint 'PaginaBizu.Controllers.HomeController.Index (PaginaBizu)'
2025-08-19 16:46:19.823 -06:00 [INF] Request finished HTTP/1.1 GET http://localhost:5116/ - 200 null text/html; charset=utf-8 59.4637ms
2025-08-19 16:46:20.052 -06:00 [INF] Request starting HTTP/1.1 GET http://localhost:5116/css/tailwindcss - null null
2025-08-19 16:46:20.062 -06:00 [INF] Request finished HTTP/1.1 GET http://localhost:5116/css/tailwindcss - 404 0 null 10.228ms
2025-08-19 16:46:20.073 -06:00 [INF] Request reached the end of the middleware pipeline without being handled by application code. Request path: GET http://localhost:5116/css/tailwindcss, Response status code: 404
2025-08-19 16:47:20.849 -06:00 [INF] Application is shutting down...
2025-08-19 16:47:36.908 -06:00 [INF] User profile is available. Using 'C:\Users\hoshu\AppData\Local\ASP.NET\DataProtection-Keys' as key repository and Windows DPAPI to encrypt keys at rest.
2025-08-19 16:47:37.636 -06:00 [INF] Executed DbCommand (34ms) [Parameters=[@__normalizedName_0='?' (Size = 256)], CommandType='"Text"', CommandTimeout='30']
SELECT TOP(1) [a].[Id], [a].[ConcurrencyStamp], [a].[Name], [a].[NormalizedName]
FROM [AspNetRoles] AS [a]
WHERE [a].[NormalizedName] = @__normalizedName_0
2025-08-19 16:47:37.709 -06:00 [INF] Executed DbCommand (7ms) [Parameters=[@__normalizedEmail_0='?' (Size = 256)], CommandType='"Text"', CommandTimeout='30']
SELECT TOP(2) [a].[Id], [a].[AccessFailedCount], [a].[ConcurrencyStamp], [a].[Email], [a].[EmailConfirmed], [a].[LockoutEnabled], [a].[LockoutEnd], [a].[NormalizedEmail], [a].[NormalizedUserName], [a].[PasswordHash], [a].[PhoneNumber], [a].[PhoneNumberConfirmed], [a].[SecurityStamp], [a].[TwoFactorEnabled], [a].[UserName]
FROM [AspNetUsers] AS [a]
WHERE [a].[NormalizedEmail] = @__normalizedEmail_0
2025-08-19 16:47:37.753 -06:00 [INF] Executed DbCommand (4ms) [Parameters=[@__normalizedRoleName_0='?' (Size = 256)], CommandType='"Text"', CommandTimeout='30']
SELECT TOP(2) [a].[Id], [a].[ConcurrencyStamp], [a].[Name], [a].[NormalizedName]
FROM [AspNetRoles] AS [a]
WHERE [a].[NormalizedName] = @__normalizedRoleName_0
2025-08-19 16:47:37.793 -06:00 [INF] Executed DbCommand (4ms) [Parameters=[@__p_0='?' (Size = 450), @__p_1='?' (Size = 450)], CommandType='"Text"', CommandTimeout='30']
SELECT TOP(1) [a].[UserId], [a].[RoleId]
FROM [AspNetUserRoles] AS [a]
WHERE [a].[UserId] = @__p_0 AND [a].[RoleId] = @__p_1
2025-08-19 16:47:37.811 -06:00 [INF] Executed DbCommand (1ms) [Parameters=[@__normalizedEmail_0='?' (Size = 256)], CommandType='"Text"', CommandTimeout='30']
SELECT TOP(2) [a].[Id], [a].[AccessFailedCount], [a].[ConcurrencyStamp], [a].[Email], [a].[EmailConfirmed], [a].[LockoutEnabled], [a].[LockoutEnd], [a].[NormalizedEmail], [a].[NormalizedUserName], [a].[PasswordHash], [a].[PhoneNumber], [a].[PhoneNumberConfirmed], [a].[SecurityStamp], [a].[TwoFactorEnabled], [a].[UserName]
FROM [AspNetUsers] AS [a]
WHERE [a].[NormalizedEmail] = @__normalizedEmail_0
2025-08-19 16:47:37.818 -06:00 [INF] Executed DbCommand (1ms) [Parameters=[@__normalizedRoleName_0='?' (Size = 256)], CommandType='"Text"', CommandTimeout='30']
SELECT TOP(2) [a].[Id], [a].[ConcurrencyStamp], [a].[Name], [a].[NormalizedName]
FROM [AspNetRoles] AS [a]
WHERE [a].[NormalizedName] = @__normalizedRoleName_0
2025-08-19 16:47:37.823 -06:00 [INF] Executed DbCommand (1ms) [Parameters=[@__p_0='?' (Size = 450), @__p_1='?' (Size = 450)], CommandType='"Text"', CommandTimeout='30']
SELECT TOP(1) [a].[UserId], [a].[RoleId]
FROM [AspNetUserRoles] AS [a]
WHERE [a].[UserId] = @__p_0 AND [a].[RoleId] = @__p_1
2025-08-19 16:47:37.827 -06:00 [INF] Executed DbCommand (1ms) [Parameters=[@__normalizedEmail_0='?' (Size = 256)], CommandType='"Text"', CommandTimeout='30']
SELECT TOP(2) [a].[Id], [a].[AccessFailedCount], [a].[ConcurrencyStamp], [a].[Email], [a].[EmailConfirmed], [a].[LockoutEnabled], [a].[LockoutEnd], [a].[NormalizedEmail], [a].[NormalizedUserName], [a].[PasswordHash], [a].[PhoneNumber], [a].[PhoneNumberConfirmed], [a].[SecurityStamp], [a].[TwoFactorEnabled], [a].[UserName]
FROM [AspNetUsers] AS [a]
WHERE [a].[NormalizedEmail] = @__normalizedEmail_0
2025-08-19 16:47:37.831 -06:00 [INF] Executed DbCommand (1ms) [Parameters=[@__normalizedRoleName_0='?' (Size = 256)], CommandType='"Text"', CommandTimeout='30']
SELECT TOP(2) [a].[Id], [a].[ConcurrencyStamp], [a].[Name], [a].[NormalizedName]
FROM [AspNetRoles] AS [a]
WHERE [a].[NormalizedName] = @__normalizedRoleName_0
2025-08-19 16:47:37.837 -06:00 [INF] Executed DbCommand (1ms) [Parameters=[@__p_0='?' (Size = 450), @__p_1='?' (Size = 450)], CommandType='"Text"', CommandTimeout='30']
SELECT TOP(1) [a].[UserId], [a].[RoleId]
FROM [AspNetUserRoles] AS [a]
WHERE [a].[UserId] = @__p_0 AND [a].[RoleId] = @__p_1
2025-08-19 16:47:38.008 -06:00 [INF] Now listening on: http://localhost:5116
2025-08-19 16:47:38.012 -06:00 [INF] Application started. Press Ctrl+C to shut down.
2025-08-19 16:47:38.015 -06:00 [INF] Hosting environment: Development
2025-08-19 16:47:38.017 -06:00 [INF] Content root path: C:\Users\hoshu\OneDrive\Desktop\ProyectoAnalisisDeSistemas-master\ProyectoAnalisisDeSistemas-master\PaginaBizu
2025-08-19 16:47:41.140 -06:00 [INF] Request starting HTTP/1.1 GET http://localhost:5116/ - null null
2025-08-19 16:47:41.172 -06:00 [WRN] Failed to determine the https port for redirect.
2025-08-19 16:47:41.207 -06:00 [INF] Executing endpoint 'PaginaBizu.Controllers.HomeController.Index (PaginaBizu)'
2025-08-19 16:47:41.220 -06:00 [INF] Route matched with {action = "Index", controller = "Home", page = "", area = ""}. Executing controller action with signature Microsoft.AspNetCore.Mvc.IActionResult Index() on controller PaginaBizu.Controllers.HomeController (PaginaBizu).
2025-08-19 16:47:41.231 -06:00 [INF] ➡️ Acción ejecutándose: Home/Index | Usuario: No autenticado | IP: ::1 | Hora: "2025-08-19T16:47:41.2310537-06:00"
2025-08-19 16:47:41.239 -06:00 [INF] ✅ Acción ejecutada: Home/Index | Hora: "2025-08-19T16:47:41.2393955-06:00"
2025-08-19 16:47:41.247 -06:00 [INF] Executing ViewResult, running view Index.
2025-08-19 16:47:41.305 -06:00 [INF] Executed ViewResult - view Index executed in 59.2875ms.
2025-08-19 16:47:41.310 -06:00 [INF] Executed action PaginaBizu.Controllers.HomeController.Index (PaginaBizu) in 86.0426ms
2025-08-19 16:47:41.315 -06:00 [INF] Executed endpoint 'PaginaBizu.Controllers.HomeController.Index (PaginaBizu)'
2025-08-19 16:47:41.324 -06:00 [INF] Request finished HTTP/1.1 GET http://localhost:5116/ - 200 null text/html; charset=utf-8 185.2556ms
2025-08-19 16:47:41.648 -06:00 [INF] Request starting HTTP/1.1 GET http://localhost:5116/css/tailwindcss - null null
2025-08-19 16:47:41.658 -06:00 [INF] Request finished HTTP/1.1 GET http://localhost:5116/css/tailwindcss - 404 0 null 9.8176ms
2025-08-19 16:47:41.666 -06:00 [INF] Request reached the end of the middleware pipeline without being handled by application code. Request path: GET http://localhost:5116/css/tailwindcss, Response status code: 404
2025-08-19 16:49:06.259 -06:00 [INF] Application is shutting down...
2025-08-19 16:49:49.906 -06:00 [INF] User profile is available. Using 'C:\Users\hoshu\AppData\Local\ASP.NET\DataProtection-Keys' as key repository and Windows DPAPI to encrypt keys at rest.
2025-08-19 16:49:50.747 -06:00 [INF] Executed DbCommand (39ms) [Parameters=[@__normalizedName_0='?' (Size = 256)], CommandType='"Text"', CommandTimeout='30']
SELECT TOP(1) [a].[Id], [a].[ConcurrencyStamp], [a].[Name], [a].[NormalizedName]
FROM [AspNetRoles] AS [a]
WHERE [a].[NormalizedName] = @__normalizedName_0
2025-08-19 16:49:50.870 -06:00 [INF] Executed DbCommand (8ms) [Parameters=[@__normalizedEmail_0='?' (Size = 256)], CommandType='"Text"', CommandTimeout='30']
SELECT TOP(2) [a].[Id], [a].[AccessFailedCount], [a].[ConcurrencyStamp], [a].[Email], [a].[EmailConfirmed], [a].[LockoutEnabled], [a].[LockoutEnd], [a].[NormalizedEmail], [a].[NormalizedUserName], [a].[PasswordHash], [a].[PhoneNumber], [a].[PhoneNumberConfirmed], [a].[SecurityStamp], [a].[TwoFactorEnabled], [a].[UserName]
FROM [AspNetUsers] AS [a]
WHERE [a].[NormalizedEmail] = @__normalizedEmail_0
2025-08-19 16:49:50.924 -06:00 [INF] Executed DbCommand (4ms) [Parameters=[@__normalizedRoleName_0='?' (Size = 256)], CommandType='"Text"', CommandTimeout='30']
SELECT TOP(2) [a].[Id], [a].[ConcurrencyStamp], [a].[Name], [a].[NormalizedName]
FROM [AspNetRoles] AS [a]
WHERE [a].[NormalizedName] = @__normalizedRoleName_0
2025-08-19 16:49:50.957 -06:00 [INF] Executed DbCommand (5ms) [Parameters=[@__p_0='?' (Size = 450), @__p_1='?' (Size = 450)], CommandType='"Text"', CommandTimeout='30']
SELECT TOP(1) [a].[UserId], [a].[RoleId]
FROM [AspNetUserRoles] AS [a]
WHERE [a].[UserId] = @__p_0 AND [a].[RoleId] = @__p_1
2025-08-19 16:49:50.973 -06:00 [INF] Executed DbCommand (1ms) [Parameters=[@__normalizedEmail_0='?' (Size = 256)], CommandType='"Text"', CommandTimeout='30']
SELECT TOP(2) [a].[Id], [a].[AccessFailedCount], [a].[ConcurrencyStamp], [a].[Email], [a].[EmailConfirmed], [a].[LockoutEnabled], [a].[LockoutEnd], [a].[NormalizedEmail], [a].[NormalizedUserName], [a].[PasswordHash], [a].[PhoneNumber], [a].[PhoneNumberConfirmed], [a].[SecurityStamp], [a].[TwoFactorEnabled], [a].[UserName]
FROM [AspNetUsers] AS [a]
WHERE [a].[NormalizedEmail] = @__normalizedEmail_0
2025-08-19 16:49:50.982 -06:00 [INF] Executed DbCommand (1ms) [Parameters=[@__normalizedRoleName_0='?' (Size = 256)], CommandType='"Text"', CommandTimeout='30']
SELECT TOP(2) [a].[Id], [a].[ConcurrencyStamp], [a].[Name], [a].[NormalizedName]
FROM [AspNetRoles] AS [a]
WHERE [a].[NormalizedName] = @__normalizedRoleName_0
2025-08-19 16:49:50.988 -06:00 [INF] Executed DbCommand (1ms) [Parameters=[@__p_0='?' (Size = 450), @__p_1='?' (Size = 450)], CommandType='"Text"', CommandTimeout='30']
SELECT TOP(1) [a].[UserId], [a].[RoleId]
FROM [AspNetUserRoles] AS [a]
WHERE [a].[UserId] = @__p_0 AND [a].[RoleId] = @__p_1
2025-08-19 16:49:50.994 -06:00 [INF] Executed DbCommand (1ms) [Parameters=[@__normalizedEmail_0='?' (Size = 256)], CommandType='"Text"', CommandTimeout='30']
SELECT TOP(2) [a].[Id], [a].[AccessFailedCount], [a].[ConcurrencyStamp], [a].[Email], [a].[EmailConfirmed], [a].[LockoutEnabled], [a].[LockoutEnd], [a].[NormalizedEmail], [a].[NormalizedUserName], [a].[PasswordHash], [a].[PhoneNumber], [a].[PhoneNumberConfirmed], [a].[SecurityStamp], [a].[TwoFactorEnabled], [a].[UserName]
FROM [AspNetUsers] AS [a]
WHERE [a].[NormalizedEmail] = @__normalizedEmail_0
2025-08-19 16:49:50.998 -06:00 [INF] Executed DbCommand (1ms) [Parameters=[@__normalizedRoleName_0='?' (Size = 256)], CommandType='"Text"', CommandTimeout='30']
SELECT TOP(2) [a].[Id], [a].[ConcurrencyStamp], [a].[Name], [a].[NormalizedName]
FROM [AspNetRoles] AS [a]
WHERE [a].[NormalizedName] = @__normalizedRoleName_0
2025-08-19 16:49:51.004 -06:00 [INF] Executed DbCommand (1ms) [Parameters=[@__p_0='?' (Size = 450), @__p_1='?' (Size = 450)], CommandType='"Text"', CommandTimeout='30']
SELECT TOP(1) [a].[UserId], [a].[RoleId]
FROM [AspNetUserRoles] AS [a]
WHERE [a].[UserId] = @__p_0 AND [a].[RoleId] = @__p_1
2025-08-19 16:49:51.215 -06:00 [INF] Now listening on: http://localhost:5116
2025-08-19 16:49:51.218 -06:00 [INF] Application started. Press Ctrl+C to shut down.
2025-08-19 16:49:51.219 -06:00 [INF] Hosting environment: Development
2025-08-19 16:49:51.220 -06:00 [INF] Content root path: C:\Users\hoshu\OneDrive\Desktop\ProyectoAnalisisDeSistemas-master\ProyectoAnalisisDeSistemas-master\PaginaBizu
2025-08-19 16:49:53.398 -06:00 [INF] Request starting HTTP/1.1 GET http://localhost:5116/ - null null
2025-08-19 16:49:53.426 -06:00 [WRN] Failed to determine the https port for redirect.
2025-08-19 16:49:53.458 -06:00 [INF] Executing endpoint 'PaginaBizu.Controllers.HomeController.Index (PaginaBizu)'
2025-08-19 16:49:53.469 -06:00 [INF] Route matched with {action = "Index", controller = "Home", page = "", area = ""}. Executing controller action with signature Microsoft.AspNetCore.Mvc.IActionResult Index() on controller PaginaBizu.Controllers.HomeController (PaginaBizu).
2025-08-19 16:49:53.480 -06:00 [INF] ➡️ Acción ejecutándose: Home/Index | Usuario: No autenticado | IP: ::1 | Hora: "2025-08-19T16:49:53.4800182-06:00"
2025-08-19 16:49:53.483 -06:00 [INF] ✅ Acción ejecutada: Home/Index | Hora: "2025-08-19T16:49:53.4835282-06:00"
2025-08-19 16:49:53.491 -06:00 [INF] Executing ViewResult, running view Index.
2025-08-19 16:49:53.546 -06:00 [INF] Executed ViewResult - view Index executed in 55.4803ms.
2025-08-19 16:49:53.553 -06:00 [INF] Executed action PaginaBizu.Controllers.HomeController.Index (PaginaBizu) in 78.9904ms
2025-08-19 16:49:53.561 -06:00 [INF] Executed endpoint 'PaginaBizu.Controllers.HomeController.Index (PaginaBizu)'
2025-08-19 16:49:53.575 -06:00 [INF] Request finished HTTP/1.1 GET http://localhost:5116/ - 200 null text/html; charset=utf-8 177.9254ms
2025-08-19 16:49:53.888 -06:00 [INF] Request starting HTTP/1.1 GET http://localhost:5116/images/bg.png - null null
2025-08-19 16:49:53.892 -06:00 [INF] Request starting HTTP/1.1 GET http://localhost:5116/css/tailwindcss - null null
2025-08-19 16:49:53.903 -06:00 [INF] Request finished HTTP/1.1 GET http://localhost:5116/images/bg.png - 404 0 null 14.6929ms
2025-08-19 16:49:53.904 -06:00 [INF] Request finished HTTP/1.1 GET http://localhost:5116/css/tailwindcss - 404 0 null 11.9888ms
2025-08-19 16:49:53.910 -06:00 [INF] Request reached the end of the middleware pipeline without being handled by application code. Request path: GET http://localhost:5116/images/bg.png, Response status code: 404
2025-08-19 16:49:53.913 -06:00 [INF] Request reached the end of the middleware pipeline without being handled by application code. Request path: GET http://localhost:5116/css/tailwindcss, Response status code: 404
2025-08-19 16:51:23.348 -06:00 [INF] Application is shutting down...
2025-08-19 16:51:45.719 -06:00 [INF] User profile is available. Using 'C:\Users\hoshu\AppData\Local\ASP.NET\DataProtection-Keys' as key repository and Windows DPAPI to encrypt keys at rest.
2025-08-19 16:51:46.526 -06:00 [INF] Executed DbCommand (37ms) [Parameters=[@__normalizedName_0='?' (Size = 256)], CommandType='"Text"', CommandTimeout='30']
SELECT TOP(1) [a].[Id], [a].[ConcurrencyStamp], [a].[Name], [a].[NormalizedName]
FROM [AspNetRoles] AS [a]
WHERE [a].[NormalizedName] = @__normalizedName_0
2025-08-19 16:51:46.611 -06:00 [INF] Executed DbCommand (13ms) [Parameters=[@__normalizedEmail_0='?' (Size = 256)], CommandType='"Text"', CommandTimeout='30']
SELECT TOP(2) [a].[Id], [a].[AccessFailedCount], [a].[ConcurrencyStamp], [a].[Email], [a].[EmailConfirmed], [a].[LockoutEnabled], [a].[LockoutEnd], [a].[NormalizedEmail], [a].[NormalizedUserName], [a].[PasswordHash], [a].[PhoneNumber], [a].[PhoneNumberConfirmed], [a].[SecurityStamp], [a].[TwoFactorEnabled], [a].[UserName]
FROM [AspNetUsers] AS [a]
WHERE [a].[NormalizedEmail] = @__normalizedEmail_0
2025-08-19 16:51:46.670 -06:00 [INF] Executed DbCommand (5ms) [Parameters=[@__normalizedRoleName_0='?' (Size = 256)], CommandType='"Text"', CommandTimeout='30']
SELECT TOP(2) [a].[Id], [a].[ConcurrencyStamp], [a].[Name], [a].[NormalizedName]
FROM [AspNetRoles] AS [a]
WHERE [a].[NormalizedName] = @__normalizedRoleName_0
2025-08-19 16:51:46.703 -06:00 [INF] Executed DbCommand (4ms) [Parameters=[@__p_0='?' (Size = 450), @__p_1='?' (Size = 450)], CommandType='"Text"', CommandTimeout='30']
SELECT TOP(1) [a].[UserId], [a].[RoleId]
FROM [AspNetUserRoles] AS [a]
WHERE [a].[UserId] = @__p_0 AND [a].[RoleId] = @__p_1
2025-08-19 16:51:46.724 -06:00 [INF] Executed DbCommand (1ms) [Parameters=[@__normalizedEmail_0='?' (Size = 256)], CommandType='"Text"', CommandTimeout='30']
SELECT TOP(2) [a].[Id], [a].[AccessFailedCount], [a].[ConcurrencyStamp], [a].[Email], [a].[EmailConfirmed], [a].[LockoutEnabled], [a].[LockoutEnd], [a].[NormalizedEmail], [a].[NormalizedUserName], [a].[PasswordHash], [a].[PhoneNumber], [a].[PhoneNumberConfirmed], [a].[SecurityStamp], [a].[TwoFactorEnabled], [a].[UserName]
FROM [AspNetUsers] AS [a]
WHERE [a].[NormalizedEmail] = @__normalizedEmail_0
2025-08-19 16:51:46.732 -06:00 [INF] Executed DbCommand (1ms) [Parameters=[@__normalizedRoleName_0='?' (Size = 256)], CommandType='"Text"', CommandTimeout='30']
SELECT TOP(2) [a].[Id], [a].[ConcurrencyStamp], [a].[Name], [a].[NormalizedName]
FROM [AspNetRoles] AS [a]
WHERE [a].[NormalizedName] = @__normalizedRoleName_0
2025-08-19 16:51:46.736 -06:00 [INF] Executed DbCommand (1ms) [Parameters=[@__p_0='?' (Size = 450), @__p_1='?' (Size = 450)], CommandType='"Text"', CommandTimeout='30']
SELECT TOP(1) [a].[UserId], [a].[RoleId]
FROM [AspNetUserRoles] AS [a]
WHERE [a].[UserId] = @__p_0 AND [a].[RoleId] = @__p_1
2025-08-19 16:51:46.745 -06:00 [INF] Executed DbCommand (1ms) [Parameters=[@__normalizedEmail_0='?' (Size = 256)], CommandType='"Text"', CommandTimeout='30']
SELECT TOP(2) [a].[Id], [a].[AccessFailedCount], [a].[ConcurrencyStamp], [a].[Email], [a].[EmailConfirmed], [a].[LockoutEnabled], [a].[LockoutEnd], [a].[NormalizedEmail], [a].[NormalizedUserName], [a].[PasswordHash], [a].[PhoneNumber], [a].[PhoneNumberConfirmed], [a].[SecurityStamp], [a].[TwoFactorEnabled], [a].[UserName]
FROM [AspNetUsers] AS [a]
WHERE [a].[NormalizedEmail] = @__normalizedEmail_0
2025-08-19 16:51:46.750 -06:00 [INF] Executed DbCommand (1ms) [Parameters=[@__normalizedRoleName_0='?' (Size = 256)], CommandType='"Text"', CommandTimeout='30']
SELECT TOP(2) [a].[Id], [a].[ConcurrencyStamp], [a].[Name], [a].[NormalizedName]
FROM [AspNetRoles] AS [a]
WHERE [a].[NormalizedName] = @__normalizedRoleName_0
2025-08-19 16:51:46.753 -06:00 [INF] Executed DbCommand (1ms) [Parameters=[@__p_0='?' (Size = 450), @__p_1='?' (Size = 450)], CommandType='"Text"', CommandTimeout='30']
SELECT TOP(1) [a].[UserId], [a].[RoleId]
FROM [AspNetUserRoles] AS [a]
WHERE [a].[UserId] = @__p_0 AND [a].[RoleId] = @__p_1
2025-08-19 16:51:46.987 -06:00 [INF] Now listening on: http://localhost:5116
2025-08-19 16:51:46.992 -06:00 [INF] Application started. Press Ctrl+C to shut down.
2025-08-19 16:51:46.993 -06:00 [INF] Hosting environment: Development
2025-08-19 16:51:46.994 -06:00 [INF] Content root path: C:\Users\hoshu\OneDrive\Desktop\ProyectoAnalisisDeSistemas-master\ProyectoAnalisisDeSistemas-master\PaginaBizu
2025-08-19 16:51:52.471 -06:00 [INF] Request starting HTTP/1.1 GET http://localhost:5116/ - null null
2025-08-19 16:51:52.517 -06:00 [WRN] Failed to determine the https port for redirect.
2025-08-19 16:51:52.566 -06:00 [INF] Executing endpoint 'PaginaBizu.Controllers.HomeController.Index (PaginaBizu)'
2025-08-19 16:51:52.594 -06:00 [INF] Route matched with {action = "Index", controller = "Home", page = "", area = ""}. Executing controller action with signature Microsoft.AspNetCore.Mvc.IActionResult Index() on controller PaginaBizu.Controllers.HomeController (PaginaBizu).
2025-08-19 16:51:52.617 -06:00 [INF] ➡️ Acción ejecutándose: Home/Index | Usuario: No autenticado | IP: ::1 | Hora: "2025-08-19T16:51:52.6165262-06:00"
2025-08-19 16:51:52.624 -06:00 [INF] ✅ Acción ejecutada: Home/Index | Hora: "2025-08-19T16:51:52.6245458-06:00"
2025-08-19 16:51:52.640 -06:00 [INF] Executing ViewResult, running view Index.
2025-08-19 16:51:52.757 -06:00 [INF] Executed ViewResult - view Index executed in 122.0869ms.
2025-08-19 16:51:52.768 -06:00 [INF] Executed action PaginaBizu.Controllers.HomeController.Index (PaginaBizu) in 168.3291ms
2025-08-19 16:51:52.776 -06:00 [INF] Executed endpoint 'PaginaBizu.Controllers.HomeController.Index (PaginaBizu)'
2025-08-19 16:51:52.799 -06:00 [INF] Request finished HTTP/1.1 GET http://localhost:5116/ - 200 null text/html; charset=utf-8 329.5384ms
2025-08-19 16:51:53.102 -06:00 [INF] Request starting HTTP/1.1 GET http://localhost:5116/images/bg.png - null null
2025-08-19 16:51:53.105 -06:00 [INF] Request starting HTTP/1.1 GET http://localhost:5116/css/tailwindcss - null null
2025-08-19 16:51:53.121 -06:00 [INF] Request finished HTTP/1.1 GET http://localhost:5116/images/bg.png - 404 0 null 19.7506ms
2025-08-19 16:51:53.121 -06:00 [INF] Request finished HTTP/1.1 GET http://localhost:5116/css/tailwindcss - 404 0 null 15.0885ms
2025-08-19 16:51:53.130 -06:00 [INF] Request reached the end of the middleware pipeline without being handled by application code. Request path: GET http://localhost:5116/images/bg.png, Response status code: 404
2025-08-19 16:51:53.133 -06:00 [INF] Request reached the end of the middleware pipeline without being handled by application code. Request path: GET http://localhost:5116/css/tailwindcss, Response status code: 404
2025-08-19 16:53:56.203 -06:00 [INF] Application is shutting down...
2025-08-19 16:54:01.962 -06:00 [INF] User profile is available. Using 'C:\Users\hoshu\AppData\Local\ASP.NET\DataProtection-Keys' as key repository and Windows DPAPI to encrypt keys at rest.
2025-08-19 16:54:02.764 -06:00 [INF] Executed DbCommand (33ms) [Parameters=[@__normalizedName_0='?' (Size = 256)], CommandType='"Text"', CommandTimeout='30']
SELECT TOP(1) [a].[Id], [a].[ConcurrencyStamp], [a].[Name], [a].[NormalizedName]
FROM [AspNetRoles] AS [a]
WHERE [a].[NormalizedName] = @__normalizedName_0
2025-08-19 16:54:02.857 -06:00 [INF] Executed DbCommand (8ms) [Parameters=[@__normalizedEmail_0='?' (Size = 256)], CommandType='"Text"', CommandTimeout='30']
SELECT TOP(2) [a].[Id], [a].[AccessFailedCount], [a].[ConcurrencyStamp], [a].[Email], [a].[EmailConfirmed], [a].[LockoutEnabled], [a].[LockoutEnd], [a].[NormalizedEmail], [a].[NormalizedUserName], [a].[PasswordHash], [a].[PhoneNumber], [a].[PhoneNumberConfirmed], [a].[SecurityStamp], [a].[TwoFactorEnabled], [a].[UserName]
FROM [AspNetUsers] AS [a]
WHERE [a].[NormalizedEmail] = @__normalizedEmail_0
2025-08-19 16:54:02.900 -06:00 [INF] Executed DbCommand (4ms) [Parameters=[@__normalizedRoleName_0='?' (Size = 256)], CommandType='"Text"', CommandTimeout='30']
SELECT TOP(2) [a].[Id], [a].[ConcurrencyStamp], [a].[Name], [a].[NormalizedName]
FROM [AspNetRoles] AS [a]
WHERE [a].[NormalizedName] = @__normalizedRoleName_0
2025-08-19 16:54:02.925 -06:00 [INF] Executed DbCommand (4ms) [Parameters=[@__p_0='?' (Size = 450), @__p_1='?' (Size = 450)], CommandType='"Text"', CommandTimeout='30']
SELECT TOP(1) [a].[UserId], [a].[RoleId]
FROM [AspNetUserRoles] AS [a]
WHERE [a].[UserId] = @__p_0 AND [a].[RoleId] = @__p_1
2025-08-19 16:54:02.939 -06:00 [INF] Executed DbCommand (1ms) [Parameters=[@__normalizedEmail_0='?' (Size = 256)], CommandType='"Text"', CommandTimeout='30']
SELECT TOP(2) [a].[Id], [a].[AccessFailedCount], [a].[ConcurrencyStamp], [a].[Email], [a].[EmailConfirmed], [a].[LockoutEnabled], [a].[LockoutEnd], [a].[NormalizedEmail], [a].[NormalizedUserName], [a].[PasswordHash], [a].[PhoneNumber], [a].[PhoneNumberConfirmed], [a].[SecurityStamp], [a].[TwoFactorEnabled], [a].[UserName]
FROM [AspNetUsers] AS [a]
WHERE [a].[NormalizedEmail] = @__normalizedEmail_0
2025-08-19 16:54:02.948 -06:00 [INF] Executed DbCommand (1ms) [Parameters=[@__normalizedRoleName_0='?' (Size = 256)], CommandType='"Text"', CommandTimeout='30']
SELECT TOP(2) [a].[Id], [a].[ConcurrencyStamp], [a].[Name], [a].[NormalizedName]
FROM [AspNetRoles] AS [a]
WHERE [a].[NormalizedName] = @__normalizedRoleName_0
2025-08-19 16:54:02.953 -06:00 [INF] Executed DbCommand (1ms) [Parameters=[@__p_0='?' (Size = 450), @__p_1='?' (Size = 450)], CommandType='"Text"', CommandTimeout='30']
SELECT TOP(1) [a].[UserId], [a].[RoleId]
FROM [AspNetUserRoles] AS [a]
WHERE [a].[UserId] = @__p_0 AND [a].[RoleId] = @__p_1
2025-08-19 16:54:02.956 -06:00 [INF] Executed DbCommand (1ms) [Parameters=[@__normalizedEmail_0='?' (Size = 256)], CommandType='"Text"', CommandTimeout='30']
SELECT TOP(2) [a].[Id], [a].[AccessFailedCount], [a].[ConcurrencyStamp], [a].[Email], [a].[EmailConfirmed], [a].[LockoutEnabled], [a].[LockoutEnd], [a].[NormalizedEmail], [a].[NormalizedUserName], [a].[PasswordHash], [a].[PhoneNumber], [a].[PhoneNumberConfirmed], [a].[SecurityStamp], [a].[TwoFactorEnabled], [a].[UserName]
FROM [AspNetUsers] AS [a]
WHERE [a].[NormalizedEmail] = @__normalizedEmail_0
2025-08-19 16:54:02.961 -06:00 [INF] Executed DbCommand (1ms) [Parameters=[@__normalizedRoleName_0='?' (Size = 256)], CommandType='"Text"', CommandTimeout='30']
SELECT TOP(2) [a].[Id], [a].[ConcurrencyStamp], [a].[Name], [a].[NormalizedName]
FROM [AspNetRoles] AS [a]
WHERE [a].[NormalizedName] = @__normalizedRoleName_0
2025-08-19 16:54:02.967 -06:00 [INF] Executed DbCommand (1ms) [Parameters=[@__p_0='?' (Size = 450), @__p_1='?' (Size = 450)], CommandType='"Text"', CommandTimeout='30']
SELECT TOP(1) [a].[UserId], [a].[RoleId]
FROM [AspNetUserRoles] AS [a]
WHERE [a].[UserId] = @__p_0 AND [a].[RoleId] = @__p_1
2025-08-19 16:54:03.257 -06:00 [INF] Now listening on: http://localhost:5116
2025-08-19 16:54:03.261 -06:00 [INF] Application started. Press Ctrl+C to shut down.
2025-08-19 16:54:03.262 -06:00 [INF] Hosting environment: Development
2025-08-19 16:54:03.263 -06:00 [INF] Content root path: C:\Users\hoshu\OneDrive\Desktop\ProyectoAnalisisDeSistemas-master\ProyectoAnalisisDeSistemas-master\PaginaBizu
2025-08-19 16:54:06.166 -06:00 [INF] Request starting HTTP/1.1 GET http://localhost:5116/ - null null
2025-08-19 16:54:06.188 -06:00 [WRN] Failed to determine the https port for redirect.
2025-08-19 16:54:06.214 -06:00 [INF] Executing endpoint 'PaginaBizu.Controllers.HomeController.Index (PaginaBizu)'
2025-08-19 16:54:06.225 -06:00 [INF] Route matched with {action = "Index", controller = "Home", page = "", area = ""}. Executing controller action with signature Microsoft.AspNetCore.Mvc.IActionResult Index() on controller PaginaBizu.Controllers.HomeController (PaginaBizu).
2025-08-19 16:54:06.235 -06:00 [INF] ➡️ Acción ejecutándose: Home/Index | Usuario: No autenticado | IP: ::1 | Hora: "2025-08-19T16:54:06.2354551-06:00"
2025-08-19 16:54:06.239 -06:00 [INF] ✅ Acción ejecutada: Home/Index | Hora: "2025-08-19T16:54:06.2398708-06:00"
2025-08-19 16:54:06.249 -06:00 [INF] Executing ViewResult, running view Index.
2025-08-19 16:54:06.302 -06:00 [INF] Executed ViewResult - view Index executed in 53.5273ms.
2025-08-19 16:54:06.310 -06:00 [INF] Executed action PaginaBizu.Controllers.HomeController.Index (PaginaBizu) in 79.373ms
2025-08-19 16:54:06.314 -06:00 [INF] Executed endpoint 'PaginaBizu.Controllers.HomeController.Index (PaginaBizu)'
2025-08-19 16:54:06.323 -06:00 [INF] Request finished HTTP/1.1 GET http://localhost:5116/ - 200 null text/html; charset=utf-8 156.9598ms
2025-08-19 16:54:06.672 -06:00 [INF] Request starting HTTP/1.1 GET http://localhost:5116/css/tailwindcss - null null
2025-08-19 16:54:06.671 -06:00 [INF] Request starting HTTP/1.1 GET http://localhost:5116/images/bg.png - null null
2025-08-19 16:54:06.684 -06:00 [INF] Request finished HTTP/1.1 GET http://localhost:5116/css/tailwindcss - 404 0 null 12.6654ms
2025-08-19 16:54:06.688 -06:00 [INF] Request finished HTTP/1.1 GET http://localhost:5116/images/bg.png - 404 0 null 16.7371ms
2025-08-19 16:54:06.692 -06:00 [INF] Request reached the end of the middleware pipeline without being handled by application code. Request path: GET http://localhost:5116/css/tailwindcss, Response status code: 404
2025-08-19 16:54:06.696 -06:00 [INF] Request reached the end of the middleware pipeline without being handled by application code. Request path: GET http://localhost:5116/images/bg.png, Response status code: 404
2025-08-19 16:54:08.013 -06:00 [INF] Request starting HTTP/1.1 GET http://localhost:5116/assets/img/aretes1.jpg - null null
2025-08-19 16:54:08.020 -06:00 [INF] Request finished HTTP/1.1 GET http://localhost:5116/assets/img/aretes1.jpg - 404 0 null 6.7016ms
2025-08-19 16:54:08.025 -06:00 [INF] Request reached the end of the middleware pipeline without being handled by application code. Request path: GET http://localhost:5116/assets/img/aretes1.jpg, Response status code: 404
2025-08-19 16:54:13.891 -06:00 [INF] Request starting HTTP/1.1 GET http://localhost:5116/ - null null
2025-08-19 16:54:13.897 -06:00 [INF] Executing endpoint 'PaginaBizu.Controllers.HomeController.Index (PaginaBizu)'
2025-08-19 16:54:13.902 -06:00 [INF] Route matched with {action = "Index", controller = "Home", page = "", area = ""}. Executing controller action with signature Microsoft.AspNetCore.Mvc.IActionResult Index() on controller PaginaBizu.Controllers.HomeController (PaginaBizu).
2025-08-19 16:54:13.907 -06:00 [INF] ➡️ Acción ejecutándose: Home/Index | Usuario: No autenticado | IP: ::1 | Hora: "2025-08-19T16:54:13.9078045-06:00"
2025-08-19 16:54:13.913 -06:00 [INF] ✅ Acción ejecutada: Home/Index | Hora: "2025-08-19T16:54:13.9138224-06:00"
2025-08-19 16:54:13.919 -06:00 [INF] Executing ViewResult, running view Index.
2025-08-19 16:54:13.945 -06:00 [INF] Executed ViewResult - view Index executed in 26.8188ms.
2025-08-19 16:54:13.951 -06:00 [INF] Executed action PaginaBizu.Controllers.HomeController.Index (PaginaBizu) in 43.9206ms
2025-08-19 16:54:13.956 -06:00 [INF] Executed endpoint 'PaginaBizu.Controllers.HomeController.Index (PaginaBizu)'
2025-08-19 16:54:13.960 -06:00 [INF] Request finished HTTP/1.1 GET http://localhost:5116/ - 200 null text/html; charset=utf-8 68.9405ms
2025-08-19 16:54:14.184 -06:00 [INF] Request starting HTTP/1.1 GET http://localhost:5116/css/tailwindcss - null null
2025-08-19 16:54:14.187 -06:00 [INF] Request starting HTTP/1.1 GET http://localhost:5116/images/bg.png - null null
2025-08-19 16:54:14.193 -06:00 [INF] Request finished HTTP/1.1 GET http://localhost:5116/css/tailwindcss - 404 0 null 9.2746ms
2025-08-19 16:54:14.200 -06:00 [INF] Request finished HTTP/1.1 GET http://localhost:5116/images/bg.png - 404 0 null 13.3417ms
2025-08-19 16:54:14.210 -06:00 [INF] Request reached the end of the middleware pipeline without being handled by application code. Request path: GET http://localhost:5116/css/tailwindcss, Response status code: 404
2025-08-19 16:54:14.218 -06:00 [INF] Request reached the end of the middleware pipeline without being handled by application code. Request path: GET http://localhost:5116/images/bg.png, Response status code: 404
2025-08-19 16:54:17.501 -06:00 [INF] Request starting HTTP/1.1 GET http://localhost:5116/assets/img/aretes1.jpg - null null
2025-08-19 16:54:17.506 -06:00 [INF] Request finished HTTP/1.1 GET http://localhost:5116/assets/img/aretes1.jpg - 404 0 null 4.7367ms
2025-08-19 16:54:17.514 -06:00 [INF] Request reached the end of the middleware pipeline without being handled by application code. Request path: GET http://localhost:5116/assets/img/aretes1.jpg, Response status code: 404
2025-08-19 16:55:28.988 -06:00 [INF] Application is shutting down...
2025-08-19 16:55:34.708 -06:00 [INF] User profile is available. Using 'C:\Users\hoshu\AppData\Local\ASP.NET\DataProtection-Keys' as key repository and Windows DPAPI to encrypt keys at rest.
2025-08-19 16:55:35.479 -06:00 [INF] Executed DbCommand (61ms) [Parameters=[@__normalizedName_0='?' (Size = 256)], CommandType='"Text"', CommandTimeout='30']
SELECT TOP(1) [a].[Id], [a].[ConcurrencyStamp], [a].[Name], [a].[NormalizedName]
FROM [AspNetRoles] AS [a]
WHERE [a].[NormalizedName] = @__normalizedName_0
2025-08-19 16:55:35.579 -06:00 [INF] Executed DbCommand (8ms) [Parameters=[@__normalizedEmail_0='?' (Size = 256)], CommandType='"Text"', CommandTimeout='30']
SELECT TOP(2) [a].[Id], [a].[AccessFailedCount], [a].[ConcurrencyStamp], [a].[Email], [a].[EmailConfirmed], [a].[LockoutEnabled], [a].[LockoutEnd], [a].[NormalizedEmail], [a].[NormalizedUserName], [a].[PasswordHash], [a].[PhoneNumber], [a].[PhoneNumberConfirmed], [a].[SecurityStamp], [a].[TwoFactorEnabled], [a].[UserName]
FROM [AspNetUsers] AS [a]
WHERE [a].[NormalizedEmail] = @__normalizedEmail_0
2025-08-19 16:55:35.621 -06:00 [INF] Executed DbCommand (3ms) [Parameters=[@__normalizedRoleName_0='?' (Size = 256)], CommandType='"Text"', CommandTimeout='30']
SELECT TOP(2) [a].[Id], [a].[ConcurrencyStamp], [a].[Name], [a].[NormalizedName]
FROM [AspNetRoles] AS [a]
WHERE [a].[NormalizedName] = @__normalizedRoleName_0
2025-08-19 16:55:35.664 -06:00 [INF] Executed DbCommand (5ms) [Parameters=[@__p_0='?' (Size = 450), @__p_1='?' (Size = 450)], CommandType='"Text"', CommandTimeout='30']
SELECT TOP(1) [a].[UserId], [a].[RoleId]
FROM [AspNetUserRoles] AS [a]
WHERE [a].[UserId] = @__p_0 AND [a].[RoleId] = @__p_1
2025-08-19 16:55:35.681 -06:00 [INF] Executed DbCommand (1ms) [Parameters=[@__normalizedEmail_0='?' (Size = 256)], CommandType='"Text"', CommandTimeout='30']
SELECT TOP(2) [a].[Id], [a].[AccessFailedCount], [a].[ConcurrencyStamp], [a].[Email], [a].[EmailConfirmed], [a].[LockoutEnabled], [a].[LockoutEnd], [a].[NormalizedEmail], [a].[NormalizedUserName], [a].[PasswordHash], [a].[PhoneNumber], [a].[PhoneNumberConfirmed], [a].[SecurityStamp], [a].[TwoFactorEnabled], [a].[UserName]
FROM [AspNetUsers] AS [a]
WHERE [a].[NormalizedEmail] = @__normalizedEmail_0
2025-08-19 16:55:35.690 -06:00 [INF] Executed DbCommand (1ms) [Parameters=[@__normalizedRoleName_0='?' (Size = 256)], CommandType='"Text"', CommandTimeout='30']
SELECT TOP(2) [a].[Id], [a].[ConcurrencyStamp], [a].[Name], [a].[NormalizedName]
FROM [AspNetRoles] AS [a]
WHERE [a].[NormalizedName] = @__normalizedRoleName_0
2025-08-19 16:55:35.697 -06:00 [INF] Executed DbCommand (1ms) [Parameters=[@__p_0='?' (Size = 450), @__p_1='?' (Size = 450)], CommandType='"Text"', CommandTimeout='30']
SELECT TOP(1) [a].[UserId], [a].[RoleId]
FROM [AspNetUserRoles] AS [a]
WHERE [a].[UserId] = @__p_0 AND [a].[RoleId] = @__p_1
2025-08-19 16:55:35.701 -06:00 [INF] Executed DbCommand (1ms) [Parameters=[@__normalizedEmail_0='?' (Size = 256)], CommandType='"Text"', CommandTimeout='30']
SELECT TOP(2) [a].[Id], [a].[AccessFailedCount], [a].[ConcurrencyStamp], [a].[Email], [a].[EmailConfirmed], [a].[LockoutEnabled], [a].[LockoutEnd], [a].[NormalizedEmail], [a].[NormalizedUserName], [a].[PasswordHash], [a].[PhoneNumber], [a].[PhoneNumberConfirmed], [a].[SecurityStamp], [a].[TwoFactorEnabled], [a].[UserName]
FROM [AspNetUsers] AS [a]
WHERE [a].[NormalizedEmail] = @__normalizedEmail_0
2025-08-19 16:55:35.704 -06:00 [INF] Executed DbCommand (0ms) [Parameters=[@__normalizedRoleName_0='?' (Size = 256)], CommandType='"Text"', CommandTimeout='30']
SELECT TOP(2) [a].[Id], [a].[ConcurrencyStamp], [a].[Name], [a].[NormalizedName]
FROM [AspNetRoles] AS [a]
WHERE [a].[NormalizedName] = @__normalizedRoleName_0
2025-08-19 16:55:35.708 -06:00 [INF] Executed DbCommand (1ms) [Parameters=[@__p_0='?' (Size = 450), @__p_1='?' (Size = 450)], CommandType='"Text"', CommandTimeout='30']
SELECT TOP(1) [a].[UserId], [a].[RoleId]
FROM [AspNetUserRoles] AS [a]
WHERE [a].[UserId] = @__p_0 AND [a].[RoleId] = @__p_1
2025-08-19 16:55:35.920 -06:00 [INF] Now listening on: http://localhost:5116
2025-08-19 16:55:35.925 -06:00 [INF] Application started. Press Ctrl+C to shut down.
2025-08-19 16:55:35.927 -06:00 [INF] Hosting environment: Development
2025-08-19 16:55:35.928 -06:00 [INF] Content root path: C:\Users\hoshu\OneDrive\Desktop\ProyectoAnalisisDeSistemas-master\ProyectoAnalisisDeSistemas-master\PaginaBizu
2025-08-19 16:55:39.097 -06:00 [INF] Request starting HTTP/1.1 GET http://localhost:5116/ - null null
2025-08-19 16:55:39.117 -06:00 [WRN] Failed to determine the https port for redirect.
2025-08-19 16:55:39.143 -06:00 [INF] Executing endpoint 'PaginaBizu.Controllers.HomeController.Index (PaginaBizu)'
2025-08-19 16:55:39.155 -06:00 [INF] Route matched with {action = "Index", controller = "Home", page = "", area = ""}. Executing controller action with signature Microsoft.AspNetCore.Mvc.IActionResult Index() on controller PaginaBizu.Controllers.HomeController (PaginaBizu).
2025-08-19 16:55:39.165 -06:00 [INF] ➡️ Acción ejecutándose: Home/Index | Usuario: No autenticado | IP: ::1 | Hora: "2025-08-19T16:55:39.1655614-06:00"
2025-08-19 16:55:39.170 -06:00 [INF] ✅ Acción ejecutada: Home/Index | Hora: "2025-08-19T16:55:39.1703962-06:00"
2025-08-19 16:55:39.175 -06:00 [INF] Executing ViewResult, running view Index.
2025-08-19 16:55:39.234 -06:00 [INF] Executed ViewResult - view Index executed in 55.2746ms.
2025-08-19 16:55:39.240 -06:00 [INF] Executed action PaginaBizu.Controllers.HomeController.Index (PaginaBizu) in 82.9315ms
2025-08-19 16:55:39.244 -06:00 [INF] Executed endpoint 'PaginaBizu.Controllers.HomeController.Index (PaginaBizu)'
2025-08-19 16:55:39.253 -06:00 [INF] Request finished HTTP/1.1 GET http://localhost:5116/ - 200 null text/html; charset=utf-8 157.3151ms
2025-08-19 16:55:39.582 -06:00 [INF] Request starting HTTP/1.1 GET http://localhost:5116/css/tailwindcss - null null
2025-08-19 16:55:39.594 -06:00 [INF] Request finished HTTP/1.1 GET http://localhost:5116/css/tailwindcss - 404 0 null 11.8205ms
2025-08-19 16:55:39.602 -06:00 [INF] Request reached the end of the middleware pipeline without being handled by application code. Request path: GET http://localhost:5116/css/tailwindcss, Response status code: 404
2025-08-19 16:55:41.953 -06:00 [INF] Request starting HTTP/1.1 GET http://localhost:5116/assets/img/aretes1.jpg - null null
2025-08-19 16:55:41.964 -06:00 [INF] Request finished HTTP/1.1 GET http://localhost:5116/assets/img/aretes1.jpg - 404 0 null 10.3119ms
2025-08-19 16:55:41.971 -06:00 [INF] Request reached the end of the middleware pipeline without being handled by application code. Request path: GET http://localhost:5116/assets/img/aretes1.jpg, Response status code: 404
2025-08-19 16:56:10.856 -06:00 [INF] Application is shutting down...
2025-08-19 16:56:17.291 -06:00 [INF] User profile is available. Using 'C:\Users\hoshu\AppData\Local\ASP.NET\DataProtection-Keys' as key repository and Windows DPAPI to encrypt keys at rest.
2025-08-19 16:56:18.249 -06:00 [INF] Executed DbCommand (41ms) [Parameters=[@__normalizedName_0='?' (Size = 256)], CommandType='"Text"', CommandTimeout='30']
SELECT TOP(1) [a].[Id], [a].[ConcurrencyStamp], [a].[Name], [a].[NormalizedName]
FROM [AspNetRoles] AS [a]
WHERE [a].[NormalizedName] = @__normalizedName_0
2025-08-19 16:56:18.408 -06:00 [INF] Executed DbCommand (17ms) [Parameters=[@__normalizedEmail_0='?' (Size = 256)], CommandType='"Text"', CommandTimeout='30']
SELECT TOP(2) [a].[Id], [a].[AccessFailedCount], [a].[ConcurrencyStamp], [a].[Email], [a].[EmailConfirmed], [a].[LockoutEnabled], [a].[LockoutEnd], [a].[NormalizedEmail], [a].[NormalizedUserName], [a].[PasswordHash], [a].[PhoneNumber], [a].[PhoneNumberConfirmed], [a].[SecurityStamp], [a].[TwoFactorEnabled], [a].[UserName]
FROM [AspNetUsers] AS [a]
WHERE [a].[NormalizedEmail] = @__normalizedEmail_0
2025-08-19 16:56:18.511 -06:00 [INF] Executed DbCommand (5ms) [Parameters=[@__normalizedRoleName_0='?' (Size = 256)], CommandType='"Text"', CommandTimeout='30']
SELECT TOP(2) [a].[Id], [a].[ConcurrencyStamp], [a].[Name], [a].[NormalizedName]
FROM [AspNetRoles] AS [a]
WHERE [a].[NormalizedName] = @__normalizedRoleName_0
2025-08-19 16:56:18.552 -06:00 [INF] Executed DbCommand (3ms) [Parameters=[@__p_0='?' (Size = 450), @__p_1='?' (Size = 450)], CommandType='"Text"', CommandTimeout='30']
SELECT TOP(1) [a].[UserId], [a].[RoleId]
FROM [AspNetUserRoles] AS [a]
WHERE [a].[UserId] = @__p_0 AND [a].[RoleId] = @__p_1
2025-08-19 16:56:18.570 -06:00 [INF] Executed DbCommand (1ms) [Parameters=[@__normalizedEmail_0='?' (Size = 256)], CommandType='"Text"', CommandTimeout='30']
SELECT TOP(2) [a].[Id], [a].[AccessFailedCount], [a].[ConcurrencyStamp], [a].[Email], [a].[EmailConfirmed], [a].[LockoutEnabled], [a].[LockoutEnd], [a].[NormalizedEmail], [a].[NormalizedUserName], [a].[PasswordHash], [a].[PhoneNumber], [a].[PhoneNumberConfirmed], [a].[SecurityStamp], [a].[TwoFactorEnabled], [a].[UserName]
FROM [AspNetUsers] AS [a]
WHERE [a].[NormalizedEmail] = @__normalizedEmail_0
2025-08-19 16:56:18.580 -06:00 [INF] Executed DbCommand (1ms) [Parameters=[@__normalizedRoleName_0='?' (Size = 256)], CommandType='"Text"', CommandTimeout='30']
SELECT TOP(2) [a].[Id], [a].[ConcurrencyStamp], [a].[Name], [a].[NormalizedName]
FROM [AspNetRoles] AS [a]
WHERE [a].[NormalizedName] = @__normalizedRoleName_0
2025-08-19 16:56:18.587 -06:00 [INF] Executed DbCommand (1ms) [Parameters=[@__p_0='?' (Size = 450), @__p_1='?' (Size = 450)], CommandType='"Text"', CommandTimeout='30']
SELECT TOP(1) [a].[UserId], [a].[RoleId]
FROM [AspNetUserRoles] AS [a]
WHERE [a].[UserId] = @__p_0 AND [a].[RoleId] = @__p_1
2025-08-19 16:56:18.592 -06:00 [INF] Executed DbCommand (1ms) [Parameters=[@__normalizedEmail_0='?' (Size = 256)], CommandType='"Text"', CommandTimeout='30']
SELECT TOP(2) [a].[Id], [a].[AccessFailedCount], [a].[ConcurrencyStamp], [a].[Email], [a].[EmailConfirmed], [a].[LockoutEnabled], [a].[LockoutEnd], [a].[NormalizedEmail], [a].[NormalizedUserName], [a].[PasswordHash], [a].[PhoneNumber], [a].[PhoneNumberConfirmed], [a].[SecurityStamp], [a].[TwoFactorEnabled], [a].[UserName]
FROM [AspNetUsers] AS [a]
WHERE [a].[NormalizedEmail] = @__normalizedEmail_0
2025-08-19 16:56:18.599 -06:00 [INF] Executed DbCommand (1ms) [Parameters=[@__normalizedRoleName_0='?' (Size = 256)], CommandType='"Text"', CommandTimeout='30']
SELECT TOP(2) [a].[Id], [a].[ConcurrencyStamp], [a].[Name], [a].[NormalizedName]
FROM [AspNetRoles] AS [a]
WHERE [a].[NormalizedName] = @__normalizedRoleName_0
2025-08-19 16:56:18.603 -06:00 [INF] Executed DbCommand (1ms) [Parameters=[@__p_0='?' (Size = 450), @__p_1='?' (Size = 450)], CommandType='"Text"', CommandTimeout='30']
SELECT TOP(1) [a].[UserId], [a].[RoleId]
FROM [AspNetUserRoles] AS [a]
WHERE [a].[UserId] = @__p_0 AND [a].[RoleId] = @__p_1
2025-08-19 16:56:18.820 -06:00 [INF] Now listening on: http://localhost:5116
2025-08-19 16:56:18.824 -06:00 [INF] Application started. Press Ctrl+C to shut down.
2025-08-19 16:56:18.825 -06:00 [INF] Hosting environment: Development
2025-08-19 16:56:18.826 -06:00 [INF] Content root path: C:\Users\hoshu\OneDrive\Desktop\ProyectoAnalisisDeSistemas-master\ProyectoAnalisisDeSistemas-master\PaginaBizu
2025-08-19 16:56:19.400 -06:00 [INF] Request starting HTTP/1.1 GET http://localhost:5116/ - null null
2025-08-19 16:56:19.433 -06:00 [WRN] Failed to determine the https port for redirect.
2025-08-19 16:56:19.463 -06:00 [INF] Executing endpoint 'PaginaBizu.Controllers.HomeController.Index (PaginaBizu)'
2025-08-19 16:56:19.476 -06:00 [INF] Route matched with {action = "Index", controller = "Home", page = "", area = ""}. Executing controller action with signature Microsoft.AspNetCore.Mvc.IActionResult Index() on controller PaginaBizu.Controllers.HomeController (PaginaBizu).
2025-08-19 16:56:19.488 -06:00 [INF] ➡️ Acción ejecutándose: Home/Index | Usuario: No autenticado | IP: ::1 | Hora: "2025-08-19T16:56:19.4880681-06:00"
2025-08-19 16:56:19.493 -06:00 [INF] ✅ Acción ejecutada: Home/Index | Hora: "2025-08-19T16:56:19.4938854-06:00"
2025-08-19 16:56:19.501 -06:00 [INF] Executing ViewResult, running view Index.
2025-08-19 16:56:19.555 -06:00 [INF] Executed ViewResult - view Index executed in 54.836ms.
2025-08-19 16:56:19.562 -06:00 [INF] Executed action PaginaBizu.Controllers.HomeController.Index (PaginaBizu) in 79.5018ms
2025-08-19 16:56:19.566 -06:00 [INF] Executed endpoint 'PaginaBizu.Controllers.HomeController.Index (PaginaBizu)'
2025-08-19 16:56:19.574 -06:00 [INF] Request finished HTTP/1.1 GET http://localhost:5116/ - 200 null text/html; charset=utf-8 175.9575ms
2025-08-19 16:56:20.041 -06:00 [INF] Request starting HTTP/1.1 GET http://localhost:5116/css/tailwindcss - null null
2025-08-19 16:56:20.044 -06:00 [INF] Request starting HTTP/1.1 GET http://localhost:5116/images/bg.png - null null
2025-08-19 16:56:20.054 -06:00 [INF] Request finished HTTP/1.1 GET http://localhost:5116/css/tailwindcss - 404 0 null 12.5488ms
2025-08-19 16:56:20.059 -06:00 [INF] Request finished HTTP/1.1 GET http://localhost:5116/images/bg.png - 404 0 null 15.1437ms
2025-08-19 16:56:20.063 -06:00 [INF] Request reached the end of the middleware pipeline without being handled by application code. Request path: GET http://localhost:5116/css/tailwindcss, Response status code: 404
2025-08-19 16:56:20.072 -06:00 [INF] Request reached the end of the middleware pipeline without being handled by application code. Request path: GET http://localhost:5116/images/bg.png, Response status code: 404
2025-08-19 16:56:22.486 -06:00 [INF] Request starting HTTP/1.1 GET http://localhost:5116/assets/img/aretes1.jpg - null null
2025-08-19 16:56:22.494 -06:00 [INF] Request finished HTTP/1.1 GET http://localhost:5116/assets/img/aretes1.jpg - 404 0 null 7.6477ms
2025-08-19 16:56:22.498 -06:00 [INF] Request reached the end of the middleware pipeline without being handled by application code. Request path: GET http://localhost:5116/assets/img/aretes1.jpg, Response status code: 404
2025-08-19 16:58:10.344 -06:00 [INF] Application is shutting down...
2025-08-19 16:58:17.147 -06:00 [INF] User profile is available. Using 'C:\Users\hoshu\AppData\Local\ASP.NET\DataProtection-Keys' as key repository and Windows DPAPI to encrypt keys at rest.
2025-08-19 16:58:18.112 -06:00 [INF] Executed DbCommand (40ms) [Parameters=[@__normalizedName_0='?' (Size = 256)], CommandType='"Text"', CommandTimeout='30']
SELECT TOP(1) [a].[Id], [a].[ConcurrencyStamp], [a].[Name], [a].[NormalizedName]
FROM [AspNetRoles] AS [a]
WHERE [a].[NormalizedName] = @__normalizedName_0
2025-08-19 16:58:18.207 -06:00 [INF] Executed DbCommand (9ms) [Parameters=[@__normalizedEmail_0='?' (Size = 256)], CommandType='"Text"', CommandTimeout='30']
SELECT TOP(2) [a].[Id], [a].[AccessFailedCount], [a].[ConcurrencyStamp], [a].[Email], [a].[EmailConfirmed], [a].[LockoutEnabled], [a].[LockoutEnd], [a].[NormalizedEmail], [a].[NormalizedUserName], [a].[PasswordHash], [a].[PhoneNumber], [a].[PhoneNumberConfirmed], [a].[SecurityStamp], [a].[TwoFactorEnabled], [a].[UserName]
FROM [AspNetUsers] AS [a]
WHERE [a].[NormalizedEmail] = @__normalizedEmail_0
2025-08-19 16:58:18.263 -06:00 [INF] Executed DbCommand (2ms) [Parameters=[@__normalizedRoleName_0='?' (Size = 256)], CommandType='"Text"', CommandTimeout='30']
SELECT TOP(2) [a].[Id], [a].[ConcurrencyStamp], [a].[Name], [a].[NormalizedName]
FROM [AspNetRoles] AS [a]
WHERE [a].[NormalizedName] = @__normalizedRoleName_0
2025-08-19 16:58:18.340 -06:00 [INF] Executed DbCommand (4ms) [Parameters=[@__p_0='?' (Size = 450), @__p_1='?' (Size = 450)], CommandType='"Text"', CommandTimeout='30']
SELECT TOP(1) [a].[UserId], [a].[RoleId]
FROM [AspNetUserRoles] AS [a]
WHERE [a].[UserId] = @__p_0 AND [a].[RoleId] = @__p_1
2025-08-19 16:58:18.367 -06:00 [INF] Executed DbCommand (1ms) [Parameters=[@__normalizedEmail_0='?' (Size = 256)], CommandType='"Text"', CommandTimeout='30']
SELECT TOP(2) [a].[Id], [a].[AccessFailedCount], [a].[ConcurrencyStamp], [a].[Email], [a].[EmailConfirmed], [a].[LockoutEnabled], [a].[LockoutEnd], [a].[NormalizedEmail], [a].[NormalizedUserName], [a].[PasswordHash], [a].[PhoneNumber], [a].[PhoneNumberConfirmed], [a].[SecurityStamp], [a].[TwoFactorEnabled], [a].[UserName]
FROM [AspNetUsers] AS [a]
WHERE [a].[NormalizedEmail] = @__normalizedEmail_0
2025-08-19 16:58:18.377 -06:00 [INF] Executed DbCommand (1ms) [Parameters=[@__normalizedRoleName_0='?' (Size = 256)], CommandType='"Text"', CommandTimeout='30']
SELECT TOP(2) [a].[Id], [a].[ConcurrencyStamp], [a].[Name], [a].[NormalizedName]
FROM [AspNetRoles] AS [a]
WHERE [a].[NormalizedName] = @__normalizedRoleName_0
2025-08-19 16:58:18.384 -06:00 [INF] Executed DbCommand (1ms) [Parameters=[@__p_0='?' (Size = 450), @__p_1='?' (Size = 450)], CommandType='"Text"', CommandTimeout='30']
SELECT TOP(1) [a].[UserId], [a].[RoleId]
FROM [AspNetUserRoles] AS [a]
WHERE [a].[UserId] = @__p_0 AND [a].[RoleId] = @__p_1
2025-08-19 16:58:18.389 -06:00 [INF] Executed DbCommand (1ms) [Parameters=[@__normalizedEmail_0='?' (Size = 256)], CommandType='"Text"', CommandTimeout='30']
SELECT TOP(2) [a].[Id], [a].[AccessFailedCount], [a].[ConcurrencyStamp], [a].[Email], [a].[EmailConfirmed], [a].[LockoutEnabled], [a].[LockoutEnd], [a].[NormalizedEmail], [a].[NormalizedUserName], [a].[PasswordHash], [a].[PhoneNumber], [a].[PhoneNumberConfirmed], [a].[SecurityStamp], [a].[TwoFactorEnabled], [a].[UserName]
FROM [AspNetUsers] AS [a]
WHERE [a].[NormalizedEmail] = @__normalizedEmail_0
2025-08-19 16:58:18.395 -06:00 [INF] Executed DbCommand (1ms) [Parameters=[@__normalizedRoleName_0='?' (Size = 256)], CommandType='"Text"', CommandTimeout='30']
SELECT TOP(2) [a].[Id], [a].[ConcurrencyStamp], [a].[Name], [a].[NormalizedName]
FROM [AspNetRoles] AS [a]
WHERE [a].[NormalizedName] = @__normalizedRoleName_0
2025-08-19 16:58:18.400 -06:00 [INF] Executed DbCommand (1ms) [Parameters=[@__p_0='?' (Size = 450), @__p_1='?' (Size = 450)], CommandType='"Text"', CommandTimeout='30']
SELECT TOP(1) [a].[UserId], [a].[RoleId]
FROM [AspNetUserRoles] AS [a]
WHERE [a].[UserId] = @__p_0 AND [a].[RoleId] = @__p_1
2025-08-19 16:58:18.607 -06:00 [INF] Now listening on: http://localhost:5116
2025-08-19 16:58:18.612 -06:00 [INF] Application started. Press Ctrl+C to shut down.
2025-08-19 16:58:18.615 -06:00 [INF] Hosting environment: Development
2025-08-19 16:58:18.616 -06:00 [INF] Content root path: C:\Users\hoshu\OneDrive\Desktop\ProyectoAnalisisDeSistemas-master\ProyectoAnalisisDeSistemas-master\PaginaBizu
2025-08-19 16:58:22.119 -06:00 [INF] Request starting HTTP/1.1 GET http://localhost:5116/ - null null
2025-08-19 16:58:22.142 -06:00 [WRN] Failed to determine the https port for redirect.
2025-08-19 16:58:22.169 -06:00 [INF] Executing endpoint 'PaginaBizu.Controllers.HomeController.Index (PaginaBizu)'
2025-08-19 16:58:22.179 -06:00 [INF] Route matched with {action = "Index", controller = "Home", page = "", area = ""}. Executing controller action with signature Microsoft.AspNetCore.Mvc.IActionResult Index() on controller PaginaBizu.Controllers.HomeController (PaginaBizu).
2025-08-19 16:58:22.195 -06:00 [INF] ➡️ Acción ejecutándose: Home/Index | Usuario: No autenticado | IP: ::1 | Hora: "2025-08-19T16:58:22.1950527-06:00"
2025-08-19 16:58:22.201 -06:00 [INF] ✅ Acción ejecutada: Home/Index | Hora: "2025-08-19T16:58:22.2017972-06:00"
2025-08-19 16:58:22.207 -06:00 [INF] Executing ViewResult, running view Index.
2025-08-19 16:58:22.269 -06:00 [INF] Executed ViewResult - view Index executed in 62.2001ms.
2025-08-19 16:58:22.275 -06:00 [INF] Executed action PaginaBizu.Controllers.HomeController.Index (PaginaBizu) in 90.2805ms
2025-08-19 16:58:22.280 -06:00 [INF] Executed endpoint 'PaginaBizu.Controllers.HomeController.Index (PaginaBizu)'
2025-08-19 16:58:22.292 -06:00 [INF] Request finished HTTP/1.1 GET http://localhost:5116/ - 200 null text/html; charset=utf-8 172.633ms
2025-08-19 16:58:22.712 -06:00 [INF] Request starting HTTP/1.1 GET http://localhost:5116/css/tailwindcss - null null
2025-08-19 16:58:22.726 -06:00 [INF] Request finished HTTP/1.1 GET http://localhost:5116/css/tailwindcss - 404 0 null 14.0849ms
2025-08-19 16:58:22.736 -06:00 [INF] Request reached the end of the middleware pipeline without being handled by application code. Request path: GET http://localhost:5116/css/tailwindcss, Response status code: 404
2025-08-19 16:59:18.299 -06:00 [INF] Application is shutting down...
2025-08-19 16:59:24.155 -06:00 [INF] User profile is available. Using 'C:\Users\hoshu\AppData\Local\ASP.NET\DataProtection-Keys' as key repository and Windows DPAPI to encrypt keys at rest.
2025-08-19 16:59:25.139 -06:00 [INF] Executed DbCommand (34ms) [Parameters=[@__normalizedName_0='?' (Size = 256)], CommandType='"Text"', CommandTimeout='30']
SELECT TOP(1) [a].[Id], [a].[ConcurrencyStamp], [a].[Name], [a].[NormalizedName]
FROM [AspNetRoles] AS [a]
WHERE [a].[NormalizedName] = @__normalizedName_0
2025-08-19 16:59:25.217 -06:00 [INF] Executed DbCommand (7ms) [Parameters=[@__normalizedEmail_0='?' (Size = 256)], CommandType='"Text"', CommandTimeout='30']
SELECT TOP(2) [a].[Id], [a].[AccessFailedCount], [a].[ConcurrencyStamp], [a].[Email], [a].[EmailConfirmed], [a].[LockoutEnabled], [a].[LockoutEnd], [a].[NormalizedEmail], [a].[NormalizedUserName], [a].[PasswordHash], [a].[PhoneNumber], [a].[PhoneNumberConfirmed], [a].[SecurityStamp], [a].[TwoFactorEnabled], [a].[UserName]
FROM [AspNetUsers] AS [a]
WHERE [a].[NormalizedEmail] = @__normalizedEmail_0
2025-08-19 16:59:25.258 -06:00 [INF] Executed DbCommand (3ms) [Parameters=[@__normalizedRoleName_0='?' (Size = 256)], CommandType='"Text"', CommandTimeout='30']
SELECT TOP(2) [a].[Id], [a].[ConcurrencyStamp], [a].[Name], [a].[NormalizedName]
FROM [AspNetRoles] AS [a]
WHERE [a].[NormalizedName] = @__normalizedRoleName_0
2025-08-19 16:59:25.294 -06:00 [INF] Executed DbCommand (4ms) [Parameters=[@__p_0='?' (Size = 450), @__p_1='?' (Size = 450)], CommandType='"Text"', CommandTimeout='30']
SELECT TOP(1) [a].[UserId], [a].[RoleId]
FROM [AspNetUserRoles] AS [a]
WHERE [a].[UserId] = @__p_0 AND [a].[RoleId] = @__p_1
2025-08-19 16:59:25.311 -06:00 [INF] Executed DbCommand (1ms) [Parameters=[@__normalizedEmail_0='?' (Size = 256)], CommandType='"Text"', CommandTimeout='30']
SELECT TOP(2) [a].[Id], [a].[AccessFailedCount], [a].[ConcurrencyStamp], [a].[Email], [a].[EmailConfirmed], [a].[LockoutEnabled], [a].[LockoutEnd], [a].[NormalizedEmail], [a].[NormalizedUserName], [a].[PasswordHash], [a].[PhoneNumber], [a].[PhoneNumberConfirmed], [a].[SecurityStamp], [a].[TwoFactorEnabled], [a].[UserName]
FROM [AspNetUsers] AS [a]
WHERE [a].[NormalizedEmail] = @__normalizedEmail_0
2025-08-19 16:59:25.322 -06:00 [INF] Executed DbCommand (1ms) [Parameters=[@__normalizedRoleName_0='?' (Size = 256)], CommandType='"Text"', CommandTimeout='30']
SELECT TOP(2) [a].[Id], [a].[ConcurrencyStamp], [a].[Name], [a].[NormalizedName]
FROM [AspNetRoles] AS [a]
WHERE [a].[NormalizedName] = @__normalizedRoleName_0
2025-08-19 16:59:25.330 -06:00 [INF] Executed DbCommand (1ms) [Parameters=[@__p_0='?' (Size = 450), @__p_1='?' (Size = 450)], CommandType='"Text"', CommandTimeout='30']
SELECT TOP(1) [a].[UserId], [a].[RoleId]
FROM [AspNetUserRoles] AS [a]
WHERE [a].[UserId] = @__p_0 AND [a].[RoleId] = @__p_1
2025-08-19 16:59:25.337 -06:00 [INF] Executed DbCommand (1ms) [Parameters=[@__normalizedEmail_0='?' (Size = 256)], CommandType='"Text"', CommandTimeout='30']
SELECT TOP(2) [a].[Id], [a].[AccessFailedCount], [a].[ConcurrencyStamp], [a].[Email], [a].[EmailConfirmed], [a].[LockoutEnabled], [a].[LockoutEnd], [a].[NormalizedEmail], [a].[NormalizedUserName], [a].[PasswordHash], [a].[PhoneNumber], [a].[PhoneNumberConfirmed], [a].[SecurityStamp], [a].[TwoFactorEnabled], [a].[UserName]
FROM [AspNetUsers] AS [a]
WHERE [a].[NormalizedEmail] = @__normalizedEmail_0
2025-08-19 16:59:25.342 -06:00 [INF] Executed DbCommand (1ms) [Parameters=[@__normalizedRoleName_0='?' (Size = 256)], CommandType='"Text"', CommandTimeout='30']
SELECT TOP(2) [a].[Id], [a].[ConcurrencyStamp], [a].[Name], [a].[NormalizedName]
FROM [AspNetRoles] AS [a]
WHERE [a].[NormalizedName] = @__normalizedRoleName_0
2025-08-19 16:59:25.346 -06:00 [INF] Executed DbCommand (1ms) [Parameters=[@__p_0='?' (Size = 450), @__p_1='?' (Size = 450)], CommandType='"Text"', CommandTimeout='30']
SELECT TOP(1) [a].[UserId], [a].[RoleId]
FROM [AspNetUserRoles] AS [a]
WHERE [a].[UserId] = @__p_0 AND [a].[RoleId] = @__p_1
2025-08-19 16:59:25.560 -06:00 [INF] Now listening on: http://localhost:5116
2025-08-19 16:59:25.565 -06:00 [INF] Application started. Press Ctrl+C to shut down.
2025-08-19 16:59:25.567 -06:00 [INF] Hosting environment: Development
2025-08-19 16:59:25.570 -06:00 [INF] Content root path: C:\Users\hoshu\OneDrive\Desktop\ProyectoAnalisisDeSistemas-master\ProyectoAnalisisDeSistemas-master\PaginaBizu
2025-08-19 16:59:25.776 -06:00 [INF] Request starting HTTP/1.1 GET http://localhost:5116/ - null null
2025-08-19 16:59:25.808 -06:00 [WRN] Failed to determine the https port for redirect.
2025-08-19 16:59:25.838 -06:00 [INF] Executing endpoint 'PaginaBizu.Controllers.HomeController.Index (PaginaBizu)'
2025-08-19 16:59:25.848 -06:00 [INF] Route matched with {action = "Index", controller = "Home", page = "", area = ""}. Executing controller action with signature Microsoft.AspNetCore.Mvc.IActionResult Index() on controller PaginaBizu.Controllers.HomeController (PaginaBizu).
2025-08-19 16:59:25.859 -06:00 [INF] ➡️ Acción ejecutándose: Home/Index | Usuario: No autenticado | IP: ::1 | Hora: "2025-08-19T16:59:25.8589550-06:00"
2025-08-19 16:59:25.862 -06:00 [INF] ✅ Acción ejecutada: Home/Index | Hora: "2025-08-19T16:59:25.8624786-06:00"
2025-08-19 16:59:25.872 -06:00 [INF] Executing ViewResult, running view Index.
2025-08-19 16:59:25.928 -06:00 [INF] Executed ViewResult - view Index executed in 57.0606ms.
2025-08-19 16:59:25.936 -06:00 [INF] Executed action PaginaBizu.Controllers.HomeController.Index (PaginaBizu) in 83.7911ms
2025-08-19 16:59:25.941 -06:00 [INF] Executed endpoint 'PaginaBizu.Controllers.HomeController.Index (PaginaBizu)'
2025-08-19 16:59:25.952 -06:00 [INF] Request finished HTTP/1.1 GET http://localhost:5116/ - 200 null text/html; charset=utf-8 176.7849ms
2025-08-19 16:59:26.282 -06:00 [INF] Request starting HTTP/1.1 GET http://localhost:5116/css/tailwindcss - null null
2025-08-19 16:59:26.282 -06:00 [INF] Request starting HTTP/1.1 GET http://localhost:5116/images/bg.png - null null
2025-08-19 16:59:26.296 -06:00 [INF] Request finished HTTP/1.1 GET http://localhost:5116/css/tailwindcss - 404 0 null 13.8835ms
2025-08-19 16:59:26.302 -06:00 [INF] Request finished HTTP/1.1 GET http://localhost:5116/images/bg.png - 404 0 null 20.0593ms
2025-08-19 16:59:26.308 -06:00 [INF] Request reached the end of the middleware pipeline without being handled by application code. Request path: GET http://localhost:5116/css/tailwindcss, Response status code: 404
2025-08-19 16:59:26.317 -06:00 [INF] Request reached the end of the middleware pipeline without being handled by application code. Request path: GET http://localhost:5116/images/bg.png, Response status code: 404
2025-08-19 16:59:35.377 -06:00 [INF] Request starting HTTP/1.1 GET http://localhost:5116/ - null null
2025-08-19 16:59:35.383 -06:00 [INF] Executing endpoint 'PaginaBizu.Controllers.HomeController.Index (PaginaBizu)'
2025-08-19 16:59:35.385 -06:00 [INF] Route matched with {action = "Index", controller = "Home", page = "", area = ""}. Executing controller action with signature Microsoft.AspNetCore.Mvc.IActionResult Index() on controller PaginaBizu.Controllers.HomeController (PaginaBizu).
2025-08-19 16:59:35.396 -06:00 [INF] ➡️ Acción ejecutándose: Home/Index | Usuario: No autenticado | IP: 127.0.0.1 | Hora: "2025-08-19T16:59:35.3968588-06:00"
2025-08-19 16:59:35.401 -06:00 [INF] ✅ Acción ejecutada: Home/Index | Hora: "2025-08-19T16:59:35.4014821-06:00"
2025-08-19 16:59:35.406 -06:00 [INF] Executing ViewResult, running view Index.
2025-08-19 16:59:35.430 -06:00 [INF] Executed ViewResult - view Index executed in 24.9265ms.
2025-08-19 16:59:35.437 -06:00 [INF] Executed action PaginaBizu.Controllers.HomeController.Index (PaginaBizu) in 47.5006ms
2025-08-19 16:59:35.443 -06:00 [INF] Executed endpoint 'PaginaBizu.Controllers.HomeController.Index (PaginaBizu)'
2025-08-19 16:59:35.448 -06:00 [INF] Request finished HTTP/1.1 GET http://localhost:5116/ - 200 null text/html; charset=utf-8 69.8952ms
2025-08-19 16:59:35.680 -06:00 [INF] Request starting HTTP/1.1 GET http://localhost:5116/css/tailwindcss - null null
2025-08-19 16:59:35.681 -06:00 [INF] Request starting HTTP/1.1 GET http://localhost:5116/images/bg.png - null null
2025-08-19 16:59:35.692 -06:00 [INF] Request finished HTTP/1.1 GET http://localhost:5116/css/tailwindcss - 404 0 null 12.752ms
2025-08-19 16:59:35.697 -06:00 [INF] Request finished HTTP/1.1 GET http://localhost:5116/images/bg.png - 404 0 null 16.202ms
2025-08-19 16:59:35.703 -06:00 [INF] Request reached the end of the middleware pipeline without being handled by application code. Request path: GET http://localhost:5116/css/tailwindcss, Response status code: 404
2025-08-19 16:59:35.709 -06:00 [INF] Request reached the end of the middleware pipeline without being handled by application code. Request path: GET http://localhost:5116/images/bg.png, Response status code: 404
2025-08-19 16:59:51.823 -06:00 [INF] Application is shutting down...
