2025-08-05 12:33:38.375 -06:00 [INF] User profile is available. Using 'C:\Users\hoshu\AppData\Local\ASP.NET\DataProtection-Keys' as key repository and Windows DPAPI to encrypt keys at rest.
2025-08-05 12:33:39.429 -06:00 [WRN] No store type was specified for the decimal property 'Total' on entity type 'Order'. This will cause values to be silently truncated if they do not fit in the default precision and scale. Explicitly specify the SQL server column type that can accommodate all the values in 'OnModelCreating' using 'HasColumnType', specify precision and scale using 'HasPrecision', or configure a value converter using 'HasConversion'.
2025-08-05 12:33:39.437 -06:00 [WRN] No store type was specified for the decimal property 'PrecioUnitario' on entity type 'OrderDetail'. This will cause values to be silently truncated if they do not fit in the default precision and scale. Explicitly specify the SQL server column type that can accommodate all the values in 'OnModelCreating' using 'HasColumnType', specify precision and scale using 'HasPrecision', or configure a value converter using 'HasConversion'.
2025-08-05 12:33:39.449 -06:00 [WRN] No store type was specified for the decimal property 'Precio' on entity type 'Product'. This will cause values to be silently truncated if they do not fit in the default precision and scale. Explicitly specify the SQL server column type that can accommodate all the values in 'OnModelCreating' using 'HasColumnType', specify precision and scale using 'HasPrecision', or configure a value converter using 'HasConversion'.
2025-08-05 12:33:40.582 -06:00 [INF] Executed DbCommand (95ms) [Parameters=[@__normalizedName_0='?' (Size = 256)], CommandType='"Text"', CommandTimeout='30']
SELECT TOP(1) [a].[Id], [a].[ConcurrencyStamp], [a].[Name], [a].[NormalizedName]
FROM [AspNetRoles] AS [a]
WHERE [a].[NormalizedName] = @__normalizedName_0
2025-08-05 12:33:40.728 -06:00 [INF] Executed DbCommand (9ms) [Parameters=[@__normalizedEmail_0='?' (Size = 256)], CommandType='"Text"', CommandTimeout='30']
SELECT TOP(2) [a].[Id], [a].[AccessFailedCount], [a].[ConcurrencyStamp], [a].[Email], [a].[EmailConfirmed], [a].[LockoutEnabled], [a].[LockoutEnd], [a].[NormalizedEmail], [a].[NormalizedUserName], [a].[PasswordHash], [a].[PhoneNumber], [a].[PhoneNumberConfirmed], [a].[SecurityStamp], [a].[TwoFactorEnabled], [a].[UserName]
FROM [AspNetUsers] AS [a]
WHERE [a].[NormalizedEmail] = @__normalizedEmail_0
2025-08-05 12:33:40.800 -06:00 [INF] Executed DbCommand (5ms) [Parameters=[@__normalizedRoleName_0='?' (Size = 256)], CommandType='"Text"', CommandTimeout='30']
SELECT TOP(2) [a].[Id], [a].[ConcurrencyStamp], [a].[Name], [a].[NormalizedName]
FROM [AspNetRoles] AS [a]
WHERE [a].[NormalizedName] = @__normalizedRoleName_0
2025-08-05 12:33:40.846 -06:00 [INF] Executed DbCommand (4ms) [Parameters=[@__p_0='?' (Size = 450), @__p_1='?' (Size = 450)], CommandType='"Text"', CommandTimeout='30']
SELECT TOP(1) [a].[UserId], [a].[RoleId]
FROM [AspNetUserRoles] AS [a]
WHERE [a].[UserId] = @__p_0 AND [a].[RoleId] = @__p_1
2025-08-05 12:33:40.873 -06:00 [INF] Executed DbCommand (6ms) [Parameters=[@__normalizedEmail_0='?' (Size = 256)], CommandType='"Text"', CommandTimeout='30']
SELECT TOP(2) [a].[Id], [a].[AccessFailedCount], [a].[ConcurrencyStamp], [a].[Email], [a].[EmailConfirmed], [a].[LockoutEnabled], [a].[LockoutEnd], [a].[NormalizedEmail], [a].[NormalizedUserName], [a].[PasswordHash], [a].[PhoneNumber], [a].[PhoneNumberConfirmed], [a].[SecurityStamp], [a].[TwoFactorEnabled], [a].[UserName]
FROM [AspNetUsers] AS [a]
WHERE [a].[NormalizedEmail] = @__normalizedEmail_0
2025-08-05 12:33:40.885 -06:00 [INF] Executed DbCommand (4ms) [Parameters=[@__normalizedRoleName_0='?' (Size = 256)], CommandType='"Text"', CommandTimeout='30']
SELECT TOP(2) [a].[Id], [a].[ConcurrencyStamp], [a].[Name], [a].[NormalizedName]
FROM [AspNetRoles] AS [a]
WHERE [a].[NormalizedName] = @__normalizedRoleName_0
2025-08-05 12:33:40.896 -06:00 [INF] Executed DbCommand (1ms) [Parameters=[@__p_0='?' (Size = 450), @__p_1='?' (Size = 450)], CommandType='"Text"', CommandTimeout='30']
SELECT TOP(1) [a].[UserId], [a].[RoleId]
FROM [AspNetUserRoles] AS [a]
WHERE [a].[UserId] = @__p_0 AND [a].[RoleId] = @__p_1
2025-08-05 12:33:40.907 -06:00 [INF] Executed DbCommand (2ms) [Parameters=[@__normalizedEmail_0='?' (Size = 256)], CommandType='"Text"', CommandTimeout='30']
SELECT TOP(2) [a].[Id], [a].[AccessFailedCount], [a].[ConcurrencyStamp], [a].[Email], [a].[EmailConfirmed], [a].[LockoutEnabled], [a].[LockoutEnd], [a].[NormalizedEmail], [a].[NormalizedUserName], [a].[PasswordHash], [a].[PhoneNumber], [a].[PhoneNumberConfirmed], [a].[SecurityStamp], [a].[TwoFactorEnabled], [a].[UserName]
FROM [AspNetUsers] AS [a]
WHERE [a].[NormalizedEmail] = @__normalizedEmail_0
2025-08-05 12:33:40.928 -06:00 [INF] Executed DbCommand (7ms) [Parameters=[@__normalizedRoleName_0='?' (Size = 256)], CommandType='"Text"', CommandTimeout='30']
SELECT TOP(2) [a].[Id], [a].[ConcurrencyStamp], [a].[Name], [a].[NormalizedName]
FROM [AspNetRoles] AS [a]
WHERE [a].[NormalizedName] = @__normalizedRoleName_0
2025-08-05 12:33:40.945 -06:00 [INF] Executed DbCommand (3ms) [Parameters=[@__p_0='?' (Size = 450), @__p_1='?' (Size = 450)], CommandType='"Text"', CommandTimeout='30']
SELECT TOP(1) [a].[UserId], [a].[RoleId]
FROM [AspNetUserRoles] AS [a]
WHERE [a].[UserId] = @__p_0 AND [a].[RoleId] = @__p_1
2025-08-05 12:33:41.654 -06:00 [INF] Now listening on: http://localhost:5116
2025-08-05 12:33:41.833 -06:00 [INF] Application started. Press Ctrl+C to shut down.
2025-08-05 12:33:41.836 -06:00 [INF] Hosting environment: Development
2025-08-05 12:33:41.841 -06:00 [INF] Content root path: C:\Users\hoshu\OneDrive\Desktop\ProyectoAnalisisDeSistemas-master\ProyectoAnalisisDeSistemas-master\PaginaBizu
2025-08-05 12:33:42.933 -06:00 [INF] Request starting HTTP/1.1 GET http://localhost:5116/ - null null
2025-08-05 12:33:43.425 -06:00 [WRN] Failed to determine the https port for redirect.
2025-08-05 12:33:43.541 -06:00 [INF] Executing endpoint 'PaginaBizu.Controllers.HomeController.Index (PaginaBizu)'
2025-08-05 12:33:43.579 -06:00 [INF] Route matched with {action = "Index", controller = "Home", page = "", area = ""}. Executing controller action with signature Microsoft.AspNetCore.Mvc.IActionResult Index() on controller PaginaBizu.Controllers.HomeController (PaginaBizu).
2025-08-05 12:33:43.599 -06:00 [INF] ➡️ Acción ejecutándose: Home/Index | Usuario: No autenticado | IP: ::1 | Hora: "2025-08-05T12:33:43.5990067-06:00"
2025-08-05 12:33:43.610 -06:00 [INF] ✅ Acción ejecutada: Home/Index | Hora: "2025-08-05T12:33:43.6105244-06:00"
2025-08-05 12:33:43.634 -06:00 [INF] Executing ViewResult, running view Index.
2025-08-05 12:33:43.930 -06:00 [INF] Executed ViewResult - view Index executed in 303.6092ms.
2025-08-05 12:33:43.943 -06:00 [INF] Executed action PaginaBizu.Controllers.HomeController.Index (PaginaBizu) in 356.4771ms
2025-08-05 12:33:43.949 -06:00 [INF] Executed endpoint 'PaginaBizu.Controllers.HomeController.Index (PaginaBizu)'
2025-08-05 12:33:43.983 -06:00 [INF] Request finished HTTP/1.1 GET http://localhost:5116/ - 200 null text/html; charset=utf-8 1074.7705ms
2025-08-05 12:33:44.019 -06:00 [INF] Request starting HTTP/1.1 GET http://localhost:5116/assets/fonts/simple-line-icons.min.css - null null
2025-08-05 12:33:44.026 -06:00 [INF] Request starting HTTP/1.1 GET http://localhost:5116/css/glow-form.css - null null
2025-08-05 12:33:44.019 -06:00 [INF] Request starting HTTP/1.1 GET http://localhost:5116/assets/css/baguetteBox.min.css - null null
2025-08-05 12:33:44.019 -06:00 [INF] Request starting HTTP/1.1 GET http://localhost:5116/assets/bootstrap/css/bootstrap.min.css - null null
2025-08-05 12:33:44.022 -06:00 [INF] Request starting HTTP/1.1 GET http://localhost:5116/assets/css/vanilla-zoom.min.css - null null
2025-08-05 12:33:44.042 -06:00 [INF] Request starting HTTP/1.1 GET http://localhost:5116/css/style.css - null null
2025-08-05 12:33:44.432 -06:00 [INF] Sending file. Request path: '/assets/bootstrap/css/bootstrap.min.css'. Physical path: 'C:\Users\hoshu\OneDrive\Desktop\ProyectoAnalisisDeSistemas-master\ProyectoAnalisisDeSistemas-master\PaginaBizu\wwwroot\assets\bootstrap\css\bootstrap.min.css'
2025-08-05 12:33:44.454 -06:00 [INF] Sending file. Request path: '/css/style.css'. Physical path: 'C:\Users\hoshu\OneDrive\Desktop\ProyectoAnalisisDeSistemas-master\ProyectoAnalisisDeSistemas-master\PaginaBizu\wwwroot\css\style.css'
2025-08-05 12:33:44.348 -06:00 [INF] Sending file. Request path: '/assets/css/baguetteBox.min.css'. Physical path: 'C:\Users\hoshu\OneDrive\Desktop\ProyectoAnalisisDeSistemas-master\ProyectoAnalisisDeSistemas-master\PaginaBizu\wwwroot\assets\css\baguetteBox.min.css'
2025-08-05 12:33:44.437 -06:00 [INF] Sending file. Request path: '/assets/css/vanilla-zoom.min.css'. Physical path: 'C:\Users\hoshu\OneDrive\Desktop\ProyectoAnalisisDeSistemas-master\ProyectoAnalisisDeSistemas-master\PaginaBizu\wwwroot\assets\css\vanilla-zoom.min.css'
2025-08-05 12:33:44.348 -06:00 [INF] Sending file. Request path: '/css/glow-form.css'. Physical path: 'C:\Users\hoshu\OneDrive\Desktop\ProyectoAnalisisDeSistemas-master\ProyectoAnalisisDeSistemas-master\PaginaBizu\wwwroot\css\glow-form.css'
2025-08-05 12:33:44.348 -06:00 [INF] Sending file. Request path: '/assets/fonts/simple-line-icons.min.css'. Physical path: 'C:\Users\hoshu\OneDrive\Desktop\ProyectoAnalisisDeSistemas-master\ProyectoAnalisisDeSistemas-master\PaginaBizu\wwwroot\assets\fonts\simple-line-icons.min.css'
2025-08-05 12:33:44.484 -06:00 [INF] Request finished HTTP/1.1 GET http://localhost:5116/assets/bootstrap/css/bootstrap.min.css - 200 224074 text/css 465.4437ms
2025-08-05 12:33:44.494 -06:00 [INF] Request finished HTTP/1.1 GET http://localhost:5116/css/style.css - 200 1272 text/css 451.8552ms
2025-08-05 12:33:44.518 -06:00 [INF] Request finished HTTP/1.1 GET http://localhost:5116/assets/css/baguetteBox.min.css - 200 3607 text/css 499.5616ms
2025-08-05 12:33:44.527 -06:00 [INF] Request finished HTTP/1.1 GET http://localhost:5116/assets/css/vanilla-zoom.min.css - 200 595 text/css 505.3806ms
2025-08-05 12:33:44.539 -06:00 [INF] Request finished HTTP/1.1 GET http://localhost:5116/css/glow-form.css - 200 4466 text/css 516.1003ms
2025-08-05 12:33:44.550 -06:00 [INF] Request finished HTTP/1.1 GET http://localhost:5116/assets/fonts/simple-line-icons.min.css - 200 10943 text/css 531.4486ms
2025-08-05 12:33:44.636 -06:00 [INF] Request starting HTTP/1.1 GET http://localhost:5116/assets/img/scenery/61-HMICpUTL._AC_UY1000_.jpg - null null
2025-08-05 12:33:44.655 -06:00 [INF] Request starting HTTP/1.1 GET http://localhost:5116/assets/img/scenery/66824523eb89f54aaf11e243-gold-bracelets-for-women-18k-gold-plated.jpg - null null
2025-08-05 12:33:44.706 -06:00 [INF] Sending file. Request path: '/assets/img/scenery/61-HMICpUTL._AC_UY1000_.jpg'. Physical path: 'C:\Users\hoshu\OneDrive\Desktop\ProyectoAnalisisDeSistemas-master\ProyectoAnalisisDeSistemas-master\PaginaBizu\wwwroot\assets\img\scenery\61-HMICpUTL._AC_UY1000_.jpg'
2025-08-05 12:33:44.806 -06:00 [INF] Sending file. Request path: '/assets/img/scenery/66824523eb89f54aaf11e243-gold-bracelets-for-women-18k-gold-plated.jpg'. Physical path: 'C:\Users\hoshu\OneDrive\Desktop\ProyectoAnalisisDeSistemas-master\ProyectoAnalisisDeSistemas-master\PaginaBizu\wwwroot\assets\img\scenery\66824523eb89f54aaf11e243-gold-bracelets-for-women-18k-gold-plated.jpg'
2025-08-05 12:33:44.812 -06:00 [INF] Request finished HTTP/1.1 GET http://localhost:5116/assets/img/scenery/61-HMICpUTL._AC_UY1000_.jpg - 200 99591 image/jpeg 175.6127ms
2025-08-05 12:33:44.819 -06:00 [INF] Request finished HTTP/1.1 GET http://localhost:5116/assets/img/scenery/66824523eb89f54aaf11e243-gold-bracelets-for-women-18k-gold-plated.jpg - 200 44054 image/jpeg 163.5249ms
2025-08-05 12:33:45.183 -06:00 [INF] Request starting HTTP/1.1 GET http://localhost:5116/assets/img/scenery/pulsera-aine-stone-gold.jpg - null null
2025-08-05 12:33:45.189 -06:00 [INF] Request starting HTTP/1.1 GET http://localhost:5116/assets/img/scenery/09a84a043cf1b58d59b0e39a12c60491.jpg - null null
2025-08-05 12:33:45.189 -06:00 [INF] Request starting HTTP/1.1 GET http://localhost:5116/assets/img/scenery/il_570xN.2179198790_o9bo.jpeg - null null
2025-08-05 12:33:45.190 -06:00 [INF] Request starting HTTP/1.1 GET http://localhost:5116/assets/js/baguetteBox.min.js - null null
2025-08-05 12:33:45.289 -06:00 [INF] Sending file. Request path: '/assets/img/scenery/pulsera-aine-stone-gold.jpg'. Physical path: 'C:\Users\hoshu\OneDrive\Desktop\ProyectoAnalisisDeSistemas-master\ProyectoAnalisisDeSistemas-master\PaginaBizu\wwwroot\assets\img\scenery\pulsera-aine-stone-gold.jpg'
2025-08-05 12:33:45.191 -06:00 [INF] Request starting HTTP/1.1 GET http://localhost:5116/assets/js/theme.js - null null
2025-08-05 12:33:45.334 -06:00 [INF] Sending file. Request path: '/assets/img/scenery/il_570xN.2179198790_o9bo.jpeg'. Physical path: 'C:\Users\hoshu\OneDrive\Desktop\ProyectoAnalisisDeSistemas-master\ProyectoAnalisisDeSistemas-master\PaginaBizu\wwwroot\assets\img\scenery\il_570xN.2179198790_o9bo.jpeg'
2025-08-05 12:33:45.379 -06:00 [INF] Request finished HTTP/1.1 GET http://localhost:5116/assets/img/scenery/pulsera-aine-stone-gold.jpg - 200 22089 image/jpeg 196.7383ms
2025-08-05 12:33:45.366 -06:00 [INF] Sending file. Request path: '/assets/js/baguetteBox.min.js'. Physical path: 'C:\Users\hoshu\OneDrive\Desktop\ProyectoAnalisisDeSistemas-master\ProyectoAnalisisDeSistemas-master\PaginaBizu\wwwroot\assets\js\baguetteBox.min.js'
2025-08-05 12:33:45.191 -06:00 [INF] Request starting HTTP/1.1 GET http://localhost:5116/assets/js/vanilla-zoom.js - null null
2025-08-05 12:33:45.290 -06:00 [INF] Sending file. Request path: '/assets/img/scenery/09a84a043cf1b58d59b0e39a12c60491.jpg'. Physical path: 'C:\Users\hoshu\OneDrive\Desktop\ProyectoAnalisisDeSistemas-master\ProyectoAnalisisDeSistemas-master\PaginaBizu\wwwroot\assets\img\scenery\09a84a043cf1b58d59b0e39a12c60491.jpg'
2025-08-05 12:33:45.431 -06:00 [INF] Request starting HTTP/1.1 GET http://localhost:5116/css/tailwindcss - null null
2025-08-05 12:33:45.436 -06:00 [INF] Request finished HTTP/1.1 GET http://localhost:5116/assets/js/baguetteBox.min.js - 200 9577 text/javascript 246.0824ms
2025-08-05 12:33:45.451 -06:00 [INF] Sending file. Request path: '/assets/js/vanilla-zoom.js'. Physical path: 'C:\Users\hoshu\OneDrive\Desktop\ProyectoAnalisisDeSistemas-master\ProyectoAnalisisDeSistemas-master\PaginaBizu\wwwroot\assets\js\vanilla-zoom.js'
2025-08-05 12:33:45.400 -06:00 [INF] Sending file. Request path: '/assets/js/theme.js'. Physical path: 'C:\Users\hoshu\OneDrive\Desktop\ProyectoAnalisisDeSistemas-master\ProyectoAnalisisDeSistemas-master\PaginaBizu\wwwroot\assets\js\theme.js'
2025-08-05 12:33:45.417 -06:00 [INF] Request finished HTTP/1.1 GET http://localhost:5116/assets/img/scenery/il_570xN.2179198790_o9bo.jpeg - 200 16880 image/jpeg 227.9667ms
2025-08-05 12:33:45.458 -06:00 [INF] Request finished HTTP/1.1 GET http://localhost:5116/assets/img/scenery/09a84a043cf1b58d59b0e39a12c60491.jpg - 200 6897 image/jpeg 269.0495ms
2025-08-05 12:33:45.478 -06:00 [INF] Request finished HTTP/1.1 GET http://localhost:5116/css/tailwindcss - 404 0 null 47.0782ms
2025-08-05 12:33:45.481 -06:00 [INF] Request starting HTTP/1.1 GET http://localhost:5116/assets/img/scenery/17001222879e9360ad6ad00d7ff0a6b62437cfbf97_thumbnail_720x.jpg - null null
2025-08-05 12:33:45.486 -06:00 [INF] Request finished HTTP/1.1 GET http://localhost:5116/assets/js/vanilla-zoom.js - 200 3621 text/javascript 295.0747ms
2025-08-05 12:33:45.491 -06:00 [INF] Request finished HTTP/1.1 GET http://localhost:5116/assets/js/theme.js - 200 311 text/javascript 300.1822ms
2025-08-05 12:33:45.535 -06:00 [INF] Request reached the end of the middleware pipeline without being handled by application code. Request path: GET http://localhost:5116/css/tailwindcss, Response status code: 404
2025-08-05 12:33:45.573 -06:00 [INF] Request starting HTTP/1.1 GET http://localhost:5116/_vs/browserLink - null null
2025-08-05 12:33:45.507 -06:00 [INF] Request starting HTTP/1.1 GET http://localhost:5116/_framework/aspnetcore-browser-refresh.js - null null
2025-08-05 12:33:45.575 -06:00 [INF] Sending file. Request path: '/assets/img/scenery/17001222879e9360ad6ad00d7ff0a6b62437cfbf97_thumbnail_720x.jpg'. Physical path: 'C:\Users\hoshu\OneDrive\Desktop\ProyectoAnalisisDeSistemas-master\ProyectoAnalisisDeSistemas-master\PaginaBizu\wwwroot\assets\img\scenery\17001222879e9360ad6ad00d7ff0a6b62437cfbf97_thumbnail_720x.jpg'
2025-08-05 12:33:45.583 -06:00 [INF] Request starting HTTP/1.1 GET http://localhost:5116/assets/img/depositphotos_5028610-stock-photo-beautiful-woman.jpg - null null
2025-08-05 12:33:45.680 -06:00 [INF] Request finished HTTP/1.1 GET http://localhost:5116/assets/img/scenery/17001222879e9360ad6ad00d7ff0a6b62437cfbf97_thumbnail_720x.jpg - 200 66304 image/jpeg 199.3442ms
2025-08-05 12:33:45.667 -06:00 [INF] Request finished HTTP/1.1 GET http://localhost:5116/_framework/aspnetcore-browser-refresh.js - 200 16505 application/javascript; charset=utf-8 159.9579ms
2025-08-05 12:33:45.718 -06:00 [INF] Request starting HTTP/1.1 GET http://localhost:5116/assets/fonts/Simple-Line-Icons.woff2?v=2.4.0 - null null
2025-08-05 12:33:45.726 -06:00 [INF] Sending file. Request path: '/assets/img/depositphotos_5028610-stock-photo-beautiful-woman.jpg'. Physical path: 'C:\Users\hoshu\OneDrive\Desktop\ProyectoAnalisisDeSistemas-master\ProyectoAnalisisDeSistemas-master\PaginaBizu\wwwroot\assets\img\depositphotos_5028610-stock-photo-beautiful-woman.jpg'
2025-08-05 12:33:45.522 -06:00 [INF] Request starting HTTP/1.1 GET http://localhost:5116/images/bg.png - null null
2025-08-05 12:33:45.765 -06:00 [INF] Sending file. Request path: '/assets/fonts/Simple-Line-Icons.woff2'. Physical path: 'C:\Users\hoshu\OneDrive\Desktop\ProyectoAnalisisDeSistemas-master\ProyectoAnalisisDeSistemas-master\PaginaBizu\wwwroot\assets\fonts\Simple-Line-Icons.woff2'
2025-08-05 12:33:45.772 -06:00 [INF] Request finished HTTP/1.1 GET http://localhost:5116/assets/img/depositphotos_5028610-stock-photo-beautiful-woman.jpg - 200 18454 image/jpeg 188.7891ms
2025-08-05 12:33:45.791 -06:00 [INF] Request finished HTTP/1.1 GET http://localhost:5116/assets/fonts/Simple-Line-Icons.woff2?v=2.4.0 - 200 30064 font/woff2 73.2521ms
2025-08-05 12:33:45.792 -06:00 [INF] Request finished HTTP/1.1 GET http://localhost:5116/_vs/browserLink - 200 null text/javascript; charset=UTF-8 218.1325ms
2025-08-05 12:33:45.792 -06:00 [INF] Request finished HTTP/1.1 GET http://localhost:5116/images/bg.png - 404 0 null 270.4169ms
2025-08-05 12:33:45.851 -06:00 [INF] Request reached the end of the middleware pipeline without being handled by application code. Request path: GET http://localhost:5116/images/bg.png, Response status code: 404
2025-08-05 12:33:46.956 -06:00 [INF] Request starting HTTP/1.1 GET http://localhost:5116/favicon.ico - null null
2025-08-05 12:33:46.992 -06:00 [INF] Sending file. Request path: '/favicon.ico'. Physical path: 'C:\Users\hoshu\OneDrive\Desktop\ProyectoAnalisisDeSistemas-master\ProyectoAnalisisDeSistemas-master\PaginaBizu\wwwroot\favicon.ico'
2025-08-05 12:33:47.004 -06:00 [INF] Request finished HTTP/1.1 GET http://localhost:5116/favicon.ico - 200 5430 image/x-icon 47.7971ms
2025-08-05 12:33:48.526 -06:00 [INF] Request starting HTTP/1.1 GET http://localhost:5116/Account/Login - null null
2025-08-05 12:33:48.550 -06:00 [INF] Executing endpoint 'PaginaBizu.Controllers.AccountController.Login (PaginaBizu)'
2025-08-05 12:33:48.564 -06:00 [INF] Route matched with {action = "Login", controller = "Account", page = "", area = ""}. Executing controller action with signature Microsoft.AspNetCore.Mvc.IActionResult Login() on controller PaginaBizu.Controllers.AccountController (PaginaBizu).
2025-08-05 12:33:48.621 -06:00 [INF] ➡️ Acción ejecutándose: Account/Login | Usuario: No autenticado | IP: ::1 | Hora: "2025-08-05T12:33:48.6209422-06:00"
2025-08-05 12:33:48.635 -06:00 [INF] ✅ Acción ejecutada: Account/Login | Hora: "2025-08-05T12:33:48.6356583-06:00"
2025-08-05 12:33:48.646 -06:00 [INF] Executing ViewResult, running view ~/Views/Shared/_LoginPartialUser.cshtml.
2025-08-05 12:33:48.736 -06:00 [INF] Executed ViewResult - view ~/Views/Shared/_LoginPartialUser.cshtml executed in 91.1298ms.
2025-08-05 12:33:48.743 -06:00 [INF] Executed action PaginaBizu.Controllers.AccountController.Login (PaginaBizu) in 167.4344ms
2025-08-05 12:33:48.750 -06:00 [INF] Executed endpoint 'PaginaBizu.Controllers.AccountController.Login (PaginaBizu)'
2025-08-05 12:33:48.760 -06:00 [INF] Request finished HTTP/1.1 GET http://localhost:5116/Account/Login - 200 null text/html; charset=utf-8 233.8867ms
2025-08-05 12:33:48.803 -06:00 [INF] Request starting HTTP/1.1 GET http://localhost:5116/lib/bootstrap/dist/css/bootstrap.min.css - null null
2025-08-05 12:33:48.803 -06:00 [INF] Request starting HTTP/1.1 GET http://localhost:5116/css/site.css?v=tq5MmRYVOxTwKBolobLEVhlycV0HPFnVWGBXwwh-KzE - null null
2025-08-05 12:33:48.803 -06:00 [INF] Request starting HTTP/1.1 GET http://localhost:5116/PaginaBizu.styles.css?v=u2o_07VtSGrZO3WxHAXzvZBevI20fzSZge8oUb78F-4 - null null
2025-08-05 12:33:48.808 -06:00 [INF] Request starting HTTP/1.1 GET http://localhost:5116/lib/bootstrap/dist/js/bootstrap.bundle.min.js - null null
2025-08-05 12:33:48.824 -06:00 [INF] Sending file. Request path: '/lib/bootstrap/dist/css/bootstrap.min.css'. Physical path: 'C:\Users\hoshu\OneDrive\Desktop\ProyectoAnalisisDeSistemas-master\ProyectoAnalisisDeSistemas-master\PaginaBizu\wwwroot\lib\bootstrap\dist\css\bootstrap.min.css'
2025-08-05 12:33:48.824 -06:00 [INF] Sending file. Request path: '/css/site.css'. Physical path: 'C:\Users\hoshu\OneDrive\Desktop\ProyectoAnalisisDeSistemas-master\ProyectoAnalisisDeSistemas-master\PaginaBizu\wwwroot\css\site.css'
2025-08-05 12:33:48.833 -06:00 [INF] Sending file. Request path: '/PaginaBizu.styles.css'. Physical path: 'C:\Users\hoshu\OneDrive\Desktop\ProyectoAnalisisDeSistemas-master\ProyectoAnalisisDeSistemas-master\PaginaBizu\obj\Debug\net8.0\scopedcss\bundle\PaginaBizu.styles.css'
2025-08-05 12:33:48.805 -06:00 [INF] Request starting HTTP/1.1 GET http://localhost:5116/lib/jquery/dist/jquery.min.js - null null
2025-08-05 12:33:48.805 -06:00 [INF] Request starting HTTP/1.1 GET http://localhost:5116/css/gucci-style.css - null null
2025-08-05 12:33:48.843 -06:00 [INF] Request finished HTTP/1.1 GET http://localhost:5116/lib/bootstrap/dist/css/bootstrap.min.css - 200 162720 text/css 39.635ms
2025-08-05 12:33:48.843 -06:00 [INF] Sending file. Request path: '/lib/bootstrap/dist/js/bootstrap.bundle.min.js'. Physical path: 'C:\Users\hoshu\OneDrive\Desktop\ProyectoAnalisisDeSistemas-master\ProyectoAnalisisDeSistemas-master\PaginaBizu\wwwroot\lib\bootstrap\dist\js\bootstrap.bundle.min.js'
2025-08-05 12:33:48.847 -06:00 [INF] Request finished HTTP/1.1 GET http://localhost:5116/css/site.css?v=tq5MmRYVOxTwKBolobLEVhlycV0HPFnVWGBXwwh-KzE - 200 1052 text/css 43.4813ms
2025-08-05 12:33:48.864 -06:00 [INF] Sending file. Request path: '/lib/jquery/dist/jquery.min.js'. Physical path: 'C:\Users\hoshu\OneDrive\Desktop\ProyectoAnalisisDeSistemas-master\ProyectoAnalisisDeSistemas-master\PaginaBizu\wwwroot\lib\jquery\dist\jquery.min.js'
2025-08-05 12:33:48.850 -06:00 [INF] Request finished HTTP/1.1 GET http://localhost:5116/PaginaBizu.styles.css?v=u2o_07VtSGrZO3WxHAXzvZBevI20fzSZge8oUb78F-4 - 200 1128 text/css 46.4343ms
2025-08-05 12:33:48.870 -06:00 [INF] Sending file. Request path: '/css/gucci-style.css'. Physical path: 'C:\Users\hoshu\OneDrive\Desktop\ProyectoAnalisisDeSistemas-master\ProyectoAnalisisDeSistemas-master\PaginaBizu\wwwroot\css\gucci-style.css'
2025-08-05 12:33:48.875 -06:00 [INF] Request starting HTTP/1.1 GET http://localhost:5116/js/shop.js - null null
2025-08-05 12:33:48.878 -06:00 [INF] Request finished HTTP/1.1 GET http://localhost:5116/lib/bootstrap/dist/js/bootstrap.bundle.min.js - 200 78468 text/javascript 70.5152ms
2025-08-05 12:33:48.890 -06:00 [INF] Request starting HTTP/1.1 GET http://localhost:5116/lib/jquery-validation/dist/jquery.validate.min.js - null null
2025-08-05 12:33:48.897 -06:00 [INF] Request finished HTTP/1.1 GET http://localhost:5116/lib/jquery/dist/jquery.min.js - 200 89501 text/javascript 91.8435ms
2025-08-05 12:33:48.929 -06:00 [INF] Request starting HTTP/1.1 GET http://localhost:5116/js/login-validation.js - null null
2025-08-05 12:33:48.909 -06:00 [INF] Request starting HTTP/1.1 GET http://localhost:5116/lib/jquery-validation-unobtrusive/jquery.validate.unobtrusive.min.js - null null
2025-08-05 12:33:48.939 -06:00 [INF] Sending file. Request path: '/lib/jquery-validation/dist/jquery.validate.min.js'. Physical path: 'C:\Users\hoshu\OneDrive\Desktop\ProyectoAnalisisDeSistemas-master\ProyectoAnalisisDeSistemas-master\PaginaBizu\wwwroot\lib\jquery-validation\dist\jquery.validate.min.js'
2025-08-05 12:33:48.945 -06:00 [INF] Request starting HTTP/1.1 GET http://localhost:5116/_framework/aspnetcore-browser-refresh.js - null null
2025-08-05 12:33:48.922 -06:00 [INF] Sending file. Request path: '/js/shop.js'. Physical path: 'C:\Users\hoshu\OneDrive\Desktop\ProyectoAnalisisDeSistemas-master\ProyectoAnalisisDeSistemas-master\PaginaBizu\wwwroot\js\shop.js'
2025-08-05 12:33:48.953 -06:00 [INF] Sending file. Request path: '/js/login-validation.js'. Physical path: 'C:\Users\hoshu\OneDrive\Desktop\ProyectoAnalisisDeSistemas-master\ProyectoAnalisisDeSistemas-master\PaginaBizu\wwwroot\js\login-validation.js'
2025-08-05 12:33:48.913 -06:00 [INF] Request finished HTTP/1.1 GET http://localhost:5116/css/gucci-style.css - 200 4292 text/css 108.3989ms
2025-08-05 12:33:48.961 -06:00 [INF] Sending file. Request path: '/lib/jquery-validation-unobtrusive/jquery.validate.unobtrusive.min.js'. Physical path: 'C:\Users\hoshu\OneDrive\Desktop\ProyectoAnalisisDeSistemas-master\ProyectoAnalisisDeSistemas-master\PaginaBizu\wwwroot\lib\jquery-validation-unobtrusive\jquery.validate.unobtrusive.min.js'
2025-08-05 12:33:48.963 -06:00 [INF] Request finished HTTP/1.1 GET http://localhost:5116/lib/jquery-validation/dist/jquery.validate.min.js - 200 24601 text/javascript 73.3228ms
2025-08-05 12:33:48.970 -06:00 [INF] Request finished HTTP/1.1 GET http://localhost:5116/_framework/aspnetcore-browser-refresh.js - 200 16505 application/javascript; charset=utf-8 25.2819ms
2025-08-05 12:33:48.973 -06:00 [INF] Request finished HTTP/1.1 GET http://localhost:5116/js/shop.js - 200 145 text/javascript 98.1426ms
2025-08-05 12:33:48.977 -06:00 [INF] Request finished HTTP/1.1 GET http://localhost:5116/js/login-validation.js - 200 2152 text/javascript 48.3887ms
2025-08-05 12:33:48.988 -06:00 [INF] Request finished HTTP/1.1 GET http://localhost:5116/lib/jquery-validation-unobtrusive/jquery.validate.unobtrusive.min.js - 200 5824 text/javascript 79.3388ms
2025-08-05 12:33:49.198 -06:00 [INF] Request starting HTTP/1.1 GET http://localhost:5116/_vs/browserLink - null null
2025-08-05 12:33:49.216 -06:00 [INF] Request starting HTTP/1.1 GET http://localhost:5116/css/tailwindcss - null null
2025-08-05 12:33:49.233 -06:00 [INF] Request finished HTTP/1.1 GET http://localhost:5116/css/tailwindcss - 404 0 null 17.256ms
2025-08-05 12:33:49.246 -06:00 [INF] Request reached the end of the middleware pipeline without being handled by application code. Request path: GET http://localhost:5116/css/tailwindcss, Response status code: 404
2025-08-05 12:33:49.255 -06:00 [INF] Request finished HTTP/1.1 GET http://localhost:5116/_vs/browserLink - 200 null text/javascript; charset=UTF-8 57.6118ms
2025-08-05 12:33:49.309 -06:00 [INF] Request starting HTTP/1.1 GET http://localhost:5116/Cart/CartCount - null null
2025-08-05 12:33:49.317 -06:00 [INF] Executing endpoint 'PaginaBizu.Controllers.CartController.CartCount (PaginaBizu)'
2025-08-05 12:33:49.324 -06:00 [INF] Route matched with {action = "CartCount", controller = "Cart", page = "", area = ""}. Executing controller action with signature Microsoft.AspNetCore.Mvc.IActionResult CartCount() on controller PaginaBizu.Controllers.CartController (PaginaBizu).
2025-08-05 12:33:49.332 -06:00 [INF] ➡️ Acción ejecutándose: Cart/CartCount | Usuario: No autenticado | IP: ::1 | Hora: "2025-08-05T12:33:49.3329061-06:00"
2025-08-05 12:33:49.346 -06:00 [INF] ✅ Acción ejecutada: Cart/CartCount | Hora: "2025-08-05T12:33:49.3459567-06:00"
2025-08-05 12:33:49.357 -06:00 [INF] Executing JsonResult, writing value of type 'System.Int32'.
2025-08-05 12:33:49.371 -06:00 [INF] Executed action PaginaBizu.Controllers.CartController.CartCount (PaginaBizu) in 40.714ms
2025-08-05 12:33:49.372 -06:00 [INF] Request starting HTTP/1.1 GET http://localhost:5116/Cart/CartCount - null null
2025-08-05 12:33:49.375 -06:00 [INF] Executed endpoint 'PaginaBizu.Controllers.CartController.CartCount (PaginaBizu)'
2025-08-05 12:33:49.384 -06:00 [INF] Executing endpoint 'PaginaBizu.Controllers.CartController.CartCount (PaginaBizu)'
2025-08-05 12:33:49.385 -06:00 [INF] Request finished HTTP/1.1 GET http://localhost:5116/Cart/CartCount - 200 null application/json; charset=utf-8 76.4928ms
2025-08-05 12:33:49.389 -06:00 [INF] Route matched with {action = "CartCount", controller = "Cart", page = "", area = ""}. Executing controller action with signature Microsoft.AspNetCore.Mvc.IActionResult CartCount() on controller PaginaBizu.Controllers.CartController (PaginaBizu).
2025-08-05 12:33:49.402 -06:00 [INF] ➡️ Acción ejecutándose: Cart/CartCount | Usuario: No autenticado | IP: ::1 | Hora: "2025-08-05T12:33:49.4027241-06:00"
2025-08-05 12:33:49.408 -06:00 [INF] ✅ Acción ejecutada: Cart/CartCount | Hora: "2025-08-05T12:33:49.4079822-06:00"
2025-08-05 12:33:49.412 -06:00 [INF] Executing JsonResult, writing value of type 'System.Int32'.
2025-08-05 12:33:49.416 -06:00 [INF] Executed action PaginaBizu.Controllers.CartController.CartCount (PaginaBizu) in 14.1505ms
2025-08-05 12:33:49.419 -06:00 [INF] Executed endpoint 'PaginaBizu.Controllers.CartController.CartCount (PaginaBizu)'
2025-08-05 12:33:49.423 -06:00 [INF] Request finished HTTP/1.1 GET http://localhost:5116/Cart/CartCount - 200 null application/json; charset=utf-8 50.274ms
2025-08-05 12:37:30.967 -06:00 [INF] User profile is available. Using 'C:\Users\hoshu\AppData\Local\ASP.NET\DataProtection-Keys' as key repository and Windows DPAPI to encrypt keys at rest.
2025-08-05 12:37:31.562 -06:00 [WRN] No store type was specified for the decimal property 'Total' on entity type 'Order'. This will cause values to be silently truncated if they do not fit in the default precision and scale. Explicitly specify the SQL server column type that can accommodate all the values in 'OnModelCreating' using 'HasColumnType', specify precision and scale using 'HasPrecision', or configure a value converter using 'HasConversion'.
2025-08-05 12:37:31.565 -06:00 [WRN] No store type was specified for the decimal property 'PrecioUnitario' on entity type 'OrderDetail'. This will cause values to be silently truncated if they do not fit in the default precision and scale. Explicitly specify the SQL server column type that can accommodate all the values in 'OnModelCreating' using 'HasColumnType', specify precision and scale using 'HasPrecision', or configure a value converter using 'HasConversion'.
2025-08-05 12:37:31.566 -06:00 [WRN] No store type was specified for the decimal property 'Precio' on entity type 'Product'. This will cause values to be silently truncated if they do not fit in the default precision and scale. Explicitly specify the SQL server column type that can accommodate all the values in 'OnModelCreating' using 'HasColumnType', specify precision and scale using 'HasPrecision', or configure a value converter using 'HasConversion'.
2025-08-05 12:37:32.092 -06:00 [INF] Executed DbCommand (28ms) [Parameters=[@__normalizedName_0='?' (Size = 256)], CommandType='"Text"', CommandTimeout='30']
SELECT TOP(1) [a].[Id], [a].[ConcurrencyStamp], [a].[Name], [a].[NormalizedName]
FROM [AspNetRoles] AS [a]
WHERE [a].[NormalizedName] = @__normalizedName_0
2025-08-05 12:37:32.185 -06:00 [INF] Executed DbCommand (9ms) [Parameters=[@__normalizedEmail_0='?' (Size = 256)], CommandType='"Text"', CommandTimeout='30']
SELECT TOP(2) [a].[Id], [a].[AccessFailedCount], [a].[ConcurrencyStamp], [a].[Email], [a].[EmailConfirmed], [a].[LockoutEnabled], [a].[LockoutEnd], [a].[NormalizedEmail], [a].[NormalizedUserName], [a].[PasswordHash], [a].[PhoneNumber], [a].[PhoneNumberConfirmed], [a].[SecurityStamp], [a].[TwoFactorEnabled], [a].[UserName]
FROM [AspNetUsers] AS [a]
WHERE [a].[NormalizedEmail] = @__normalizedEmail_0
2025-08-05 12:37:32.231 -06:00 [INF] Executed DbCommand (5ms) [Parameters=[@__normalizedRoleName_0='?' (Size = 256)], CommandType='"Text"', CommandTimeout='30']
SELECT TOP(2) [a].[Id], [a].[ConcurrencyStamp], [a].[Name], [a].[NormalizedName]
FROM [AspNetRoles] AS [a]
WHERE [a].[NormalizedName] = @__normalizedRoleName_0
2025-08-05 12:37:32.263 -06:00 [INF] Executed DbCommand (3ms) [Parameters=[@__p_0='?' (Size = 450), @__p_1='?' (Size = 450)], CommandType='"Text"', CommandTimeout='30']
SELECT TOP(1) [a].[UserId], [a].[RoleId]
FROM [AspNetUserRoles] AS [a]
WHERE [a].[UserId] = @__p_0 AND [a].[RoleId] = @__p_1
2025-08-05 12:37:32.281 -06:00 [INF] Executed DbCommand (5ms) [Parameters=[@__normalizedEmail_0='?' (Size = 256)], CommandType='"Text"', CommandTimeout='30']
SELECT TOP(2) [a].[Id], [a].[AccessFailedCount], [a].[ConcurrencyStamp], [a].[Email], [a].[EmailConfirmed], [a].[LockoutEnabled], [a].[LockoutEnd], [a].[NormalizedEmail], [a].[NormalizedUserName], [a].[PasswordHash], [a].[PhoneNumber], [a].[PhoneNumberConfirmed], [a].[SecurityStamp], [a].[TwoFactorEnabled], [a].[UserName]
FROM [AspNetUsers] AS [a]
WHERE [a].[NormalizedEmail] = @__normalizedEmail_0
2025-08-05 12:37:32.290 -06:00 [INF] Executed DbCommand (1ms) [Parameters=[@__normalizedRoleName_0='?' (Size = 256)], CommandType='"Text"', CommandTimeout='30']
SELECT TOP(2) [a].[Id], [a].[ConcurrencyStamp], [a].[Name], [a].[NormalizedName]
FROM [AspNetRoles] AS [a]
WHERE [a].[NormalizedName] = @__normalizedRoleName_0
2025-08-05 12:37:32.294 -06:00 [INF] Executed DbCommand (0ms) [Parameters=[@__p_0='?' (Size = 450), @__p_1='?' (Size = 450)], CommandType='"Text"', CommandTimeout='30']
SELECT TOP(1) [a].[UserId], [a].[RoleId]
FROM [AspNetUserRoles] AS [a]
WHERE [a].[UserId] = @__p_0 AND [a].[RoleId] = @__p_1
2025-08-05 12:37:32.297 -06:00 [INF] Executed DbCommand (1ms) [Parameters=[@__normalizedEmail_0='?' (Size = 256)], CommandType='"Text"', CommandTimeout='30']
SELECT TOP(2) [a].[Id], [a].[AccessFailedCount], [a].[ConcurrencyStamp], [a].[Email], [a].[EmailConfirmed], [a].[LockoutEnabled], [a].[LockoutEnd], [a].[NormalizedEmail], [a].[NormalizedUserName], [a].[PasswordHash], [a].[PhoneNumber], [a].[PhoneNumberConfirmed], [a].[SecurityStamp], [a].[TwoFactorEnabled], [a].[UserName]
FROM [AspNetUsers] AS [a]
WHERE [a].[NormalizedEmail] = @__normalizedEmail_0
2025-08-05 12:37:32.303 -06:00 [INF] Executed DbCommand (2ms) [Parameters=[@__normalizedRoleName_0='?' (Size = 256)], CommandType='"Text"', CommandTimeout='30']
SELECT TOP(2) [a].[Id], [a].[ConcurrencyStamp], [a].[Name], [a].[NormalizedName]
FROM [AspNetRoles] AS [a]
WHERE [a].[NormalizedName] = @__normalizedRoleName_0
2025-08-05 12:37:32.310 -06:00 [INF] Executed DbCommand (2ms) [Parameters=[@__p_0='?' (Size = 450), @__p_1='?' (Size = 450)], CommandType='"Text"', CommandTimeout='30']
SELECT TOP(1) [a].[UserId], [a].[RoleId]
FROM [AspNetUserRoles] AS [a]
WHERE [a].[UserId] = @__p_0 AND [a].[RoleId] = @__p_1
2025-08-05 12:37:32.605 -06:00 [INF] Now listening on: http://localhost:5116
2025-08-05 12:37:32.608 -06:00 [INF] Application started. Press Ctrl+C to shut down.
2025-08-05 12:37:32.610 -06:00 [INF] Hosting environment: Development
2025-08-05 12:37:32.613 -06:00 [INF] Content root path: C:\Users\hoshu\OneDrive\Desktop\ProyectoAnalisisDeSistemas-master\ProyectoAnalisisDeSistemas-master\PaginaBizu
2025-08-05 12:39:08.895 -06:00 [INF] Request starting HTTP/1.1 GET http://localhost:5116/ - null null
2025-08-05 12:39:08.955 -06:00 [WRN] Failed to determine the https port for redirect.
2025-08-05 12:39:08.993 -06:00 [INF] Executing endpoint 'PaginaBizu.Controllers.HomeController.Index (PaginaBizu)'
2025-08-05 12:39:09.009 -06:00 [INF] Route matched with {action = "Index", controller = "Home", page = "", area = ""}. Executing controller action with signature Microsoft.AspNetCore.Mvc.IActionResult Index() on controller PaginaBizu.Controllers.HomeController (PaginaBizu).
2025-08-05 12:39:09.027 -06:00 [INF] ➡️ Acción ejecutándose: Home/Index | Usuario: No autenticado | IP: ::1 | Hora: "2025-08-05T12:39:09.0272122-06:00"
2025-08-05 12:39:09.034 -06:00 [INF] ✅ Acción ejecutada: Home/Index | Hora: "2025-08-05T12:39:09.0339077-06:00"
2025-08-05 12:39:09.046 -06:00 [INF] Executing ViewResult, running view Index.
2025-08-05 12:39:09.181 -06:00 [INF] Executed ViewResult - view Index executed in 133.3643ms.
2025-08-05 12:39:09.194 -06:00 [INF] Executed action PaginaBizu.Controllers.HomeController.Index (PaginaBizu) in 180.6755ms
2025-08-05 12:39:09.200 -06:00 [INF] Executed endpoint 'PaginaBizu.Controllers.HomeController.Index (PaginaBizu)'
2025-08-05 12:39:09.212 -06:00 [INF] Request finished HTTP/1.1 GET http://localhost:5116/ - 200 null text/html; charset=utf-8 318.611ms
2025-08-05 12:39:09.250 -06:00 [INF] Request starting HTTP/1.1 GET http://localhost:5116/css/style.css - null null
2025-08-05 12:39:09.254 -06:00 [INF] Request starting HTTP/1.1 GET http://localhost:5116/assets/bootstrap/css/bootstrap.min.css - null null
2025-08-05 12:39:09.259 -06:00 [INF] Request starting HTTP/1.1 GET http://localhost:5116/assets/fonts/simple-line-icons.min.css - null null
2025-08-05 12:39:09.260 -06:00 [INF] Request starting HTTP/1.1 GET http://localhost:5116/assets/css/baguetteBox.min.css - null null
2025-08-05 12:39:09.261 -06:00 [INF] Request starting HTTP/1.1 GET http://localhost:5116/assets/css/vanilla-zoom.min.css - null null
2025-08-05 12:39:09.261 -06:00 [INF] Request starting HTTP/1.1 GET http://localhost:5116/css/glow-form.css - null null
2025-08-05 12:39:09.275 -06:00 [INF] The file /css/style.css was not modified
2025-08-05 12:39:09.275 -06:00 [INF] The file /assets/bootstrap/css/bootstrap.min.css was not modified
2025-08-05 12:39:09.281 -06:00 [INF] The file /assets/fonts/simple-line-icons.min.css was not modified
2025-08-05 12:39:09.287 -06:00 [INF] The file /assets/css/baguetteBox.min.css was not modified
2025-08-05 12:39:09.292 -06:00 [INF] The file /assets/css/vanilla-zoom.min.css was not modified
2025-08-05 12:39:09.298 -06:00 [INF] The file /css/glow-form.css was not modified
2025-08-05 12:39:09.301 -06:00 [INF] Request finished HTTP/1.1 GET http://localhost:5116/css/style.css - 304 null text/css 50.6276ms
2025-08-05 12:39:09.302 -06:00 [INF] Request finished HTTP/1.1 GET http://localhost:5116/assets/bootstrap/css/bootstrap.min.css - 304 null text/css 48.2218ms
2025-08-05 12:39:09.305 -06:00 [INF] Request finished HTTP/1.1 GET http://localhost:5116/assets/fonts/simple-line-icons.min.css - 304 null text/css 45.1374ms
2025-08-05 12:39:09.307 -06:00 [INF] Request finished HTTP/1.1 GET http://localhost:5116/assets/css/baguetteBox.min.css - 304 null text/css 46.4419ms
2025-08-05 12:39:09.310 -06:00 [INF] Request finished HTTP/1.1 GET http://localhost:5116/assets/css/vanilla-zoom.min.css - 304 null text/css 49.0033ms
2025-08-05 12:39:09.313 -06:00 [INF] Request finished HTTP/1.1 GET http://localhost:5116/css/glow-form.css - 304 null text/css 51.7673ms
2025-08-05 12:39:09.333 -06:00 [INF] Request starting HTTP/1.1 GET http://localhost:5116/assets/img/scenery/61-HMICpUTL._AC_UY1000_.jpg - null null
2025-08-05 12:39:09.368 -06:00 [INF] Request starting HTTP/1.1 GET http://localhost:5116/assets/img/scenery/66824523eb89f54aaf11e243-gold-bracelets-for-women-18k-gold-plated.jpg - null null
2025-08-05 12:39:09.375 -06:00 [INF] The file /assets/img/scenery/61-HMICpUTL._AC_UY1000_.jpg was not modified
2025-08-05 12:39:09.381 -06:00 [INF] The file /assets/img/scenery/66824523eb89f54aaf11e243-gold-bracelets-for-women-18k-gold-plated.jpg was not modified
2025-08-05 12:39:09.384 -06:00 [INF] Request finished HTTP/1.1 GET http://localhost:5116/assets/img/scenery/61-HMICpUTL._AC_UY1000_.jpg - 304 null image/jpeg 50.4643ms
2025-08-05 12:39:09.389 -06:00 [INF] Request finished HTTP/1.1 GET http://localhost:5116/assets/img/scenery/66824523eb89f54aaf11e243-gold-bracelets-for-women-18k-gold-plated.jpg - 304 null image/jpeg 20.9691ms
2025-08-05 12:39:10.337 -06:00 [INF] Request starting HTTP/1.1 GET http://localhost:5116/assets/img/scenery/pulsera-aine-stone-gold.jpg - null null
2025-08-05 12:39:10.340 -06:00 [INF] Request starting HTTP/1.1 GET http://localhost:5116/assets/img/scenery/09a84a043cf1b58d59b0e39a12c60491.jpg - null null
2025-08-05 12:39:10.340 -06:00 [INF] Request starting HTTP/1.1 GET http://localhost:5116/assets/img/scenery/il_570xN.2179198790_o9bo.jpeg - null null
2025-08-05 12:39:10.341 -06:00 [INF] Request starting HTTP/1.1 GET http://localhost:5116/assets/js/baguetteBox.min.js - null null
2025-08-05 12:39:10.342 -06:00 [INF] Request starting HTTP/1.1 GET http://localhost:5116/assets/js/vanilla-zoom.js - null null
2025-08-05 12:39:10.342 -06:00 [INF] Request starting HTTP/1.1 GET http://localhost:5116/assets/js/theme.js - null null
2025-08-05 12:39:10.350 -06:00 [INF] The file /assets/img/scenery/pulsera-aine-stone-gold.jpg was not modified
2025-08-05 12:39:10.358 -06:00 [INF] The file /assets/img/scenery/09a84a043cf1b58d59b0e39a12c60491.jpg was not modified
2025-08-05 12:39:10.391 -06:00 [INF] The file /assets/img/scenery/il_570xN.2179198790_o9bo.jpeg was not modified
2025-08-05 12:39:10.408 -06:00 [INF] The file /assets/js/baguetteBox.min.js was not modified
2025-08-05 12:39:10.430 -06:00 [INF] The file /assets/js/vanilla-zoom.js was not modified
2025-08-05 12:39:10.454 -06:00 [INF] The file /assets/js/theme.js was not modified
2025-08-05 12:39:10.457 -06:00 [INF] Request finished HTTP/1.1 GET http://localhost:5116/assets/img/scenery/pulsera-aine-stone-gold.jpg - 304 null image/jpeg 120.5589ms
2025-08-05 12:39:10.464 -06:00 [INF] Request finished HTTP/1.1 GET http://localhost:5116/assets/img/scenery/09a84a043cf1b58d59b0e39a12c60491.jpg - 304 null image/jpeg 123.9849ms
2025-08-05 12:39:10.471 -06:00 [INF] Request finished HTTP/1.1 GET http://localhost:5116/assets/img/scenery/il_570xN.2179198790_o9bo.jpeg - 304 null image/jpeg 130.6287ms
2025-08-05 12:39:10.473 -06:00 [INF] Request finished HTTP/1.1 GET http://localhost:5116/assets/js/baguetteBox.min.js - 304 null text/javascript 132.5303ms
2025-08-05 12:39:10.478 -06:00 [INF] Request finished HTTP/1.1 GET http://localhost:5116/assets/js/vanilla-zoom.js - 304 null text/javascript 136.1211ms
2025-08-05 12:39:10.481 -06:00 [INF] Request finished HTTP/1.1 GET http://localhost:5116/assets/js/theme.js - 304 null text/javascript 138.7346ms
2025-08-05 12:39:10.492 -06:00 [INF] Request starting HTTP/1.1 GET http://localhost:5116/images/bg.png - null null
2025-08-05 12:39:10.522 -06:00 [INF] Request starting HTTP/1.1 GET http://localhost:5116/assets/img/scenery/17001222879e9360ad6ad00d7ff0a6b62437cfbf97_thumbnail_720x.jpg - null null
2025-08-05 12:39:10.532 -06:00 [INF] Request starting HTTP/1.1 GET http://localhost:5116/css/tailwindcss - null null
2025-08-05 12:39:10.545 -06:00 [INF] Request finished HTTP/1.1 GET http://localhost:5116/images/bg.png - 404 0 null 53.1524ms
2025-08-05 12:39:10.554 -06:00 [INF] The file /assets/img/scenery/17001222879e9360ad6ad00d7ff0a6b62437cfbf97_thumbnail_720x.jpg was not modified
2025-08-05 12:39:10.565 -06:00 [INF] Request finished HTTP/1.1 GET http://localhost:5116/css/tailwindcss - 404 0 null 32.8597ms
2025-08-05 12:39:10.572 -06:00 [INF] Request reached the end of the middleware pipeline without being handled by application code. Request path: GET http://localhost:5116/images/bg.png, Response status code: 404
2025-08-05 12:39:10.573 -06:00 [INF] Request finished HTTP/1.1 GET http://localhost:5116/assets/img/scenery/17001222879e9360ad6ad00d7ff0a6b62437cfbf97_thumbnail_720x.jpg - 304 null image/jpeg 51.7841ms
2025-08-05 12:39:10.582 -06:00 [INF] Request reached the end of the middleware pipeline without being handled by application code. Request path: GET http://localhost:5116/css/tailwindcss, Response status code: 404
2025-08-05 12:39:10.610 -06:00 [INF] Request starting HTTP/1.1 GET http://localhost:5116/assets/img/depositphotos_5028610-stock-photo-beautiful-woman.jpg - null null
2025-08-05 12:39:10.617 -06:00 [INF] The file /assets/img/depositphotos_5028610-stock-photo-beautiful-woman.jpg was not modified
2025-08-05 12:39:10.621 -06:00 [INF] Request finished HTTP/1.1 GET http://localhost:5116/assets/img/depositphotos_5028610-stock-photo-beautiful-woman.jpg - 304 null image/jpeg 10.2524ms
2025-08-05 12:39:11.059 -06:00 [INF] Request starting HTTP/1.1 GET http://localhost:5116/assets/fonts/Simple-Line-Icons.woff2?v=2.4.0 - null null
2025-08-05 12:39:11.069 -06:00 [INF] The file /assets/fonts/Simple-Line-Icons.woff2 was not modified
2025-08-05 12:39:11.072 -06:00 [INF] Request finished HTTP/1.1 GET http://localhost:5116/assets/fonts/Simple-Line-Icons.woff2?v=2.4.0 - 304 null font/woff2 13.0795ms
2025-08-05 12:39:12.805 -06:00 [INF] Request starting HTTP/1.1 GET http://localhost:5116/favicon.ico - null null
2025-08-05 12:39:12.820 -06:00 [INF] The file /favicon.ico was not modified
2025-08-05 12:39:12.828 -06:00 [INF] Request finished HTTP/1.1 GET http://localhost:5116/favicon.ico - 304 null image/x-icon 22.2517ms
2025-08-05 12:44:47.259 -06:00 [INF] Application is shutting down...
2025-08-05 12:44:55.597 -06:00 [INF] User profile is available. Using 'C:\Users\hoshu\AppData\Local\ASP.NET\DataProtection-Keys' as key repository and Windows DPAPI to encrypt keys at rest.
2025-08-05 12:44:56.390 -06:00 [WRN] No store type was specified for the decimal property 'Total' on entity type 'Order'. This will cause values to be silently truncated if they do not fit in the default precision and scale. Explicitly specify the SQL server column type that can accommodate all the values in 'OnModelCreating' using 'HasColumnType', specify precision and scale using 'HasPrecision', or configure a value converter using 'HasConversion'.
2025-08-05 12:44:56.395 -06:00 [WRN] No store type was specified for the decimal property 'PrecioUnitario' on entity type 'OrderDetail'. This will cause values to be silently truncated if they do not fit in the default precision and scale. Explicitly specify the SQL server column type that can accommodate all the values in 'OnModelCreating' using 'HasColumnType', specify precision and scale using 'HasPrecision', or configure a value converter using 'HasConversion'.
2025-08-05 12:44:56.400 -06:00 [WRN] No store type was specified for the decimal property 'Precio' on entity type 'Product'. This will cause values to be silently truncated if they do not fit in the default precision and scale. Explicitly specify the SQL server column type that can accommodate all the values in 'OnModelCreating' using 'HasColumnType', specify precision and scale using 'HasPrecision', or configure a value converter using 'HasConversion'.
2025-08-05 12:44:57.407 -06:00 [INF] Executed DbCommand (78ms) [Parameters=[@__normalizedName_0='?' (Size = 256)], CommandType='"Text"', CommandTimeout='30']
SELECT TOP(1) [a].[Id], [a].[ConcurrencyStamp], [a].[Name], [a].[NormalizedName]
FROM [AspNetRoles] AS [a]
WHERE [a].[NormalizedName] = @__normalizedName_0
2025-08-05 12:44:57.599 -06:00 [INF] Executed DbCommand (9ms) [Parameters=[@__normalizedEmail_0='?' (Size = 256)], CommandType='"Text"', CommandTimeout='30']
SELECT TOP(2) [a].[Id], [a].[AccessFailedCount], [a].[ConcurrencyStamp], [a].[Email], [a].[EmailConfirmed], [a].[LockoutEnabled], [a].[LockoutEnd], [a].[NormalizedEmail], [a].[NormalizedUserName], [a].[PasswordHash], [a].[PhoneNumber], [a].[PhoneNumberConfirmed], [a].[SecurityStamp], [a].[TwoFactorEnabled], [a].[UserName]
FROM [AspNetUsers] AS [a]
WHERE [a].[NormalizedEmail] = @__normalizedEmail_0
2025-08-05 12:44:57.701 -06:00 [INF] Executed DbCommand (10ms) [Parameters=[@__normalizedRoleName_0='?' (Size = 256)], CommandType='"Text"', CommandTimeout='30']
SELECT TOP(2) [a].[Id], [a].[ConcurrencyStamp], [a].[Name], [a].[NormalizedName]
FROM [AspNetRoles] AS [a]
WHERE [a].[NormalizedName] = @__normalizedRoleName_0
2025-08-05 12:44:57.759 -06:00 [INF] Executed DbCommand (4ms) [Parameters=[@__p_0='?' (Size = 450), @__p_1='?' (Size = 450)], CommandType='"Text"', CommandTimeout='30']
SELECT TOP(1) [a].[UserId], [a].[RoleId]
FROM [AspNetUserRoles] AS [a]
WHERE [a].[UserId] = @__p_0 AND [a].[RoleId] = @__p_1
2025-08-05 12:44:57.799 -06:00 [INF] Executed DbCommand (8ms) [Parameters=[@__normalizedEmail_0='?' (Size = 256)], CommandType='"Text"', CommandTimeout='30']
SELECT TOP(2) [a].[Id], [a].[AccessFailedCount], [a].[ConcurrencyStamp], [a].[Email], [a].[EmailConfirmed], [a].[LockoutEnabled], [a].[LockoutEnd], [a].[NormalizedEmail], [a].[NormalizedUserName], [a].[PasswordHash], [a].[PhoneNumber], [a].[PhoneNumberConfirmed], [a].[SecurityStamp], [a].[TwoFactorEnabled], [a].[UserName]
FROM [AspNetUsers] AS [a]
WHERE [a].[NormalizedEmail] = @__normalizedEmail_0
2025-08-05 12:44:57.816 -06:00 [INF] Executed DbCommand (7ms) [Parameters=[@__normalizedRoleName_0='?' (Size = 256)], CommandType='"Text"', CommandTimeout='30']
SELECT TOP(2) [a].[Id], [a].[ConcurrencyStamp], [a].[Name], [a].[NormalizedName]
FROM [AspNetRoles] AS [a]
WHERE [a].[NormalizedName] = @__normalizedRoleName_0
2025-08-05 12:44:57.829 -06:00 [INF] Executed DbCommand (5ms) [Parameters=[@__p_0='?' (Size = 450), @__p_1='?' (Size = 450)], CommandType='"Text"', CommandTimeout='30']
SELECT TOP(1) [a].[UserId], [a].[RoleId]
FROM [AspNetUserRoles] AS [a]
WHERE [a].[UserId] = @__p_0 AND [a].[RoleId] = @__p_1
2025-08-05 12:44:57.846 -06:00 [INF] Executed DbCommand (9ms) [Parameters=[@__normalizedEmail_0='?' (Size = 256)], CommandType='"Text"', CommandTimeout='30']
SELECT TOP(2) [a].[Id], [a].[AccessFailedCount], [a].[ConcurrencyStamp], [a].[Email], [a].[EmailConfirmed], [a].[LockoutEnabled], [a].[LockoutEnd], [a].[NormalizedEmail], [a].[NormalizedUserName], [a].[PasswordHash], [a].[PhoneNumber], [a].[PhoneNumberConfirmed], [a].[SecurityStamp], [a].[TwoFactorEnabled], [a].[UserName]
FROM [AspNetUsers] AS [a]
WHERE [a].[NormalizedEmail] = @__normalizedEmail_0
2025-08-05 12:44:57.860 -06:00 [INF] Executed DbCommand (5ms) [Parameters=[@__normalizedRoleName_0='?' (Size = 256)], CommandType='"Text"', CommandTimeout='30']
SELECT TOP(2) [a].[Id], [a].[ConcurrencyStamp], [a].[Name], [a].[NormalizedName]
FROM [AspNetRoles] AS [a]
WHERE [a].[NormalizedName] = @__normalizedRoleName_0
2025-08-05 12:44:57.873 -06:00 [INF] Executed DbCommand (4ms) [Parameters=[@__p_0='?' (Size = 450), @__p_1='?' (Size = 450)], CommandType='"Text"', CommandTimeout='30']
SELECT TOP(1) [a].[UserId], [a].[RoleId]
FROM [AspNetUserRoles] AS [a]
WHERE [a].[UserId] = @__p_0 AND [a].[RoleId] = @__p_1
2025-08-05 12:44:58.793 -06:00 [INF] Now listening on: http://localhost:5116
2025-08-05 12:44:58.806 -06:00 [INF] Application started. Press Ctrl+C to shut down.
2025-08-05 12:44:58.812 -06:00 [INF] Hosting environment: Development
2025-08-05 12:44:58.816 -06:00 [INF] Content root path: C:\Users\hoshu\OneDrive\Desktop\ProyectoAnalisisDeSistemas-master\ProyectoAnalisisDeSistemas-master\PaginaBizu
2025-08-05 12:45:00.454 -06:00 [INF] Request starting HTTP/1.1 GET http://localhost:5116/Shop - null null
2025-08-05 12:45:00.521 -06:00 [WRN] Failed to determine the https port for redirect.
2025-08-05 12:45:00.566 -06:00 [INF] Executing endpoint 'PaginaBizu.Controllers.ShopController.Index (PaginaBizu)'
2025-08-05 12:45:00.583 -06:00 [INF] Route matched with {action = "Index", controller = "Shop", page = "", area = ""}. Executing controller action with signature Microsoft.AspNetCore.Mvc.IActionResult Index() on controller PaginaBizu.Controllers.ShopController (PaginaBizu).
2025-08-05 12:45:00.600 -06:00 [INF] ➡️ Acción ejecutándose: Shop/Index | Usuario: No autenticado | IP: ::1 | Hora: "2025-08-05T12:45:00.6000639-06:00"
2025-08-05 12:45:00.736 -06:00 [INF] Executed DbCommand (28ms) [Parameters=[], CommandType='"Text"', CommandTimeout='30']
SELECT [p].[Id], [p].[CantidadDisponible], [p].[Categoria], [p].[Descripcion], [p].[FechaCreacion], [p].[ImagenUrl], [p].[NombreArticulo], [p].[Precio]
FROM [Products] AS [p]
2025-08-05 12:45:00.784 -06:00 [INF] ✅ Acción ejecutada: Shop/Index | Hora: "2025-08-05T12:45:00.7841015-06:00"
2025-08-05 12:45:00.793 -06:00 [INF] Executing ViewResult, running view Index.
2025-08-05 12:45:00.891 -06:00 [INF] Executed ViewResult - view Index executed in 99.5674ms.
2025-08-05 12:45:00.897 -06:00 [INF] Executed action PaginaBizu.Controllers.ShopController.Index (PaginaBizu) in 309.8279ms
2025-08-05 12:45:00.906 -06:00 [INF] Executed endpoint 'PaginaBizu.Controllers.ShopController.Index (PaginaBizu)'
2025-08-05 12:45:00.918 -06:00 [INF] Request finished HTTP/1.1 GET http://localhost:5116/Shop - 200 null text/html; charset=utf-8 465.8164ms
2025-08-05 12:45:00.996 -06:00 [INF] Request starting HTTP/1.1 GET http://localhost:5116/images/imagenpulseraoro.jpg - null null
2025-08-05 12:45:00.998 -06:00 [INF] Request starting HTTP/1.1 GET http://localhost:5116/images/pulseraverde.jpg - null null
2025-08-05 12:45:01.001 -06:00 [INF] Request starting HTTP/1.1 GET http://localhost:5116/css/site.css?v=tq5MmRYVOxTwKBolobLEVhlycV0HPFnVWGBXwwh-KzE - null null
2025-08-05 12:45:01.002 -06:00 [INF] Request starting HTTP/1.1 GET http://localhost:5116/lib/bootstrap/dist/css/bootstrap.min.css - null null
2025-08-05 12:45:01.006 -06:00 [INF] Request starting HTTP/1.1 GET http://localhost:5116/css/gucci-style.css - null null
2025-08-05 12:45:01.007 -06:00 [INF] Request starting HTTP/1.1 GET http://localhost:5116/PaginaBizu.styles.css?v=u2o_07VtSGrZO3WxHAXzvZBevI20fzSZge8oUb78F-4 - null null
2025-08-05 12:45:01.043 -06:00 [INF] The file /css/site.css was not modified
2025-08-05 12:45:01.080 -06:00 [INF] The file /lib/bootstrap/dist/css/bootstrap.min.css was not modified
2025-08-05 12:45:01.083 -06:00 [INF] The file /css/gucci-style.css was not modified
2025-08-05 12:45:01.086 -06:00 [INF] Sending file. Request path: '/images/pulseraverde.jpg'. Physical path: 'C:\Users\hoshu\OneDrive\Desktop\ProyectoAnalisisDeSistemas-master\ProyectoAnalisisDeSistemas-master\PaginaBizu\wwwroot\images\pulseraverde.jpg'
2025-08-05 12:45:01.098 -06:00 [INF] Sending file. Request path: '/images/imagenpulseraoro.jpg'. Physical path: 'C:\Users\hoshu\OneDrive\Desktop\ProyectoAnalisisDeSistemas-master\ProyectoAnalisisDeSistemas-master\PaginaBizu\wwwroot\images\imagenpulseraoro.jpg'
2025-08-05 12:45:01.130 -06:00 [INF] Request finished HTTP/1.1 GET http://localhost:5116/images/imagenpulseraoro.jpg - 200 16098 image/jpeg 133.9162ms
2025-08-05 12:45:01.110 -06:00 [INF] Request finished HTTP/1.1 GET http://localhost:5116/css/site.css?v=tq5MmRYVOxTwKBolobLEVhlycV0HPFnVWGBXwwh-KzE - 304 null text/css 108.4792ms
2025-08-05 12:45:01.118 -06:00 [INF] Request finished HTTP/1.1 GET http://localhost:5116/lib/bootstrap/dist/css/bootstrap.min.css - 304 null text/css 117.032ms
2025-08-05 12:45:01.120 -06:00 [INF] Request finished HTTP/1.1 GET http://localhost:5116/css/gucci-style.css - 304 null text/css 114.0207ms
2025-08-05 12:45:01.123 -06:00 [INF] Request finished HTTP/1.1 GET http://localhost:5116/images/pulseraverde.jpg - 200 17952 image/jpeg 124.7242ms
2025-08-05 12:45:01.107 -06:00 [INF] The file /PaginaBizu.styles.css was not modified
2025-08-05 12:45:01.182 -06:00 [INF] Request finished HTTP/1.1 GET http://localhost:5116/PaginaBizu.styles.css?v=u2o_07VtSGrZO3WxHAXzvZBevI20fzSZge8oUb78F-4 - 304 null text/css 174.6203ms
2025-08-05 12:45:01.933 -06:00 [INF] Request starting HTTP/1.1 GET http://localhost:5116/images/imagenpulserrojo.jpg - null null
2025-08-05 12:45:01.938 -06:00 [INF] Request starting HTTP/1.1 GET http://localhost:5116/lib/jquery/dist/jquery.min.js - null null
2025-08-05 12:45:01.939 -06:00 [INF] Request starting HTTP/1.1 GET http://localhost:5116/lib/bootstrap/dist/js/bootstrap.bundle.min.js - null null
2025-08-05 12:45:01.942 -06:00 [INF] Request starting HTTP/1.1 GET http://localhost:5116/js/shop.js - null null
2025-08-05 12:45:01.980 -06:00 [INF] The file /lib/jquery/dist/jquery.min.js was not modified
2025-08-05 12:45:02.000 -06:00 [INF] Request finished HTTP/1.1 GET http://localhost:5116/lib/jquery/dist/jquery.min.js - 304 null text/javascript 61.1711ms
2025-08-05 12:45:01.987 -06:00 [INF] The file /lib/bootstrap/dist/js/bootstrap.bundle.min.js was not modified
2025-08-05 12:45:01.996 -06:00 [INF] The file /js/shop.js was not modified
2025-08-05 12:45:01.986 -06:00 [INF] Request finished HTTP/1.1 GET http://localhost:5116/images/imagenpulserrojo.jpg - 404 0 null 53.2635ms
2025-08-05 12:45:02.016 -06:00 [INF] Request finished HTTP/1.1 GET http://localhost:5116/lib/bootstrap/dist/js/bootstrap.bundle.min.js - 304 null text/javascript 77.2138ms
2025-08-05 12:45:02.024 -06:00 [INF] Request finished HTTP/1.1 GET http://localhost:5116/js/shop.js - 304 null text/javascript 81.9438ms
2025-08-05 12:45:02.039 -06:00 [INF] Request reached the end of the middleware pipeline without being handled by application code. Request path: GET http://localhost:5116/images/imagenpulserrojo.jpg, Response status code: 404
2025-08-05 12:45:02.173 -06:00 [INF] Request starting HTTP/1.1 GET http://localhost:5116/Cart/CartCount - null null
2025-08-05 12:45:02.187 -06:00 [INF] Executing endpoint 'PaginaBizu.Controllers.CartController.CartCount (PaginaBizu)'
2025-08-05 12:45:02.196 -06:00 [INF] Route matched with {action = "CartCount", controller = "Cart", page = "", area = ""}. Executing controller action with signature Microsoft.AspNetCore.Mvc.IActionResult CartCount() on controller PaginaBizu.Controllers.CartController (PaginaBizu).
2025-08-05 12:45:02.204 -06:00 [INF] ➡️ Acción ejecutándose: Cart/CartCount | Usuario: No autenticado | IP: ::1 | Hora: "2025-08-05T12:45:02.2044238-06:00"
2025-08-05 12:45:02.217 -06:00 [INF] ✅ Acción ejecutada: Cart/CartCount | Hora: "2025-08-05T12:45:02.2171283-06:00"
2025-08-05 12:45:02.225 -06:00 [INF] Executing JsonResult, writing value of type 'System.Int32'.
2025-08-05 12:45:02.328 -06:00 [INF] Request starting HTTP/1.1 GET http://localhost:5116/Cart/CartCount - null null
2025-08-05 12:45:02.328 -06:00 [INF] Executed action PaginaBizu.Controllers.CartController.CartCount (PaginaBizu) in 126.1173ms
2025-08-05 12:45:02.337 -06:00 [INF] Executing endpoint 'PaginaBizu.Controllers.CartController.CartCount (PaginaBizu)'
2025-08-05 12:45:02.338 -06:00 [INF] Executed endpoint 'PaginaBizu.Controllers.CartController.CartCount (PaginaBizu)'
2025-08-05 12:45:02.340 -06:00 [INF] Route matched with {action = "CartCount", controller = "Cart", page = "", area = ""}. Executing controller action with signature Microsoft.AspNetCore.Mvc.IActionResult CartCount() on controller PaginaBizu.Controllers.CartController (PaginaBizu).
2025-08-05 12:45:02.343 -06:00 [INF] Request finished HTTP/1.1 GET http://localhost:5116/Cart/CartCount - 200 null application/json; charset=utf-8 169.6339ms
2025-08-05 12:45:02.354 -06:00 [INF] ➡️ Acción ejecutándose: Cart/CartCount | Usuario: No autenticado | IP: ::1 | Hora: "2025-08-05T12:45:02.3539532-06:00"
2025-08-05 12:45:02.362 -06:00 [INF] ✅ Acción ejecutada: Cart/CartCount | Hora: "2025-08-05T12:45:02.3629026-06:00"
2025-08-05 12:45:02.369 -06:00 [INF] Executing JsonResult, writing value of type 'System.Int32'.
2025-08-05 12:45:02.372 -06:00 [INF] Executed action PaginaBizu.Controllers.CartController.CartCount (PaginaBizu) in 22.7341ms
2025-08-05 12:45:02.379 -06:00 [INF] Executed endpoint 'PaginaBizu.Controllers.CartController.CartCount (PaginaBizu)'
2025-08-05 12:45:02.383 -06:00 [INF] Request finished HTTP/1.1 GET http://localhost:5116/Cart/CartCount - 200 null application/json; charset=utf-8 55.0197ms
2025-08-05 12:45:03.588 -06:00 [INF] Request starting HTTP/1.1 GET http://localhost:5116/Shop/Details/1 - null null
2025-08-05 12:45:03.598 -06:00 [INF] Executing endpoint 'PaginaBizu.Controllers.ShopController.Details (PaginaBizu)'
2025-08-05 12:45:03.649 -06:00 [INF] Route matched with {action = "Details", controller = "Shop", page = "", area = ""}. Executing controller action with signature Microsoft.AspNetCore.Mvc.IActionResult Details(Int32) on controller PaginaBizu.Controllers.ShopController (PaginaBizu).
2025-08-05 12:45:03.699 -06:00 [INF] ➡️ Acción ejecutándose: Shop/Details | Usuario: No autenticado | IP: ::1 | Hora: "2025-08-05T12:45:03.6992597-06:00"
2025-08-05 12:45:03.869 -06:00 [INF] Executed DbCommand (15ms) [Parameters=[@__id_0='?' (DbType = Int32)], CommandType='"Text"', CommandTimeout='30']
SELECT TOP(1) [p].[Id], [p].[CantidadDisponible], [p].[Categoria], [p].[Descripcion], [p].[FechaCreacion], [p].[ImagenUrl], [p].[NombreArticulo], [p].[Precio]
FROM [Products] AS [p]
WHERE [p].[Id] = @__id_0
2025-08-05 12:45:04.019 -06:00 [INF] Executed DbCommand (83ms) [Parameters=[@__id_0='?' (DbType = Int32)], CommandType='"Text"', CommandTimeout='30']
SELECT [c].[Id], [c].[Calificacion], [c].[Contenido], [c].[Fecha], [c].[ProductoId], [c].[UsuarioId]
FROM [Comentarios] AS [c]
WHERE [c].[ProductoId] = @__id_0
ORDER BY [c].[Fecha] DESC
2025-08-05 12:45:04.099 -06:00 [INF] ✅ Acción ejecutada: Shop/Details | Hora: "2025-08-05T12:45:04.0996941-06:00"
2025-08-05 12:45:04.117 -06:00 [INF] Executing ViewResult, running view Details.
2025-08-05 12:45:04.163 -06:00 [INF] Executed ViewResult - view Details executed in 52.0175ms.
2025-08-05 12:45:04.169 -06:00 [INF] Executed action PaginaBizu.Controllers.ShopController.Details (PaginaBizu) in 507.1887ms
2025-08-05 12:45:04.172 -06:00 [INF] Executed endpoint 'PaginaBizu.Controllers.ShopController.Details (PaginaBizu)'
2025-08-05 12:45:04.176 -06:00 [INF] Request finished HTTP/1.1 GET http://localhost:5116/Shop/Details/1 - 200 null text/html; charset=utf-8 587.8593ms
2025-08-05 12:45:12.493 -06:00 [INF] Request starting HTTP/1.1 GET http://localhost:5116/Cart/Index - null null
2025-08-05 12:45:12.499 -06:00 [INF] Executing endpoint 'PaginaBizu.Controllers.CartController.Index (PaginaBizu)'
2025-08-05 12:45:12.506 -06:00 [INF] Route matched with {action = "Index", controller = "Cart", page = "", area = ""}. Executing controller action with signature Microsoft.AspNetCore.Mvc.IActionResult Index() on controller PaginaBizu.Controllers.CartController (PaginaBizu).
2025-08-05 12:45:12.512 -06:00 [INF] ➡️ Acción ejecutándose: Cart/Index | Usuario: No autenticado | IP: ::1 | Hora: "2025-08-05T12:45:12.5125062-06:00"
2025-08-05 12:45:12.519 -06:00 [INF] ✅ Acción ejecutada: Cart/Index | Hora: "2025-08-05T12:45:12.5191766-06:00"
2025-08-05 12:45:12.522 -06:00 [INF] Executing ViewResult, running view Index.
2025-08-05 12:45:12.534 -06:00 [INF] Executed ViewResult - view Index executed in 12.9548ms.
2025-08-05 12:45:12.539 -06:00 [INF] Executed action PaginaBizu.Controllers.CartController.Index (PaginaBizu) in 27.483ms
2025-08-05 12:45:12.543 -06:00 [INF] Executed endpoint 'PaginaBizu.Controllers.CartController.Index (PaginaBizu)'
2025-08-05 12:45:12.549 -06:00 [INF] Request finished HTTP/1.1 GET http://localhost:5116/Cart/Index - 200 null text/html; charset=utf-8 56.0976ms
2025-08-05 12:45:12.874 -06:00 [INF] Request starting HTTP/1.1 GET http://localhost:5116/Cart/CartCount - null null
2025-08-05 12:45:12.880 -06:00 [INF] Executing endpoint 'PaginaBizu.Controllers.CartController.CartCount (PaginaBizu)'
2025-08-05 12:45:12.883 -06:00 [INF] Route matched with {action = "CartCount", controller = "Cart", page = "", area = ""}. Executing controller action with signature Microsoft.AspNetCore.Mvc.IActionResult CartCount() on controller PaginaBizu.Controllers.CartController (PaginaBizu).
2025-08-05 12:45:12.887 -06:00 [INF] ➡️ Acción ejecutándose: Cart/CartCount | Usuario: No autenticado | IP: ::1 | Hora: "2025-08-05T12:45:12.8877873-06:00"
2025-08-05 12:45:12.890 -06:00 [INF] ✅ Acción ejecutada: Cart/CartCount | Hora: "2025-08-05T12:45:12.8906208-06:00"
2025-08-05 12:45:12.895 -06:00 [INF] Executing JsonResult, writing value of type 'System.Int32'.
2025-08-05 12:45:12.899 -06:00 [INF] Executed action PaginaBizu.Controllers.CartController.CartCount (PaginaBizu) in 11.7972ms
2025-08-05 12:45:12.903 -06:00 [INF] Request starting HTTP/1.1 GET http://localhost:5116/Cart/CartCount - null null
2025-08-05 12:45:12.904 -06:00 [INF] Executed endpoint 'PaginaBizu.Controllers.CartController.CartCount (PaginaBizu)'
2025-08-05 12:45:12.909 -06:00 [INF] Executing endpoint 'PaginaBizu.Controllers.CartController.CartCount (PaginaBizu)'
2025-08-05 12:45:12.912 -06:00 [INF] Request finished HTTP/1.1 GET http://localhost:5116/Cart/CartCount - 200 null application/json; charset=utf-8 38.0187ms
2025-08-05 12:45:12.915 -06:00 [INF] Route matched with {action = "CartCount", controller = "Cart", page = "", area = ""}. Executing controller action with signature Microsoft.AspNetCore.Mvc.IActionResult CartCount() on controller PaginaBizu.Controllers.CartController (PaginaBizu).
2025-08-05 12:45:12.927 -06:00 [INF] ➡️ Acción ejecutándose: Cart/CartCount | Usuario: No autenticado | IP: ::1 | Hora: "2025-08-05T12:45:12.9277241-06:00"
2025-08-05 12:45:12.931 -06:00 [INF] ✅ Acción ejecutada: Cart/CartCount | Hora: "2025-08-05T12:45:12.9313871-06:00"
2025-08-05 12:45:12.934 -06:00 [INF] Executing JsonResult, writing value of type 'System.Int32'.
2025-08-05 12:45:12.938 -06:00 [INF] Executed action PaginaBizu.Controllers.CartController.CartCount (PaginaBizu) in 11.7365ms
2025-08-05 12:45:12.942 -06:00 [INF] Executed endpoint 'PaginaBizu.Controllers.CartController.CartCount (PaginaBizu)'
2025-08-05 12:45:12.945 -06:00 [INF] Request finished HTTP/1.1 GET http://localhost:5116/Cart/CartCount - 200 null application/json; charset=utf-8 42.6708ms
2025-08-05 12:45:14.908 -06:00 [INF] Request starting HTTP/1.1 GET http://localhost:5116/Account/SignIn - null null
2025-08-05 12:45:14.914 -06:00 [INF] Request finished HTTP/1.1 GET http://localhost:5116/Account/SignIn - 404 0 null 5.6242ms
2025-08-05 12:45:14.922 -06:00 [INF] Request reached the end of the middleware pipeline without being handled by application code. Request path: GET http://localhost:5116/Account/SignIn, Response status code: 404
2025-08-05 12:45:16.454 -06:00 [INF] Request starting HTTP/1.1 GET http://localhost:5116/Account/SignIn - null null
2025-08-05 12:45:16.463 -06:00 [INF] Request finished HTTP/1.1 GET http://localhost:5116/Account/SignIn - 404 0 null 8.6655ms
2025-08-05 12:45:16.472 -06:00 [INF] Request reached the end of the middleware pipeline without being handled by application code. Request path: GET http://localhost:5116/Account/SignIn, Response status code: 404
2025-08-05 12:45:16.660 -06:00 [INF] Request starting HTTP/1.1 GET http://localhost:5116/Account/SignIn - null null
2025-08-05 12:45:16.666 -06:00 [INF] Request finished HTTP/1.1 GET http://localhost:5116/Account/SignIn - 404 0 null 5.7593ms
2025-08-05 12:45:16.675 -06:00 [INF] Request reached the end of the middleware pipeline without being handled by application code. Request path: GET http://localhost:5116/Account/SignIn, Response status code: 404
2025-08-05 12:45:16.900 -06:00 [INF] Request starting HTTP/1.1 GET http://localhost:5116/Account/SignIn - null null
2025-08-05 12:45:16.910 -06:00 [INF] Request finished HTTP/1.1 GET http://localhost:5116/Account/SignIn - 404 0 null 9.4731ms
2025-08-05 12:45:16.919 -06:00 [INF] Request reached the end of the middleware pipeline without being handled by application code. Request path: GET http://localhost:5116/Account/SignIn, Response status code: 404
2025-08-05 12:45:17.183 -06:00 [INF] Request starting HTTP/1.1 GET http://localhost:5116/Account/SignIn - null null
2025-08-05 12:45:17.190 -06:00 [INF] Request finished HTTP/1.1 GET http://localhost:5116/Account/SignIn - 404 0 null 7.0243ms
2025-08-05 12:45:17.206 -06:00 [INF] Request reached the end of the middleware pipeline without being handled by application code. Request path: GET http://localhost:5116/Account/SignIn, Response status code: 404
2025-08-05 12:47:31.888 -06:00 [INF] Request starting HTTP/1.1 GET http://localhost:5116/Account/SignIn - null null
2025-08-05 12:47:31.899 -06:00 [INF] Request finished HTTP/1.1 GET http://localhost:5116/Account/SignIn - 404 0 null 11.006ms
2025-08-05 12:47:31.909 -06:00 [INF] Request reached the end of the middleware pipeline without being handled by application code. Request path: GET http://localhost:5116/Account/SignIn, Response status code: 404
2025-08-05 12:47:32.846 -06:00 [INF] Request starting HTTP/1.1 GET http://localhost:5116/Cart/Index - null null
2025-08-05 12:47:32.854 -06:00 [INF] Executing endpoint 'PaginaBizu.Controllers.CartController.Index (PaginaBizu)'
2025-08-05 12:47:32.856 -06:00 [INF] Route matched with {action = "Index", controller = "Cart", page = "", area = ""}. Executing controller action with signature Microsoft.AspNetCore.Mvc.IActionResult Index() on controller PaginaBizu.Controllers.CartController (PaginaBizu).
2025-08-05 12:47:32.861 -06:00 [INF] ➡️ Acción ejecutándose: Cart/Index | Usuario: No autenticado | IP: ::1 | Hora: "2025-08-05T12:47:32.8613597-06:00"
2025-08-05 12:47:32.867 -06:00 [INF] ✅ Acción ejecutada: Cart/Index | Hora: "2025-08-05T12:47:32.8670558-06:00"
2025-08-05 12:47:32.871 -06:00 [INF] Executing ViewResult, running view Index.
2025-08-05 12:47:32.878 -06:00 [INF] Executed ViewResult - view Index executed in 7.5855ms.
2025-08-05 12:47:32.883 -06:00 [INF] Executed action PaginaBizu.Controllers.CartController.Index (PaginaBizu) in 22.6066ms
2025-08-05 12:47:32.887 -06:00 [INF] Executed endpoint 'PaginaBizu.Controllers.CartController.Index (PaginaBizu)'
2025-08-05 12:47:32.890 -06:00 [INF] Request finished HTTP/1.1 GET http://localhost:5116/Cart/Index - 200 null text/html; charset=utf-8 43.5722ms
2025-08-05 12:47:32.950 -06:00 [INF] Request starting HTTP/1.1 GET http://localhost:5116/lib/bootstrap/dist/css/bootstrap.min.css - null null
2025-08-05 12:47:32.956 -06:00 [INF] The file /lib/bootstrap/dist/css/bootstrap.min.css was not modified
2025-08-05 12:47:32.966 -06:00 [INF] Request starting HTTP/1.1 GET http://localhost:5116/PaginaBizu.styles.css?v=u2o_07VtSGrZO3WxHAXzvZBevI20fzSZge8oUb78F-4 - null null
2025-08-05 12:47:32.966 -06:00 [INF] Request starting HTTP/1.1 GET http://localhost:5116/css/gucci-style.css - null null
2025-08-05 12:47:32.980 -06:00 [INF] The file /css/gucci-style.css was not modified
2025-08-05 12:47:32.968 -06:00 [INF] Request starting HTTP/1.1 GET http://localhost:5116/lib/jquery/dist/jquery.min.js - null null
2025-08-05 12:47:32.970 -06:00 [INF] Request finished HTTP/1.1 GET http://localhost:5116/lib/bootstrap/dist/css/bootstrap.min.css - 304 null text/css 20.486ms
2025-08-05 12:47:32.974 -06:00 [INF] Request starting HTTP/1.1 GET http://localhost:5116/lib/bootstrap/dist/js/bootstrap.bundle.min.js - null null
2025-08-05 12:47:32.975 -06:00 [INF] The file /PaginaBizu.styles.css was not modified
2025-08-05 12:47:32.999 -06:00 [INF] Request finished HTTP/1.1 GET http://localhost:5116/PaginaBizu.styles.css?v=u2o_07VtSGrZO3WxHAXzvZBevI20fzSZge8oUb78F-4 - 304 null text/css 33.4003ms
2025-08-05 12:47:32.982 -06:00 [INF] Request finished HTTP/1.1 GET http://localhost:5116/css/gucci-style.css - 304 null text/css 16.2305ms
2025-08-05 12:47:32.987 -06:00 [INF] The file /lib/jquery/dist/jquery.min.js was not modified
2025-08-05 12:47:32.992 -06:00 [INF] Request starting HTTP/1.1 GET http://localhost:5116/js/shop.js - null null
2025-08-05 12:47:32.997 -06:00 [INF] The file /lib/bootstrap/dist/js/bootstrap.bundle.min.js was not modified
2025-08-05 12:47:32.955 -06:00 [INF] Request starting HTTP/1.1 GET http://localhost:5116/css/site.css?v=tq5MmRYVOxTwKBolobLEVhlycV0HPFnVWGBXwwh-KzE - null null
2025-08-05 12:47:33.011 -06:00 [INF] Request finished HTTP/1.1 GET http://localhost:5116/lib/jquery/dist/jquery.min.js - 304 null text/javascript 43.0012ms
2025-08-05 12:47:33.019 -06:00 [INF] The file /js/shop.js was not modified
2025-08-05 12:47:33.021 -06:00 [INF] Request finished HTTP/1.1 GET http://localhost:5116/lib/bootstrap/dist/js/bootstrap.bundle.min.js - 304 null text/javascript 46.4551ms
2025-08-05 12:47:33.025 -06:00 [INF] The file /css/site.css was not modified
2025-08-05 12:47:33.035 -06:00 [INF] Request finished HTTP/1.1 GET http://localhost:5116/js/shop.js - 304 null text/javascript 42.8948ms
2025-08-05 12:47:33.041 -06:00 [INF] Request finished HTTP/1.1 GET http://localhost:5116/css/site.css?v=tq5MmRYVOxTwKBolobLEVhlycV0HPFnVWGBXwwh-KzE - 304 null text/css 86.4828ms
2025-08-05 12:47:33.280 -06:00 [INF] Request starting HTTP/1.1 GET http://localhost:5116/Cart/CartCount - null null
2025-08-05 12:47:33.285 -06:00 [INF] Executing endpoint 'PaginaBizu.Controllers.CartController.CartCount (PaginaBizu)'
2025-08-05 12:47:33.287 -06:00 [INF] Route matched with {action = "CartCount", controller = "Cart", page = "", area = ""}. Executing controller action with signature Microsoft.AspNetCore.Mvc.IActionResult CartCount() on controller PaginaBizu.Controllers.CartController (PaginaBizu).
2025-08-05 12:47:33.291 -06:00 [INF] ➡️ Acción ejecutándose: Cart/CartCount | Usuario: No autenticado | IP: ::1 | Hora: "2025-08-05T12:47:33.2911233-06:00"
2025-08-05 12:47:33.295 -06:00 [INF] ✅ Acción ejecutada: Cart/CartCount | Hora: "2025-08-05T12:47:33.2949677-06:00"
2025-08-05 12:47:33.301 -06:00 [INF] Executing JsonResult, writing value of type 'System.Int32'.
2025-08-05 12:47:33.303 -06:00 [INF] Executed action PaginaBizu.Controllers.CartController.CartCount (PaginaBizu) in 13.0639ms
2025-08-05 12:47:33.305 -06:00 [INF] Request starting HTTP/1.1 GET http://localhost:5116/Cart/CartCount - null null
2025-08-05 12:47:33.305 -06:00 [INF] Executed endpoint 'PaginaBizu.Controllers.CartController.CartCount (PaginaBizu)'
2025-08-05 12:47:33.311 -06:00 [INF] Executing endpoint 'PaginaBizu.Controllers.CartController.CartCount (PaginaBizu)'
2025-08-05 12:47:33.313 -06:00 [INF] Request finished HTTP/1.1 GET http://localhost:5116/Cart/CartCount - 200 null application/json; charset=utf-8 33.0076ms
2025-08-05 12:47:33.316 -06:00 [INF] Route matched with {action = "CartCount", controller = "Cart", page = "", area = ""}. Executing controller action with signature Microsoft.AspNetCore.Mvc.IActionResult CartCount() on controller PaginaBizu.Controllers.CartController (PaginaBizu).
2025-08-05 12:47:33.324 -06:00 [INF] ➡️ Acción ejecutándose: Cart/CartCount | Usuario: No autenticado | IP: ::1 | Hora: "2025-08-05T12:47:33.3248017-06:00"
2025-08-05 12:47:33.331 -06:00 [INF] ✅ Acción ejecutada: Cart/CartCount | Hora: "2025-08-05T12:47:33.3312284-06:00"
2025-08-05 12:47:33.333 -06:00 [INF] Executing JsonResult, writing value of type 'System.Int32'.
2025-08-05 12:47:33.334 -06:00 [INF] Executed action PaginaBizu.Controllers.CartController.CartCount (PaginaBizu) in 9.7329ms
2025-08-05 12:47:33.335 -06:00 [INF] Executed endpoint 'PaginaBizu.Controllers.CartController.CartCount (PaginaBizu)'
2025-08-05 12:47:33.336 -06:00 [INF] Request finished HTTP/1.1 GET http://localhost:5116/Cart/CartCount - 200 null application/json; charset=utf-8 31.3988ms
2025-08-05 12:47:33.624 -06:00 [INF] Request starting HTTP/1.1 GET http://localhost:5116/favicon.ico - null null
2025-08-05 12:47:33.631 -06:00 [INF] The file /favicon.ico was not modified
2025-08-05 12:47:33.634 -06:00 [INF] Request finished HTTP/1.1 GET http://localhost:5116/favicon.ico - 304 null image/x-icon 10.3202ms
2025-08-05 12:47:35.847 -06:00 [INF] Request starting HTTP/1.1 GET http://localhost:5116/ - null null
2025-08-05 12:47:35.853 -06:00 [INF] Executing endpoint 'PaginaBizu.Controllers.HomeController.Index (PaginaBizu)'
2025-08-05 12:47:35.857 -06:00 [INF] Route matched with {action = "Index", controller = "Home", page = "", area = ""}. Executing controller action with signature Microsoft.AspNetCore.Mvc.IActionResult Index() on controller PaginaBizu.Controllers.HomeController (PaginaBizu).
2025-08-05 12:47:35.862 -06:00 [INF] ➡️ Acción ejecutándose: Home/Index | Usuario: No autenticado | IP: ::1 | Hora: "2025-08-05T12:47:35.8628457-06:00"
2025-08-05 12:47:35.868 -06:00 [INF] ✅ Acción ejecutada: Home/Index | Hora: "2025-08-05T12:47:35.8687637-06:00"
2025-08-05 12:47:35.873 -06:00 [INF] Executing ViewResult, running view Index.
2025-08-05 12:47:35.915 -06:00 [INF] Executed ViewResult - view Index executed in 44.2516ms.
2025-08-05 12:47:35.922 -06:00 [INF] Executed action PaginaBizu.Controllers.HomeController.Index (PaginaBizu) in 60.3631ms
2025-08-05 12:47:35.927 -06:00 [INF] Executed endpoint 'PaginaBizu.Controllers.HomeController.Index (PaginaBizu)'
2025-08-05 12:47:35.930 -06:00 [INF] Request finished HTTP/1.1 GET http://localhost:5116/ - 200 null text/html; charset=utf-8 82.9615ms
2025-08-05 12:47:35.988 -06:00 [INF] Request starting HTTP/1.1 GET http://localhost:5116/css/style.css - null null
2025-08-05 12:47:35.990 -06:00 [INF] Request starting HTTP/1.1 GET http://localhost:5116/assets/bootstrap/css/bootstrap.min.css - null null
2025-08-05 12:47:35.993 -06:00 [INF] Request starting HTTP/1.1 GET http://localhost:5116/assets/fonts/simple-line-icons.min.css - null null
2025-08-05 12:47:35.995 -06:00 [INF] Request starting HTTP/1.1 GET http://localhost:5116/assets/css/baguetteBox.min.css - null null
2025-08-05 12:47:35.996 -06:00 [INF] Request starting HTTP/1.1 GET http://localhost:5116/assets/css/vanilla-zoom.min.css - null null
2025-08-05 12:47:36.002 -06:00 [INF] Request starting HTTP/1.1 GET http://localhost:5116/css/glow-form.css - null null
2025-08-05 12:47:36.077 -06:00 [INF] The file /css/style.css was not modified
2025-08-05 12:47:36.087 -06:00 [INF] The file /assets/bootstrap/css/bootstrap.min.css was not modified
2025-08-05 12:47:36.092 -06:00 [INF] The file /assets/fonts/simple-line-icons.min.css was not modified
2025-08-05 12:47:36.099 -06:00 [INF] The file /assets/css/baguetteBox.min.css was not modified
2025-08-05 12:47:36.124 -06:00 [INF] The file /assets/css/vanilla-zoom.min.css was not modified
2025-08-05 12:47:36.129 -06:00 [INF] The file /css/glow-form.css was not modified
2025-08-05 12:47:36.133 -06:00 [INF] Request finished HTTP/1.1 GET http://localhost:5116/css/style.css - 304 null text/css 144.2334ms
2025-08-05 12:47:36.135 -06:00 [INF] Request finished HTTP/1.1 GET http://localhost:5116/assets/bootstrap/css/bootstrap.min.css - 304 null text/css 145.1678ms
2025-08-05 12:47:36.138 -06:00 [INF] Request finished HTTP/1.1 GET http://localhost:5116/assets/fonts/simple-line-icons.min.css - 304 null text/css 144.8609ms
2025-08-05 12:47:36.139 -06:00 [INF] Request finished HTTP/1.1 GET http://localhost:5116/assets/css/baguetteBox.min.css - 304 null text/css 144.8193ms
2025-08-05 12:47:36.142 -06:00 [INF] Request finished HTTP/1.1 GET http://localhost:5116/assets/css/vanilla-zoom.min.css - 304 null text/css 145.5576ms
2025-08-05 12:47:36.144 -06:00 [INF] Request finished HTTP/1.1 GET http://localhost:5116/css/glow-form.css - 304 null text/css 142.205ms
2025-08-05 12:47:36.157 -06:00 [INF] Request starting HTTP/1.1 GET http://localhost:5116/assets/img/scenery/61-HMICpUTL._AC_UY1000_.jpg - null null
2025-08-05 12:47:36.170 -06:00 [INF] Request starting HTTP/1.1 GET http://localhost:5116/assets/img/scenery/66824523eb89f54aaf11e243-gold-bracelets-for-women-18k-gold-plated.jpg - null null
2025-08-05 12:47:36.188 -06:00 [INF] The file /assets/img/scenery/61-HMICpUTL._AC_UY1000_.jpg was not modified
2025-08-05 12:47:36.193 -06:00 [INF] The file /assets/img/scenery/66824523eb89f54aaf11e243-gold-bracelets-for-women-18k-gold-plated.jpg was not modified
2025-08-05 12:47:36.195 -06:00 [INF] Request finished HTTP/1.1 GET http://localhost:5116/assets/img/scenery/61-HMICpUTL._AC_UY1000_.jpg - 304 null image/jpeg 37.7344ms
2025-08-05 12:47:36.198 -06:00 [INF] Request finished HTTP/1.1 GET http://localhost:5116/assets/img/scenery/66824523eb89f54aaf11e243-gold-bracelets-for-women-18k-gold-plated.jpg - 304 null image/jpeg 27.8635ms
2025-08-05 12:47:36.296 -06:00 [INF] Request starting HTTP/1.1 GET http://localhost:5116/assets/img/scenery/pulsera-aine-stone-gold.jpg - null null
2025-08-05 12:47:36.297 -06:00 [INF] Request starting HTTP/1.1 GET http://localhost:5116/assets/img/scenery/09a84a043cf1b58d59b0e39a12c60491.jpg - null null
2025-08-05 12:47:36.298 -06:00 [INF] Request starting HTTP/1.1 GET http://localhost:5116/assets/img/scenery/il_570xN.2179198790_o9bo.jpeg - null null
2025-08-05 12:47:36.298 -06:00 [INF] Request starting HTTP/1.1 GET http://localhost:5116/assets/js/baguetteBox.min.js - null null
2025-08-05 12:47:36.299 -06:00 [INF] Request starting HTTP/1.1 GET http://localhost:5116/assets/js/vanilla-zoom.js - null null
2025-08-05 12:47:36.299 -06:00 [INF] Request starting HTTP/1.1 GET http://localhost:5116/assets/js/theme.js - null null
2025-08-05 12:47:36.309 -06:00 [INF] The file /assets/img/scenery/pulsera-aine-stone-gold.jpg was not modified
2025-08-05 12:47:36.321 -06:00 [INF] The file /assets/img/scenery/09a84a043cf1b58d59b0e39a12c60491.jpg was not modified
2025-08-05 12:47:36.332 -06:00 [INF] The file /assets/img/scenery/il_570xN.2179198790_o9bo.jpeg was not modified
2025-08-05 12:47:36.339 -06:00 [INF] The file /assets/js/baguetteBox.min.js was not modified
2025-08-05 12:47:36.352 -06:00 [INF] The file /assets/js/vanilla-zoom.js was not modified
2025-08-05 12:47:36.356 -06:00 [INF] The file /assets/js/theme.js was not modified
2025-08-05 12:47:36.358 -06:00 [INF] Request finished HTTP/1.1 GET http://localhost:5116/assets/img/scenery/pulsera-aine-stone-gold.jpg - 304 null image/jpeg 61.7035ms
2025-08-05 12:47:36.360 -06:00 [INF] Request finished HTTP/1.1 GET http://localhost:5116/assets/img/scenery/09a84a043cf1b58d59b0e39a12c60491.jpg - 304 null image/jpeg 62.6114ms
2025-08-05 12:47:36.362 -06:00 [INF] Request finished HTTP/1.1 GET http://localhost:5116/assets/img/scenery/il_570xN.2179198790_o9bo.jpeg - 304 null image/jpeg 64.3266ms
2025-08-05 12:47:36.364 -06:00 [INF] Request finished HTTP/1.1 GET http://localhost:5116/assets/js/baguetteBox.min.js - 304 null text/javascript 66.3898ms
2025-08-05 12:47:36.368 -06:00 [INF] Request finished HTTP/1.1 GET http://localhost:5116/assets/js/vanilla-zoom.js - 304 null text/javascript 68.8539ms
2025-08-05 12:47:36.370 -06:00 [INF] Request finished HTTP/1.1 GET http://localhost:5116/assets/js/theme.js - 304 null text/javascript 70.9463ms
2025-08-05 12:47:36.376 -06:00 [INF] Request starting HTTP/1.1 GET http://localhost:5116/css/tailwindcss - null null
2025-08-05 12:47:36.383 -06:00 [INF] Request starting HTTP/1.1 GET http://localhost:5116/images/bg.png - null null
2025-08-05 12:47:36.407 -06:00 [INF] Request starting HTTP/1.1 GET http://localhost:5116/assets/img/scenery/17001222879e9360ad6ad00d7ff0a6b62437cfbf97_thumbnail_720x.jpg - null null
2025-08-05 12:47:36.411 -06:00 [INF] Request finished HTTP/1.1 GET http://localhost:5116/css/tailwindcss - 404 0 null 35.4533ms
2025-08-05 12:47:36.417 -06:00 [INF] Request finished HTTP/1.1 GET http://localhost:5116/images/bg.png - 404 0 null 34.5141ms
2025-08-05 12:47:36.422 -06:00 [INF] The file /assets/img/scenery/17001222879e9360ad6ad00d7ff0a6b62437cfbf97_thumbnail_720x.jpg was not modified
2025-08-05 12:47:36.428 -06:00 [INF] Request reached the end of the middleware pipeline without being handled by application code. Request path: GET http://localhost:5116/css/tailwindcss, Response status code: 404
2025-08-05 12:47:36.435 -06:00 [INF] Request reached the end of the middleware pipeline without being handled by application code. Request path: GET http://localhost:5116/images/bg.png, Response status code: 404
2025-08-05 12:47:36.438 -06:00 [INF] Request finished HTTP/1.1 GET http://localhost:5116/assets/img/scenery/17001222879e9360ad6ad00d7ff0a6b62437cfbf97_thumbnail_720x.jpg - 304 null image/jpeg 30.4059ms
2025-08-05 12:47:36.446 -06:00 [INF] Request starting HTTP/1.1 GET http://localhost:5116/assets/img/depositphotos_5028610-stock-photo-beautiful-woman.jpg - null null
2025-08-05 12:47:36.455 -06:00 [INF] Request starting HTTP/1.1 GET http://localhost:5116/assets/fonts/Simple-Line-Icons.woff2?v=2.4.0 - null null
2025-08-05 12:47:36.460 -06:00 [INF] The file /assets/img/depositphotos_5028610-stock-photo-beautiful-woman.jpg was not modified
2025-08-05 12:47:36.466 -06:00 [INF] The file /assets/fonts/Simple-Line-Icons.woff2 was not modified
2025-08-05 12:47:36.468 -06:00 [INF] Request finished HTTP/1.1 GET http://localhost:5116/assets/img/depositphotos_5028610-stock-photo-beautiful-woman.jpg - 304 null image/jpeg 22.0946ms
2025-08-05 12:47:36.470 -06:00 [INF] Request finished HTTP/1.1 GET http://localhost:5116/assets/fonts/Simple-Line-Icons.woff2?v=2.4.0 - 304 null font/woff2 15.074ms
2025-08-05 12:47:38.151 -06:00 [INF] Request starting HTTP/1.1 GET http://localhost:5116/Shop - null null
2025-08-05 12:47:38.158 -06:00 [INF] Executing endpoint 'PaginaBizu.Controllers.ShopController.Index (PaginaBizu)'
2025-08-05 12:47:38.161 -06:00 [INF] Route matched with {action = "Index", controller = "Shop", page = "", area = ""}. Executing controller action with signature Microsoft.AspNetCore.Mvc.IActionResult Index() on controller PaginaBizu.Controllers.ShopController (PaginaBizu).
2025-08-05 12:47:38.167 -06:00 [INF] ➡️ Acción ejecutándose: Shop/Index | Usuario: No autenticado | IP: ::1 | Hora: "2025-08-05T12:47:38.1678953-06:00"
2025-08-05 12:47:38.196 -06:00 [INF] Executed DbCommand (18ms) [Parameters=[], CommandType='"Text"', CommandTimeout='30']
SELECT [p].[Id], [p].[CantidadDisponible], [p].[Categoria], [p].[Descripcion], [p].[FechaCreacion], [p].[ImagenUrl], [p].[NombreArticulo], [p].[Precio]
FROM [Products] AS [p]
2025-08-05 12:47:38.206 -06:00 [INF] ✅ Acción ejecutada: Shop/Index | Hora: "2025-08-05T12:47:38.2059967-06:00"
2025-08-05 12:47:38.210 -06:00 [INF] Executing ViewResult, running view Index.
2025-08-05 12:47:38.219 -06:00 [INF] Executed ViewResult - view Index executed in 8.8108ms.
2025-08-05 12:47:38.222 -06:00 [INF] Executed action PaginaBizu.Controllers.ShopController.Index (PaginaBizu) in 54.9187ms
2025-08-05 12:47:38.225 -06:00 [INF] Executed endpoint 'PaginaBizu.Controllers.ShopController.Index (PaginaBizu)'
2025-08-05 12:47:38.228 -06:00 [INF] Request finished HTTP/1.1 GET http://localhost:5116/Shop - 200 null text/html; charset=utf-8 76.9319ms
2025-08-05 12:47:38.267 -06:00 [INF] Request starting HTTP/1.1 GET http://localhost:5116/images/imagenpulseraoro.jpg - null null
2025-08-05 12:47:38.269 -06:00 [INF] Request starting HTTP/1.1 GET http://localhost:5116/images/pulseraverde.jpg - null null
2025-08-05 12:47:38.273 -06:00 [INF] The file /images/imagenpulseraoro.jpg was not modified
2025-08-05 12:47:38.280 -06:00 [INF] The file /images/pulseraverde.jpg was not modified
2025-08-05 12:47:38.286 -06:00 [INF] Request finished HTTP/1.1 GET http://localhost:5116/images/imagenpulseraoro.jpg - 304 null image/jpeg 19.057ms
2025-08-05 12:47:38.291 -06:00 [INF] Request finished HTTP/1.1 GET http://localhost:5116/images/pulseraverde.jpg - 304 null image/jpeg 22.2979ms
2025-08-05 12:47:38.595 -06:00 [INF] Request starting HTTP/1.1 GET http://localhost:5116/images/imagenpulserrojo.jpg - null null
2025-08-05 12:47:38.605 -06:00 [INF] Request finished HTTP/1.1 GET http://localhost:5116/images/imagenpulserrojo.jpg - 404 0 null 10.0963ms
2025-08-05 12:47:38.618 -06:00 [INF] Request reached the end of the middleware pipeline without being handled by application code. Request path: GET http://localhost:5116/images/imagenpulserrojo.jpg, Response status code: 404
2025-08-05 12:47:38.667 -06:00 [INF] Request starting HTTP/1.1 GET http://localhost:5116/Cart/CartCount - null null
2025-08-05 12:47:38.675 -06:00 [INF] Executing endpoint 'PaginaBizu.Controllers.CartController.CartCount (PaginaBizu)'
2025-08-05 12:47:38.678 -06:00 [INF] Route matched with {action = "CartCount", controller = "Cart", page = "", area = ""}. Executing controller action with signature Microsoft.AspNetCore.Mvc.IActionResult CartCount() on controller PaginaBizu.Controllers.CartController (PaginaBizu).
2025-08-05 12:47:38.686 -06:00 [INF] ➡️ Acción ejecutándose: Cart/CartCount | Usuario: No autenticado | IP: ::1 | Hora: "2025-08-05T12:47:38.6859253-06:00"
2025-08-05 12:47:38.692 -06:00 [INF] ✅ Acción ejecutada: Cart/CartCount | Hora: "2025-08-05T12:47:38.6926572-06:00"
2025-08-05 12:47:38.696 -06:00 [INF] Executing JsonResult, writing value of type 'System.Int32'.
2025-08-05 12:47:38.699 -06:00 [INF] Executed action PaginaBizu.Controllers.CartController.CartCount (PaginaBizu) in 15.2808ms
2025-08-05 12:47:38.701 -06:00 [INF] Request starting HTTP/1.1 GET http://localhost:5116/Cart/CartCount - null null
2025-08-05 12:47:38.705 -06:00 [INF] Executed endpoint 'PaginaBizu.Controllers.CartController.CartCount (PaginaBizu)'
2025-08-05 12:47:38.711 -06:00 [INF] Executing endpoint 'PaginaBizu.Controllers.CartController.CartCount (PaginaBizu)'
2025-08-05 12:47:38.714 -06:00 [INF] Request finished HTTP/1.1 GET http://localhost:5116/Cart/CartCount - 200 null application/json; charset=utf-8 46.3887ms
2025-08-05 12:47:38.716 -06:00 [INF] Route matched with {action = "CartCount", controller = "Cart", page = "", area = ""}. Executing controller action with signature Microsoft.AspNetCore.Mvc.IActionResult CartCount() on controller PaginaBizu.Controllers.CartController (PaginaBizu).
2025-08-05 12:47:38.731 -06:00 [INF] ➡️ Acción ejecutándose: Cart/CartCount | Usuario: No autenticado | IP: ::1 | Hora: "2025-08-05T12:47:38.7310504-06:00"
2025-08-05 12:47:38.736 -06:00 [INF] ✅ Acción ejecutada: Cart/CartCount | Hora: "2025-08-05T12:47:38.7360655-06:00"
2025-08-05 12:47:38.740 -06:00 [INF] Executing JsonResult, writing value of type 'System.Int32'.
2025-08-05 12:47:38.743 -06:00 [INF] Executed action PaginaBizu.Controllers.CartController.CartCount (PaginaBizu) in 13.3676ms
2025-08-05 12:47:38.747 -06:00 [INF] Executed endpoint 'PaginaBizu.Controllers.CartController.CartCount (PaginaBizu)'
2025-08-05 12:47:38.751 -06:00 [INF] Request finished HTTP/1.1 GET http://localhost:5116/Cart/CartCount - 200 null application/json; charset=utf-8 50.2062ms
2025-08-05 12:47:39.439 -06:00 [INF] Request starting HTTP/1.1 GET http://localhost:5116/Account/SignIn - null null
2025-08-05 12:47:39.451 -06:00 [INF] Request finished HTTP/1.1 GET http://localhost:5116/Account/SignIn - 404 0 null 11.4886ms
2025-08-05 12:47:39.462 -06:00 [INF] Request reached the end of the middleware pipeline without being handled by application code. Request path: GET http://localhost:5116/Account/SignIn, Response status code: 404
2025-08-05 12:47:45.428 -06:00 [INF] Application is shutting down...
2025-08-05 12:48:00.977 -06:00 [INF] User profile is available. Using 'C:\Users\hoshu\AppData\Local\ASP.NET\DataProtection-Keys' as key repository and Windows DPAPI to encrypt keys at rest.
2025-08-05 12:48:01.728 -06:00 [WRN] No store type was specified for the decimal property 'Total' on entity type 'Order'. This will cause values to be silently truncated if they do not fit in the default precision and scale. Explicitly specify the SQL server column type that can accommodate all the values in 'OnModelCreating' using 'HasColumnType', specify precision and scale using 'HasPrecision', or configure a value converter using 'HasConversion'.
2025-08-05 12:48:01.733 -06:00 [WRN] No store type was specified for the decimal property 'PrecioUnitario' on entity type 'OrderDetail'. This will cause values to be silently truncated if they do not fit in the default precision and scale. Explicitly specify the SQL server column type that can accommodate all the values in 'OnModelCreating' using 'HasColumnType', specify precision and scale using 'HasPrecision', or configure a value converter using 'HasConversion'.
2025-08-05 12:48:01.735 -06:00 [WRN] No store type was specified for the decimal property 'Precio' on entity type 'Product'. This will cause values to be silently truncated if they do not fit in the default precision and scale. Explicitly specify the SQL server column type that can accommodate all the values in 'OnModelCreating' using 'HasColumnType', specify precision and scale using 'HasPrecision', or configure a value converter using 'HasConversion'.
2025-08-05 12:48:02.517 -06:00 [INF] Executed DbCommand (46ms) [Parameters=[@__normalizedName_0='?' (Size = 256)], CommandType='"Text"', CommandTimeout='30']
SELECT TOP(1) [a].[Id], [a].[ConcurrencyStamp], [a].[Name], [a].[NormalizedName]
FROM [AspNetRoles] AS [a]
WHERE [a].[NormalizedName] = @__normalizedName_0
2025-08-05 12:48:02.671 -06:00 [INF] Executed DbCommand (14ms) [Parameters=[@__normalizedEmail_0='?' (Size = 256)], CommandType='"Text"', CommandTimeout='30']
SELECT TOP(2) [a].[Id], [a].[AccessFailedCount], [a].[ConcurrencyStamp], [a].[Email], [a].[EmailConfirmed], [a].[LockoutEnabled], [a].[LockoutEnd], [a].[NormalizedEmail], [a].[NormalizedUserName], [a].[PasswordHash], [a].[PhoneNumber], [a].[PhoneNumberConfirmed], [a].[SecurityStamp], [a].[TwoFactorEnabled], [a].[UserName]
FROM [AspNetUsers] AS [a]
WHERE [a].[NormalizedEmail] = @__normalizedEmail_0
2025-08-05 12:48:02.748 -06:00 [INF] Executed DbCommand (4ms) [Parameters=[@__normalizedRoleName_0='?' (Size = 256)], CommandType='"Text"', CommandTimeout='30']
SELECT TOP(2) [a].[Id], [a].[ConcurrencyStamp], [a].[Name], [a].[NormalizedName]
FROM [AspNetRoles] AS [a]
WHERE [a].[NormalizedName] = @__normalizedRoleName_0
2025-08-05 12:48:02.794 -06:00 [INF] Executed DbCommand (3ms) [Parameters=[@__p_0='?' (Size = 450), @__p_1='?' (Size = 450)], CommandType='"Text"', CommandTimeout='30']
SELECT TOP(1) [a].[UserId], [a].[RoleId]
FROM [AspNetUserRoles] AS [a]
WHERE [a].[UserId] = @__p_0 AND [a].[RoleId] = @__p_1
2025-08-05 12:48:02.824 -06:00 [INF] Executed DbCommand (1ms) [Parameters=[@__normalizedEmail_0='?' (Size = 256)], CommandType='"Text"', CommandTimeout='30']
SELECT TOP(2) [a].[Id], [a].[AccessFailedCount], [a].[ConcurrencyStamp], [a].[Email], [a].[EmailConfirmed], [a].[LockoutEnabled], [a].[LockoutEnd], [a].[NormalizedEmail], [a].[NormalizedUserName], [a].[PasswordHash], [a].[PhoneNumber], [a].[PhoneNumberConfirmed], [a].[SecurityStamp], [a].[TwoFactorEnabled], [a].[UserName]
FROM [AspNetUsers] AS [a]
WHERE [a].[NormalizedEmail] = @__normalizedEmail_0
2025-08-05 12:48:02.833 -06:00 [INF] Executed DbCommand (1ms) [Parameters=[@__normalizedRoleName_0='?' (Size = 256)], CommandType='"Text"', CommandTimeout='30']
SELECT TOP(2) [a].[Id], [a].[ConcurrencyStamp], [a].[Name], [a].[NormalizedName]
FROM [AspNetRoles] AS [a]
WHERE [a].[NormalizedName] = @__normalizedRoleName_0
2025-08-05 12:48:02.840 -06:00 [INF] Executed DbCommand (1ms) [Parameters=[@__p_0='?' (Size = 450), @__p_1='?' (Size = 450)], CommandType='"Text"', CommandTimeout='30']
SELECT TOP(1) [a].[UserId], [a].[RoleId]
FROM [AspNetUserRoles] AS [a]
WHERE [a].[UserId] = @__p_0 AND [a].[RoleId] = @__p_1
2025-08-05 12:48:02.848 -06:00 [INF] Executed DbCommand (1ms) [Parameters=[@__normalizedEmail_0='?' (Size = 256)], CommandType='"Text"', CommandTimeout='30']
SELECT TOP(2) [a].[Id], [a].[AccessFailedCount], [a].[ConcurrencyStamp], [a].[Email], [a].[EmailConfirmed], [a].[LockoutEnabled], [a].[LockoutEnd], [a].[NormalizedEmail], [a].[NormalizedUserName], [a].[PasswordHash], [a].[PhoneNumber], [a].[PhoneNumberConfirmed], [a].[SecurityStamp], [a].[TwoFactorEnabled], [a].[UserName]
FROM [AspNetUsers] AS [a]
WHERE [a].[NormalizedEmail] = @__normalizedEmail_0
2025-08-05 12:48:02.855 -06:00 [INF] Executed DbCommand (1ms) [Parameters=[@__normalizedRoleName_0='?' (Size = 256)], CommandType='"Text"', CommandTimeout='30']
SELECT TOP(2) [a].[Id], [a].[ConcurrencyStamp], [a].[Name], [a].[NormalizedName]
FROM [AspNetRoles] AS [a]
WHERE [a].[NormalizedName] = @__normalizedRoleName_0
2025-08-05 12:48:02.863 -06:00 [INF] Executed DbCommand (1ms) [Parameters=[@__p_0='?' (Size = 450), @__p_1='?' (Size = 450)], CommandType='"Text"', CommandTimeout='30']
SELECT TOP(1) [a].[UserId], [a].[RoleId]
FROM [AspNetUserRoles] AS [a]
WHERE [a].[UserId] = @__p_0 AND [a].[RoleId] = @__p_1
2025-08-05 12:48:03.486 -06:00 [INF] Now listening on: http://localhost:5116
2025-08-05 12:48:03.493 -06:00 [INF] Application started. Press Ctrl+C to shut down.
2025-08-05 12:48:03.496 -06:00 [INF] Hosting environment: Development
2025-08-05 12:48:03.499 -06:00 [INF] Content root path: C:\Users\hoshu\OneDrive\Desktop\ProyectoAnalisisDeSistemas-master\ProyectoAnalisisDeSistemas-master\PaginaBizu
2025-08-05 12:48:12.479 -06:00 [INF] Request starting HTTP/1.1 GET http://localhost:5116/ - null null
2025-08-05 12:48:12.528 -06:00 [WRN] Failed to determine the https port for redirect.
2025-08-05 12:48:12.576 -06:00 [INF] Executing endpoint 'PaginaBizu.Controllers.HomeController.Index (PaginaBizu)'
2025-08-05 12:48:12.591 -06:00 [INF] Route matched with {action = "Index", controller = "Home", page = "", area = ""}. Executing controller action with signature Microsoft.AspNetCore.Mvc.IActionResult Index() on controller PaginaBizu.Controllers.HomeController (PaginaBizu).
2025-08-05 12:48:12.607 -06:00 [INF] ➡️ Acción ejecutándose: Home/Index | Usuario: No autenticado | IP: ::1 | Hora: "2025-08-05T12:48:12.6074585-06:00"
2025-08-05 12:48:12.618 -06:00 [INF] ✅ Acción ejecutada: Home/Index | Hora: "2025-08-05T12:48:12.6178221-06:00"
2025-08-05 12:48:12.628 -06:00 [INF] Executing ViewResult, running view Index.
2025-08-05 12:48:12.713 -06:00 [INF] Executed ViewResult - view Index executed in 87.1375ms.
2025-08-05 12:48:12.719 -06:00 [INF] Executed action PaginaBizu.Controllers.HomeController.Index (PaginaBizu) in 124.9999ms
2025-08-05 12:48:12.722 -06:00 [INF] Executed endpoint 'PaginaBizu.Controllers.HomeController.Index (PaginaBizu)'
2025-08-05 12:48:12.730 -06:00 [INF] Request finished HTTP/1.1 GET http://localhost:5116/ - 200 null text/html; charset=utf-8 252.4425ms
2025-08-05 12:48:13.531 -06:00 [INF] Request starting HTTP/1.1 GET http://localhost:5116/images/bg.png - null null
2025-08-05 12:48:13.544 -06:00 [INF] Request finished HTTP/1.1 GET http://localhost:5116/images/bg.png - 404 0 null 14.1489ms
2025-08-05 12:48:13.557 -06:00 [INF] Request reached the end of the middleware pipeline without being handled by application code. Request path: GET http://localhost:5116/images/bg.png, Response status code: 404
2025-08-05 12:48:13.561 -06:00 [INF] Request starting HTTP/1.1 GET http://localhost:5116/css/tailwindcss - null null
2025-08-05 12:48:13.576 -06:00 [INF] Request finished HTTP/1.1 GET http://localhost:5116/css/tailwindcss - 404 0 null 14.4118ms
2025-08-05 12:48:13.587 -06:00 [INF] Request reached the end of the middleware pipeline without being handled by application code. Request path: GET http://localhost:5116/css/tailwindcss, Response status code: 404
2025-08-05 12:48:15.843 -06:00 [INF] Request starting HTTP/1.1 GET http://localhost:5116/Shop - null null
2025-08-05 12:48:15.854 -06:00 [INF] Executing endpoint 'PaginaBizu.Controllers.ShopController.Index (PaginaBizu)'
2025-08-05 12:48:15.859 -06:00 [INF] Route matched with {action = "Index", controller = "Shop", page = "", area = ""}. Executing controller action with signature Microsoft.AspNetCore.Mvc.IActionResult Index() on controller PaginaBizu.Controllers.ShopController (PaginaBizu).
2025-08-05 12:48:15.863 -06:00 [INF] ➡️ Acción ejecutándose: Shop/Index | Usuario: No autenticado | IP: ::1 | Hora: "2025-08-05T12:48:15.8634966-06:00"
2025-08-05 12:48:15.944 -06:00 [INF] Executed DbCommand (4ms) [Parameters=[], CommandType='"Text"', CommandTimeout='30']
SELECT [p].[Id], [p].[CantidadDisponible], [p].[Categoria], [p].[Descripcion], [p].[FechaCreacion], [p].[ImagenUrl], [p].[NombreArticulo], [p].[Precio]
FROM [Products] AS [p]
2025-08-05 12:48:15.973 -06:00 [INF] ✅ Acción ejecutada: Shop/Index | Hora: "2025-08-05T12:48:15.9733078-06:00"
2025-08-05 12:48:15.977 -06:00 [INF] Executing ViewResult, running view Index.
2025-08-05 12:48:16.026 -06:00 [INF] Executed ViewResult - view Index executed in 50.7593ms.
2025-08-05 12:48:16.029 -06:00 [INF] Executed action PaginaBizu.Controllers.ShopController.Index (PaginaBizu) in 166.967ms
2025-08-05 12:48:16.032 -06:00 [INF] Executed endpoint 'PaginaBizu.Controllers.ShopController.Index (PaginaBizu)'
2025-08-05 12:48:16.038 -06:00 [INF] Request finished HTTP/1.1 GET http://localhost:5116/Shop - 200 null text/html; charset=utf-8 194.1543ms
2025-08-05 12:48:16.469 -06:00 [INF] Request starting HTTP/1.1 GET http://localhost:5116/images/imagenpulserrojo.jpg - null null
2025-08-05 12:48:16.475 -06:00 [INF] Request finished HTTP/1.1 GET http://localhost:5116/images/imagenpulserrojo.jpg - 404 0 null 5.2566ms
2025-08-05 12:48:16.480 -06:00 [INF] Request reached the end of the middleware pipeline without being handled by application code. Request path: GET http://localhost:5116/images/imagenpulserrojo.jpg, Response status code: 404
2025-08-05 12:48:16.597 -06:00 [INF] Request starting HTTP/1.1 GET http://localhost:5116/Cart/CartCount - null null
2025-08-05 12:48:16.601 -06:00 [INF] Executing endpoint 'PaginaBizu.Controllers.CartController.CartCount (PaginaBizu)'
2025-08-05 12:48:16.607 -06:00 [INF] Route matched with {action = "CartCount", controller = "Cart", page = "", area = ""}. Executing controller action with signature Microsoft.AspNetCore.Mvc.IActionResult CartCount() on controller PaginaBizu.Controllers.CartController (PaginaBizu).
2025-08-05 12:48:16.618 -06:00 [INF] ➡️ Acción ejecutándose: Cart/CartCount | Usuario: No autenticado | IP: ::1 | Hora: "2025-08-05T12:48:16.6186088-06:00"
2025-08-05 12:48:16.626 -06:00 [INF] ✅ Acción ejecutada: Cart/CartCount | Hora: "2025-08-05T12:48:16.6260410-06:00"
2025-08-05 12:48:16.629 -06:00 [INF] Executing JsonResult, writing value of type 'System.Int32'.
2025-08-05 12:48:16.656 -06:00 [INF] Executed action PaginaBizu.Controllers.CartController.CartCount (PaginaBizu) in 39.4073ms
2025-08-05 12:48:16.657 -06:00 [INF] Request starting HTTP/1.1 GET http://localhost:5116/Cart/CartCount - null null
2025-08-05 12:48:16.658 -06:00 [INF] Executed endpoint 'PaginaBizu.Controllers.CartController.CartCount (PaginaBizu)'
2025-08-05 12:48:16.661 -06:00 [INF] Request finished HTTP/1.1 GET http://localhost:5116/Cart/CartCount - 200 null application/json; charset=utf-8 64.4996ms
2025-08-05 12:48:16.662 -06:00 [INF] Executing endpoint 'PaginaBizu.Controllers.CartController.CartCount (PaginaBizu)'
2025-08-05 12:48:16.668 -06:00 [INF] Route matched with {action = "CartCount", controller = "Cart", page = "", area = ""}. Executing controller action with signature Microsoft.AspNetCore.Mvc.IActionResult CartCount() on controller PaginaBizu.Controllers.CartController (PaginaBizu).
2025-08-05 12:48:16.673 -06:00 [INF] ➡️ Acción ejecutándose: Cart/CartCount | Usuario: No autenticado | IP: ::1 | Hora: "2025-08-05T12:48:16.6733072-06:00"
2025-08-05 12:48:16.675 -06:00 [INF] ✅ Acción ejecutada: Cart/CartCount | Hora: "2025-08-05T12:48:16.6754814-06:00"
2025-08-05 12:48:16.678 -06:00 [INF] Executing JsonResult, writing value of type 'System.Int32'.
2025-08-05 12:48:16.679 -06:00 [INF] Executed action PaginaBizu.Controllers.CartController.CartCount (PaginaBizu) in 8.2397ms
2025-08-05 12:48:16.682 -06:00 [INF] Executed endpoint 'PaginaBizu.Controllers.CartController.CartCount (PaginaBizu)'
2025-08-05 12:48:16.684 -06:00 [INF] Request finished HTTP/1.1 GET http://localhost:5116/Cart/CartCount - 200 null application/json; charset=utf-8 26.461ms
2025-08-05 12:48:17.216 -06:00 [INF] Request starting HTTP/1.1 GET http://localhost:5116/Account/Login - null null
2025-08-05 12:48:17.221 -06:00 [INF] Executing endpoint 'PaginaBizu.Controllers.AccountController.Login (PaginaBizu)'
2025-08-05 12:48:17.225 -06:00 [INF] Route matched with {action = "Login", controller = "Account", page = "", area = ""}. Executing controller action with signature Microsoft.AspNetCore.Mvc.IActionResult Login() on controller PaginaBizu.Controllers.AccountController (PaginaBizu).
2025-08-05 12:48:17.239 -06:00 [INF] ➡️ Acción ejecutándose: Account/Login | Usuario: No autenticado | IP: ::1 | Hora: "2025-08-05T12:48:17.2394149-06:00"
2025-08-05 12:48:17.243 -06:00 [INF] ✅ Acción ejecutada: Account/Login | Hora: "2025-08-05T12:48:17.2432734-06:00"
2025-08-05 12:48:17.246 -06:00 [INF] Executing ViewResult, running view ~/Views/Shared/_LoginPartialUser.cshtml.
2025-08-05 12:48:17.259 -06:00 [INF] Executed ViewResult - view ~/Views/Shared/_LoginPartialUser.cshtml executed in 14.0093ms.
2025-08-05 12:48:17.261 -06:00 [INF] Executed action PaginaBizu.Controllers.AccountController.Login (PaginaBizu) in 31.8188ms
2025-08-05 12:48:17.264 -06:00 [INF] Executed endpoint 'PaginaBizu.Controllers.AccountController.Login (PaginaBizu)'
2025-08-05 12:48:17.268 -06:00 [INF] Request finished HTTP/1.1 GET http://localhost:5116/Account/Login - 200 null text/html; charset=utf-8 51.6225ms
2025-08-05 12:48:17.305 -06:00 [INF] Request starting HTTP/1.1 GET http://localhost:5116/lib/jquery-validation/dist/jquery.validate.min.js - null null
2025-08-05 12:48:17.312 -06:00 [INF] Request starting HTTP/1.1 GET http://localhost:5116/lib/jquery-validation-unobtrusive/jquery.validate.unobtrusive.min.js - null null
2025-08-05 12:48:17.313 -06:00 [INF] Request starting HTTP/1.1 GET http://localhost:5116/js/login-validation.js - null null
2025-08-05 12:48:17.318 -06:00 [INF] The file /lib/jquery-validation-unobtrusive/jquery.validate.unobtrusive.min.js was not modified
2025-08-05 12:48:17.318 -06:00 [INF] The file /lib/jquery-validation/dist/jquery.validate.min.js was not modified
2025-08-05 12:48:17.322 -06:00 [INF] The file /js/login-validation.js was not modified
2025-08-05 12:48:17.325 -06:00 [INF] Request finished HTTP/1.1 GET http://localhost:5116/lib/jquery-validation-unobtrusive/jquery.validate.unobtrusive.min.js - 304 null text/javascript 13.0476ms
2025-08-05 12:48:17.328 -06:00 [INF] Request finished HTTP/1.1 GET http://localhost:5116/lib/jquery-validation/dist/jquery.validate.min.js - 304 null text/javascript 22.6772ms
2025-08-05 12:48:17.330 -06:00 [INF] Request finished HTTP/1.1 GET http://localhost:5116/js/login-validation.js - 304 null text/javascript 16.4923ms
2025-08-05 12:48:17.591 -06:00 [INF] Request starting HTTP/1.1 GET http://localhost:5116/css/tailwindcss - null null
2025-08-05 12:48:17.598 -06:00 [INF] Request finished HTTP/1.1 GET http://localhost:5116/css/tailwindcss - 404 0 null 6.3701ms
2025-08-05 12:48:17.607 -06:00 [INF] Request reached the end of the middleware pipeline without being handled by application code. Request path: GET http://localhost:5116/css/tailwindcss, Response status code: 404
2025-08-05 12:48:17.639 -06:00 [INF] Request starting HTTP/1.1 GET http://localhost:5116/Cart/CartCount - null null
2025-08-05 12:48:17.645 -06:00 [INF] Executing endpoint 'PaginaBizu.Controllers.CartController.CartCount (PaginaBizu)'
2025-08-05 12:48:17.648 -06:00 [INF] Route matched with {action = "CartCount", controller = "Cart", page = "", area = ""}. Executing controller action with signature Microsoft.AspNetCore.Mvc.IActionResult CartCount() on controller PaginaBizu.Controllers.CartController (PaginaBizu).
2025-08-05 12:48:17.656 -06:00 [INF] ➡️ Acción ejecutándose: Cart/CartCount | Usuario: No autenticado | IP: ::1 | Hora: "2025-08-05T12:48:17.6562899-06:00"
2025-08-05 12:48:17.660 -06:00 [INF] ✅ Acción ejecutada: Cart/CartCount | Hora: "2025-08-05T12:48:17.6599504-06:00"
2025-08-05 12:48:17.662 -06:00 [INF] Executing JsonResult, writing value of type 'System.Int32'.
2025-08-05 12:48:17.665 -06:00 [INF] Executed action PaginaBizu.Controllers.CartController.CartCount (PaginaBizu) in 10.0932ms
2025-08-05 12:48:17.667 -06:00 [INF] Request starting HTTP/1.1 GET http://localhost:5116/Cart/CartCount - null null
2025-08-05 12:48:17.668 -06:00 [INF] Executed endpoint 'PaginaBizu.Controllers.CartController.CartCount (PaginaBizu)'
2025-08-05 12:48:17.674 -06:00 [INF] Executing endpoint 'PaginaBizu.Controllers.CartController.CartCount (PaginaBizu)'
2025-08-05 12:48:17.675 -06:00 [INF] Request finished HTTP/1.1 GET http://localhost:5116/Cart/CartCount - 200 null application/json; charset=utf-8 36.2614ms
2025-08-05 12:48:17.678 -06:00 [INF] Route matched with {action = "CartCount", controller = "Cart", page = "", area = ""}. Executing controller action with signature Microsoft.AspNetCore.Mvc.IActionResult CartCount() on controller PaginaBizu.Controllers.CartController (PaginaBizu).
2025-08-05 12:48:17.688 -06:00 [INF] ➡️ Acción ejecutándose: Cart/CartCount | Usuario: No autenticado | IP: ::1 | Hora: "2025-08-05T12:48:17.6884635-06:00"
2025-08-05 12:48:17.691 -06:00 [INF] ✅ Acción ejecutada: Cart/CartCount | Hora: "2025-08-05T12:48:17.6914611-06:00"
2025-08-05 12:48:17.693 -06:00 [INF] Executing JsonResult, writing value of type 'System.Int32'.
2025-08-05 12:48:17.695 -06:00 [INF] Executed action PaginaBizu.Controllers.CartController.CartCount (PaginaBizu) in 7.7098ms
2025-08-05 12:48:17.698 -06:00 [INF] Executed endpoint 'PaginaBizu.Controllers.CartController.CartCount (PaginaBizu)'
2025-08-05 12:48:17.700 -06:00 [INF] Request finished HTTP/1.1 GET http://localhost:5116/Cart/CartCount - 200 null application/json; charset=utf-8 32.733ms
2025-08-05 12:48:21.735 -06:00 [INF] Request starting HTTP/1.1 GET http://localhost:5116/ - null null
2025-08-05 12:48:21.748 -06:00 [INF] Executing endpoint 'PaginaBizu.Controllers.HomeController.Index (PaginaBizu)'
2025-08-05 12:48:21.754 -06:00 [INF] Route matched with {action = "Index", controller = "Home", page = "", area = ""}. Executing controller action with signature Microsoft.AspNetCore.Mvc.IActionResult Index() on controller PaginaBizu.Controllers.HomeController (PaginaBizu).
2025-08-05 12:48:21.760 -06:00 [INF] ➡️ Acción ejecutándose: Home/Index | Usuario: No autenticado | IP: ::1 | Hora: "2025-08-05T12:48:21.7608638-06:00"
2025-08-05 12:48:21.770 -06:00 [INF] ✅ Acción ejecutada: Home/Index | Hora: "2025-08-05T12:48:21.7704417-06:00"
2025-08-05 12:48:21.774 -06:00 [INF] Executing ViewResult, running view Index.
2025-08-05 12:48:21.787 -06:00 [INF] Executed ViewResult - view Index executed in 12.9043ms.
2025-08-05 12:48:21.794 -06:00 [INF] Executed action PaginaBizu.Controllers.HomeController.Index (PaginaBizu) in 33.8341ms
2025-08-05 12:48:21.798 -06:00 [INF] Executed endpoint 'PaginaBizu.Controllers.HomeController.Index (PaginaBizu)'
2025-08-05 12:48:21.803 -06:00 [INF] Request finished HTTP/1.1 GET http://localhost:5116/ - 200 null text/html; charset=utf-8 66.6423ms
2025-08-05 12:48:22.076 -06:00 [INF] Request starting HTTP/1.1 GET http://localhost:5116/css/tailwindcss - null null
2025-08-05 12:48:22.126 -06:00 [INF] Request finished HTTP/1.1 GET http://localhost:5116/css/tailwindcss - 404 0 null 49.6934ms
2025-08-05 12:48:22.138 -06:00 [INF] Request reached the end of the middleware pipeline without being handled by application code. Request path: GET http://localhost:5116/css/tailwindcss, Response status code: 404
2025-08-05 12:48:23.344 -06:00 [INF] Request starting HTTP/1.1 GET http://localhost:5116/Shop - null null
2025-08-05 12:48:23.353 -06:00 [INF] Executing endpoint 'PaginaBizu.Controllers.ShopController.Index (PaginaBizu)'
2025-08-05 12:48:23.357 -06:00 [INF] Route matched with {action = "Index", controller = "Shop", page = "", area = ""}. Executing controller action with signature Microsoft.AspNetCore.Mvc.IActionResult Index() on controller PaginaBizu.Controllers.ShopController (PaginaBizu).
2025-08-05 12:48:23.367 -06:00 [INF] ➡️ Acción ejecutándose: Shop/Index | Usuario: No autenticado | IP: ::1 | Hora: "2025-08-05T12:48:23.3674680-06:00"
2025-08-05 12:48:23.435 -06:00 [INF] Executed DbCommand (3ms) [Parameters=[], CommandType='"Text"', CommandTimeout='30']
SELECT [p].[Id], [p].[CantidadDisponible], [p].[Categoria], [p].[Descripcion], [p].[FechaCreacion], [p].[ImagenUrl], [p].[NombreArticulo], [p].[Precio]
FROM [Products] AS [p]
2025-08-05 12:48:23.444 -06:00 [INF] ✅ Acción ejecutada: Shop/Index | Hora: "2025-08-05T12:48:23.4442230-06:00"
2025-08-05 12:48:23.451 -06:00 [INF] Executing ViewResult, running view Index.
2025-08-05 12:48:23.459 -06:00 [INF] Executed ViewResult - view Index executed in 8.1223ms.
2025-08-05 12:48:23.466 -06:00 [INF] Executed action PaginaBizu.Controllers.ShopController.Index (PaginaBizu) in 100.2862ms
2025-08-05 12:48:23.471 -06:00 [INF] Executed endpoint 'PaginaBizu.Controllers.ShopController.Index (PaginaBizu)'
2025-08-05 12:48:23.474 -06:00 [INF] Request finished HTTP/1.1 GET http://localhost:5116/Shop - 200 null text/html; charset=utf-8 130.3993ms
2025-08-05 12:48:23.519 -06:00 [INF] Request starting HTTP/1.1 GET http://localhost:5116/images/imagenpulserrojo.jpg - null null
2025-08-05 12:48:23.526 -06:00 [INF] Request finished HTTP/1.1 GET http://localhost:5116/images/imagenpulserrojo.jpg - 404 0 null 7.666ms
2025-08-05 12:48:23.539 -06:00 [INF] Request reached the end of the middleware pipeline without being handled by application code. Request path: GET http://localhost:5116/images/imagenpulserrojo.jpg, Response status code: 404
2025-08-05 12:48:23.786 -06:00 [INF] Request starting HTTP/1.1 GET http://localhost:5116/Cart/CartCount - null null
2025-08-05 12:48:23.792 -06:00 [INF] Executing endpoint 'PaginaBizu.Controllers.CartController.CartCount (PaginaBizu)'
2025-08-05 12:48:23.795 -06:00 [INF] Route matched with {action = "CartCount", controller = "Cart", page = "", area = ""}. Executing controller action with signature Microsoft.AspNetCore.Mvc.IActionResult CartCount() on controller PaginaBizu.Controllers.CartController (PaginaBizu).
2025-08-05 12:48:23.802 -06:00 [INF] ➡️ Acción ejecutándose: Cart/CartCount | Usuario: No autenticado | IP: ::1 | Hora: "2025-08-05T12:48:23.8026186-06:00"
2025-08-05 12:48:23.806 -06:00 [INF] ✅ Acción ejecutada: Cart/CartCount | Hora: "2025-08-05T12:48:23.8068074-06:00"
2025-08-05 12:48:23.809 -06:00 [INF] Executing JsonResult, writing value of type 'System.Int32'.
2025-08-05 12:48:23.811 -06:00 [INF] Executed action PaginaBizu.Controllers.CartController.CartCount (PaginaBizu) in 10.7013ms
2025-08-05 12:48:23.812 -06:00 [INF] Request starting HTTP/1.1 GET http://localhost:5116/Cart/CartCount - null null
2025-08-05 12:48:23.814 -06:00 [INF] Executed endpoint 'PaginaBizu.Controllers.CartController.CartCount (PaginaBizu)'
2025-08-05 12:48:23.821 -06:00 [INF] Executing endpoint 'PaginaBizu.Controllers.CartController.CartCount (PaginaBizu)'
2025-08-05 12:48:23.823 -06:00 [INF] Request finished HTTP/1.1 GET http://localhost:5116/Cart/CartCount - 200 null application/json; charset=utf-8 36.6037ms
2025-08-05 12:48:23.825 -06:00 [INF] Route matched with {action = "CartCount", controller = "Cart", page = "", area = ""}. Executing controller action with signature Microsoft.AspNetCore.Mvc.IActionResult CartCount() on controller PaginaBizu.Controllers.CartController (PaginaBizu).
2025-08-05 12:48:23.841 -06:00 [INF] ➡️ Acción ejecutándose: Cart/CartCount | Usuario: No autenticado | IP: ::1 | Hora: "2025-08-05T12:48:23.8412139-06:00"
2025-08-05 12:48:23.845 -06:00 [INF] ✅ Acción ejecutada: Cart/CartCount | Hora: "2025-08-05T12:48:23.8451929-06:00"
2025-08-05 12:48:23.850 -06:00 [INF] Executing JsonResult, writing value of type 'System.Int32'.
2025-08-05 12:48:23.855 -06:00 [INF] Executed action PaginaBizu.Controllers.CartController.CartCount (PaginaBizu) in 14.1884ms
2025-08-05 12:48:23.859 -06:00 [INF] Executed endpoint 'PaginaBizu.Controllers.CartController.CartCount (PaginaBizu)'
2025-08-05 12:48:23.861 -06:00 [INF] Request finished HTTP/1.1 GET http://localhost:5116/Cart/CartCount - 200 null application/json; charset=utf-8 48.864ms
2025-08-05 12:48:26.030 -06:00 [INF] Request starting HTTP/1.1 GET http://localhost:5116/Shop/Details/1 - null null
2025-08-05 12:48:26.037 -06:00 [INF] Executing endpoint 'PaginaBizu.Controllers.ShopController.Details (PaginaBizu)'
2025-08-05 12:48:26.057 -06:00 [INF] Route matched with {action = "Details", controller = "Shop", page = "", area = ""}. Executing controller action with signature Microsoft.AspNetCore.Mvc.IActionResult Details(Int32) on controller PaginaBizu.Controllers.ShopController (PaginaBizu).
2025-08-05 12:48:26.078 -06:00 [INF] ➡️ Acción ejecutándose: Shop/Details | Usuario: No autenticado | IP: ::1 | Hora: "2025-08-05T12:48:26.0786647-06:00"
2025-08-05 12:48:26.115 -06:00 [INF] Executed DbCommand (4ms) [Parameters=[@__id_0='?' (DbType = Int32)], CommandType='"Text"', CommandTimeout='30']
SELECT TOP(1) [p].[Id], [p].[CantidadDisponible], [p].[Categoria], [p].[Descripcion], [p].[FechaCreacion], [p].[ImagenUrl], [p].[NombreArticulo], [p].[Precio]
FROM [Products] AS [p]
WHERE [p].[Id] = @__id_0
2025-08-05 12:48:26.149 -06:00 [INF] Executed DbCommand (10ms) [Parameters=[@__id_0='?' (DbType = Int32)], CommandType='"Text"', CommandTimeout='30']
SELECT [c].[Id], [c].[Calificacion], [c].[Contenido], [c].[Fecha], [c].[ProductoId], [c].[UsuarioId]
FROM [Comentarios] AS [c]
WHERE [c].[ProductoId] = @__id_0
ORDER BY [c].[Fecha] DESC
2025-08-05 12:48:26.182 -06:00 [INF] ✅ Acción ejecutada: Shop/Details | Hora: "2025-08-05T12:48:26.1822128-06:00"
2025-08-05 12:48:26.186 -06:00 [INF] Executing ViewResult, running view Details.
2025-08-05 12:48:26.211 -06:00 [INF] Executed ViewResult - view Details executed in 25.8095ms.
2025-08-05 12:48:26.214 -06:00 [INF] Executed action PaginaBizu.Controllers.ShopController.Details (PaginaBizu) in 152.4049ms
2025-08-05 12:48:26.220 -06:00 [INF] Executed endpoint 'PaginaBizu.Controllers.ShopController.Details (PaginaBizu)'
2025-08-05 12:48:26.222 -06:00 [INF] Request finished HTTP/1.1 GET http://localhost:5116/Shop/Details/1 - 200 null text/html; charset=utf-8 192.6645ms
2025-08-05 12:48:28.040 -06:00 [INF] Request starting HTTP/1.1 GET http://localhost:5116/Account/SignIn - null null
2025-08-05 12:48:28.051 -06:00 [INF] Request finished HTTP/1.1 GET http://localhost:5116/Account/SignIn - 404 0 null 11.1262ms
2025-08-05 12:48:28.071 -06:00 [INF] Request reached the end of the middleware pipeline without being handled by application code. Request path: GET http://localhost:5116/Account/SignIn, Response status code: 404
2025-08-05 12:48:41.601 -06:00 [INF] Request starting HTTP/1.1 GET http://localhost:5116/Shop/Details/1 - null null
2025-08-05 12:48:41.609 -06:00 [INF] Executing endpoint 'PaginaBizu.Controllers.ShopController.Details (PaginaBizu)'
2025-08-05 12:48:41.611 -06:00 [INF] Route matched with {action = "Details", controller = "Shop", page = "", area = ""}. Executing controller action with signature Microsoft.AspNetCore.Mvc.IActionResult Details(Int32) on controller PaginaBizu.Controllers.ShopController (PaginaBizu).
2025-08-05 12:48:41.620 -06:00 [INF] ➡️ Acción ejecutándose: Shop/Details | Usuario: No autenticado | IP: ::1 | Hora: "2025-08-05T12:48:41.6204854-06:00"
2025-08-05 12:48:41.627 -06:00 [INF] Executed DbCommand (1ms) [Parameters=[@__id_0='?' (DbType = Int32)], CommandType='"Text"', CommandTimeout='30']
SELECT TOP(1) [p].[Id], [p].[CantidadDisponible], [p].[Categoria], [p].[Descripcion], [p].[FechaCreacion], [p].[ImagenUrl], [p].[NombreArticulo], [p].[Precio]
FROM [Products] AS [p]
WHERE [p].[Id] = @__id_0
2025-08-05 12:48:41.640 -06:00 [INF] Executed DbCommand (2ms) [Parameters=[@__id_0='?' (DbType = Int32)], CommandType='"Text"', CommandTimeout='30']
SELECT [c].[Id], [c].[Calificacion], [c].[Contenido], [c].[Fecha], [c].[ProductoId], [c].[UsuarioId]
FROM [Comentarios] AS [c]
WHERE [c].[ProductoId] = @__id_0
ORDER BY [c].[Fecha] DESC
2025-08-05 12:48:41.649 -06:00 [INF] ✅ Acción ejecutada: Shop/Details | Hora: "2025-08-05T12:48:41.6496706-06:00"
2025-08-05 12:48:41.654 -06:00 [INF] Executing ViewResult, running view Details.
2025-08-05 12:48:41.659 -06:00 [INF] Executed ViewResult - view Details executed in 5.6269ms.
2025-08-05 12:48:41.663 -06:00 [INF] Executed action PaginaBizu.Controllers.ShopController.Details (PaginaBizu) in 44.366ms
2025-08-05 12:48:41.667 -06:00 [INF] Executed endpoint 'PaginaBizu.Controllers.ShopController.Details (PaginaBizu)'
2025-08-05 12:48:41.670 -06:00 [INF] Request finished HTTP/1.1 GET http://localhost:5116/Shop/Details/1 - 200 null text/html; charset=utf-8 69.4715ms
2025-08-05 12:49:09.523 -06:00 [INF] Request starting HTTP/1.1 GET http://localhost:5116/Account/SignIn - null null
2025-08-05 12:49:09.534 -06:00 [INF] Request finished HTTP/1.1 GET http://localhost:5116/Account/SignIn - 404 0 null 10.8529ms
2025-08-05 12:49:09.545 -06:00 [INF] Request reached the end of the middleware pipeline without being handled by application code. Request path: GET http://localhost:5116/Account/SignIn, Response status code: 404
2025-08-05 12:49:31.016 -06:00 [INF] Request starting HTTP/1.1 GET http://localhost:5116/Shop/Details/1 - null null
2025-08-05 12:49:31.023 -06:00 [INF] Executing endpoint 'PaginaBizu.Controllers.ShopController.Details (PaginaBizu)'
2025-08-05 12:49:31.026 -06:00 [INF] Route matched with {action = "Details", controller = "Shop", page = "", area = ""}. Executing controller action with signature Microsoft.AspNetCore.Mvc.IActionResult Details(Int32) on controller PaginaBizu.Controllers.ShopController (PaginaBizu).
2025-08-05 12:49:31.033 -06:00 [INF] ➡️ Acción ejecutándose: Shop/Details | Usuario: No autenticado | IP: ::1 | Hora: "2025-08-05T12:49:31.0333517-06:00"
2025-08-05 12:49:31.045 -06:00 [INF] Executed DbCommand (4ms) [Parameters=[@__id_0='?' (DbType = Int32)], CommandType='"Text"', CommandTimeout='30']
SELECT TOP(1) [p].[Id], [p].[CantidadDisponible], [p].[Categoria], [p].[Descripcion], [p].[FechaCreacion], [p].[ImagenUrl], [p].[NombreArticulo], [p].[Precio]
FROM [Products] AS [p]
WHERE [p].[Id] = @__id_0
2025-08-05 12:49:31.056 -06:00 [INF] Executed DbCommand (4ms) [Parameters=[@__id_0='?' (DbType = Int32)], CommandType='"Text"', CommandTimeout='30']
SELECT [c].[Id], [c].[Calificacion], [c].[Contenido], [c].[Fecha], [c].[ProductoId], [c].[UsuarioId]
FROM [Comentarios] AS [c]
WHERE [c].[ProductoId] = @__id_0
ORDER BY [c].[Fecha] DESC
2025-08-05 12:49:31.064 -06:00 [INF] ✅ Acción ejecutada: Shop/Details | Hora: "2025-08-05T12:49:31.0640182-06:00"
2025-08-05 12:49:31.070 -06:00 [INF] Executing ViewResult, running view Details.
2025-08-05 12:49:31.077 -06:00 [INF] Executed ViewResult - view Details executed in 6.6481ms.
2025-08-05 12:49:31.079 -06:00 [INF] Executed action PaginaBizu.Controllers.ShopController.Details (PaginaBizu) in 47.1017ms
2025-08-05 12:49:31.084 -06:00 [INF] Executed endpoint 'PaginaBizu.Controllers.ShopController.Details (PaginaBizu)'
2025-08-05 12:49:31.088 -06:00 [INF] Request finished HTTP/1.1 GET http://localhost:5116/Shop/Details/1 - 200 null text/html; charset=utf-8 72.2401ms
2025-08-05 12:49:31.670 -06:00 [INF] Request starting HTTP/1.1 GET http://localhost:5116/Shop - null null
2025-08-05 12:49:31.684 -06:00 [INF] Executing endpoint 'PaginaBizu.Controllers.ShopController.Index (PaginaBizu)'
2025-08-05 12:49:31.686 -06:00 [INF] Route matched with {action = "Index", controller = "Shop", page = "", area = ""}. Executing controller action with signature Microsoft.AspNetCore.Mvc.IActionResult Index() on controller PaginaBizu.Controllers.ShopController (PaginaBizu).
2025-08-05 12:49:31.691 -06:00 [INF] ➡️ Acción ejecutándose: Shop/Index | Usuario: No autenticado | IP: ::1 | Hora: "2025-08-05T12:49:31.6913446-06:00"
2025-08-05 12:49:31.702 -06:00 [INF] Executed DbCommand (4ms) [Parameters=[], CommandType='"Text"', CommandTimeout='30']
SELECT [p].[Id], [p].[CantidadDisponible], [p].[Categoria], [p].[Descripcion], [p].[FechaCreacion], [p].[ImagenUrl], [p].[NombreArticulo], [p].[Precio]
FROM [Products] AS [p]
2025-08-05 12:49:31.709 -06:00 [INF] ✅ Acción ejecutada: Shop/Index | Hora: "2025-08-05T12:49:31.7092846-06:00"
2025-08-05 12:49:31.711 -06:00 [INF] Executing ViewResult, running view Index.
2025-08-05 12:49:31.716 -06:00 [INF] Executed ViewResult - view Index executed in 4.4418ms.
2025-08-05 12:49:31.719 -06:00 [INF] Executed action PaginaBizu.Controllers.ShopController.Index (PaginaBizu) in 28.9325ms
2025-08-05 12:49:31.722 -06:00 [INF] Executed endpoint 'PaginaBizu.Controllers.ShopController.Index (PaginaBizu)'
2025-08-05 12:49:31.727 -06:00 [INF] Request finished HTTP/1.1 GET http://localhost:5116/Shop - 200 null text/html; charset=utf-8 57.2889ms
2025-08-05 12:49:31.764 -06:00 [INF] Request starting HTTP/1.1 GET http://localhost:5116/PaginaBizu.styles.css?v=u2o_07VtSGrZO3WxHAXzvZBevI20fzSZge8oUb78F-4 - null null
2025-08-05 12:49:31.772 -06:00 [INF] Request starting HTTP/1.1 GET http://localhost:5116/images/imagenpulserrojo.jpg - null null
2025-08-05 12:49:31.772 -06:00 [INF] The file /PaginaBizu.styles.css was not modified
2025-08-05 12:49:31.780 -06:00 [INF] Request finished HTTP/1.1 GET http://localhost:5116/images/imagenpulserrojo.jpg - 404 0 null 7.7727ms
2025-08-05 12:49:31.781 -06:00 [INF] Request finished HTTP/1.1 GET http://localhost:5116/PaginaBizu.styles.css?v=u2o_07VtSGrZO3WxHAXzvZBevI20fzSZge8oUb78F-4 - 304 null text/css 16.7268ms
2025-08-05 12:49:31.788 -06:00 [INF] Request reached the end of the middleware pipeline without being handled by application code. Request path: GET http://localhost:5116/images/imagenpulserrojo.jpg, Response status code: 404
2025-08-05 12:49:32.071 -06:00 [INF] Request starting HTTP/1.1 GET http://localhost:5116/Cart/CartCount - null null
2025-08-05 12:49:32.076 -06:00 [INF] Executing endpoint 'PaginaBizu.Controllers.CartController.CartCount (PaginaBizu)'
2025-08-05 12:49:32.078 -06:00 [INF] Route matched with {action = "CartCount", controller = "Cart", page = "", area = ""}. Executing controller action with signature Microsoft.AspNetCore.Mvc.IActionResult CartCount() on controller PaginaBizu.Controllers.CartController (PaginaBizu).
2025-08-05 12:49:32.084 -06:00 [INF] ➡️ Acción ejecutándose: Cart/CartCount | Usuario: No autenticado | IP: ::1 | Hora: "2025-08-05T12:49:32.0842749-06:00"
2025-08-05 12:49:32.090 -06:00 [INF] ✅ Acción ejecutada: Cart/CartCount | Hora: "2025-08-05T12:49:32.0902773-06:00"
2025-08-05 12:49:32.092 -06:00 [INF] Executing JsonResult, writing value of type 'System.Int32'.
2025-08-05 12:49:32.094 -06:00 [INF] Executed action PaginaBizu.Controllers.CartController.CartCount (PaginaBizu) in 12.0869ms
2025-08-05 12:49:32.096 -06:00 [INF] Request starting HTTP/1.1 GET http://localhost:5116/Cart/CartCount - null null
2025-08-05 12:49:32.097 -06:00 [INF] Executed endpoint 'PaginaBizu.Controllers.CartController.CartCount (PaginaBizu)'
2025-08-05 12:49:32.105 -06:00 [INF] Executing endpoint 'PaginaBizu.Controllers.CartController.CartCount (PaginaBizu)'
2025-08-05 12:49:32.107 -06:00 [INF] Request finished HTTP/1.1 GET http://localhost:5116/Cart/CartCount - 200 null application/json; charset=utf-8 35.6242ms
2025-08-05 12:49:32.109 -06:00 [INF] Route matched with {action = "CartCount", controller = "Cart", page = "", area = ""}. Executing controller action with signature Microsoft.AspNetCore.Mvc.IActionResult CartCount() on controller PaginaBizu.Controllers.CartController (PaginaBizu).
2025-08-05 12:49:32.119 -06:00 [INF] ➡️ Acción ejecutándose: Cart/CartCount | Usuario: No autenticado | IP: ::1 | Hora: "2025-08-05T12:49:32.1194731-06:00"
2025-08-05 12:49:32.123 -06:00 [INF] ✅ Acción ejecutada: Cart/CartCount | Hora: "2025-08-05T12:49:32.1237119-06:00"
2025-08-05 12:49:32.126 -06:00 [INF] Executing JsonResult, writing value of type 'System.Int32'.
2025-08-05 12:49:32.128 -06:00 [INF] Executed action PaginaBizu.Controllers.CartController.CartCount (PaginaBizu) in 10.2106ms
2025-08-05 12:49:32.132 -06:00 [INF] Executed endpoint 'PaginaBizu.Controllers.CartController.CartCount (PaginaBizu)'
2025-08-05 12:49:32.136 -06:00 [INF] Request finished HTTP/1.1 GET http://localhost:5116/Cart/CartCount - 200 null application/json; charset=utf-8 39.9122ms
2025-08-05 12:49:32.994 -06:00 [INF] Request starting HTTP/1.1 GET http://localhost:5116/Account/Login - null null
2025-08-05 12:49:32.998 -06:00 [INF] Executing endpoint 'PaginaBizu.Controllers.AccountController.Login (PaginaBizu)'
2025-08-05 12:49:33.002 -06:00 [INF] Route matched with {action = "Login", controller = "Account", page = "", area = ""}. Executing controller action with signature Microsoft.AspNetCore.Mvc.IActionResult Login() on controller PaginaBizu.Controllers.AccountController (PaginaBizu).
2025-08-05 12:49:33.008 -06:00 [INF] ➡️ Acción ejecutándose: Account/Login | Usuario: No autenticado | IP: ::1 | Hora: "2025-08-05T12:49:33.0083106-06:00"
2025-08-05 12:49:33.011 -06:00 [INF] ✅ Acción ejecutada: Account/Login | Hora: "2025-08-05T12:49:33.0117107-06:00"
2025-08-05 12:49:33.013 -06:00 [INF] Executing ViewResult, running view ~/Views/Shared/_LoginPartialUser.cshtml.
2025-08-05 12:49:33.018 -06:00 [INF] Executed ViewResult - view ~/Views/Shared/_LoginPartialUser.cshtml executed in 5.0608ms.
2025-08-05 12:49:33.022 -06:00 [INF] Executed action PaginaBizu.Controllers.AccountController.Login (PaginaBizu) in 15.0504ms
2025-08-05 12:49:33.026 -06:00 [INF] Executed endpoint 'PaginaBizu.Controllers.AccountController.Login (PaginaBizu)'
2025-08-05 12:49:33.030 -06:00 [INF] Request finished HTTP/1.1 GET http://localhost:5116/Account/Login - 200 null text/html; charset=utf-8 35.6388ms
2025-08-05 12:49:33.309 -06:00 [INF] Request starting HTTP/1.1 GET http://localhost:5116/css/tailwindcss - null null
2025-08-05 12:49:33.317 -06:00 [INF] Request finished HTTP/1.1 GET http://localhost:5116/css/tailwindcss - 404 0 null 7.4352ms
2025-08-05 12:49:33.327 -06:00 [INF] Request reached the end of the middleware pipeline without being handled by application code. Request path: GET http://localhost:5116/css/tailwindcss, Response status code: 404
2025-08-05 12:49:33.380 -06:00 [INF] Request starting HTTP/1.1 GET http://localhost:5116/Cart/CartCount - null null
2025-08-05 12:49:33.386 -06:00 [INF] Executing endpoint 'PaginaBizu.Controllers.CartController.CartCount (PaginaBizu)'
2025-08-05 12:49:33.389 -06:00 [INF] Route matched with {action = "CartCount", controller = "Cart", page = "", area = ""}. Executing controller action with signature Microsoft.AspNetCore.Mvc.IActionResult CartCount() on controller PaginaBizu.Controllers.CartController (PaginaBizu).
2025-08-05 12:49:33.392 -06:00 [INF] ➡️ Acción ejecutándose: Cart/CartCount | Usuario: No autenticado | IP: ::1 | Hora: "2025-08-05T12:49:33.3928548-06:00"
2025-08-05 12:49:33.396 -06:00 [INF] ✅ Acción ejecutada: Cart/CartCount | Hora: "2025-08-05T12:49:33.3961108-06:00"
2025-08-05 12:49:33.398 -06:00 [INF] Executing JsonResult, writing value of type 'System.Int32'.
2025-08-05 12:49:33.402 -06:00 [INF] Executed action PaginaBizu.Controllers.CartController.CartCount (PaginaBizu) in 9.5838ms
2025-08-05 12:49:33.403 -06:00 [INF] Request starting HTTP/1.1 GET http://localhost:5116/Cart/CartCount - null null
2025-08-05 12:49:33.405 -06:00 [INF] Executed endpoint 'PaginaBizu.Controllers.CartController.CartCount (PaginaBizu)'
2025-08-05 12:49:33.409 -06:00 [INF] Executing endpoint 'PaginaBizu.Controllers.CartController.CartCount (PaginaBizu)'
2025-08-05 12:49:33.410 -06:00 [INF] Request finished HTTP/1.1 GET http://localhost:5116/Cart/CartCount - 200 null application/json; charset=utf-8 30.1435ms
2025-08-05 12:49:33.412 -06:00 [INF] Route matched with {action = "CartCount", controller = "Cart", page = "", area = ""}. Executing controller action with signature Microsoft.AspNetCore.Mvc.IActionResult CartCount() on controller PaginaBizu.Controllers.CartController (PaginaBizu).
2025-08-05 12:49:33.423 -06:00 [INF] ➡️ Acción ejecutándose: Cart/CartCount | Usuario: No autenticado | IP: ::1 | Hora: "2025-08-05T12:49:33.4235150-06:00"
2025-08-05 12:49:33.426 -06:00 [INF] ✅ Acción ejecutada: Cart/CartCount | Hora: "2025-08-05T12:49:33.4265568-06:00"
2025-08-05 12:49:33.429 -06:00 [INF] Executing JsonResult, writing value of type 'System.Int32'.
2025-08-05 12:49:33.430 -06:00 [INF] Executed action PaginaBizu.Controllers.CartController.CartCount (PaginaBizu) in 7.8098ms
2025-08-05 12:49:33.433 -06:00 [INF] Executed endpoint 'PaginaBizu.Controllers.CartController.CartCount (PaginaBizu)'
2025-08-05 12:49:33.436 -06:00 [INF] Request finished HTTP/1.1 GET http://localhost:5116/Cart/CartCount - 200 null application/json; charset=utf-8 32.7735ms
2025-08-05 12:51:39.656 -06:00 [INF] Request starting HTTP/1.1 GET http://localhost:5116/Cart - null null
2025-08-05 12:51:39.664 -06:00 [INF] Executing endpoint 'PaginaBizu.Controllers.CartController.Index (PaginaBizu)'
2025-08-05 12:51:39.671 -06:00 [INF] Route matched with {action = "Index", controller = "Cart", page = "", area = ""}. Executing controller action with signature Microsoft.AspNetCore.Mvc.IActionResult Index() on controller PaginaBizu.Controllers.CartController (PaginaBizu).
2025-08-05 12:51:39.677 -06:00 [INF] ➡️ Acción ejecutándose: Cart/Index | Usuario: No autenticado | IP: ::1 | Hora: "2025-08-05T12:51:39.6777569-06:00"
2025-08-05 12:51:39.680 -06:00 [INF] ✅ Acción ejecutada: Cart/Index | Hora: "2025-08-05T12:51:39.6803008-06:00"
2025-08-05 12:51:39.682 -06:00 [INF] Executing ViewResult, running view Index.
2025-08-05 12:51:39.690 -06:00 [INF] Executed ViewResult - view Index executed in 8.698ms.
2025-08-05 12:51:39.691 -06:00 [INF] Executed action PaginaBizu.Controllers.CartController.Index (PaginaBizu) in 14.4241ms
2025-08-05 12:51:39.694 -06:00 [INF] Executed endpoint 'PaginaBizu.Controllers.CartController.Index (PaginaBizu)'
2025-08-05 12:51:39.696 -06:00 [INF] Request finished HTTP/1.1 GET http://localhost:5116/Cart - 200 null text/html; charset=utf-8 40.0976ms
2025-08-05 12:51:39.770 -06:00 [INF] Request starting HTTP/1.1 GET http://localhost:5116/lib/bootstrap/dist/css/bootstrap.min.css - null null
2025-08-05 12:51:39.776 -06:00 [INF] Request starting HTTP/1.1 GET http://localhost:5116/css/site.css?v=tq5MmRYVOxTwKBolobLEVhlycV0HPFnVWGBXwwh-KzE - null null
2025-08-05 12:51:39.775 -06:00 [INF] Request starting HTTP/1.1 GET http://localhost:5116/PaginaBizu.styles.css?v=u2o_07VtSGrZO3WxHAXzvZBevI20fzSZge8oUb78F-4 - null null
2025-08-05 12:51:39.779 -06:00 [INF] Request starting HTTP/1.1 GET http://localhost:5116/css/gucci-style.css - null null
2025-08-05 12:51:39.780 -06:00 [INF] Request starting HTTP/1.1 GET http://localhost:5116/lib/jquery/dist/jquery.min.js - null null
2025-08-05 12:51:39.806 -06:00 [INF] The file /lib/jquery/dist/jquery.min.js was not modified
2025-08-05 12:51:39.812 -06:00 [INF] Request finished HTTP/1.1 GET http://localhost:5116/lib/jquery/dist/jquery.min.js - 304 null text/javascript 32.4973ms
2025-08-05 12:51:39.787 -06:00 [INF] The file /css/site.css was not modified
2025-08-05 12:51:39.793 -06:00 [INF] The file /PaginaBizu.styles.css was not modified
2025-08-05 12:51:39.797 -06:00 [INF] The file /css/gucci-style.css was not modified
2025-08-05 12:51:39.838 -06:00 [INF] Request finished HTTP/1.1 GET http://localhost:5116/css/gucci-style.css - 304 null text/css 58.9448ms
2025-08-05 12:51:39.782 -06:00 [INF] The file /lib/bootstrap/dist/css/bootstrap.min.css was not modified
2025-08-05 12:51:39.849 -06:00 [INF] Request finished HTTP/1.1 GET http://localhost:5116/lib/bootstrap/dist/css/bootstrap.min.css - 304 null text/css 78.996ms
2025-08-05 12:51:39.832 -06:00 [INF] Request finished HTTP/1.1 GET http://localhost:5116/css/site.css?v=tq5MmRYVOxTwKBolobLEVhlycV0HPFnVWGBXwwh-KzE - 304 null text/css 56.3951ms
2025-08-05 12:51:39.834 -06:00 [INF] Request finished HTTP/1.1 GET http://localhost:5116/PaginaBizu.styles.css?v=u2o_07VtSGrZO3WxHAXzvZBevI20fzSZge8oUb78F-4 - 304 null text/css 58.9342ms
2025-08-05 12:51:39.780 -06:00 [INF] Request starting HTTP/1.1 GET http://localhost:5116/lib/bootstrap/dist/js/bootstrap.bundle.min.js - null null
2025-08-05 12:51:39.830 -06:00 [INF] Request starting HTTP/1.1 GET http://localhost:5116/js/shop.js - null null
2025-08-05 12:51:39.933 -06:00 [INF] The file /js/shop.js was not modified
2025-08-05 12:51:39.940 -06:00 [INF] Request finished HTTP/1.1 GET http://localhost:5116/js/shop.js - 304 null text/javascript 110.1632ms
2025-08-05 12:51:39.931 -06:00 [INF] The file /lib/bootstrap/dist/js/bootstrap.bundle.min.js was not modified
2025-08-05 12:51:39.943 -06:00 [INF] Request finished HTTP/1.1 GET http://localhost:5116/lib/bootstrap/dist/js/bootstrap.bundle.min.js - 304 null text/javascript 163.4658ms
2025-08-05 12:51:40.235 -06:00 [INF] Request starting HTTP/1.1 GET http://localhost:5116/Cart/CartCount - null null
2025-08-05 12:51:40.242 -06:00 [INF] Executing endpoint 'PaginaBizu.Controllers.CartController.CartCount (PaginaBizu)'
2025-08-05 12:51:40.245 -06:00 [INF] Route matched with {action = "CartCount", controller = "Cart", page = "", area = ""}. Executing controller action with signature Microsoft.AspNetCore.Mvc.IActionResult CartCount() on controller PaginaBizu.Controllers.CartController (PaginaBizu).
2025-08-05 12:51:40.249 -06:00 [INF] ➡️ Acción ejecutándose: Cart/CartCount | Usuario: No autenticado | IP: ::1 | Hora: "2025-08-05T12:51:40.2494022-06:00"
2025-08-05 12:51:40.253 -06:00 [INF] ✅ Acción ejecutada: Cart/CartCount | Hora: "2025-08-05T12:51:40.2536545-06:00"
2025-08-05 12:51:40.258 -06:00 [INF] Executing JsonResult, writing value of type 'System.Int32'.
2025-08-05 12:51:40.261 -06:00 [INF] Executed action PaginaBizu.Controllers.CartController.CartCount (PaginaBizu) in 12.4269ms
2025-08-05 12:51:40.262 -06:00 [INF] Request starting HTTP/1.1 GET http://localhost:5116/Cart/CartCount - null null
2025-08-05 12:51:40.263 -06:00 [INF] Executed endpoint 'PaginaBizu.Controllers.CartController.CartCount (PaginaBizu)'
2025-08-05 12:51:40.268 -06:00 [INF] Executing endpoint 'PaginaBizu.Controllers.CartController.CartCount (PaginaBizu)'
2025-08-05 12:51:40.270 -06:00 [INF] Request finished HTTP/1.1 GET http://localhost:5116/Cart/CartCount - 200 null application/json; charset=utf-8 34.598ms
2025-08-05 12:51:40.273 -06:00 [INF] Route matched with {action = "CartCount", controller = "Cart", page = "", area = ""}. Executing controller action with signature Microsoft.AspNetCore.Mvc.IActionResult CartCount() on controller PaginaBizu.Controllers.CartController (PaginaBizu).
2025-08-05 12:51:40.282 -06:00 [INF] ➡️ Acción ejecutándose: Cart/CartCount | Usuario: No autenticado | IP: ::1 | Hora: "2025-08-05T12:51:40.2829339-06:00"
2025-08-05 12:51:40.286 -06:00 [INF] ✅ Acción ejecutada: Cart/CartCount | Hora: "2025-08-05T12:51:40.2868663-06:00"
2025-08-05 12:51:40.290 -06:00 [INF] Executing JsonResult, writing value of type 'System.Int32'.
2025-08-05 12:51:40.293 -06:00 [INF] Executed action PaginaBizu.Controllers.CartController.CartCount (PaginaBizu) in 10.8181ms
2025-08-05 12:51:40.295 -06:00 [INF] Executed endpoint 'PaginaBizu.Controllers.CartController.CartCount (PaginaBizu)'
2025-08-05 12:51:40.297 -06:00 [INF] Request finished HTTP/1.1 GET http://localhost:5116/Cart/CartCount - 200 null application/json; charset=utf-8 34.9302ms
2025-08-05 12:51:42.588 -06:00 [INF] Request starting HTTP/1.1 GET http://localhost:5116/Cart - null null
2025-08-05 12:51:42.599 -06:00 [INF] Executing endpoint 'PaginaBizu.Controllers.CartController.Index (PaginaBizu)'
2025-08-05 12:51:42.603 -06:00 [INF] Route matched with {action = "Index", controller = "Cart", page = "", area = ""}. Executing controller action with signature Microsoft.AspNetCore.Mvc.IActionResult Index() on controller PaginaBizu.Controllers.CartController (PaginaBizu).
2025-08-05 12:51:42.609 -06:00 [INF] ➡️ Acción ejecutándose: Cart/Index | Usuario: No autenticado | IP: ::1 | Hora: "2025-08-05T12:51:42.6090609-06:00"
2025-08-05 12:51:42.613 -06:00 [INF] ✅ Acción ejecutada: Cart/Index | Hora: "2025-08-05T12:51:42.6137528-06:00"
2025-08-05 12:51:42.618 -06:00 [INF] Executing ViewResult, running view Index.
2025-08-05 12:51:42.623 -06:00 [INF] Executed ViewResult - view Index executed in 5.6645ms.
2025-08-05 12:51:42.628 -06:00 [INF] Executed action PaginaBizu.Controllers.CartController.Index (PaginaBizu) in 20.1636ms
2025-08-05 12:51:42.633 -06:00 [INF] Executed endpoint 'PaginaBizu.Controllers.CartController.Index (PaginaBizu)'
2025-08-05 12:51:42.638 -06:00 [INF] Request finished HTTP/1.1 GET http://localhost:5116/Cart - 200 null text/html; charset=utf-8 49.5176ms
2025-08-05 12:51:42.907 -06:00 [INF] Request starting HTTP/1.1 GET http://localhost:5116/Cart/CartCount - null null
2025-08-05 12:51:42.915 -06:00 [INF] Executing endpoint 'PaginaBizu.Controllers.CartController.CartCount (PaginaBizu)'
2025-08-05 12:51:42.919 -06:00 [INF] Route matched with {action = "CartCount", controller = "Cart", page = "", area = ""}. Executing controller action with signature Microsoft.AspNetCore.Mvc.IActionResult CartCount() on controller PaginaBizu.Controllers.CartController (PaginaBizu).
2025-08-05 12:51:42.927 -06:00 [INF] ➡️ Acción ejecutándose: Cart/CartCount | Usuario: No autenticado | IP: ::1 | Hora: "2025-08-05T12:51:42.9277219-06:00"
2025-08-05 12:51:42.933 -06:00 [INF] ✅ Acción ejecutada: Cart/CartCount | Hora: "2025-08-05T12:51:42.9337281-06:00"
2025-08-05 12:51:42.938 -06:00 [INF] Executing JsonResult, writing value of type 'System.Int32'.
2025-08-05 12:51:42.943 -06:00 [INF] Executed action PaginaBizu.Controllers.CartController.CartCount (PaginaBizu) in 15.7849ms
2025-08-05 12:51:42.944 -06:00 [INF] Request starting HTTP/1.1 GET http://localhost:5116/Cart/CartCount - null null
2025-08-05 12:51:42.946 -06:00 [INF] Executed endpoint 'PaginaBizu.Controllers.CartController.CartCount (PaginaBizu)'
2025-08-05 12:51:42.952 -06:00 [INF] Executing endpoint 'PaginaBizu.Controllers.CartController.CartCount (PaginaBizu)'
2025-08-05 12:51:42.957 -06:00 [INF] Request finished HTTP/1.1 GET http://localhost:5116/Cart/CartCount - 200 null application/json; charset=utf-8 49.3285ms
2025-08-05 12:51:42.958 -06:00 [INF] Route matched with {action = "CartCount", controller = "Cart", page = "", area = ""}. Executing controller action with signature Microsoft.AspNetCore.Mvc.IActionResult CartCount() on controller PaginaBizu.Controllers.CartController (PaginaBizu).
2025-08-05 12:51:42.974 -06:00 [INF] ➡️ Acción ejecutándose: Cart/CartCount | Usuario: No autenticado | IP: ::1 | Hora: "2025-08-05T12:51:42.9742204-06:00"
2025-08-05 12:51:42.977 -06:00 [INF] ✅ Acción ejecutada: Cart/CartCount | Hora: "2025-08-05T12:51:42.9778267-06:00"
2025-08-05 12:51:42.981 -06:00 [INF] Executing JsonResult, writing value of type 'System.Int32'.
2025-08-05 12:51:42.984 -06:00 [INF] Executed action PaginaBizu.Controllers.CartController.CartCount (PaginaBizu) in 10.7124ms
2025-08-05 12:51:42.989 -06:00 [INF] Executed endpoint 'PaginaBizu.Controllers.CartController.CartCount (PaginaBizu)'
2025-08-05 12:51:42.993 -06:00 [INF] Request finished HTTP/1.1 GET http://localhost:5116/Cart/CartCount - 200 null application/json; charset=utf-8 48.7019ms
2025-08-05 12:51:43.239 -06:00 [INF] Request starting HTTP/1.1 GET http://localhost:5116/favicon.ico - null null
2025-08-05 12:51:43.247 -06:00 [INF] The file /favicon.ico was not modified
2025-08-05 12:51:43.249 -06:00 [INF] Request finished HTTP/1.1 GET http://localhost:5116/favicon.ico - 304 null image/x-icon 9.9563ms
2025-08-05 12:51:44.271 -06:00 [INF] Request starting HTTP/1.1 GET http://localhost:5116/Cart - null null
2025-08-05 12:51:44.280 -06:00 [INF] Executing endpoint 'PaginaBizu.Controllers.CartController.Index (PaginaBizu)'
2025-08-05 12:51:44.284 -06:00 [INF] Route matched with {action = "Index", controller = "Cart", page = "", area = ""}. Executing controller action with signature Microsoft.AspNetCore.Mvc.IActionResult Index() on controller PaginaBizu.Controllers.CartController (PaginaBizu).
2025-08-05 12:51:44.293 -06:00 [INF] ➡️ Acción ejecutándose: Cart/Index | Usuario: No autenticado | IP: ::1 | Hora: "2025-08-05T12:51:44.2933269-06:00"
2025-08-05 12:51:44.301 -06:00 [INF] ✅ Acción ejecutada: Cart/Index | Hora: "2025-08-05T12:51:44.3014566-06:00"
2025-08-05 12:51:44.306 -06:00 [INF] Executing ViewResult, running view Index.
2025-08-05 12:51:44.313 -06:00 [INF] Executed ViewResult - view Index executed in 6.6755ms.
2025-08-05 12:51:44.318 -06:00 [INF] Executed action PaginaBizu.Controllers.CartController.Index (PaginaBizu) in 26.7149ms
2025-08-05 12:51:44.324 -06:00 [INF] Executed endpoint 'PaginaBizu.Controllers.CartController.Index (PaginaBizu)'
2025-08-05 12:51:44.329 -06:00 [INF] Request finished HTTP/1.1 GET http://localhost:5116/Cart - 200 null text/html; charset=utf-8 57.2783ms
2025-08-05 12:51:44.606 -06:00 [INF] Request starting HTTP/1.1 GET http://localhost:5116/Cart/CartCount - null null
2025-08-05 12:51:44.612 -06:00 [INF] Executing endpoint 'PaginaBizu.Controllers.CartController.CartCount (PaginaBizu)'
2025-08-05 12:51:44.615 -06:00 [INF] Route matched with {action = "CartCount", controller = "Cart", page = "", area = ""}. Executing controller action with signature Microsoft.AspNetCore.Mvc.IActionResult CartCount() on controller PaginaBizu.Controllers.CartController (PaginaBizu).
2025-08-05 12:51:44.623 -06:00 [INF] ➡️ Acción ejecutándose: Cart/CartCount | Usuario: No autenticado | IP: ::1 | Hora: "2025-08-05T12:51:44.6230888-06:00"
2025-08-05 12:51:44.629 -06:00 [INF] ✅ Acción ejecutada: Cart/CartCount | Hora: "2025-08-05T12:51:44.6296434-06:00"
2025-08-05 12:51:44.632 -06:00 [INF] Executing JsonResult, writing value of type 'System.Int32'.
2025-08-05 12:51:44.634 -06:00 [INF] Executed action PaginaBizu.Controllers.CartController.CartCount (PaginaBizu) in 12.7781ms
2025-08-05 12:51:44.636 -06:00 [INF] Request starting HTTP/1.1 GET http://localhost:5116/Cart/CartCount - null null
2025-08-05 12:51:44.638 -06:00 [INF] Executed endpoint 'PaginaBizu.Controllers.CartController.CartCount (PaginaBizu)'
2025-08-05 12:51:44.643 -06:00 [INF] Executing endpoint 'PaginaBizu.Controllers.CartController.CartCount (PaginaBizu)'
2025-08-05 12:51:44.645 -06:00 [INF] Request finished HTTP/1.1 GET http://localhost:5116/Cart/CartCount - 200 null application/json; charset=utf-8 38.7127ms
2025-08-05 12:51:44.647 -06:00 [INF] Route matched with {action = "CartCount", controller = "Cart", page = "", area = ""}. Executing controller action with signature Microsoft.AspNetCore.Mvc.IActionResult CartCount() on controller PaginaBizu.Controllers.CartController (PaginaBizu).
2025-08-05 12:51:44.657 -06:00 [INF] ➡️ Acción ejecutándose: Cart/CartCount | Usuario: No autenticado | IP: ::1 | Hora: "2025-08-05T12:51:44.6570827-06:00"
2025-08-05 12:51:44.660 -06:00 [INF] ✅ Acción ejecutada: Cart/CartCount | Hora: "2025-08-05T12:51:44.6608579-06:00"
2025-08-05 12:51:44.663 -06:00 [INF] Executing JsonResult, writing value of type 'System.Int32'.
2025-08-05 12:51:44.666 -06:00 [INF] Executed action PaginaBizu.Controllers.CartController.CartCount (PaginaBizu) in 9.4395ms
2025-08-05 12:51:44.668 -06:00 [INF] Executed endpoint 'PaginaBizu.Controllers.CartController.CartCount (PaginaBizu)'
2025-08-05 12:51:44.672 -06:00 [INF] Request finished HTTP/1.1 GET http://localhost:5116/Cart/CartCount - 200 null application/json; charset=utf-8 36.0753ms
2025-08-05 12:51:45.620 -06:00 [INF] Request starting HTTP/1.1 GET http://localhost:5116/Account/Login - null null
2025-08-05 12:51:45.630 -06:00 [INF] Executing endpoint 'PaginaBizu.Controllers.AccountController.Login (PaginaBizu)'
2025-08-05 12:51:45.635 -06:00 [INF] Route matched with {action = "Login", controller = "Account", page = "", area = ""}. Executing controller action with signature Microsoft.AspNetCore.Mvc.IActionResult Login() on controller PaginaBizu.Controllers.AccountController (PaginaBizu).
2025-08-05 12:51:45.642 -06:00 [INF] ➡️ Acción ejecutándose: Account/Login | Usuario: No autenticado | IP: ::1 | Hora: "2025-08-05T12:51:45.6428281-06:00"
2025-08-05 12:51:45.646 -06:00 [INF] ✅ Acción ejecutada: Account/Login | Hora: "2025-08-05T12:51:45.6464833-06:00"
2025-08-05 12:51:45.650 -06:00 [INF] Executing ViewResult, running view ~/Views/Shared/_LoginPartialUser.cshtml.
2025-08-05 12:51:45.658 -06:00 [INF] Executed ViewResult - view ~/Views/Shared/_LoginPartialUser.cshtml executed in 7.6271ms.
2025-08-05 12:51:45.663 -06:00 [INF] Executed action PaginaBizu.Controllers.AccountController.Login (PaginaBizu) in 21.6385ms
2025-08-05 12:51:45.669 -06:00 [INF] Executed endpoint 'PaginaBizu.Controllers.AccountController.Login (PaginaBizu)'
2025-08-05 12:51:45.676 -06:00 [INF] Request finished HTTP/1.1 GET http://localhost:5116/Account/Login - 200 null text/html; charset=utf-8 55.761ms
2025-08-05 12:51:45.710 -06:00 [INF] Request starting HTTP/1.1 GET http://localhost:5116/css/glow-form.css - null null
2025-08-05 12:51:45.712 -06:00 [INF] Request starting HTTP/1.1 GET http://localhost:5116/lib/jquery-validation/dist/jquery.validate.min.js - null null
2025-08-05 12:51:45.712 -06:00 [INF] Request starting HTTP/1.1 GET http://localhost:5116/lib/jquery-validation-unobtrusive/jquery.validate.unobtrusive.min.js - null null
2025-08-05 12:51:45.715 -06:00 [INF] Request starting HTTP/1.1 GET http://localhost:5116/js/login-validation.js - null null
2025-08-05 12:51:45.720 -06:00 [INF] The file /css/glow-form.css was not modified
2025-08-05 12:51:45.725 -06:00 [INF] The file /lib/jquery-validation/dist/jquery.validate.min.js was not modified
2025-08-05 12:51:45.730 -06:00 [INF] The file /lib/jquery-validation-unobtrusive/jquery.validate.unobtrusive.min.js was not modified
2025-08-05 12:51:45.736 -06:00 [INF] The file /js/login-validation.js was not modified
2025-08-05 12:51:45.739 -06:00 [INF] Request finished HTTP/1.1 GET http://localhost:5116/css/glow-form.css - 304 null text/css 29.55ms
2025-08-05 12:51:45.741 -06:00 [INF] Request finished HTTP/1.1 GET http://localhost:5116/lib/jquery-validation/dist/jquery.validate.min.js - 304 null text/javascript 29.2345ms
2025-08-05 12:51:45.743 -06:00 [INF] Request finished HTTP/1.1 GET http://localhost:5116/lib/jquery-validation-unobtrusive/jquery.validate.unobtrusive.min.js - 304 null text/javascript 31.0292ms
2025-08-05 12:51:45.746 -06:00 [INF] Request finished HTTP/1.1 GET http://localhost:5116/js/login-validation.js - 304 null text/javascript 30.5602ms
2025-08-05 12:51:45.973 -06:00 [INF] Request starting HTTP/1.1 GET http://localhost:5116/css/tailwindcss - null null
2025-08-05 12:51:45.979 -06:00 [INF] Request finished HTTP/1.1 GET http://localhost:5116/css/tailwindcss - 404 0 null 5.6985ms
2025-08-05 12:51:45.988 -06:00 [INF] Request reached the end of the middleware pipeline without being handled by application code. Request path: GET http://localhost:5116/css/tailwindcss, Response status code: 404
2025-08-05 12:51:46.024 -06:00 [INF] Request starting HTTP/1.1 GET http://localhost:5116/Cart/CartCount - null null
2025-08-05 12:51:46.029 -06:00 [INF] Executing endpoint 'PaginaBizu.Controllers.CartController.CartCount (PaginaBizu)'
2025-08-05 12:51:46.031 -06:00 [INF] Route matched with {action = "CartCount", controller = "Cart", page = "", area = ""}. Executing controller action with signature Microsoft.AspNetCore.Mvc.IActionResult CartCount() on controller PaginaBizu.Controllers.CartController (PaginaBizu).
2025-08-05 12:51:46.041 -06:00 [INF] ➡️ Acción ejecutándose: Cart/CartCount | Usuario: No autenticado | IP: ::1 | Hora: "2025-08-05T12:51:46.0419462-06:00"
2025-08-05 12:51:46.046 -06:00 [INF] ✅ Acción ejecutada: Cart/CartCount | Hora: "2025-08-05T12:51:46.0460497-06:00"
2025-08-05 12:51:46.049 -06:00 [INF] Executing JsonResult, writing value of type 'System.Int32'.
2025-08-05 12:51:46.052 -06:00 [INF] Executed action PaginaBizu.Controllers.CartController.CartCount (PaginaBizu) in 11.0822ms
2025-08-05 12:51:46.055 -06:00 [INF] Request starting HTTP/1.1 GET http://localhost:5116/Cart/CartCount - null null
2025-08-05 12:51:46.060 -06:00 [INF] Executed endpoint 'PaginaBizu.Controllers.CartController.CartCount (PaginaBizu)'
2025-08-05 12:51:46.065 -06:00 [INF] Executing endpoint 'PaginaBizu.Controllers.CartController.CartCount (PaginaBizu)'
2025-08-05 12:51:46.066 -06:00 [INF] Request finished HTTP/1.1 GET http://localhost:5116/Cart/CartCount - 200 null application/json; charset=utf-8 42.2435ms
2025-08-05 12:51:46.069 -06:00 [INF] Route matched with {action = "CartCount", controller = "Cart", page = "", area = ""}. Executing controller action with signature Microsoft.AspNetCore.Mvc.IActionResult CartCount() on controller PaginaBizu.Controllers.CartController (PaginaBizu).
2025-08-05 12:51:46.082 -06:00 [INF] ➡️ Acción ejecutándose: Cart/CartCount | Usuario: No autenticado | IP: ::1 | Hora: "2025-08-05T12:51:46.0825156-06:00"
2025-08-05 12:51:46.093 -06:00 [INF] ✅ Acción ejecutada: Cart/CartCount | Hora: "2025-08-05T12:51:46.0933709-06:00"
2025-08-05 12:51:46.098 -06:00 [INF] Executing JsonResult, writing value of type 'System.Int32'.
2025-08-05 12:51:46.105 -06:00 [INF] Executed action PaginaBizu.Controllers.CartController.CartCount (PaginaBizu) in 23.0379ms
2025-08-05 12:51:46.111 -06:00 [INF] Executed endpoint 'PaginaBizu.Controllers.CartController.CartCount (PaginaBizu)'
2025-08-05 12:51:46.113 -06:00 [INF] Request finished HTTP/1.1 GET http://localhost:5116/Cart/CartCount - 200 null application/json; charset=utf-8 57.441ms
2025-08-05 12:51:47.869 -06:00 [INF] Request starting HTTP/1.1 GET http://localhost:5116/Cart - null null
2025-08-05 12:51:47.875 -06:00 [INF] Executing endpoint 'PaginaBizu.Controllers.CartController.Index (PaginaBizu)'
2025-08-05 12:51:47.879 -06:00 [INF] Route matched with {action = "Index", controller = "Cart", page = "", area = ""}. Executing controller action with signature Microsoft.AspNetCore.Mvc.IActionResult Index() on controller PaginaBizu.Controllers.CartController (PaginaBizu).
2025-08-05 12:51:47.890 -06:00 [INF] ➡️ Acción ejecutándose: Cart/Index | Usuario: No autenticado | IP: ::1 | Hora: "2025-08-05T12:51:47.8909508-06:00"
2025-08-05 12:51:47.899 -06:00 [INF] ✅ Acción ejecutada: Cart/Index | Hora: "2025-08-05T12:51:47.8994912-06:00"
2025-08-05 12:51:47.905 -06:00 [INF] Executing ViewResult, running view Index.
2025-08-05 12:51:47.911 -06:00 [INF] Executed ViewResult - view Index executed in 5.7466ms.
2025-08-05 12:51:47.917 -06:00 [INF] Executed action PaginaBizu.Controllers.CartController.Index (PaginaBizu) in 26.9003ms
2025-08-05 12:51:47.921 -06:00 [INF] Executed endpoint 'PaginaBizu.Controllers.CartController.Index (PaginaBizu)'
2025-08-05 12:51:47.925 -06:00 [INF] Request finished HTTP/1.1 GET http://localhost:5116/Cart - 200 null text/html; charset=utf-8 55.2729ms
2025-08-05 12:51:48.233 -06:00 [INF] Request starting HTTP/1.1 GET http://localhost:5116/Cart/CartCount - null null
2025-08-05 12:51:48.239 -06:00 [INF] Executing endpoint 'PaginaBizu.Controllers.CartController.CartCount (PaginaBizu)'
2025-08-05 12:51:48.246 -06:00 [INF] Route matched with {action = "CartCount", controller = "Cart", page = "", area = ""}. Executing controller action with signature Microsoft.AspNetCore.Mvc.IActionResult CartCount() on controller PaginaBizu.Controllers.CartController (PaginaBizu).
2025-08-05 12:51:48.256 -06:00 [INF] ➡️ Acción ejecutándose: Cart/CartCount | Usuario: No autenticado | IP: ::1 | Hora: "2025-08-05T12:51:48.2567317-06:00"
2025-08-05 12:51:48.260 -06:00 [INF] ✅ Acción ejecutada: Cart/CartCount | Hora: "2025-08-05T12:51:48.2604502-06:00"
2025-08-05 12:51:48.265 -06:00 [INF] Executing JsonResult, writing value of type 'System.Int32'.
2025-08-05 12:51:48.272 -06:00 [INF] Executed action PaginaBizu.Controllers.CartController.CartCount (PaginaBizu) in 15.5385ms
2025-08-05 12:51:48.275 -06:00 [INF] Request starting HTTP/1.1 GET http://localhost:5116/Cart/CartCount - null null
2025-08-05 12:51:48.277 -06:00 [INF] Executed endpoint 'PaginaBizu.Controllers.CartController.CartCount (PaginaBizu)'
2025-08-05 12:51:48.282 -06:00 [INF] Executing endpoint 'PaginaBizu.Controllers.CartController.CartCount (PaginaBizu)'
2025-08-05 12:51:48.284 -06:00 [INF] Request finished HTTP/1.1 GET http://localhost:5116/Cart/CartCount - 200 null application/json; charset=utf-8 51.2054ms
2025-08-05 12:51:48.288 -06:00 [INF] Route matched with {action = "CartCount", controller = "Cart", page = "", area = ""}. Executing controller action with signature Microsoft.AspNetCore.Mvc.IActionResult CartCount() on controller PaginaBizu.Controllers.CartController (PaginaBizu).
2025-08-05 12:51:48.300 -06:00 [INF] ➡️ Acción ejecutándose: Cart/CartCount | Usuario: No autenticado | IP: ::1 | Hora: "2025-08-05T12:51:48.3009210-06:00"
2025-08-05 12:51:48.305 -06:00 [INF] ✅ Acción ejecutada: Cart/CartCount | Hora: "2025-08-05T12:51:48.3058188-06:00"
2025-08-05 12:51:48.312 -06:00 [INF] Executing JsonResult, writing value of type 'System.Int32'.
2025-08-05 12:51:48.315 -06:00 [INF] Executed action PaginaBizu.Controllers.CartController.CartCount (PaginaBizu) in 15.3315ms
2025-08-05 12:51:48.320 -06:00 [INF] Executed endpoint 'PaginaBizu.Controllers.CartController.CartCount (PaginaBizu)'
2025-08-05 12:51:48.323 -06:00 [INF] Request finished HTTP/1.1 GET http://localhost:5116/Cart/CartCount - 200 null application/json; charset=utf-8 48.5166ms
2025-08-05 12:51:48.840 -06:00 [INF] Request starting HTTP/1.1 GET http://localhost:5116/ - null null
2025-08-05 12:51:48.847 -06:00 [INF] Executing endpoint 'PaginaBizu.Controllers.HomeController.Index (PaginaBizu)'
2025-08-05 12:51:48.850 -06:00 [INF] Route matched with {action = "Index", controller = "Home", page = "", area = ""}. Executing controller action with signature Microsoft.AspNetCore.Mvc.IActionResult Index() on controller PaginaBizu.Controllers.HomeController (PaginaBizu).
2025-08-05 12:51:48.856 -06:00 [INF] ➡️ Acción ejecutándose: Home/Index | Usuario: No autenticado | IP: ::1 | Hora: "2025-08-05T12:51:48.8568125-06:00"
2025-08-05 12:51:48.864 -06:00 [INF] ✅ Acción ejecutada: Home/Index | Hora: "2025-08-05T12:51:48.8646162-06:00"
2025-08-05 12:51:48.868 -06:00 [INF] Executing ViewResult, running view Index.
2025-08-05 12:51:48.873 -06:00 [INF] Executed ViewResult - view Index executed in 5.2653ms.
2025-08-05 12:51:48.876 -06:00 [INF] Executed action PaginaBizu.Controllers.HomeController.Index (PaginaBizu) in 19.9991ms
2025-08-05 12:51:48.881 -06:00 [INF] Executed endpoint 'PaginaBizu.Controllers.HomeController.Index (PaginaBizu)'
2025-08-05 12:51:48.884 -06:00 [INF] Request finished HTTP/1.1 GET http://localhost:5116/ - 200 null text/html; charset=utf-8 44.914ms
2025-08-05 12:51:48.925 -06:00 [INF] Request starting HTTP/1.1 GET http://localhost:5116/css/style.css - null null
2025-08-05 12:51:48.928 -06:00 [INF] Request starting HTTP/1.1 GET http://localhost:5116/assets/bootstrap/css/bootstrap.min.css - null null
2025-08-05 12:51:48.928 -06:00 [INF] Request starting HTTP/1.1 GET http://localhost:5116/assets/fonts/simple-line-icons.min.css - null null
2025-08-05 12:51:48.931 -06:00 [INF] The file /css/style.css was not modified
2025-08-05 12:51:48.931 -06:00 [INF] Request starting HTTP/1.1 GET http://localhost:5116/assets/css/vanilla-zoom.min.css - null null
2025-08-05 12:51:48.931 -06:00 [INF] Request starting HTTP/1.1 GET http://localhost:5116/assets/css/baguetteBox.min.css - null null
2025-08-05 12:51:48.931 -06:00 [INF] Request starting HTTP/1.1 GET http://localhost:5116/assets/img/scenery/61-HMICpUTL._AC_UY1000_.jpg - null null
2025-08-05 12:51:48.937 -06:00 [INF] The file /assets/bootstrap/css/bootstrap.min.css was not modified
2025-08-05 12:51:48.943 -06:00 [INF] The file /assets/fonts/simple-line-icons.min.css was not modified
2025-08-05 12:51:48.945 -06:00 [INF] Request finished HTTP/1.1 GET http://localhost:5116/css/style.css - 304 null text/css 19.654ms
2025-08-05 12:51:48.950 -06:00 [INF] The file /assets/css/vanilla-zoom.min.css was not modified
2025-08-05 12:51:48.956 -06:00 [INF] The file /assets/css/baguetteBox.min.css was not modified
2025-08-05 12:51:48.960 -06:00 [INF] The file /assets/img/scenery/61-HMICpUTL._AC_UY1000_.jpg was not modified
2025-08-05 12:51:48.962 -06:00 [INF] Request finished HTTP/1.1 GET http://localhost:5116/assets/bootstrap/css/bootstrap.min.css - 304 null text/css 33.9354ms
2025-08-05 12:51:48.964 -06:00 [INF] Request finished HTTP/1.1 GET http://localhost:5116/assets/fonts/simple-line-icons.min.css - 304 null text/css 35.3246ms
2025-08-05 12:51:48.972 -06:00 [INF] Request starting HTTP/1.1 GET http://localhost:5116/assets/img/scenery/66824523eb89f54aaf11e243-gold-bracelets-for-women-18k-gold-plated.jpg - null null
2025-08-05 12:51:48.974 -06:00 [INF] Request finished HTTP/1.1 GET http://localhost:5116/assets/css/vanilla-zoom.min.css - 304 null text/css 43.1003ms
2025-08-05 12:51:48.977 -06:00 [INF] Request finished HTTP/1.1 GET http://localhost:5116/assets/css/baguetteBox.min.css - 304 null text/css 45.8314ms
2025-08-05 12:51:48.979 -06:00 [INF] Request finished HTTP/1.1 GET http://localhost:5116/assets/img/scenery/61-HMICpUTL._AC_UY1000_.jpg - 304 null image/jpeg 47.6719ms
2025-08-05 12:51:48.997 -06:00 [INF] The file /assets/img/scenery/66824523eb89f54aaf11e243-gold-bracelets-for-women-18k-gold-plated.jpg was not modified
2025-08-05 12:51:49.020 -06:00 [INF] Request finished HTTP/1.1 GET http://localhost:5116/assets/img/scenery/66824523eb89f54aaf11e243-gold-bracelets-for-women-18k-gold-plated.jpg - 304 null image/jpeg 47.5661ms
2025-08-05 12:51:49.204 -06:00 [INF] Request starting HTTP/1.1 GET http://localhost:5116/assets/img/scenery/pulsera-aine-stone-gold.jpg - null null
2025-08-05 12:51:49.206 -06:00 [INF] Request starting HTTP/1.1 GET http://localhost:5116/assets/img/scenery/09a84a043cf1b58d59b0e39a12c60491.jpg - null null
2025-08-05 12:51:49.206 -06:00 [INF] Request starting HTTP/1.1 GET http://localhost:5116/assets/img/scenery/il_570xN.2179198790_o9bo.jpeg - null null
2025-08-05 12:51:49.206 -06:00 [INF] Request starting HTTP/1.1 GET http://localhost:5116/assets/js/baguetteBox.min.js - null null
2025-08-05 12:51:49.207 -06:00 [INF] Request starting HTTP/1.1 GET http://localhost:5116/assets/js/vanilla-zoom.js - null null
2025-08-05 12:51:49.207 -06:00 [INF] Request starting HTTP/1.1 GET http://localhost:5116/assets/js/theme.js - null null
2025-08-05 12:51:49.211 -06:00 [INF] The file /assets/img/scenery/pulsera-aine-stone-gold.jpg was not modified
2025-08-05 12:51:49.217 -06:00 [INF] The file /assets/img/scenery/09a84a043cf1b58d59b0e39a12c60491.jpg was not modified
2025-08-05 12:51:49.222 -06:00 [INF] The file /assets/img/scenery/il_570xN.2179198790_o9bo.jpeg was not modified
2025-08-05 12:51:49.226 -06:00 [INF] The file /assets/js/baguetteBox.min.js was not modified
2025-08-05 12:51:49.231 -06:00 [INF] The file /assets/js/vanilla-zoom.js was not modified
2025-08-05 12:51:49.239 -06:00 [INF] The file /assets/js/theme.js was not modified
2025-08-05 12:51:49.241 -06:00 [INF] Request finished HTTP/1.1 GET http://localhost:5116/assets/img/scenery/pulsera-aine-stone-gold.jpg - 304 null image/jpeg 37.1232ms
2025-08-05 12:51:49.244 -06:00 [INF] Request finished HTTP/1.1 GET http://localhost:5116/assets/img/scenery/09a84a043cf1b58d59b0e39a12c60491.jpg - 304 null image/jpeg 37.7833ms
2025-08-05 12:51:49.246 -06:00 [INF] Request finished HTTP/1.1 GET http://localhost:5116/assets/img/scenery/il_570xN.2179198790_o9bo.jpeg - 304 null image/jpeg 40.2923ms
2025-08-05 12:51:49.248 -06:00 [INF] Request finished HTTP/1.1 GET http://localhost:5116/assets/js/baguetteBox.min.js - 304 null text/javascript 41.9591ms
2025-08-05 12:51:49.250 -06:00 [INF] Request finished HTTP/1.1 GET http://localhost:5116/assets/js/vanilla-zoom.js - 304 null text/javascript 43.2843ms
2025-08-05 12:51:49.254 -06:00 [INF] Request finished HTTP/1.1 GET http://localhost:5116/assets/js/theme.js - 304 null text/javascript 46.6562ms
2025-08-05 12:51:49.263 -06:00 [INF] Request starting HTTP/1.1 GET http://localhost:5116/css/tailwindcss - null null
2025-08-05 12:51:49.272 -06:00 [INF] Request starting HTTP/1.1 GET http://localhost:5116/images/bg.png - null null
2025-08-05 12:51:49.298 -06:00 [INF] Request starting HTTP/1.1 GET http://localhost:5116/assets/img/scenery/17001222879e9360ad6ad00d7ff0a6b62437cfbf97_thumbnail_720x.jpg - null null
2025-08-05 12:51:49.305 -06:00 [INF] Request finished HTTP/1.1 GET http://localhost:5116/css/tailwindcss - 404 0 null 41.9357ms
2025-08-05 12:51:49.310 -06:00 [INF] Request finished HTTP/1.1 GET http://localhost:5116/images/bg.png - 404 0 null 38.1328ms
2025-08-05 12:51:49.314 -06:00 [INF] The file /assets/img/scenery/17001222879e9360ad6ad00d7ff0a6b62437cfbf97_thumbnail_720x.jpg was not modified
2025-08-05 12:51:49.320 -06:00 [INF] Request reached the end of the middleware pipeline without being handled by application code. Request path: GET http://localhost:5116/css/tailwindcss, Response status code: 404
2025-08-05 12:51:49.326 -06:00 [INF] Request reached the end of the middleware pipeline without being handled by application code. Request path: GET http://localhost:5116/images/bg.png, Response status code: 404
2025-08-05 12:51:49.328 -06:00 [INF] Request finished HTTP/1.1 GET http://localhost:5116/assets/img/scenery/17001222879e9360ad6ad00d7ff0a6b62437cfbf97_thumbnail_720x.jpg - 304 null image/jpeg 30.2155ms
2025-08-05 12:51:49.335 -06:00 [INF] Request starting HTTP/1.1 GET http://localhost:5116/assets/img/depositphotos_5028610-stock-photo-beautiful-woman.jpg - null null
2025-08-05 12:51:49.341 -06:00 [INF] Request starting HTTP/1.1 GET http://localhost:5116/assets/fonts/Simple-Line-Icons.woff2?v=2.4.0 - null null
2025-08-05 12:51:49.346 -06:00 [INF] The file /assets/img/depositphotos_5028610-stock-photo-beautiful-woman.jpg was not modified
2025-08-05 12:51:49.349 -06:00 [INF] The file /assets/fonts/Simple-Line-Icons.woff2 was not modified
2025-08-05 12:51:49.352 -06:00 [INF] Request finished HTTP/1.1 GET http://localhost:5116/assets/img/depositphotos_5028610-stock-photo-beautiful-woman.jpg - 304 null image/jpeg 16.5596ms
2025-08-05 12:51:49.356 -06:00 [INF] Request finished HTTP/1.1 GET http://localhost:5116/assets/fonts/Simple-Line-Icons.woff2?v=2.4.0 - 304 null font/woff2 15.2523ms
2025-08-05 12:51:50.482 -06:00 [INF] Request starting HTTP/1.1 GET http://localhost:5116/Shop - null null
2025-08-05 12:51:50.493 -06:00 [INF] Executing endpoint 'PaginaBizu.Controllers.ShopController.Index (PaginaBizu)'
2025-08-05 12:51:50.498 -06:00 [INF] Route matched with {action = "Index", controller = "Shop", page = "", area = ""}. Executing controller action with signature Microsoft.AspNetCore.Mvc.IActionResult Index() on controller PaginaBizu.Controllers.ShopController (PaginaBizu).
2025-08-05 12:51:50.507 -06:00 [INF] ➡️ Acción ejecutándose: Shop/Index | Usuario: No autenticado | IP: ::1 | Hora: "2025-08-05T12:51:50.5074680-06:00"
2025-08-05 12:51:50.520 -06:00 [INF] Executed DbCommand (4ms) [Parameters=[], CommandType='"Text"', CommandTimeout='30']
SELECT [p].[Id], [p].[CantidadDisponible], [p].[Categoria], [p].[Descripcion], [p].[FechaCreacion], [p].[ImagenUrl], [p].[NombreArticulo], [p].[Precio]
FROM [Products] AS [p]
2025-08-05 12:51:50.526 -06:00 [INF] ✅ Acción ejecutada: Shop/Index | Hora: "2025-08-05T12:51:50.5263949-06:00"
2025-08-05 12:51:50.531 -06:00 [INF] Executing ViewResult, running view Index.
2025-08-05 12:51:50.535 -06:00 [INF] Executed ViewResult - view Index executed in 3.8983ms.
2025-08-05 12:51:50.539 -06:00 [INF] Executed action PaginaBizu.Controllers.ShopController.Index (PaginaBizu) in 32.8974ms
2025-08-05 12:51:50.543 -06:00 [INF] Executed endpoint 'PaginaBizu.Controllers.ShopController.Index (PaginaBizu)'
2025-08-05 12:51:50.549 -06:00 [INF] Request finished HTTP/1.1 GET http://localhost:5116/Shop - 200 null text/html; charset=utf-8 66.4846ms
2025-08-05 12:51:50.593 -06:00 [INF] Request starting HTTP/1.1 GET http://localhost:5116/images/imagenpulseraoro.jpg - null null
2025-08-05 12:51:50.594 -06:00 [INF] Request starting HTTP/1.1 GET http://localhost:5116/images/pulseraverde.jpg - null null
2025-08-05 12:51:50.600 -06:00 [INF] The file /images/imagenpulseraoro.jpg was not modified
2025-08-05 12:51:50.604 -06:00 [INF] The file /images/pulseraverde.jpg was not modified
2025-08-05 12:51:50.607 -06:00 [INF] Request finished HTTP/1.1 GET http://localhost:5116/images/imagenpulseraoro.jpg - 304 null image/jpeg 13.6277ms
2025-08-05 12:51:50.609 -06:00 [INF] Request finished HTTP/1.1 GET http://localhost:5116/images/pulseraverde.jpg - 304 null image/jpeg 14.9854ms
2025-08-05 12:51:50.847 -06:00 [INF] Request starting HTTP/1.1 GET http://localhost:5116/images/imagenpulserrojo.jpg - null null
2025-08-05 12:51:50.855 -06:00 [INF] Request finished HTTP/1.1 GET http://localhost:5116/images/imagenpulserrojo.jpg - 404 0 null 7.5211ms
2025-08-05 12:51:50.866 -06:00 [INF] Request reached the end of the middleware pipeline without being handled by application code. Request path: GET http://localhost:5116/images/imagenpulserrojo.jpg, Response status code: 404
2025-08-05 12:51:50.872 -06:00 [INF] Request starting HTTP/1.1 GET http://localhost:5116/Cart/CartCount - null null
2025-08-05 12:51:50.878 -06:00 [INF] Executing endpoint 'PaginaBizu.Controllers.CartController.CartCount (PaginaBizu)'
2025-08-05 12:51:50.880 -06:00 [INF] Route matched with {action = "CartCount", controller = "Cart", page = "", area = ""}. Executing controller action with signature Microsoft.AspNetCore.Mvc.IActionResult CartCount() on controller PaginaBizu.Controllers.CartController (PaginaBizu).
2025-08-05 12:51:50.885 -06:00 [INF] ➡️ Acción ejecutándose: Cart/CartCount | Usuario: No autenticado | IP: ::1 | Hora: "2025-08-05T12:51:50.8851946-06:00"
2025-08-05 12:51:50.890 -06:00 [INF] ✅ Acción ejecutada: Cart/CartCount | Hora: "2025-08-05T12:51:50.8901376-06:00"
2025-08-05 12:51:50.893 -06:00 [INF] Executing JsonResult, writing value of type 'System.Int32'.
2025-08-05 12:51:50.905 -06:00 [INF] Executed action PaginaBizu.Controllers.CartController.CartCount (PaginaBizu) in 20.747ms
2025-08-05 12:51:50.907 -06:00 [INF] Request starting HTTP/1.1 GET http://localhost:5116/Cart/CartCount - null null
2025-08-05 12:51:50.913 -06:00 [INF] Executed endpoint 'PaginaBizu.Controllers.CartController.CartCount (PaginaBizu)'
2025-08-05 12:51:50.926 -06:00 [INF] Executing endpoint 'PaginaBizu.Controllers.CartController.CartCount (PaginaBizu)'
2025-08-05 12:51:50.930 -06:00 [INF] Request finished HTTP/1.1 GET http://localhost:5116/Cart/CartCount - 200 null application/json; charset=utf-8 58.0219ms
2025-08-05 12:51:50.933 -06:00 [INF] Route matched with {action = "CartCount", controller = "Cart", page = "", area = ""}. Executing controller action with signature Microsoft.AspNetCore.Mvc.IActionResult CartCount() on controller PaginaBizu.Controllers.CartController (PaginaBizu).
2025-08-05 12:51:50.950 -06:00 [INF] ➡️ Acción ejecutándose: Cart/CartCount | Usuario: No autenticado | IP: ::1 | Hora: "2025-08-05T12:51:50.9509617-06:00"
2025-08-05 12:51:50.960 -06:00 [INF] ✅ Acción ejecutada: Cart/CartCount | Hora: "2025-08-05T12:51:50.9605497-06:00"
2025-08-05 12:51:50.965 -06:00 [INF] Executing JsonResult, writing value of type 'System.Int32'.
2025-08-05 12:51:50.970 -06:00 [INF] Executed action PaginaBizu.Controllers.CartController.CartCount (PaginaBizu) in 20.1171ms
2025-08-05 12:51:50.978 -06:00 [INF] Executed endpoint 'PaginaBizu.Controllers.CartController.CartCount (PaginaBizu)'
2025-08-05 12:51:50.982 -06:00 [INF] Request finished HTTP/1.1 GET http://localhost:5116/Cart/CartCount - 200 null application/json; charset=utf-8 73.8ms
2025-08-05 12:51:52.246 -06:00 [INF] Request starting HTTP/1.1 GET http://localhost:5116/Shop/Details/2 - null null
2025-08-05 12:51:52.257 -06:00 [INF] Executing endpoint 'PaginaBizu.Controllers.ShopController.Details (PaginaBizu)'
2025-08-05 12:51:52.264 -06:00 [INF] Route matched with {action = "Details", controller = "Shop", page = "", area = ""}. Executing controller action with signature Microsoft.AspNetCore.Mvc.IActionResult Details(Int32) on controller PaginaBizu.Controllers.ShopController (PaginaBizu).
2025-08-05 12:51:52.277 -06:00 [INF] ➡️ Acción ejecutándose: Shop/Details | Usuario: No autenticado | IP: ::1 | Hora: "2025-08-05T12:51:52.2771258-06:00"
2025-08-05 12:51:52.294 -06:00 [INF] Executed DbCommand (4ms) [Parameters=[@__id_0='?' (DbType = Int32)], CommandType='"Text"', CommandTimeout='30']
SELECT TOP(1) [p].[Id], [p].[CantidadDisponible], [p].[Categoria], [p].[Descripcion], [p].[FechaCreacion], [p].[ImagenUrl], [p].[NombreArticulo], [p].[Precio]
FROM [Products] AS [p]
WHERE [p].[Id] = @__id_0
2025-08-05 12:51:52.311 -06:00 [INF] Executed DbCommand (5ms) [Parameters=[@__id_0='?' (DbType = Int32)], CommandType='"Text"', CommandTimeout='30']
SELECT [c].[Id], [c].[Calificacion], [c].[Contenido], [c].[Fecha], [c].[ProductoId], [c].[UsuarioId]
FROM [Comentarios] AS [c]
WHERE [c].[ProductoId] = @__id_0
ORDER BY [c].[Fecha] DESC
2025-08-05 12:51:52.319 -06:00 [INF] ✅ Acción ejecutada: Shop/Details | Hora: "2025-08-05T12:51:52.3194178-06:00"
2025-08-05 12:51:52.324 -06:00 [INF] Executing ViewResult, running view Details.
2025-08-05 12:51:52.327 -06:00 [INF] Executed ViewResult - view Details executed in 3.4227ms.
2025-08-05 12:51:52.332 -06:00 [INF] Executed action PaginaBizu.Controllers.ShopController.Details (PaginaBizu) in 56.1305ms
2025-08-05 12:51:52.339 -06:00 [INF] Executed endpoint 'PaginaBizu.Controllers.ShopController.Details (PaginaBizu)'
2025-08-05 12:51:52.342 -06:00 [INF] Request finished HTTP/1.1 GET http://localhost:5116/Shop/Details/2 - 200 null text/html; charset=utf-8 95.6544ms
2025-08-05 12:51:53.660 -06:00 [INF] Request starting HTTP/1.1 GET http://localhost:5116/Account/SignIn - null null
2025-08-05 12:51:53.670 -06:00 [INF] Request finished HTTP/1.1 GET http://localhost:5116/Account/SignIn - 404 0 null 9.9402ms
2025-08-05 12:51:53.688 -06:00 [INF] Request reached the end of the middleware pipeline without being handled by application code. Request path: GET http://localhost:5116/Account/SignIn, Response status code: 404
2025-08-05 12:53:28.059 -06:00 [INF] Request starting HTTP/1.1 GET http://localhost:5116/Account/SignIn - null null
2025-08-05 12:53:28.065 -06:00 [INF] Request finished HTTP/1.1 GET http://localhost:5116/Account/SignIn - 404 0 null 6.2787ms
2025-08-05 12:53:28.076 -06:00 [INF] Request reached the end of the middleware pipeline without being handled by application code. Request path: GET http://localhost:5116/Account/SignIn, Response status code: 404
2025-08-05 12:53:28.766 -06:00 [INF] Request starting HTTP/1.1 GET http://localhost:5116/Account/SignIn - null null
2025-08-05 12:53:28.772 -06:00 [INF] Request finished HTTP/1.1 GET http://localhost:5116/Account/SignIn - 404 0 null 5.3405ms
2025-08-05 12:53:28.780 -06:00 [INF] Request reached the end of the middleware pipeline without being handled by application code. Request path: GET http://localhost:5116/Account/SignIn, Response status code: 404
2025-08-05 12:53:29.720 -06:00 [INF] Request starting HTTP/1.1 GET http://localhost:5116/Shop/Details/2 - null null
2025-08-05 12:53:29.726 -06:00 [INF] Executing endpoint 'PaginaBizu.Controllers.ShopController.Details (PaginaBizu)'
2025-08-05 12:53:29.729 -06:00 [INF] Route matched with {action = "Details", controller = "Shop", page = "", area = ""}. Executing controller action with signature Microsoft.AspNetCore.Mvc.IActionResult Details(Int32) on controller PaginaBizu.Controllers.ShopController (PaginaBizu).
2025-08-05 12:53:29.735 -06:00 [INF] ➡️ Acción ejecutándose: Shop/Details | Usuario: No autenticado | IP: ::1 | Hora: "2025-08-05T12:53:29.7350748-06:00"
2025-08-05 12:53:29.759 -06:00 [INF] Executed DbCommand (11ms) [Parameters=[@__id_0='?' (DbType = Int32)], CommandType='"Text"', CommandTimeout='30']
SELECT TOP(1) [p].[Id], [p].[CantidadDisponible], [p].[Categoria], [p].[Descripcion], [p].[FechaCreacion], [p].[ImagenUrl], [p].[NombreArticulo], [p].[Precio]
FROM [Products] AS [p]
WHERE [p].[Id] = @__id_0
2025-08-05 12:53:29.774 -06:00 [INF] Executed DbCommand (6ms) [Parameters=[@__id_0='?' (DbType = Int32)], CommandType='"Text"', CommandTimeout='30']
SELECT [c].[Id], [c].[Calificacion], [c].[Contenido], [c].[Fecha], [c].[ProductoId], [c].[UsuarioId]
FROM [Comentarios] AS [c]
WHERE [c].[ProductoId] = @__id_0
ORDER BY [c].[Fecha] DESC
2025-08-05 12:53:29.781 -06:00 [INF] ✅ Acción ejecutada: Shop/Details | Hora: "2025-08-05T12:53:29.7813840-06:00"
2025-08-05 12:53:29.784 -06:00 [INF] Executing ViewResult, running view Details.
2025-08-05 12:53:29.788 -06:00 [INF] Executed ViewResult - view Details executed in 3.9772ms.
2025-08-05 12:53:29.792 -06:00 [INF] Executed action PaginaBizu.Controllers.ShopController.Details (PaginaBizu) in 58.1932ms
2025-08-05 12:53:29.796 -06:00 [INF] Executed endpoint 'PaginaBizu.Controllers.ShopController.Details (PaginaBizu)'
2025-08-05 12:53:29.798 -06:00 [INF] Request finished HTTP/1.1 GET http://localhost:5116/Shop/Details/2 - 200 null text/html; charset=utf-8 78.5154ms
2025-08-05 12:53:31.058 -06:00 [INF] Request starting HTTP/1.1 GET http://localhost:5116/Account/SignIn - null null
2025-08-05 12:53:31.064 -06:00 [INF] Request finished HTTP/1.1 GET http://localhost:5116/Account/SignIn - 404 0 null 6.8069ms
2025-08-05 12:53:31.074 -06:00 [INF] Request reached the end of the middleware pipeline without being handled by application code. Request path: GET http://localhost:5116/Account/SignIn, Response status code: 404
2025-08-05 12:53:33.558 -06:00 [INF] Request starting HTTP/1.1 GET http://localhost:5116/Shop/Details/2 - null null
2025-08-05 12:53:33.568 -06:00 [INF] Executing endpoint 'PaginaBizu.Controllers.ShopController.Details (PaginaBizu)'
2025-08-05 12:53:33.571 -06:00 [INF] Route matched with {action = "Details", controller = "Shop", page = "", area = ""}. Executing controller action with signature Microsoft.AspNetCore.Mvc.IActionResult Details(Int32) on controller PaginaBizu.Controllers.ShopController (PaginaBizu).
2025-08-05 12:53:33.576 -06:00 [INF] ➡️ Acción ejecutándose: Shop/Details | Usuario: No autenticado | IP: ::1 | Hora: "2025-08-05T12:53:33.5768090-06:00"
2025-08-05 12:53:33.585 -06:00 [INF] Executed DbCommand (1ms) [Parameters=[@__id_0='?' (DbType = Int32)], CommandType='"Text"', CommandTimeout='30']
SELECT TOP(1) [p].[Id], [p].[CantidadDisponible], [p].[Categoria], [p].[Descripcion], [p].[FechaCreacion], [p].[ImagenUrl], [p].[NombreArticulo], [p].[Precio]
FROM [Products] AS [p]
WHERE [p].[Id] = @__id_0
2025-08-05 12:53:33.596 -06:00 [INF] Executed DbCommand (3ms) [Parameters=[@__id_0='?' (DbType = Int32)], CommandType='"Text"', CommandTimeout='30']
SELECT [c].[Id], [c].[Calificacion], [c].[Contenido], [c].[Fecha], [c].[ProductoId], [c].[UsuarioId]
FROM [Comentarios] AS [c]
WHERE [c].[ProductoId] = @__id_0
ORDER BY [c].[Fecha] DESC
2025-08-05 12:53:33.602 -06:00 [INF] ✅ Acción ejecutada: Shop/Details | Hora: "2025-08-05T12:53:33.6021942-06:00"
2025-08-05 12:53:33.667 -06:00 [INF] Executing ViewResult, running view Details.
2025-08-05 12:53:33.748 -06:00 [INF] Executed ViewResult - view Details executed in 81.0966ms.
2025-08-05 12:53:33.753 -06:00 [INF] Executed action PaginaBizu.Controllers.ShopController.Details (PaginaBizu) in 176.6846ms
2025-08-05 12:53:33.758 -06:00 [INF] Executed endpoint 'PaginaBizu.Controllers.ShopController.Details (PaginaBizu)'
2025-08-05 12:53:33.761 -06:00 [INF] Request finished HTTP/1.1 GET http://localhost:5116/Shop/Details/2 - 200 null text/html; charset=utf-8 202.4377ms
2025-08-05 12:53:36.319 -06:00 [INF] Application is shutting down...
2025-08-05 12:55:08.739 -06:00 [INF] User profile is available. Using 'C:\Users\hoshu\AppData\Local\ASP.NET\DataProtection-Keys' as key repository and Windows DPAPI to encrypt keys at rest.
2025-08-05 12:55:09.358 -06:00 [WRN] No store type was specified for the decimal property 'Total' on entity type 'Order'. This will cause values to be silently truncated if they do not fit in the default precision and scale. Explicitly specify the SQL server column type that can accommodate all the values in 'OnModelCreating' using 'HasColumnType', specify precision and scale using 'HasPrecision', or configure a value converter using 'HasConversion'.
2025-08-05 12:55:09.362 -06:00 [WRN] No store type was specified for the decimal property 'PrecioUnitario' on entity type 'OrderDetail'. This will cause values to be silently truncated if they do not fit in the default precision and scale. Explicitly specify the SQL server column type that can accommodate all the values in 'OnModelCreating' using 'HasColumnType', specify precision and scale using 'HasPrecision', or configure a value converter using 'HasConversion'.
2025-08-05 12:55:09.365 -06:00 [WRN] No store type was specified for the decimal property 'Precio' on entity type 'Product'. This will cause values to be silently truncated if they do not fit in the default precision and scale. Explicitly specify the SQL server column type that can accommodate all the values in 'OnModelCreating' using 'HasColumnType', specify precision and scale using 'HasPrecision', or configure a value converter using 'HasConversion'.
2025-08-05 12:55:10.021 -06:00 [INF] Executed DbCommand (41ms) [Parameters=[@__normalizedName_0='?' (Size = 256)], CommandType='"Text"', CommandTimeout='30']
SELECT TOP(1) [a].[Id], [a].[ConcurrencyStamp], [a].[Name], [a].[NormalizedName]
FROM [AspNetRoles] AS [a]
WHERE [a].[NormalizedName] = @__normalizedName_0
2025-08-05 12:55:10.150 -06:00 [INF] Executed DbCommand (11ms) [Parameters=[@__normalizedEmail_0='?' (Size = 256)], CommandType='"Text"', CommandTimeout='30']
SELECT TOP(2) [a].[Id], [a].[AccessFailedCount], [a].[ConcurrencyStamp], [a].[Email], [a].[EmailConfirmed], [a].[LockoutEnabled], [a].[LockoutEnd], [a].[NormalizedEmail], [a].[NormalizedUserName], [a].[PasswordHash], [a].[PhoneNumber], [a].[PhoneNumberConfirmed], [a].[SecurityStamp], [a].[TwoFactorEnabled], [a].[UserName]
FROM [AspNetUsers] AS [a]
WHERE [a].[NormalizedEmail] = @__normalizedEmail_0
2025-08-05 12:55:10.225 -06:00 [INF] Executed DbCommand (4ms) [Parameters=[@__normalizedRoleName_0='?' (Size = 256)], CommandType='"Text"', CommandTimeout='30']
SELECT TOP(2) [a].[Id], [a].[ConcurrencyStamp], [a].[Name], [a].[NormalizedName]
FROM [AspNetRoles] AS [a]
WHERE [a].[NormalizedName] = @__normalizedRoleName_0
2025-08-05 12:55:10.269 -06:00 [INF] Executed DbCommand (4ms) [Parameters=[@__p_0='?' (Size = 450), @__p_1='?' (Size = 450)], CommandType='"Text"', CommandTimeout='30']
SELECT TOP(1) [a].[UserId], [a].[RoleId]
FROM [AspNetUserRoles] AS [a]
WHERE [a].[UserId] = @__p_0 AND [a].[RoleId] = @__p_1
2025-08-05 12:55:10.295 -06:00 [INF] Executed DbCommand (1ms) [Parameters=[@__normalizedEmail_0='?' (Size = 256)], CommandType='"Text"', CommandTimeout='30']
SELECT TOP(2) [a].[Id], [a].[AccessFailedCount], [a].[ConcurrencyStamp], [a].[Email], [a].[EmailConfirmed], [a].[LockoutEnabled], [a].[LockoutEnd], [a].[NormalizedEmail], [a].[NormalizedUserName], [a].[PasswordHash], [a].[PhoneNumber], [a].[PhoneNumberConfirmed], [a].[SecurityStamp], [a].[TwoFactorEnabled], [a].[UserName]
FROM [AspNetUsers] AS [a]
WHERE [a].[NormalizedEmail] = @__normalizedEmail_0
2025-08-05 12:55:10.304 -06:00 [INF] Executed DbCommand (1ms) [Parameters=[@__normalizedRoleName_0='?' (Size = 256)], CommandType='"Text"', CommandTimeout='30']
SELECT TOP(2) [a].[Id], [a].[ConcurrencyStamp], [a].[Name], [a].[NormalizedName]
FROM [AspNetRoles] AS [a]
WHERE [a].[NormalizedName] = @__normalizedRoleName_0
2025-08-05 12:55:10.313 -06:00 [INF] Executed DbCommand (1ms) [Parameters=[@__p_0='?' (Size = 450), @__p_1='?' (Size = 450)], CommandType='"Text"', CommandTimeout='30']
SELECT TOP(1) [a].[UserId], [a].[RoleId]
FROM [AspNetUserRoles] AS [a]
WHERE [a].[UserId] = @__p_0 AND [a].[RoleId] = @__p_1
2025-08-05 12:55:10.320 -06:00 [INF] Executed DbCommand (1ms) [Parameters=[@__normalizedEmail_0='?' (Size = 256)], CommandType='"Text"', CommandTimeout='30']
SELECT TOP(2) [a].[Id], [a].[AccessFailedCount], [a].[ConcurrencyStamp], [a].[Email], [a].[EmailConfirmed], [a].[LockoutEnabled], [a].[LockoutEnd], [a].[NormalizedEmail], [a].[NormalizedUserName], [a].[PasswordHash], [a].[PhoneNumber], [a].[PhoneNumberConfirmed], [a].[SecurityStamp], [a].[TwoFactorEnabled], [a].[UserName]
FROM [AspNetUsers] AS [a]
WHERE [a].[NormalizedEmail] = @__normalizedEmail_0
2025-08-05 12:55:10.327 -06:00 [INF] Executed DbCommand (1ms) [Parameters=[@__normalizedRoleName_0='?' (Size = 256)], CommandType='"Text"', CommandTimeout='30']
SELECT TOP(2) [a].[Id], [a].[ConcurrencyStamp], [a].[Name], [a].[NormalizedName]
FROM [AspNetRoles] AS [a]
WHERE [a].[NormalizedName] = @__normalizedRoleName_0
2025-08-05 12:55:10.334 -06:00 [INF] Executed DbCommand (1ms) [Parameters=[@__p_0='?' (Size = 450), @__p_1='?' (Size = 450)], CommandType='"Text"', CommandTimeout='30']
SELECT TOP(1) [a].[UserId], [a].[RoleId]
FROM [AspNetUserRoles] AS [a]
WHERE [a].[UserId] = @__p_0 AND [a].[RoleId] = @__p_1
2025-08-05 12:55:10.633 -06:00 [INF] Now listening on: http://localhost:5116
2025-08-05 12:55:10.639 -06:00 [INF] Application started. Press Ctrl+C to shut down.
2025-08-05 12:55:10.641 -06:00 [INF] Hosting environment: Development
2025-08-05 12:55:10.642 -06:00 [INF] Content root path: C:\Users\hoshu\OneDrive\Desktop\ProyectoAnalisisDeSistemas-master\ProyectoAnalisisDeSistemas-master\PaginaBizu
2025-08-05 12:55:24.630 -06:00 [INF] Request starting HTTP/1.1 GET http://localhost:5116/Shop/Details/2 - null null
2025-08-05 12:55:24.686 -06:00 [WRN] Failed to determine the https port for redirect.
2025-08-05 12:55:24.725 -06:00 [INF] Executing endpoint 'PaginaBizu.Controllers.ShopController.Details (PaginaBizu)'
2025-08-05 12:55:24.748 -06:00 [INF] Route matched with {action = "Details", controller = "Shop", page = "", area = ""}. Executing controller action with signature Microsoft.AspNetCore.Mvc.IActionResult Details(Int32) on controller PaginaBizu.Controllers.ShopController (PaginaBizu).
2025-08-05 12:55:24.769 -06:00 [INF] ➡️ Acción ejecutándose: Shop/Details | Usuario: No autenticado | IP: ::1 | Hora: "2025-08-05T12:55:24.7695973-06:00"
2025-08-05 12:55:24.860 -06:00 [INF] Executed DbCommand (5ms) [Parameters=[@__id_0='?' (DbType = Int32)], CommandType='"Text"', CommandTimeout='30']
SELECT TOP(1) [p].[Id], [p].[CantidadDisponible], [p].[Categoria], [p].[Descripcion], [p].[FechaCreacion], [p].[ImagenUrl], [p].[NombreArticulo], [p].[Precio]
FROM [Products] AS [p]
WHERE [p].[Id] = @__id_0
2025-08-05 12:55:24.904 -06:00 [INF] Executed DbCommand (7ms) [Parameters=[@__id_0='?' (DbType = Int32)], CommandType='"Text"', CommandTimeout='30']
SELECT [c].[Id], [c].[Calificacion], [c].[Contenido], [c].[Fecha], [c].[ProductoId], [c].[UsuarioId]
FROM [Comentarios] AS [c]
WHERE [c].[ProductoId] = @__id_0
ORDER BY [c].[Fecha] DESC
2025-08-05 12:55:24.924 -06:00 [INF] ✅ Acción ejecutada: Shop/Details | Hora: "2025-08-05T12:55:24.9239438-06:00"
2025-08-05 12:55:24.934 -06:00 [INF] Executing ViewResult, running view Details.
2025-08-05 12:55:24.993 -06:00 [INF] Executed ViewResult - view Details executed in 59.5208ms.
2025-08-05 12:55:25.001 -06:00 [INF] Executed action PaginaBizu.Controllers.ShopController.Details (PaginaBizu) in 249.4211ms
2025-08-05 12:55:25.003 -06:00 [INF] Executed endpoint 'PaginaBizu.Controllers.ShopController.Details (PaginaBizu)'
2025-08-05 12:55:25.020 -06:00 [INF] Request finished HTTP/1.1 GET http://localhost:5116/Shop/Details/2 - 200 null text/html; charset=utf-8 390.9701ms
2025-08-05 12:55:25.071 -06:00 [INF] Request starting HTTP/1.1 GET http://localhost:5116/images/pulseraverde.jpg - null null
2025-08-05 12:55:25.086 -06:00 [INF] The file /images/pulseraverde.jpg was not modified
2025-08-05 12:55:25.090 -06:00 [INF] Request finished HTTP/1.1 GET http://localhost:5116/images/pulseraverde.jpg - 304 null image/jpeg 19.2852ms
2025-08-05 12:55:25.771 -06:00 [INF] Request starting HTTP/1.1 GET http://localhost:5116/favicon.ico - null null
2025-08-05 12:55:25.778 -06:00 [INF] The file /favicon.ico was not modified
2025-08-05 12:55:25.782 -06:00 [INF] Request finished HTTP/1.1 GET http://localhost:5116/favicon.ico - 304 null image/x-icon 12.3134ms
2025-08-05 12:55:28.160 -06:00 [INF] Request starting HTTP/1.1 GET http://localhost:5116/Account/Login - null null
2025-08-05 12:55:28.179 -06:00 [INF] Executing endpoint 'PaginaBizu.Controllers.AccountController.Login (PaginaBizu)'
2025-08-05 12:55:28.193 -06:00 [INF] Route matched with {action = "Login", controller = "Account", page = "", area = ""}. Executing controller action with signature Microsoft.AspNetCore.Mvc.IActionResult Login() on controller PaginaBizu.Controllers.AccountController (PaginaBizu).
2025-08-05 12:55:28.214 -06:00 [INF] ➡️ Acción ejecutándose: Account/Login | Usuario: No autenticado | IP: ::1 | Hora: "2025-08-05T12:55:28.2139275-06:00"
2025-08-05 12:55:28.225 -06:00 [INF] ✅ Acción ejecutada: Account/Login | Hora: "2025-08-05T12:55:28.2254596-06:00"
2025-08-05 12:55:28.234 -06:00 [INF] Executing ViewResult, running view ~/Views/Shared/_LoginPartialUser.cshtml.
2025-08-05 12:55:28.359 -06:00 [INF] Executed ViewResult - view ~/Views/Shared/_LoginPartialUser.cshtml executed in 126.9727ms.
2025-08-05 12:55:28.365 -06:00 [INF] Executed action PaginaBizu.Controllers.AccountController.Login (PaginaBizu) in 163.4961ms
2025-08-05 12:55:28.368 -06:00 [INF] Executed endpoint 'PaginaBizu.Controllers.AccountController.Login (PaginaBizu)'
2025-08-05 12:55:28.371 -06:00 [INF] Request finished HTTP/1.1 GET http://localhost:5116/Account/Login - 200 null text/html; charset=utf-8 211.4542ms
2025-08-05 12:55:28.419 -06:00 [INF] Request starting HTTP/1.1 GET http://localhost:5116/lib/bootstrap/dist/css/bootstrap.min.css - null null
2025-08-05 12:55:28.419 -06:00 [INF] Request starting HTTP/1.1 GET http://localhost:5116/css/site.css?v=tq5MmRYVOxTwKBolobLEVhlycV0HPFnVWGBXwwh-KzE - null null
2025-08-05 12:55:28.421 -06:00 [INF] Request starting HTTP/1.1 GET http://localhost:5116/css/gucci-style.css - null null
2025-08-05 12:55:28.421 -06:00 [INF] Request starting HTTP/1.1 GET http://localhost:5116/PaginaBizu.styles.css?v=u2o_07VtSGrZO3WxHAXzvZBevI20fzSZge8oUb78F-4 - null null
2025-08-05 12:55:28.423 -06:00 [INF] Request starting HTTP/1.1 GET http://localhost:5116/css/glow-form.css - null null
2025-08-05 12:55:28.425 -06:00 [INF] Request starting HTTP/1.1 GET http://localhost:5116/lib/jquery/dist/jquery.min.js - null null
2025-08-05 12:55:28.428 -06:00 [INF] The file /lib/bootstrap/dist/css/bootstrap.min.css was not modified
2025-08-05 12:55:28.435 -06:00 [INF] The file /css/site.css was not modified
2025-08-05 12:55:28.442 -06:00 [INF] The file /css/gucci-style.css was not modified
2025-08-05 12:55:28.448 -06:00 [INF] The file /PaginaBizu.styles.css was not modified
2025-08-05 12:55:28.452 -06:00 [INF] The file /css/glow-form.css was not modified
2025-08-05 12:55:28.458 -06:00 [INF] The file /lib/jquery/dist/jquery.min.js was not modified
2025-08-05 12:55:28.460 -06:00 [INF] Request finished HTTP/1.1 GET http://localhost:5116/lib/bootstrap/dist/css/bootstrap.min.css - 304 null text/css 40.9762ms
2025-08-05 12:55:28.462 -06:00 [INF] Request finished HTTP/1.1 GET http://localhost:5116/css/site.css?v=tq5MmRYVOxTwKBolobLEVhlycV0HPFnVWGBXwwh-KzE - 304 null text/css 42.5928ms
2025-08-05 12:55:28.464 -06:00 [INF] Request finished HTTP/1.1 GET http://localhost:5116/css/gucci-style.css - 304 null text/css 43.3935ms
2025-08-05 12:55:28.467 -06:00 [INF] Request finished HTTP/1.1 GET http://localhost:5116/PaginaBizu.styles.css?v=u2o_07VtSGrZO3WxHAXzvZBevI20fzSZge8oUb78F-4 - 304 null text/css 45.952ms
2025-08-05 12:55:28.469 -06:00 [INF] Request finished HTTP/1.1 GET http://localhost:5116/css/glow-form.css - 304 null text/css 45.5616ms
2025-08-05 12:55:28.471 -06:00 [INF] Request finished HTTP/1.1 GET http://localhost:5116/lib/jquery/dist/jquery.min.js - 304 null text/javascript 45.2911ms
2025-08-05 12:55:28.479 -06:00 [INF] Request starting HTTP/1.1 GET http://localhost:5116/lib/bootstrap/dist/js/bootstrap.bundle.min.js - null null
2025-08-05 12:55:28.486 -06:00 [INF] Request starting HTTP/1.1 GET http://localhost:5116/js/shop.js - null null
2025-08-05 12:55:28.495 -06:00 [INF] Request starting HTTP/1.1 GET http://localhost:5116/lib/jquery-validation/dist/jquery.validate.min.js - null null
2025-08-05 12:55:28.501 -06:00 [INF] Request starting HTTP/1.1 GET http://localhost:5116/lib/jquery-validation-unobtrusive/jquery.validate.unobtrusive.min.js - null null
2025-08-05 12:55:28.507 -06:00 [INF] Request starting HTTP/1.1 GET http://localhost:5116/js/login-validation.js - null null
2025-08-05 12:55:28.521 -06:00 [INF] The file /lib/bootstrap/dist/js/bootstrap.bundle.min.js was not modified
2025-08-05 12:55:28.528 -06:00 [INF] The file /js/shop.js was not modified
2025-08-05 12:55:28.533 -06:00 [INF] The file /lib/jquery-validation/dist/jquery.validate.min.js was not modified
2025-08-05 12:55:28.538 -06:00 [INF] The file /lib/jquery-validation-unobtrusive/jquery.validate.unobtrusive.min.js was not modified
2025-08-05 12:55:28.544 -06:00 [INF] The file /js/login-validation.js was not modified
2025-08-05 12:55:28.545 -06:00 [INF] Request finished HTTP/1.1 GET http://localhost:5116/lib/bootstrap/dist/js/bootstrap.bundle.min.js - 304 null text/javascript 66.5274ms
2025-08-05 12:55:28.547 -06:00 [INF] Request finished HTTP/1.1 GET http://localhost:5116/js/shop.js - 304 null text/javascript 61.2009ms
2025-08-05 12:55:28.548 -06:00 [INF] Request finished HTTP/1.1 GET http://localhost:5116/lib/jquery-validation/dist/jquery.validate.min.js - 304 null text/javascript 53.1916ms
2025-08-05 12:55:28.550 -06:00 [INF] Request finished HTTP/1.1 GET http://localhost:5116/lib/jquery-validation-unobtrusive/jquery.validate.unobtrusive.min.js - 304 null text/javascript 49.2282ms
2025-08-05 12:55:28.553 -06:00 [INF] Request finished HTTP/1.1 GET http://localhost:5116/js/login-validation.js - 304 null text/javascript 45.9253ms
2025-08-05 12:55:28.712 -06:00 [INF] Request starting HTTP/1.1 GET http://localhost:5116/css/tailwindcss - null null
2025-08-05 12:55:28.731 -06:00 [INF] Request finished HTTP/1.1 GET http://localhost:5116/css/tailwindcss - 404 0 null 18.9443ms
2025-08-05 12:55:28.747 -06:00 [INF] Request reached the end of the middleware pipeline without being handled by application code. Request path: GET http://localhost:5116/css/tailwindcss, Response status code: 404
2025-08-05 12:55:28.787 -06:00 [INF] Request starting HTTP/1.1 GET http://localhost:5116/Cart/CartCount - null null
2025-08-05 12:55:28.798 -06:00 [INF] Executing endpoint 'PaginaBizu.Controllers.CartController.CartCount (PaginaBizu)'
2025-08-05 12:55:28.802 -06:00 [INF] Route matched with {action = "CartCount", controller = "Cart", page = "", area = ""}. Executing controller action with signature Microsoft.AspNetCore.Mvc.IActionResult CartCount() on controller PaginaBizu.Controllers.CartController (PaginaBizu).
2025-08-05 12:55:28.814 -06:00 [INF] ➡️ Acción ejecutándose: Cart/CartCount | Usuario: No autenticado | IP: ::1 | Hora: "2025-08-05T12:55:28.8141709-06:00"
2025-08-05 12:55:28.822 -06:00 [INF] ✅ Acción ejecutada: Cart/CartCount | Hora: "2025-08-05T12:55:28.8219790-06:00"
2025-08-05 12:55:28.831 -06:00 [INF] Executing JsonResult, writing value of type 'System.Int32'.
2025-08-05 12:55:28.885 -06:00 [INF] Request starting HTTP/1.1 GET http://localhost:5116/Cart/CartCount - null null
2025-08-05 12:55:28.885 -06:00 [INF] Executed action PaginaBizu.Controllers.CartController.CartCount (PaginaBizu) in 72.8878ms
2025-08-05 12:55:28.893 -06:00 [INF] Executing endpoint 'PaginaBizu.Controllers.CartController.CartCount (PaginaBizu)'
2025-08-05 12:55:28.893 -06:00 [INF] Executed endpoint 'PaginaBizu.Controllers.CartController.CartCount (PaginaBizu)'
2025-08-05 12:55:28.896 -06:00 [INF] Route matched with {action = "CartCount", controller = "Cart", page = "", area = ""}. Executing controller action with signature Microsoft.AspNetCore.Mvc.IActionResult CartCount() on controller PaginaBizu.Controllers.CartController (PaginaBizu).
2025-08-05 12:55:28.898 -06:00 [INF] Request finished HTTP/1.1 GET http://localhost:5116/Cart/CartCount - 200 null application/json; charset=utf-8 110.7409ms
2025-08-05 12:55:28.905 -06:00 [INF] ➡️ Acción ejecutándose: Cart/CartCount | Usuario: No autenticado | IP: ::1 | Hora: "2025-08-05T12:55:28.9051835-06:00"
2025-08-05 12:55:28.917 -06:00 [INF] ✅ Acción ejecutada: Cart/CartCount | Hora: "2025-08-05T12:55:28.9176367-06:00"
2025-08-05 12:55:28.920 -06:00 [INF] Executing JsonResult, writing value of type 'System.Int32'.
2025-08-05 12:55:28.922 -06:00 [INF] Executed action PaginaBizu.Controllers.CartController.CartCount (PaginaBizu) in 20.6142ms
2025-08-05 12:55:28.926 -06:00 [INF] Executed endpoint 'PaginaBizu.Controllers.CartController.CartCount (PaginaBizu)'
2025-08-05 12:55:28.930 -06:00 [INF] Request finished HTTP/1.1 GET http://localhost:5116/Cart/CartCount - 200 null application/json; charset=utf-8 44.3936ms
2025-08-05 12:55:32.351 -06:00 [INF] Request starting HTTP/1.1 GET http://localhost:5116/Account/SignIn - null null
2025-08-05 12:55:32.363 -06:00 [INF] Executing endpoint 'PaginaBizu.Controllers.AccountController.SignIn (PaginaBizu)'
2025-08-05 12:55:32.371 -06:00 [INF] Route matched with {action = "SignIn", controller = "Account", page = "", area = ""}. Executing controller action with signature Microsoft.AspNetCore.Mvc.IActionResult SignIn() on controller PaginaBizu.Controllers.AccountController (PaginaBizu).
2025-08-05 12:55:32.396 -06:00 [INF] ➡️ Acción ejecutándose: Account/SignIn | Usuario: No autenticado | IP: ::1 | Hora: "2025-08-05T12:55:32.3966805-06:00"
2025-08-05 12:55:32.403 -06:00 [INF] ✅ Acción ejecutada: Account/SignIn | Hora: "2025-08-05T12:55:32.4031418-06:00"
2025-08-05 12:55:32.407 -06:00 [INF] Executing ViewResult, running view ~/Views/Shared/_SignIn.cshtml.
2025-08-05 12:55:32.456 -06:00 [INF] Executed ViewResult - view ~/Views/Shared/_SignIn.cshtml executed in 50.7815ms.
2025-08-05 12:55:32.462 -06:00 [INF] Executed action PaginaBizu.Controllers.AccountController.SignIn (PaginaBizu) in 85.933ms
2025-08-05 12:55:32.466 -06:00 [INF] Executed endpoint 'PaginaBizu.Controllers.AccountController.SignIn (PaginaBizu)'
2025-08-05 12:55:32.469 -06:00 [INF] Request finished HTTP/1.1 GET http://localhost:5116/Account/SignIn - 200 null text/html; charset=utf-8 117.195ms
2025-08-05 12:55:32.507 -06:00 [INF] Request starting HTTP/1.1 GET http://localhost:5116/js/register-validation.js - null null
2025-08-05 12:55:32.525 -06:00 [INF] Sending file. Request path: '/js/register-validation.js'. Physical path: 'C:\Users\hoshu\OneDrive\Desktop\ProyectoAnalisisDeSistemas-master\ProyectoAnalisisDeSistemas-master\PaginaBizu\wwwroot\js\register-validation.js'
2025-08-05 12:55:32.529 -06:00 [INF] Request finished HTTP/1.1 GET http://localhost:5116/js/register-validation.js - 200 4445 text/javascript 21.7858ms
2025-08-05 12:55:32.745 -06:00 [INF] Request starting HTTP/1.1 GET http://localhost:5116/css/tailwindcss - null null
2025-08-05 12:55:32.755 -06:00 [INF] Request finished HTTP/1.1 GET http://localhost:5116/css/tailwindcss - 404 0 null 10.1364ms
2025-08-05 12:55:32.764 -06:00 [INF] Request reached the end of the middleware pipeline without being handled by application code. Request path: GET http://localhost:5116/css/tailwindcss, Response status code: 404
2025-08-05 12:55:32.790 -06:00 [INF] Request starting HTTP/1.1 GET http://localhost:5116/Cart/CartCount - null null
2025-08-05 12:55:32.800 -06:00 [INF] Executing endpoint 'PaginaBizu.Controllers.CartController.CartCount (PaginaBizu)'
2025-08-05 12:55:32.803 -06:00 [INF] Route matched with {action = "CartCount", controller = "Cart", page = "", area = ""}. Executing controller action with signature Microsoft.AspNetCore.Mvc.IActionResult CartCount() on controller PaginaBizu.Controllers.CartController (PaginaBizu).
2025-08-05 12:55:32.812 -06:00 [INF] ➡️ Acción ejecutándose: Cart/CartCount | Usuario: No autenticado | IP: ::1 | Hora: "2025-08-05T12:55:32.8122479-06:00"
2025-08-05 12:55:32.817 -06:00 [INF] ✅ Acción ejecutada: Cart/CartCount | Hora: "2025-08-05T12:55:32.8171167-06:00"
2025-08-05 12:55:32.820 -06:00 [INF] Executing JsonResult, writing value of type 'System.Int32'.
2025-08-05 12:55:32.823 -06:00 [INF] Executed action PaginaBizu.Controllers.CartController.CartCount (PaginaBizu) in 11.7957ms
2025-08-05 12:55:32.827 -06:00 [INF] Request starting HTTP/1.1 GET http://localhost:5116/Cart/CartCount - null null
2025-08-05 12:55:32.829 -06:00 [INF] Executed endpoint 'PaginaBizu.Controllers.CartController.CartCount (PaginaBizu)'
2025-08-05 12:55:32.847 -06:00 [INF] Executing endpoint 'PaginaBizu.Controllers.CartController.CartCount (PaginaBizu)'
2025-08-05 12:55:32.850 -06:00 [INF] Request finished HTTP/1.1 GET http://localhost:5116/Cart/CartCount - 200 null application/json; charset=utf-8 59.059ms
2025-08-05 12:55:32.853 -06:00 [INF] Route matched with {action = "CartCount", controller = "Cart", page = "", area = ""}. Executing controller action with signature Microsoft.AspNetCore.Mvc.IActionResult CartCount() on controller PaginaBizu.Controllers.CartController (PaginaBizu).
2025-08-05 12:55:32.868 -06:00 [INF] ➡️ Acción ejecutándose: Cart/CartCount | Usuario: No autenticado | IP: ::1 | Hora: "2025-08-05T12:55:32.8683591-06:00"
2025-08-05 12:55:32.877 -06:00 [INF] ✅ Acción ejecutada: Cart/CartCount | Hora: "2025-08-05T12:55:32.8771074-06:00"
2025-08-05 12:55:32.881 -06:00 [INF] Executing JsonResult, writing value of type 'System.Int32'.
2025-08-05 12:55:32.884 -06:00 [INF] Executed action PaginaBizu.Controllers.CartController.CartCount (PaginaBizu) in 16.4101ms
2025-08-05 12:55:32.888 -06:00 [INF] Executed endpoint 'PaginaBizu.Controllers.CartController.CartCount (PaginaBizu)'
2025-08-05 12:55:32.891 -06:00 [INF] Request finished HTTP/1.1 GET http://localhost:5116/Cart/CartCount - 200 null application/json; charset=utf-8 64.6158ms
2025-08-05 12:55:36.169 -06:00 [INF] Request starting HTTP/1.1 GET http://localhost:5116/ - null null
2025-08-05 12:55:36.176 -06:00 [INF] Executing endpoint 'PaginaBizu.Controllers.HomeController.Index (PaginaBizu)'
2025-08-05 12:55:36.182 -06:00 [INF] Route matched with {action = "Index", controller = "Home", page = "", area = ""}. Executing controller action with signature Microsoft.AspNetCore.Mvc.IActionResult Index() on controller PaginaBizu.Controllers.HomeController (PaginaBizu).
2025-08-05 12:55:36.187 -06:00 [INF] ➡️ Acción ejecutándose: Home/Index | Usuario: No autenticado | IP: ::1 | Hora: "2025-08-05T12:55:36.1877677-06:00"
2025-08-05 12:55:36.191 -06:00 [INF] ✅ Acción ejecutada: Home/Index | Hora: "2025-08-05T12:55:36.1914595-06:00"
2025-08-05 12:55:36.196 -06:00 [INF] Executing ViewResult, running view Index.
2025-08-05 12:55:36.216 -06:00 [INF] Executed ViewResult - view Index executed in 21.2832ms.
2025-08-05 12:55:36.224 -06:00 [INF] Executed action PaginaBizu.Controllers.HomeController.Index (PaginaBizu) in 37.1576ms
2025-08-05 12:55:36.228 -06:00 [INF] Executed endpoint 'PaginaBizu.Controllers.HomeController.Index (PaginaBizu)'
2025-08-05 12:55:36.233 -06:00 [INF] Request finished HTTP/1.1 GET http://localhost:5116/ - 200 null text/html; charset=utf-8 63.9451ms
2025-08-05 12:55:36.270 -06:00 [INF] Request starting HTTP/1.1 GET http://localhost:5116/css/style.css - null null
2025-08-05 12:55:36.275 -06:00 [INF] Request starting HTTP/1.1 GET http://localhost:5116/assets/bootstrap/css/bootstrap.min.css - null null
2025-08-05 12:55:36.275 -06:00 [INF] Request starting HTTP/1.1 GET http://localhost:5116/assets/fonts/simple-line-icons.min.css - null null
2025-08-05 12:55:36.276 -06:00 [INF] Request starting HTTP/1.1 GET http://localhost:5116/assets/css/baguetteBox.min.css - null null
2025-08-05 12:55:36.276 -06:00 [INF] Request starting HTTP/1.1 GET http://localhost:5116/assets/css/vanilla-zoom.min.css - null null
2025-08-05 12:55:36.276 -06:00 [INF] Request starting HTTP/1.1 GET http://localhost:5116/assets/img/scenery/61-HMICpUTL._AC_UY1000_.jpg - null null
2025-08-05 12:55:36.278 -06:00 [INF] The file /css/style.css was not modified
2025-08-05 12:55:36.285 -06:00 [INF] The file /assets/bootstrap/css/bootstrap.min.css was not modified
2025-08-05 12:55:36.293 -06:00 [INF] The file /assets/fonts/simple-line-icons.min.css was not modified
2025-08-05 12:55:36.302 -06:00 [INF] The file /assets/css/baguetteBox.min.css was not modified
2025-08-05 12:55:36.308 -06:00 [INF] The file /assets/css/vanilla-zoom.min.css was not modified
2025-08-05 12:55:36.315 -06:00 [INF] The file /assets/img/scenery/61-HMICpUTL._AC_UY1000_.jpg was not modified
2025-08-05 12:55:36.317 -06:00 [INF] Request finished HTTP/1.1 GET http://localhost:5116/css/style.css - 304 null text/css 46.8191ms
2025-08-05 12:55:36.319 -06:00 [INF] Request finished HTTP/1.1 GET http://localhost:5116/assets/bootstrap/css/bootstrap.min.css - 304 null text/css 43.5364ms
2025-08-05 12:55:36.321 -06:00 [INF] Request finished HTTP/1.1 GET http://localhost:5116/assets/fonts/simple-line-icons.min.css - 304 null text/css 45.0857ms
2025-08-05 12:55:36.323 -06:00 [INF] Request finished HTTP/1.1 GET http://localhost:5116/assets/css/baguetteBox.min.css - 304 null text/css 47.2477ms
2025-08-05 12:55:36.324 -06:00 [INF] Request finished HTTP/1.1 GET http://localhost:5116/assets/css/vanilla-zoom.min.css - 304 null text/css 48.7885ms
2025-08-05 12:55:36.328 -06:00 [INF] Request finished HTTP/1.1 GET http://localhost:5116/assets/img/scenery/61-HMICpUTL._AC_UY1000_.jpg - 304 null image/jpeg 52.5771ms
2025-08-05 12:55:36.371 -06:00 [INF] Request starting HTTP/1.1 GET http://localhost:5116/assets/img/scenery/66824523eb89f54aaf11e243-gold-bracelets-for-women-18k-gold-plated.jpg - null null
2025-08-05 12:55:36.379 -06:00 [INF] The file /assets/img/scenery/66824523eb89f54aaf11e243-gold-bracelets-for-women-18k-gold-plated.jpg was not modified
2025-08-05 12:55:36.382 -06:00 [INF] Request finished HTTP/1.1 GET http://localhost:5116/assets/img/scenery/66824523eb89f54aaf11e243-gold-bracelets-for-women-18k-gold-plated.jpg - 304 null image/jpeg 11.0641ms
2025-08-05 12:55:36.515 -06:00 [INF] Request starting HTTP/1.1 GET http://localhost:5116/assets/img/scenery/pulsera-aine-stone-gold.jpg - null null
2025-08-05 12:55:36.517 -06:00 [INF] Request starting HTTP/1.1 GET http://localhost:5116/assets/img/scenery/09a84a043cf1b58d59b0e39a12c60491.jpg - null null
2025-08-05 12:55:36.518 -06:00 [INF] Request starting HTTP/1.1 GET http://localhost:5116/assets/img/scenery/il_570xN.2179198790_o9bo.jpeg - null null
2025-08-05 12:55:36.518 -06:00 [INF] Request starting HTTP/1.1 GET http://localhost:5116/assets/js/vanilla-zoom.js - null null
2025-08-05 12:55:36.518 -06:00 [INF] Request starting HTTP/1.1 GET http://localhost:5116/assets/js/baguetteBox.min.js - null null
2025-08-05 12:55:36.518 -06:00 [INF] Request starting HTTP/1.1 GET http://localhost:5116/assets/js/theme.js - null null
2025-08-05 12:55:36.522 -06:00 [INF] The file /assets/img/scenery/pulsera-aine-stone-gold.jpg was not modified
2025-08-05 12:55:36.530 -06:00 [INF] The file /assets/img/scenery/09a84a043cf1b58d59b0e39a12c60491.jpg was not modified
2025-08-05 12:55:36.536 -06:00 [INF] The file /assets/img/scenery/il_570xN.2179198790_o9bo.jpeg was not modified
2025-08-05 12:55:36.540 -06:00 [INF] The file /assets/js/vanilla-zoom.js was not modified
2025-08-05 12:55:36.552 -06:00 [INF] The file /assets/js/baguetteBox.min.js was not modified
2025-08-05 12:55:36.556 -06:00 [INF] The file /assets/js/theme.js was not modified
2025-08-05 12:55:36.559 -06:00 [INF] Request finished HTTP/1.1 GET http://localhost:5116/assets/img/scenery/pulsera-aine-stone-gold.jpg - 304 null image/jpeg 43.2239ms
2025-08-05 12:55:36.564 -06:00 [INF] Request finished HTTP/1.1 GET http://localhost:5116/assets/img/scenery/09a84a043cf1b58d59b0e39a12c60491.jpg - 304 null image/jpeg 46.5423ms
2025-08-05 12:55:36.565 -06:00 [INF] Request finished HTTP/1.1 GET http://localhost:5116/assets/img/scenery/il_570xN.2179198790_o9bo.jpeg - 304 null image/jpeg 47.4124ms
2025-08-05 12:55:36.567 -06:00 [INF] Request finished HTTP/1.1 GET http://localhost:5116/assets/js/vanilla-zoom.js - 304 null text/javascript 48.4521ms
2025-08-05 12:55:36.569 -06:00 [INF] Request finished HTTP/1.1 GET http://localhost:5116/assets/js/baguetteBox.min.js - 304 null text/javascript 50.9338ms
2025-08-05 12:55:36.571 -06:00 [INF] Request finished HTTP/1.1 GET http://localhost:5116/assets/js/theme.js - 304 null text/javascript 52.6397ms
2025-08-05 12:55:36.582 -06:00 [INF] Request starting HTTP/1.1 GET http://localhost:5116/css/tailwindcss - null null
2025-08-05 12:55:36.588 -06:00 [INF] Request starting HTTP/1.1 GET http://localhost:5116/images/bg.png - null null
2025-08-05 12:55:36.610 -06:00 [INF] Request starting HTTP/1.1 GET http://localhost:5116/assets/img/scenery/17001222879e9360ad6ad00d7ff0a6b62437cfbf97_thumbnail_720x.jpg - null null
2025-08-05 12:55:36.613 -06:00 [INF] Request finished HTTP/1.1 GET http://localhost:5116/css/tailwindcss - 404 0 null 31.3688ms
2025-08-05 12:55:36.619 -06:00 [INF] Request finished HTTP/1.1 GET http://localhost:5116/images/bg.png - 404 0 null 30.5419ms
2025-08-05 12:55:36.625 -06:00 [INF] The file /assets/img/scenery/17001222879e9360ad6ad00d7ff0a6b62437cfbf97_thumbnail_720x.jpg was not modified
2025-08-05 12:55:36.631 -06:00 [INF] Request reached the end of the middleware pipeline without being handled by application code. Request path: GET http://localhost:5116/css/tailwindcss, Response status code: 404
2025-08-05 12:55:36.637 -06:00 [INF] Request reached the end of the middleware pipeline without being handled by application code. Request path: GET http://localhost:5116/images/bg.png, Response status code: 404
2025-08-05 12:55:36.639 -06:00 [INF] Request finished HTTP/1.1 GET http://localhost:5116/assets/img/scenery/17001222879e9360ad6ad00d7ff0a6b62437cfbf97_thumbnail_720x.jpg - 304 null image/jpeg 29.6551ms
2025-08-05 12:55:36.645 -06:00 [INF] Request starting HTTP/1.1 GET http://localhost:5116/assets/fonts/Simple-Line-Icons.woff2?v=2.4.0 - null null
2025-08-05 12:55:36.649 -06:00 [INF] Request starting HTTP/1.1 GET http://localhost:5116/assets/img/depositphotos_5028610-stock-photo-beautiful-woman.jpg - null null
2025-08-05 12:55:36.661 -06:00 [INF] The file /assets/fonts/Simple-Line-Icons.woff2 was not modified
2025-08-05 12:55:36.667 -06:00 [INF] The file /assets/img/depositphotos_5028610-stock-photo-beautiful-woman.jpg was not modified
2025-08-05 12:55:36.669 -06:00 [INF] Request finished HTTP/1.1 GET http://localhost:5116/assets/fonts/Simple-Line-Icons.woff2?v=2.4.0 - 304 null font/woff2 24.2076ms
2025-08-05 12:55:36.672 -06:00 [INF] Request finished HTTP/1.1 GET http://localhost:5116/assets/img/depositphotos_5028610-stock-photo-beautiful-woman.jpg - 304 null image/jpeg 23.2209ms
2025-08-05 12:55:45.644 -06:00 [INF] Request starting HTTP/1.1 POST http://localhost:5116/Account/Login - application/x-www-form-urlencoded 238
2025-08-05 12:55:45.650 -06:00 [INF] Executing endpoint 'PaginaBizu.Controllers.AccountController.Login (PaginaBizu)'
2025-08-05 12:55:45.668 -06:00 [INF] Route matched with {action = "Login", controller = "Account", page = "", area = ""}. Executing controller action with signature System.Threading.Tasks.Task`1[Microsoft.AspNetCore.Mvc.IActionResult] Login(System.String, System.String, Boolean) on controller PaginaBizu.Controllers.AccountController (PaginaBizu).
2025-08-05 12:55:45.705 -06:00 [INF] ➡️ Acción ejecutándose: Account/Login | Usuario: No autenticado | IP: ::1 | Hora: "2025-08-05T12:55:45.7053184-06:00"
2025-08-05 12:55:45.783 -06:00 [INF] Executed DbCommand (14ms) [Parameters=[@__normalizedUserName_0='?' (Size = 256)], CommandType='"Text"', CommandTimeout='30']
SELECT TOP(1) [a].[Id], [a].[AccessFailedCount], [a].[ConcurrencyStamp], [a].[Email], [a].[EmailConfirmed], [a].[LockoutEnabled], [a].[LockoutEnd], [a].[NormalizedEmail], [a].[NormalizedUserName], [a].[PasswordHash], [a].[PhoneNumber], [a].[PhoneNumberConfirmed], [a].[SecurityStamp], [a].[TwoFactorEnabled], [a].[UserName]
FROM [AspNetUsers] AS [a]
WHERE [a].[NormalizedUserName] = @__normalizedUserName_0
2025-08-05 12:55:45.969 -06:00 [INF] Executed DbCommand (5ms) [Parameters=[@__user_Id_0='?' (Size = 450)], CommandType='"Text"', CommandTimeout='30']
SELECT [a].[Id], [a].[ClaimType], [a].[ClaimValue], [a].[UserId]
FROM [AspNetUserClaims] AS [a]
WHERE [a].[UserId] = @__user_Id_0
2025-08-05 12:55:46.021 -06:00 [INF] Executed DbCommand (8ms) [Parameters=[@__userId_0='?' (Size = 450)], CommandType='"Text"', CommandTimeout='30']
SELECT [a0].[Name]
FROM [AspNetUserRoles] AS [a]
INNER JOIN [AspNetRoles] AS [a0] ON [a].[RoleId] = [a0].[Id]
WHERE [a].[UserId] = @__userId_0
2025-08-05 12:55:46.035 -06:00 [INF] Executed DbCommand (4ms) [Parameters=[@__normalizedName_0='?' (Size = 256)], CommandType='"Text"', CommandTimeout='30']
SELECT TOP(1) [a].[Id], [a].[ConcurrencyStamp], [a].[Name], [a].[NormalizedName]
FROM [AspNetRoles] AS [a]
WHERE [a].[NormalizedName] = @__normalizedName_0
2025-08-05 12:55:46.056 -06:00 [INF] Executed DbCommand (3ms) [Parameters=[@__role_Id_0='?' (Size = 450)], CommandType='"Text"', CommandTimeout='30']
SELECT [a].[ClaimType], [a].[ClaimValue]
FROM [AspNetRoleClaims] AS [a]
WHERE [a].[RoleId] = @__role_Id_0
2025-08-05 12:55:46.071 -06:00 [INF] AuthenticationScheme: Identity.Application signed in.
2025-08-05 12:55:46.080 -06:00 [INF] ✅ Acción ejecutada: Account/Login | Hora: "2025-08-05T12:55:46.0803089-06:00"
2025-08-05 12:55:46.083 -06:00 [INF] Executing RedirectResult, redirecting to /.
2025-08-05 12:55:46.085 -06:00 [INF] Executed action PaginaBizu.Controllers.AccountController.Login (PaginaBizu) in 410.0302ms
2025-08-05 12:55:46.087 -06:00 [INF] Executed endpoint 'PaginaBizu.Controllers.AccountController.Login (PaginaBizu)'
2025-08-05 12:55:46.096 -06:00 [INF] Request finished HTTP/1.1 POST http://localhost:5116/Account/Login - 302 0 null 451.5903ms
2025-08-05 12:55:46.103 -06:00 [INF] Request starting HTTP/1.1 GET http://localhost:5116/ - null null
2025-08-05 12:55:46.117 -06:00 [INF] Executing endpoint 'PaginaBizu.Controllers.HomeController.Index (PaginaBizu)'
2025-08-05 12:55:46.119 -06:00 [INF] Route matched with {action = "Index", controller = "Home", page = "", area = ""}. Executing controller action with signature Microsoft.AspNetCore.Mvc.IActionResult Index() on controller PaginaBizu.Controllers.HomeController (PaginaBizu).
2025-08-05 12:55:46.127 -06:00 [INF] ➡️ Acción ejecutándose: Home/Index | Usuario: hoshuacastillo48@gmail.com | IP: ::1 | Hora: "2025-08-05T12:55:46.1271525-06:00"
2025-08-05 12:55:46.132 -06:00 [INF] ✅ Acción ejecutada: Home/Index | Hora: "2025-08-05T12:55:46.1326770-06:00"
2025-08-05 12:55:46.135 -06:00 [INF] Executing ViewResult, running view Index.
2025-08-05 12:55:46.166 -06:00 [INF] Executed DbCommand (7ms) [Parameters=[@__p_0='?' (Size = 450)], CommandType='"Text"', CommandTimeout='30']
SELECT TOP(1) [a].[Id], [a].[AccessFailedCount], [a].[ConcurrencyStamp], [a].[Email], [a].[EmailConfirmed], [a].[LockoutEnabled], [a].[LockoutEnd], [a].[NormalizedEmail], [a].[NormalizedUserName], [a].[PasswordHash], [a].[PhoneNumber], [a].[PhoneNumberConfirmed], [a].[SecurityStamp], [a].[TwoFactorEnabled], [a].[UserName]
FROM [AspNetUsers] AS [a]
WHERE [a].[Id] = @__p_0
2025-08-05 12:55:46.176 -06:00 [INF] Executed DbCommand (1ms) [Parameters=[@__userId_0='?' (Size = 450)], CommandType='"Text"', CommandTimeout='30']
SELECT [a0].[Name]
FROM [AspNetUserRoles] AS [a]
INNER JOIN [AspNetRoles] AS [a0] ON [a].[RoleId] = [a0].[Id]
WHERE [a].[UserId] = @__userId_0
2025-08-05 12:55:46.196 -06:00 [INF] Executed ViewResult - view Index executed in 60.7281ms.
2025-08-05 12:55:46.201 -06:00 [INF] Executed action PaginaBizu.Controllers.HomeController.Index (PaginaBizu) in 75.4827ms
2025-08-05 12:55:46.205 -06:00 [INF] Executed endpoint 'PaginaBizu.Controllers.HomeController.Index (PaginaBizu)'
2025-08-05 12:55:46.212 -06:00 [INF] Request finished HTTP/1.1 GET http://localhost:5116/ - 200 null text/html; charset=utf-8 108.8249ms
2025-08-05 12:55:46.506 -06:00 [INF] Request starting HTTP/1.1 GET http://localhost:5116/css/tailwindcss - null null
2025-08-05 12:55:46.516 -06:00 [INF] Request finished HTTP/1.1 GET http://localhost:5116/css/tailwindcss - 404 0 null 10.3842ms
2025-08-05 12:55:46.528 -06:00 [INF] Request reached the end of the middleware pipeline without being handled by application code. Request path: GET http://localhost:5116/css/tailwindcss, Response status code: 404
2025-08-05 12:55:48.529 -06:00 [INF] Request starting HTTP/1.1 GET http://localhost:5116/Products - null null
2025-08-05 12:55:48.546 -06:00 [INF] Executing endpoint 'PaginaBizu.Controllers.ProductsController.Index (PaginaBizu)'
2025-08-05 12:55:48.555 -06:00 [INF] Route matched with {action = "Index", controller = "Products", page = "", area = ""}. Executing controller action with signature System.Threading.Tasks.Task`1[Microsoft.AspNetCore.Mvc.IActionResult] Index() on controller PaginaBizu.Controllers.ProductsController (PaginaBizu).
2025-08-05 12:55:48.565 -06:00 [INF] ➡️ Acción ejecutándose: Products/Index | Usuario: hoshuacastillo48@gmail.com | IP: ::1 | Hora: "2025-08-05T12:55:48.5652661-06:00"
2025-08-05 12:55:48.581 -06:00 [INF] Executed DbCommand (4ms) [Parameters=[], CommandType='"Text"', CommandTimeout='30']
SELECT [p].[Id], [p].[CantidadDisponible], [p].[Categoria], [p].[Descripcion], [p].[FechaCreacion], [p].[ImagenUrl], [p].[NombreArticulo], [p].[Precio]
FROM [Products] AS [p]
2025-08-05 12:55:48.591 -06:00 [INF] ✅ Acción ejecutada: Products/Index | Hora: "2025-08-05T12:55:48.5918325-06:00"
2025-08-05 12:55:48.598 -06:00 [INF] Executing ViewResult, running view Index.
2025-08-05 12:55:48.638 -06:00 [INF] Executed ViewResult - view Index executed in 42.4857ms.
2025-08-05 12:55:48.644 -06:00 [INF] Executed action PaginaBizu.Controllers.ProductsController.Index (PaginaBizu) in 79.3993ms
2025-08-05 12:55:48.647 -06:00 [INF] Executed endpoint 'PaginaBizu.Controllers.ProductsController.Index (PaginaBizu)'
2025-08-05 12:55:48.651 -06:00 [INF] Request finished HTTP/1.1 GET http://localhost:5116/Products - 200 null text/html; charset=utf-8 122.2282ms
2025-08-05 12:55:48.702 -06:00 [INF] Request starting HTTP/1.1 GET http://localhost:5116/css/shop.css - null null
2025-08-05 12:55:48.703 -06:00 [INF] Request starting HTTP/1.1 GET http://localhost:5116/imagenpulseraoro.jpg - null null
2025-08-05 12:55:48.705 -06:00 [INF] Request starting HTTP/1.1 GET http://localhost:5116/pulseraverde.jpg - null null
2025-08-05 12:55:48.713 -06:00 [INF] Sending file. Request path: '/css/shop.css'. Physical path: 'C:\Users\hoshu\OneDrive\Desktop\ProyectoAnalisisDeSistemas-master\ProyectoAnalisisDeSistemas-master\PaginaBizu\wwwroot\css\shop.css'
2025-08-05 12:55:48.718 -06:00 [INF] Request finished HTTP/1.1 GET http://localhost:5116/imagenpulseraoro.jpg - 404 0 null 14.6006ms
2025-08-05 12:55:48.725 -06:00 [INF] Request finished HTTP/1.1 GET http://localhost:5116/pulseraverde.jpg - 404 0 null 19.9544ms
2025-08-05 12:55:48.727 -06:00 [INF] Request finished HTTP/1.1 GET http://localhost:5116/css/shop.css - 200 5271 text/css 25.0487ms
2025-08-05 12:55:48.732 -06:00 [INF] Request reached the end of the middleware pipeline without being handled by application code. Request path: GET http://localhost:5116/imagenpulseraoro.jpg, Response status code: 404
2025-08-05 12:55:48.741 -06:00 [INF] Request reached the end of the middleware pipeline without being handled by application code. Request path: GET http://localhost:5116/pulseraverde.jpg, Response status code: 404
2025-08-05 12:55:48.933 -06:00 [INF] Request starting HTTP/1.1 GET http://localhost:5116/imagenpulserrojo.jpg - null null
2025-08-05 12:55:48.942 -06:00 [INF] Request finished HTTP/1.1 GET http://localhost:5116/imagenpulserrojo.jpg - 404 0 null 9.3494ms
2025-08-05 12:55:48.952 -06:00 [INF] Request reached the end of the middleware pipeline without being handled by application code. Request path: GET http://localhost:5116/imagenpulserrojo.jpg, Response status code: 404
2025-08-05 12:55:48.956 -06:00 [INF] Request starting HTTP/1.1 GET http://localhost:5116/Cart/CartCount - null null
2025-08-05 12:55:48.964 -06:00 [INF] Executing endpoint 'PaginaBizu.Controllers.CartController.CartCount (PaginaBizu)'
2025-08-05 12:55:48.967 -06:00 [INF] Route matched with {action = "CartCount", controller = "Cart", page = "", area = ""}. Executing controller action with signature Microsoft.AspNetCore.Mvc.IActionResult CartCount() on controller PaginaBizu.Controllers.CartController (PaginaBizu).
2025-08-05 12:55:48.970 -06:00 [INF] ➡️ Acción ejecutándose: Cart/CartCount | Usuario: hoshuacastillo48@gmail.com | IP: ::1 | Hora: "2025-08-05T12:55:48.9709628-06:00"
2025-08-05 12:55:48.973 -06:00 [INF] ✅ Acción ejecutada: Cart/CartCount | Hora: "2025-08-05T12:55:48.9739423-06:00"
2025-08-05 12:55:48.977 -06:00 [INF] Executing JsonResult, writing value of type 'System.Int32'.
2025-08-05 12:55:48.980 -06:00 [INF] Executed action PaginaBizu.Controllers.CartController.CartCount (PaginaBizu) in 10.083ms
2025-08-05 12:55:48.982 -06:00 [INF] Request starting HTTP/1.1 GET http://localhost:5116/Cart/CartCount - null null
2025-08-05 12:55:48.983 -06:00 [INF] Executed endpoint 'PaginaBizu.Controllers.CartController.CartCount (PaginaBizu)'
2025-08-05 12:55:48.988 -06:00 [INF] Executing endpoint 'PaginaBizu.Controllers.CartController.CartCount (PaginaBizu)'
2025-08-05 12:55:48.989 -06:00 [INF] Request finished HTTP/1.1 GET http://localhost:5116/Cart/CartCount - 200 null application/json; charset=utf-8 33.5588ms
2025-08-05 12:55:48.991 -06:00 [INF] Route matched with {action = "CartCount", controller = "Cart", page = "", area = ""}. Executing controller action with signature Microsoft.AspNetCore.Mvc.IActionResult CartCount() on controller PaginaBizu.Controllers.CartController (PaginaBizu).
2025-08-05 12:55:49.003 -06:00 [INF] ➡️ Acción ejecutándose: Cart/CartCount | Usuario: hoshuacastillo48@gmail.com | IP: ::1 | Hora: "2025-08-05T12:55:49.0035766-06:00"
2025-08-05 12:55:49.007 -06:00 [INF] ✅ Acción ejecutada: Cart/CartCount | Hora: "2025-08-05T12:55:49.0071091-06:00"
2025-08-05 12:55:49.009 -06:00 [INF] Executing JsonResult, writing value of type 'System.Int32'.
2025-08-05 12:55:49.011 -06:00 [INF] Executed action PaginaBizu.Controllers.CartController.CartCount (PaginaBizu) in 8.2108ms
2025-08-05 12:55:49.014 -06:00 [INF] Executed endpoint 'PaginaBizu.Controllers.CartController.CartCount (PaginaBizu)'
2025-08-05 12:55:49.016 -06:00 [INF] Request finished HTTP/1.1 GET http://localhost:5116/Cart/CartCount - 200 null application/json; charset=utf-8 34.2709ms
2025-08-05 12:55:54.755 -06:00 [INF] Request starting HTTP/1.1 GET http://localhost:5116/Orders - null null
2025-08-05 12:55:54.773 -06:00 [INF] Executing endpoint 'PaginaBizu.Controllers.OrdersController.Index (PaginaBizu)'
2025-08-05 12:55:54.781 -06:00 [INF] Route matched with {action = "Index", controller = "Orders", page = "", area = ""}. Executing controller action with signature Microsoft.AspNetCore.Mvc.IActionResult Index() on controller PaginaBizu.Controllers.OrdersController (PaginaBizu).
2025-08-05 12:55:54.792 -06:00 [INF] ➡️ Acción ejecutándose: Orders/Index | Usuario: hoshuacastillo48@gmail.com | IP: ::1 | Hora: "2025-08-05T12:55:54.7928472-06:00"
2025-08-05 12:55:54.927 -06:00 [INF] Executed DbCommand (29ms) [Parameters=[], CommandType='"Text"', CommandTimeout='30']
SELECT [o].[Id], [o].[Estado], [o].[Fecha], [o].[Total], [o].[UsuarioId], [t].[Id], [t].[Cantidad], [t].[OrderId], [t].[PrecioUnitario], [t].[ProductId], [t].[Id0], [t].[CantidadDisponible], [t].[Categoria], [t].[Descripcion], [t].[FechaCreacion], [t].[ImagenUrl], [t].[NombreArticulo], [t].[Precio]
FROM [Orders] AS [o]
LEFT JOIN (
    SELECT [o0].[Id], [o0].[Cantidad], [o0].[OrderId], [o0].[PrecioUnitario], [o0].[ProductId], [p].[Id] AS [Id0], [p].[CantidadDisponible], [p].[Categoria], [p].[Descripcion], [p].[FechaCreacion], [p].[ImagenUrl], [p].[NombreArticulo], [p].[Precio]
    FROM [OrderDetails] AS [o0]
    INNER JOIN [Products] AS [p] ON [o0].[ProductId] = [p].[Id]
) AS [t] ON [o].[Id] = [t].[OrderId]
ORDER BY [o].[Fecha] DESC, [o].[Id], [t].[Id]
2025-08-05 12:55:54.977 -06:00 [INF] ✅ Acción ejecutada: Orders/Index | Hora: "2025-08-05T12:55:54.9778228-06:00"
2025-08-05 12:55:54.982 -06:00 [INF] Executing ViewResult, running view Index.
2025-08-05 12:55:55.004 -06:00 [INF] Executed ViewResult - view Index executed in 22.6098ms.
2025-08-05 12:55:55.008 -06:00 [INF] Executed action PaginaBizu.Controllers.OrdersController.Index (PaginaBizu) in 217.2038ms
2025-08-05 12:55:55.014 -06:00 [INF] Executed endpoint 'PaginaBizu.Controllers.OrdersController.Index (PaginaBizu)'
2025-08-05 12:55:55.018 -06:00 [INF] Request finished HTTP/1.1 GET http://localhost:5116/Orders - 200 null text/html; charset=utf-8 262.3056ms
2025-08-05 12:55:55.333 -06:00 [INF] Request starting HTTP/1.1 GET http://localhost:5116/Cart/CartCount - null null
2025-08-05 12:55:55.362 -06:00 [INF] Executing endpoint 'PaginaBizu.Controllers.CartController.CartCount (PaginaBizu)'
2025-08-05 12:55:55.367 -06:00 [INF] Route matched with {action = "CartCount", controller = "Cart", page = "", area = ""}. Executing controller action with signature Microsoft.AspNetCore.Mvc.IActionResult CartCount() on controller PaginaBizu.Controllers.CartController (PaginaBizu).
2025-08-05 12:55:55.376 -06:00 [INF] ➡️ Acción ejecutándose: Cart/CartCount | Usuario: hoshuacastillo48@gmail.com | IP: ::1 | Hora: "2025-08-05T12:55:55.3767168-06:00"
2025-08-05 12:55:55.385 -06:00 [INF] ✅ Acción ejecutada: Cart/CartCount | Hora: "2025-08-05T12:55:55.3856710-06:00"
2025-08-05 12:55:55.389 -06:00 [INF] Executing JsonResult, writing value of type 'System.Int32'.
2025-08-05 12:55:55.407 -06:00 [INF] Executed action PaginaBizu.Controllers.CartController.CartCount (PaginaBizu) in 30.7194ms
2025-08-05 12:55:55.409 -06:00 [INF] Request starting HTTP/1.1 GET http://localhost:5116/Cart/CartCount - null null
2025-08-05 12:55:55.411 -06:00 [INF] Executed endpoint 'PaginaBizu.Controllers.CartController.CartCount (PaginaBizu)'
2025-08-05 12:55:55.418 -06:00 [INF] Executing endpoint 'PaginaBizu.Controllers.CartController.CartCount (PaginaBizu)'
2025-08-05 12:55:55.420 -06:00 [INF] Request finished HTTP/1.1 GET http://localhost:5116/Cart/CartCount - 200 null application/json; charset=utf-8 87.1185ms
2025-08-05 12:55:55.422 -06:00 [INF] Route matched with {action = "CartCount", controller = "Cart", page = "", area = ""}. Executing controller action with signature Microsoft.AspNetCore.Mvc.IActionResult CartCount() on controller PaginaBizu.Controllers.CartController (PaginaBizu).
2025-08-05 12:55:55.437 -06:00 [INF] ➡️ Acción ejecutándose: Cart/CartCount | Usuario: hoshuacastillo48@gmail.com | IP: ::1 | Hora: "2025-08-05T12:55:55.4378294-06:00"
2025-08-05 12:55:55.444 -06:00 [INF] ✅ Acción ejecutada: Cart/CartCount | Hora: "2025-08-05T12:55:55.4443082-06:00"
2025-08-05 12:55:55.447 -06:00 [INF] Executing JsonResult, writing value of type 'System.Int32'.
2025-08-05 12:55:55.449 -06:00 [INF] Executed action PaginaBizu.Controllers.CartController.CartCount (PaginaBizu) in 11.7922ms
2025-08-05 12:55:55.452 -06:00 [INF] Executed endpoint 'PaginaBizu.Controllers.CartController.CartCount (PaginaBizu)'
2025-08-05 12:55:55.454 -06:00 [INF] Request finished HTTP/1.1 GET http://localhost:5116/Cart/CartCount - 200 null application/json; charset=utf-8 45.0477ms
2025-08-05 12:55:56.754 -06:00 [INF] Request starting HTTP/1.1 GET http://localhost:5116/Orders/CrearPedidoPrueba - null null
2025-08-05 12:55:56.772 -06:00 [INF] Executing endpoint 'PaginaBizu.Controllers.OrdersController.CrearPedidoPrueba (PaginaBizu)'
2025-08-05 12:55:56.781 -06:00 [INF] Route matched with {action = "CrearPedidoPrueba", controller = "Orders", page = "", area = ""}. Executing controller action with signature Microsoft.AspNetCore.Mvc.IActionResult CrearPedidoPrueba() on controller PaginaBizu.Controllers.OrdersController (PaginaBizu).
2025-08-05 12:55:56.786 -06:00 [INF] ➡️ Acción ejecutándose: Orders/CrearPedidoPrueba | Usuario: hoshuacastillo48@gmail.com | IP: ::1 | Hora: "2025-08-05T12:55:56.7863925-06:00"
2025-08-05 12:55:57.042 -06:00 [INF] Executed DbCommand (25ms) [Parameters=[@p0='?' (Size = 4000), @p1='?' (DbType = DateTime2), @p2='?' (Precision = 18) (Scale = 2) (DbType = Decimal), @p3='?' (Size = 4000)], CommandType='"Text"', CommandTimeout='30']
SET IMPLICIT_TRANSACTIONS OFF;
SET NOCOUNT ON;
INSERT INTO [Orders] ([Estado], [Fecha], [Total], [UsuarioId])
OUTPUT INSERTED.[Id]
VALUES (@p0, @p1, @p2, @p3);
2025-08-05 12:55:57.091 -06:00 [INF] Executed DbCommand (13ms) [Parameters=[@p4='?' (DbType = Int32), @p5='?' (DbType = Int32), @p6='?' (Precision = 18) (Scale = 2) (DbType = Decimal), @p7='?' (DbType = Int32)], CommandType='"Text"', CommandTimeout='30']
SET IMPLICIT_TRANSACTIONS OFF;
SET NOCOUNT ON;
INSERT INTO [OrderDetails] ([Cantidad], [OrderId], [PrecioUnitario], [ProductId])
OUTPUT INSERTED.[Id]
VALUES (@p4, @p5, @p6, @p7);
2025-08-05 12:55:57.121 -06:00 [INF] ✅ Acción ejecutada: Orders/CrearPedidoPrueba | Hora: "2025-08-05T12:55:57.1214609-06:00"
2025-08-05 12:55:57.127 -06:00 [INF] Executing RedirectResult, redirecting to /Orders.
2025-08-05 12:55:57.132 -06:00 [INF] Executed action PaginaBizu.Controllers.OrdersController.CrearPedidoPrueba (PaginaBizu) in 345.867ms
2025-08-05 12:55:57.134 -06:00 [INF] Executed endpoint 'PaginaBizu.Controllers.OrdersController.CrearPedidoPrueba (PaginaBizu)'
2025-08-05 12:55:57.136 -06:00 [INF] Request finished HTTP/1.1 GET http://localhost:5116/Orders/CrearPedidoPrueba - 302 0 null 381.5987ms
2025-08-05 12:55:57.140 -06:00 [INF] Request starting HTTP/1.1 GET http://localhost:5116/Orders - null null
2025-08-05 12:55:57.148 -06:00 [INF] Executing endpoint 'PaginaBizu.Controllers.OrdersController.Index (PaginaBizu)'
2025-08-05 12:55:57.149 -06:00 [INF] Route matched with {action = "Index", controller = "Orders", page = "", area = ""}. Executing controller action with signature Microsoft.AspNetCore.Mvc.IActionResult Index() on controller PaginaBizu.Controllers.OrdersController (PaginaBizu).
2025-08-05 12:55:57.153 -06:00 [INF] ➡️ Acción ejecutándose: Orders/Index | Usuario: hoshuacastillo48@gmail.com | IP: ::1 | Hora: "2025-08-05T12:55:57.1531477-06:00"
2025-08-05 12:55:57.162 -06:00 [INF] Executed DbCommand (1ms) [Parameters=[], CommandType='"Text"', CommandTimeout='30']
SELECT [o].[Id], [o].[Estado], [o].[Fecha], [o].[Total], [o].[UsuarioId], [t].[Id], [t].[Cantidad], [t].[OrderId], [t].[PrecioUnitario], [t].[ProductId], [t].[Id0], [t].[CantidadDisponible], [t].[Categoria], [t].[Descripcion], [t].[FechaCreacion], [t].[ImagenUrl], [t].[NombreArticulo], [t].[Precio]
FROM [Orders] AS [o]
LEFT JOIN (
    SELECT [o0].[Id], [o0].[Cantidad], [o0].[OrderId], [o0].[PrecioUnitario], [o0].[ProductId], [p].[Id] AS [Id0], [p].[CantidadDisponible], [p].[Categoria], [p].[Descripcion], [p].[FechaCreacion], [p].[ImagenUrl], [p].[NombreArticulo], [p].[Precio]
    FROM [OrderDetails] AS [o0]
    INNER JOIN [Products] AS [p] ON [o0].[ProductId] = [p].[Id]
) AS [t] ON [o].[Id] = [t].[OrderId]
ORDER BY [o].[Fecha] DESC, [o].[Id], [t].[Id]
2025-08-05 12:55:57.168 -06:00 [INF] ✅ Acción ejecutada: Orders/Index | Hora: "2025-08-05T12:55:57.1681538-06:00"
2025-08-05 12:55:57.172 -06:00 [INF] Executing ViewResult, running view Index.
2025-08-05 12:55:57.178 -06:00 [INF] Executed ViewResult - view Index executed in 6.355ms.
2025-08-05 12:55:57.182 -06:00 [INF] Executed action PaginaBizu.Controllers.OrdersController.Index (PaginaBizu) in 28.9455ms
2025-08-05 12:55:57.184 -06:00 [INF] Executed endpoint 'PaginaBizu.Controllers.OrdersController.Index (PaginaBizu)'
2025-08-05 12:55:57.187 -06:00 [INF] Request finished HTTP/1.1 GET http://localhost:5116/Orders - 200 null text/html; charset=utf-8 46.2371ms
2025-08-05 12:55:57.490 -06:00 [INF] Request starting HTTP/1.1 GET http://localhost:5116/Cart/CartCount - null null
2025-08-05 12:55:57.498 -06:00 [INF] Executing endpoint 'PaginaBizu.Controllers.CartController.CartCount (PaginaBizu)'
2025-08-05 12:55:57.500 -06:00 [INF] Route matched with {action = "CartCount", controller = "Cart", page = "", area = ""}. Executing controller action with signature Microsoft.AspNetCore.Mvc.IActionResult CartCount() on controller PaginaBizu.Controllers.CartController (PaginaBizu).
2025-08-05 12:55:57.505 -06:00 [INF] ➡️ Acción ejecutándose: Cart/CartCount | Usuario: hoshuacastillo48@gmail.com | IP: ::1 | Hora: "2025-08-05T12:55:57.5058637-06:00"
2025-08-05 12:55:57.511 -06:00 [INF] ✅ Acción ejecutada: Cart/CartCount | Hora: "2025-08-05T12:55:57.5114056-06:00"
2025-08-05 12:55:57.515 -06:00 [INF] Executing JsonResult, writing value of type 'System.Int32'.
2025-08-05 12:55:57.518 -06:00 [INF] Executed action PaginaBizu.Controllers.CartController.CartCount (PaginaBizu) in 12.3815ms
2025-08-05 12:55:57.519 -06:00 [INF] Request starting HTTP/1.1 GET http://localhost:5116/Cart/CartCount - null null
2025-08-05 12:55:57.520 -06:00 [INF] Executed endpoint 'PaginaBizu.Controllers.CartController.CartCount (PaginaBizu)'
2025-08-05 12:55:57.531 -06:00 [INF] Executing endpoint 'PaginaBizu.Controllers.CartController.CartCount (PaginaBizu)'
2025-08-05 12:55:57.533 -06:00 [INF] Request finished HTTP/1.1 GET http://localhost:5116/Cart/CartCount - 200 null application/json; charset=utf-8 43.3163ms
2025-08-05 12:55:57.535 -06:00 [INF] Route matched with {action = "CartCount", controller = "Cart", page = "", area = ""}. Executing controller action with signature Microsoft.AspNetCore.Mvc.IActionResult CartCount() on controller PaginaBizu.Controllers.CartController (PaginaBizu).
2025-08-05 12:55:57.551 -06:00 [INF] ➡️ Acción ejecutándose: Cart/CartCount | Usuario: hoshuacastillo48@gmail.com | IP: ::1 | Hora: "2025-08-05T12:55:57.5519105-06:00"
2025-08-05 12:55:57.556 -06:00 [INF] ✅ Acción ejecutada: Cart/CartCount | Hora: "2025-08-05T12:55:57.5565776-06:00"
2025-08-05 12:55:57.562 -06:00 [INF] Executing JsonResult, writing value of type 'System.Int32'.
2025-08-05 12:55:57.565 -06:00 [INF] Executed action PaginaBizu.Controllers.CartController.CartCount (PaginaBizu) in 13.8757ms
2025-08-05 12:55:57.568 -06:00 [INF] Executed endpoint 'PaginaBizu.Controllers.CartController.CartCount (PaginaBizu)'
2025-08-05 12:55:57.569 -06:00 [INF] Request finished HTTP/1.1 GET http://localhost:5116/Cart/CartCount - 200 null application/json; charset=utf-8 50.446ms
2025-08-05 12:55:58.675 -06:00 [INF] Request starting HTTP/1.1 GET http://localhost:5116/Cart - null null
2025-08-05 12:55:58.682 -06:00 [INF] Executing endpoint 'PaginaBizu.Controllers.CartController.Index (PaginaBizu)'
2025-08-05 12:55:58.689 -06:00 [INF] Route matched with {action = "Index", controller = "Cart", page = "", area = ""}. Executing controller action with signature Microsoft.AspNetCore.Mvc.IActionResult Index() on controller PaginaBizu.Controllers.CartController (PaginaBizu).
2025-08-05 12:55:58.698 -06:00 [INF] ➡️ Acción ejecutándose: Cart/Index | Usuario: hoshuacastillo48@gmail.com | IP: ::1 | Hora: "2025-08-05T12:55:58.6980215-06:00"
2025-08-05 12:55:58.703 -06:00 [INF] ✅ Acción ejecutada: Cart/Index | Hora: "2025-08-05T12:55:58.7033461-06:00"
2025-08-05 12:55:58.706 -06:00 [INF] Executing ViewResult, running view Index.
2025-08-05 12:55:58.716 -06:00 [INF] Executed ViewResult - view Index executed in 11.1013ms.
2025-08-05 12:55:58.720 -06:00 [INF] Executed action PaginaBizu.Controllers.CartController.Index (PaginaBizu) in 22.7254ms
2025-08-05 12:55:58.726 -06:00 [INF] Executed endpoint 'PaginaBizu.Controllers.CartController.Index (PaginaBizu)'
2025-08-05 12:55:58.728 -06:00 [INF] Request finished HTTP/1.1 GET http://localhost:5116/Cart - 200 null text/html; charset=utf-8 53.6206ms
2025-08-05 12:55:59.035 -06:00 [INF] Request starting HTTP/1.1 GET http://localhost:5116/Cart/CartCount - null null
2025-08-05 12:55:59.044 -06:00 [INF] Executing endpoint 'PaginaBizu.Controllers.CartController.CartCount (PaginaBizu)'
2025-08-05 12:55:59.050 -06:00 [INF] Route matched with {action = "CartCount", controller = "Cart", page = "", area = ""}. Executing controller action with signature Microsoft.AspNetCore.Mvc.IActionResult CartCount() on controller PaginaBizu.Controllers.CartController (PaginaBizu).
2025-08-05 12:55:59.054 -06:00 [INF] ➡️ Acción ejecutándose: Cart/CartCount | Usuario: hoshuacastillo48@gmail.com | IP: ::1 | Hora: "2025-08-05T12:55:59.0548773-06:00"
2025-08-05 12:55:59.061 -06:00 [INF] ✅ Acción ejecutada: Cart/CartCount | Hora: "2025-08-05T12:55:59.0610288-06:00"
2025-08-05 12:55:59.065 -06:00 [INF] Executing JsonResult, writing value of type 'System.Int32'.
2025-08-05 12:55:59.068 -06:00 [INF] Executed action PaginaBizu.Controllers.CartController.CartCount (PaginaBizu) in 13.5789ms
2025-08-05 12:55:59.071 -06:00 [INF] Request starting HTTP/1.1 GET http://localhost:5116/Cart/CartCount - null null
2025-08-05 12:55:59.076 -06:00 [INF] Executed endpoint 'PaginaBizu.Controllers.CartController.CartCount (PaginaBizu)'
2025-08-05 12:55:59.083 -06:00 [INF] Executing endpoint 'PaginaBizu.Controllers.CartController.CartCount (PaginaBizu)'
2025-08-05 12:55:59.087 -06:00 [INF] Request finished HTTP/1.1 GET http://localhost:5116/Cart/CartCount - 200 null application/json; charset=utf-8 52.0758ms
2025-08-05 12:55:59.101 -06:00 [INF] Route matched with {action = "CartCount", controller = "Cart", page = "", area = ""}. Executing controller action with signature Microsoft.AspNetCore.Mvc.IActionResult CartCount() on controller PaginaBizu.Controllers.CartController (PaginaBizu).
2025-08-05 12:55:59.121 -06:00 [INF] ➡️ Acción ejecutándose: Cart/CartCount | Usuario: hoshuacastillo48@gmail.com | IP: ::1 | Hora: "2025-08-05T12:55:59.1211255-06:00"
2025-08-05 12:55:59.129 -06:00 [INF] ✅ Acción ejecutada: Cart/CartCount | Hora: "2025-08-05T12:55:59.1295982-06:00"
2025-08-05 12:55:59.135 -06:00 [INF] Executing JsonResult, writing value of type 'System.Int32'.
2025-08-05 12:55:59.142 -06:00 [INF] Executed action PaginaBizu.Controllers.CartController.CartCount (PaginaBizu) in 20.9273ms
2025-08-05 12:55:59.146 -06:00 [INF] Executed endpoint 'PaginaBizu.Controllers.CartController.CartCount (PaginaBizu)'
2025-08-05 12:55:59.149 -06:00 [INF] Request finished HTTP/1.1 GET http://localhost:5116/Cart/CartCount - 200 null application/json; charset=utf-8 77.9078ms
2025-08-05 12:56:01.082 -06:00 [INF] Request starting HTTP/1.1 GET http://localhost:5116/ - null null
2025-08-05 12:56:01.093 -06:00 [INF] Executing endpoint 'PaginaBizu.Controllers.HomeController.Index (PaginaBizu)'
2025-08-05 12:56:01.098 -06:00 [INF] Route matched with {action = "Index", controller = "Home", page = "", area = ""}. Executing controller action with signature Microsoft.AspNetCore.Mvc.IActionResult Index() on controller PaginaBizu.Controllers.HomeController (PaginaBizu).
2025-08-05 12:56:01.103 -06:00 [INF] ➡️ Acción ejecutándose: Home/Index | Usuario: hoshuacastillo48@gmail.com | IP: ::1 | Hora: "2025-08-05T12:56:01.1034608-06:00"
2025-08-05 12:56:01.108 -06:00 [INF] ✅ Acción ejecutada: Home/Index | Hora: "2025-08-05T12:56:01.1081583-06:00"
2025-08-05 12:56:01.113 -06:00 [INF] Executing ViewResult, running view Index.
2025-08-05 12:56:01.124 -06:00 [INF] Executed DbCommand (5ms) [Parameters=[@__p_0='?' (Size = 450)], CommandType='"Text"', CommandTimeout='30']
SELECT TOP(1) [a].[Id], [a].[AccessFailedCount], [a].[ConcurrencyStamp], [a].[Email], [a].[EmailConfirmed], [a].[LockoutEnabled], [a].[LockoutEnd], [a].[NormalizedEmail], [a].[NormalizedUserName], [a].[PasswordHash], [a].[PhoneNumber], [a].[PhoneNumberConfirmed], [a].[SecurityStamp], [a].[TwoFactorEnabled], [a].[UserName]
FROM [AspNetUsers] AS [a]
WHERE [a].[Id] = @__p_0
2025-08-05 12:56:01.143 -06:00 [INF] Executed DbCommand (9ms) [Parameters=[@__userId_0='?' (Size = 450)], CommandType='"Text"', CommandTimeout='30']
SELECT [a0].[Name]
FROM [AspNetUserRoles] AS [a]
INNER JOIN [AspNetRoles] AS [a0] ON [a].[RoleId] = [a0].[Id]
WHERE [a].[UserId] = @__userId_0
2025-08-05 12:56:01.151 -06:00 [INF] Executed ViewResult - view Index executed in 38.0601ms.
2025-08-05 12:56:01.154 -06:00 [INF] Executed action PaginaBizu.Controllers.HomeController.Index (PaginaBizu) in 51.3876ms
2025-08-05 12:56:01.163 -06:00 [INF] Executed endpoint 'PaginaBizu.Controllers.HomeController.Index (PaginaBizu)'
2025-08-05 12:56:01.166 -06:00 [INF] Request finished HTTP/1.1 GET http://localhost:5116/ - 200 null text/html; charset=utf-8 84.0493ms
2025-08-05 12:56:01.484 -06:00 [INF] Request starting HTTP/1.1 GET http://localhost:5116/css/tailwindcss - null null
2025-08-05 12:56:01.496 -06:00 [INF] Request finished HTTP/1.1 GET http://localhost:5116/css/tailwindcss - 404 0 null 12.5437ms
2025-08-05 12:56:01.511 -06:00 [INF] Request reached the end of the middleware pipeline without being handled by application code. Request path: GET http://localhost:5116/css/tailwindcss, Response status code: 404
2025-08-05 12:56:02.523 -06:00 [INF] Request starting HTTP/1.1 GET http://localhost:5116/Shop - null null
2025-08-05 12:56:02.533 -06:00 [INF] Executing endpoint 'PaginaBizu.Controllers.ShopController.Index (PaginaBizu)'
2025-08-05 12:56:02.542 -06:00 [INF] Route matched with {action = "Index", controller = "Shop", page = "", area = ""}. Executing controller action with signature Microsoft.AspNetCore.Mvc.IActionResult Index() on controller PaginaBizu.Controllers.ShopController (PaginaBizu).
2025-08-05 12:56:02.561 -06:00 [INF] ➡️ Acción ejecutándose: Shop/Index | Usuario: hoshuacastillo48@gmail.com | IP: ::1 | Hora: "2025-08-05T12:56:02.5613046-06:00"
2025-08-05 12:56:02.588 -06:00 [INF] Executed DbCommand (5ms) [Parameters=[], CommandType='"Text"', CommandTimeout='30']
SELECT [p].[Id], [p].[CantidadDisponible], [p].[Categoria], [p].[Descripcion], [p].[FechaCreacion], [p].[ImagenUrl], [p].[NombreArticulo], [p].[Precio]
FROM [Products] AS [p]
2025-08-05 12:56:02.595 -06:00 [INF] ✅ Acción ejecutada: Shop/Index | Hora: "2025-08-05T12:56:02.5958746-06:00"
2025-08-05 12:56:02.601 -06:00 [INF] Executing ViewResult, running view Index.
2025-08-05 12:56:02.621 -06:00 [INF] Executed ViewResult - view Index executed in 21.5309ms.
2025-08-05 12:56:02.630 -06:00 [INF] Executed action PaginaBizu.Controllers.ShopController.Index (PaginaBizu) in 69.0239ms
2025-08-05 12:56:02.633 -06:00 [INF] Executed endpoint 'PaginaBizu.Controllers.ShopController.Index (PaginaBizu)'
2025-08-05 12:56:02.636 -06:00 [INF] Request finished HTTP/1.1 GET http://localhost:5116/Shop - 200 null text/html; charset=utf-8 113.1834ms
2025-08-05 12:56:02.672 -06:00 [INF] Request starting HTTP/1.1 GET http://localhost:5116/images/imagenpulseraoro.jpg - null null
2025-08-05 12:56:02.683 -06:00 [INF] The file /images/imagenpulseraoro.jpg was not modified
2025-08-05 12:56:02.685 -06:00 [INF] Request finished HTTP/1.1 GET http://localhost:5116/images/imagenpulseraoro.jpg - 304 null image/jpeg 13.0705ms
2025-08-05 12:56:02.899 -06:00 [INF] Request starting HTTP/1.1 GET http://localhost:5116/images/imagenpulserrojo.jpg - null null
2025-08-05 12:56:02.905 -06:00 [INF] Request finished HTTP/1.1 GET http://localhost:5116/images/imagenpulserrojo.jpg - 404 0 null 5.9748ms
2025-08-05 12:56:02.911 -06:00 [INF] Request reached the end of the middleware pipeline without being handled by application code. Request path: GET http://localhost:5116/images/imagenpulserrojo.jpg, Response status code: 404
2025-08-05 12:56:02.925 -06:00 [INF] Request starting HTTP/1.1 GET http://localhost:5116/Cart/CartCount - null null
2025-08-05 12:56:02.935 -06:00 [INF] Executing endpoint 'PaginaBizu.Controllers.CartController.CartCount (PaginaBizu)'
2025-08-05 12:56:02.937 -06:00 [INF] Route matched with {action = "CartCount", controller = "Cart", page = "", area = ""}. Executing controller action with signature Microsoft.AspNetCore.Mvc.IActionResult CartCount() on controller PaginaBizu.Controllers.CartController (PaginaBizu).
2025-08-05 12:56:02.941 -06:00 [INF] ➡️ Acción ejecutándose: Cart/CartCount | Usuario: hoshuacastillo48@gmail.com | IP: ::1 | Hora: "2025-08-05T12:56:02.9414745-06:00"
2025-08-05 12:56:02.951 -06:00 [INF] ✅ Acción ejecutada: Cart/CartCount | Hora: "2025-08-05T12:56:02.9512806-06:00"
2025-08-05 12:56:02.954 -06:00 [INF] Executing JsonResult, writing value of type 'System.Int32'.
2025-08-05 12:56:02.956 -06:00 [INF] Executed action PaginaBizu.Controllers.CartController.CartCount (PaginaBizu) in 15.3184ms
2025-08-05 12:56:02.957 -06:00 [INF] Request starting HTTP/1.1 GET http://localhost:5116/Cart/CartCount - null null
2025-08-05 12:56:02.985 -06:00 [INF] Executed endpoint 'PaginaBizu.Controllers.CartController.CartCount (PaginaBizu)'
2025-08-05 12:56:02.998 -06:00 [INF] Executing endpoint 'PaginaBizu.Controllers.CartController.CartCount (PaginaBizu)'
2025-08-05 12:56:03.000 -06:00 [INF] Request finished HTTP/1.1 GET http://localhost:5116/Cart/CartCount - 200 null application/json; charset=utf-8 74.3931ms
2025-08-05 12:56:03.004 -06:00 [INF] Route matched with {action = "CartCount", controller = "Cart", page = "", area = ""}. Executing controller action with signature Microsoft.AspNetCore.Mvc.IActionResult CartCount() on controller PaginaBizu.Controllers.CartController (PaginaBizu).
2025-08-05 12:56:03.017 -06:00 [INF] ➡️ Acción ejecutándose: Cart/CartCount | Usuario: hoshuacastillo48@gmail.com | IP: ::1 | Hora: "2025-08-05T12:56:03.0178026-06:00"
2025-08-05 12:56:03.021 -06:00 [INF] ✅ Acción ejecutada: Cart/CartCount | Hora: "2025-08-05T12:56:03.0217726-06:00"
2025-08-05 12:56:03.024 -06:00 [INF] Executing JsonResult, writing value of type 'System.Int32'.
2025-08-05 12:56:03.028 -06:00 [INF] Executed action PaginaBizu.Controllers.CartController.CartCount (PaginaBizu) in 10.53ms
2025-08-05 12:56:03.030 -06:00 [INF] Executed endpoint 'PaginaBizu.Controllers.CartController.CartCount (PaginaBizu)'
2025-08-05 12:56:03.032 -06:00 [INF] Request finished HTTP/1.1 GET http://localhost:5116/Cart/CartCount - 200 null application/json; charset=utf-8 74.4533ms
2025-08-05 12:56:04.120 -06:00 [INF] Request starting HTTP/1.1 GET http://localhost:5116/Shop/Details/1 - null null
2025-08-05 12:56:04.128 -06:00 [INF] Executing endpoint 'PaginaBizu.Controllers.ShopController.Details (PaginaBizu)'
2025-08-05 12:56:04.132 -06:00 [INF] Route matched with {action = "Details", controller = "Shop", page = "", area = ""}. Executing controller action with signature Microsoft.AspNetCore.Mvc.IActionResult Details(Int32) on controller PaginaBizu.Controllers.ShopController (PaginaBizu).
2025-08-05 12:56:04.136 -06:00 [INF] ➡️ Acción ejecutándose: Shop/Details | Usuario: hoshuacastillo48@gmail.com | IP: ::1 | Hora: "2025-08-05T12:56:04.1364701-06:00"
2025-08-05 12:56:04.149 -06:00 [INF] Executed DbCommand (7ms) [Parameters=[@__id_0='?' (DbType = Int32)], CommandType='"Text"', CommandTimeout='30']
SELECT TOP(1) [p].[Id], [p].[CantidadDisponible], [p].[Categoria], [p].[Descripcion], [p].[FechaCreacion], [p].[ImagenUrl], [p].[NombreArticulo], [p].[Precio]
FROM [Products] AS [p]
WHERE [p].[Id] = @__id_0
2025-08-05 12:56:04.161 -06:00 [INF] Executed DbCommand (4ms) [Parameters=[@__id_0='?' (DbType = Int32)], CommandType='"Text"', CommandTimeout='30']
SELECT [c].[Id], [c].[Calificacion], [c].[Contenido], [c].[Fecha], [c].[ProductoId], [c].[UsuarioId]
FROM [Comentarios] AS [c]
WHERE [c].[ProductoId] = @__id_0
ORDER BY [c].[Fecha] DESC
2025-08-05 12:56:04.168 -06:00 [INF] ✅ Acción ejecutada: Shop/Details | Hora: "2025-08-05T12:56:04.1682570-06:00"
2025-08-05 12:56:04.171 -06:00 [INF] Executing ViewResult, running view Details.
2025-08-05 12:56:04.181 -06:00 [INF] Executed ViewResult - view Details executed in 10.0059ms.
2025-08-05 12:56:04.183 -06:00 [INF] Executed action PaginaBizu.Controllers.ShopController.Details (PaginaBizu) in 47.4954ms
2025-08-05 12:56:04.189 -06:00 [INF] Executed endpoint 'PaginaBizu.Controllers.ShopController.Details (PaginaBizu)'
2025-08-05 12:56:04.193 -06:00 [INF] Request finished HTTP/1.1 GET http://localhost:5116/Shop/Details/1 - 200 null text/html; charset=utf-8 73.2735ms
2025-08-05 12:56:05.945 -06:00 [INF] Request starting HTTP/1.1 POST http://localhost:5116/Cart/AddToCart - application/json 8
2025-08-05 12:56:05.956 -06:00 [INF] Executing endpoint 'PaginaBizu.Controllers.CartController.AddToCart (PaginaBizu)'
2025-08-05 12:56:05.967 -06:00 [INF] Route matched with {action = "AddToCart", controller = "Cart", page = "", area = ""}. Executing controller action with signature Microsoft.AspNetCore.Mvc.IActionResult AddToCart(AddToCartModel) on controller PaginaBizu.Controllers.CartController (PaginaBizu).
2025-08-05 12:56:06.020 -06:00 [INF] ➡️ Acción ejecutándose: Cart/AddToCart | Usuario: hoshuacastillo48@gmail.com | IP: ::1 | Hora: "2025-08-05T12:56:06.0209008-06:00"
2025-08-05 12:56:06.043 -06:00 [INF] Executed DbCommand (6ms) [Parameters=[@__data_Id_0='?' (DbType = Int32)], CommandType='"Text"', CommandTimeout='30']
SELECT TOP(1) [p].[Id], [p].[CantidadDisponible], [p].[Categoria], [p].[Descripcion], [p].[FechaCreacion], [p].[ImagenUrl], [p].[NombreArticulo], [p].[Precio]
FROM [Products] AS [p]
WHERE [p].[Id] = @__data_Id_0
2025-08-05 12:56:06.085 -06:00 [INF] ✅ Acción ejecutada: Cart/AddToCart | Hora: "2025-08-05T12:56:06.0851305-06:00"
2025-08-05 12:56:06.089 -06:00 [INF] Executing JsonResult, writing value of type '<>f__AnonymousType1`2[[System.Boolean, System.Private.CoreLib, Version=8.0.0.0, Culture=neutral, PublicKeyToken=7cec85d7bea7798e],[System.Int32, System.Private.CoreLib, Version=8.0.0.0, Culture=neutral, PublicKeyToken=7cec85d7bea7798e]]'.
2025-08-05 12:56:06.114 -06:00 [INF] Executed action PaginaBizu.Controllers.CartController.AddToCart (PaginaBizu) in 139.9946ms
2025-08-05 12:56:06.117 -06:00 [INF] Executed endpoint 'PaginaBizu.Controllers.CartController.AddToCart (PaginaBizu)'
2025-08-05 12:56:06.120 -06:00 [INF] Session started; Key:ca4a1d90-ccbb-f62d-9de8-418de58a0774, Id:31506103-c3b3-61b5-0c28-a7b9d1e331a4
2025-08-05 12:56:06.122 -06:00 [INF] Request finished HTTP/1.1 POST http://localhost:5116/Cart/AddToCart - 200 null application/json; charset=utf-8 177.4343ms
2025-08-05 12:56:07.596 -06:00 [INF] Request starting HTTP/1.1 GET http://localhost:5116/Cart/Index - null null
2025-08-05 12:56:07.607 -06:00 [INF] Executing endpoint 'PaginaBizu.Controllers.CartController.Index (PaginaBizu)'
2025-08-05 12:56:07.613 -06:00 [INF] Route matched with {action = "Index", controller = "Cart", page = "", area = ""}. Executing controller action with signature Microsoft.AspNetCore.Mvc.IActionResult Index() on controller PaginaBizu.Controllers.CartController (PaginaBizu).
2025-08-05 12:56:07.620 -06:00 [INF] ➡️ Acción ejecutándose: Cart/Index | Usuario: hoshuacastillo48@gmail.com | IP: ::1 | Hora: "2025-08-05T12:56:07.6203195-06:00"
2025-08-05 12:56:07.635 -06:00 [INF] ✅ Acción ejecutada: Cart/Index | Hora: "2025-08-05T12:56:07.6350869-06:00"
2025-08-05 12:56:07.637 -06:00 [INF] Executing ViewResult, running view Index.
2025-08-05 12:56:07.650 -06:00 [INF] Executed ViewResult - view Index executed in 13.4837ms.
2025-08-05 12:56:07.653 -06:00 [INF] Executed action PaginaBizu.Controllers.CartController.Index (PaginaBizu) in 33.7979ms
2025-08-05 12:56:07.659 -06:00 [INF] Executed endpoint 'PaginaBizu.Controllers.CartController.Index (PaginaBizu)'
2025-08-05 12:56:07.664 -06:00 [INF] Request finished HTTP/1.1 GET http://localhost:5116/Cart/Index - 200 null text/html; charset=utf-8 68.1848ms
2025-08-05 12:56:07.942 -06:00 [INF] Request starting HTTP/1.1 GET http://localhost:5116/Cart/CartCount - null null
2025-08-05 12:56:07.949 -06:00 [INF] Executing endpoint 'PaginaBizu.Controllers.CartController.CartCount (PaginaBizu)'
2025-08-05 12:56:07.952 -06:00 [INF] Route matched with {action = "CartCount", controller = "Cart", page = "", area = ""}. Executing controller action with signature Microsoft.AspNetCore.Mvc.IActionResult CartCount() on controller PaginaBizu.Controllers.CartController (PaginaBizu).
2025-08-05 12:56:07.956 -06:00 [INF] ➡️ Acción ejecutándose: Cart/CartCount | Usuario: hoshuacastillo48@gmail.com | IP: ::1 | Hora: "2025-08-05T12:56:07.9567273-06:00"
2025-08-05 12:56:07.966 -06:00 [INF] ✅ Acción ejecutada: Cart/CartCount | Hora: "2025-08-05T12:56:07.9665837-06:00"
2025-08-05 12:56:07.969 -06:00 [INF] Executing JsonResult, writing value of type 'System.Int32'.
2025-08-05 12:56:07.971 -06:00 [INF] Executed action PaginaBizu.Controllers.CartController.CartCount (PaginaBizu) in 15.0271ms
2025-08-05 12:56:07.972 -06:00 [INF] Request starting HTTP/1.1 GET http://localhost:5116/Cart/CartCount - null null
2025-08-05 12:56:07.976 -06:00 [INF] Executed endpoint 'PaginaBizu.Controllers.CartController.CartCount (PaginaBizu)'
2025-08-05 12:56:07.980 -06:00 [INF] Executing endpoint 'PaginaBizu.Controllers.CartController.CartCount (PaginaBizu)'
2025-08-05 12:56:07.984 -06:00 [INF] Request finished HTTP/1.1 GET http://localhost:5116/Cart/CartCount - 200 null application/json; charset=utf-8 41.7487ms
2025-08-05 12:56:07.988 -06:00 [INF] Route matched with {action = "CartCount", controller = "Cart", page = "", area = ""}. Executing controller action with signature Microsoft.AspNetCore.Mvc.IActionResult CartCount() on controller PaginaBizu.Controllers.CartController (PaginaBizu).
2025-08-05 12:56:08.003 -06:00 [INF] ➡️ Acción ejecutándose: Cart/CartCount | Usuario: hoshuacastillo48@gmail.com | IP: ::1 | Hora: "2025-08-05T12:56:08.0030177-06:00"
2025-08-05 12:56:08.010 -06:00 [INF] ✅ Acción ejecutada: Cart/CartCount | Hora: "2025-08-05T12:56:08.0102240-06:00"
2025-08-05 12:56:08.013 -06:00 [INF] Executing JsonResult, writing value of type 'System.Int32'.
2025-08-05 12:56:08.015 -06:00 [INF] Executed action PaginaBizu.Controllers.CartController.CartCount (PaginaBizu) in 12.8487ms
2025-08-05 12:56:08.018 -06:00 [INF] Executed endpoint 'PaginaBizu.Controllers.CartController.CartCount (PaginaBizu)'
2025-08-05 12:56:08.025 -06:00 [INF] Request finished HTTP/1.1 GET http://localhost:5116/Cart/CartCount - 200 null application/json; charset=utf-8 52.6463ms
